{
  "accuracy": 0.25555555555555554,
  "f1_macro": 0.1760995971708924,
  "f1_weighted": 0.16067226801269358,
  "precision": 0.1983738560105949,
  "recall": 0.28243989603638725,
  "f1_per_class": [
    0.3617021276595745,
    0.08333333333333333,
    0.0,
    0.2,
    0.4473684210526316,
    0.0,
    0.0,
    0.2222222222222222,
    0.2702702702702703
  ],
  "num_samples": 900,
  "num_train": 630,
  "num_val": 90,
  "num_test": 180
}