{
  "train_loss": [
    2.2334704127492784,
    2.1189614851263503,
    1.9244888175891925,
    1.91284350579298,
    1.8697141657901715,
    1.7851769418656072,
    1.829461988769,
    1.7839972346643858,
    1.7305683870858783,
    1.6796771627438218,
    1.6949817745745936,
    1.6557436332672457,
    1.7061222206942643,
    1.6494538602949698,
    1.6300867135766186,
    1.6222657368907445,
    1.5590544871137113,
    1.6108988085879554,
    1.5827717449091658,
    1.537426138980479,
    1.5182035380526433,
    1.568884718644468,
    1.4991025192828118,
    1.4876897987685627,
    1.4734096576141407,
    1.466819301436219
  ],
  "train_acc": [
    0.09523809523809523,
    0.15396825396825398,
    0.22063492063492063,
    0.22063492063492063,
    0.22380952380952382,
    0.21428571428571427,
    0.26666666666666666,
    0.24285714285714285,
    0.2619047619047619,
    0.2698412698412698,
    0.24285714285714285,
    0.2984126984126984,
    0.26825396825396824,
    0.2841269841269841,
    0.2873015873015873,
    0.273015873015873,
    0.2984126984126984,
    0.29365079365079366,
    0.2984126984126984,
    0.319047619047619,
    0.3476190476190476,
    0.319047619047619,
    0.32857142857142857,
    0.326984126984127,
    0.35555555555555557,
    0.35555555555555557
  ],
  "train_f1": [
    0.07961108949468212,
    0.1095760610117973,
    0.18724134261977785,
    0.19053577025281815,
    0.20647216680468475,
    0.18702840791949282,
    0.22411154838108535,
    0.22331937898532336,
    0.22926200669928354,
    0.24482097709771505,
    0.22616687998693003,
    0.2879444193017046,
    0.24795523024804644,
    0.2612678297920023,
    0.2653763956911922,
    0.25987475199170285,
    0.2808092231678875,
    0.27804194820582484,
    0.29637178677338105,
    0.2971933041848296,
    0.32077883377423316,
    0.30625282586888614,
    0.30076809108481783,
    0.3190671171114483,
    0.3345289142689727,
    0.3161129164620148
  ],
  "val_loss": [
    2.8787428814431895,
    2.0069250853165337,
    2.243143309717593,
    2.2568015430284585,
    1.8060605214989705,
    1.984768851943638,
    1.9692267438639766,
    1.9957492196041604,
    2.143694245296976,
    2.0042032418043716,
    2.1264854254929917,
    1.8645810718121736,
    1.8834748216297315,
    2.053959317829298,
    2.0541531417680825,
    2.003847044447194,
    2.157564489737801,
    2.2802737510722615,
    2.1791075830874234,
    2.437835159509078,
    2.92337023175281,
    2.7810823450917783,
    2.593123161274454,
    3.0373010168904844,
    2.983252634172854,
    2.983483319697173
  ],
  "val_acc": [
    0.12222222222222222,
    0.2222222222222222,
    0.18888888888888888,
    0.16666666666666666,
    0.23333333333333334,
    0.24444444444444444,
    0.24444444444444444,
    0.17777777777777778,
    0.2,
    0.2222222222222222,
    0.17777777777777778,
    0.2777777777777778,
    0.2111111111111111,
    0.18888888888888888,
    0.23333333333333334,
    0.3,
    0.2777777777777778,
    0.2777777777777778,
    0.18888888888888888,
    0.15555555555555556,
    0.13333333333333333,
    0.1111111111111111,
    0.2222222222222222,
    0.2111111111111111,
    0.15555555555555556,
    0.23333333333333334
  ],
  "val_f1": [
    0.05927405927405928,
    0.11349361056963396,
    0.12554903239834747,
    0.08411015441542731,
    0.11778019849915274,
    0.12995867224722948,
    0.18788870323958043,
    0.11838881288949689,
    0.15453717926836205,
    0.15746973058801014,
    0.14140996018807112,
    0.1753075339211235,
    0.147562011832444,
    0.14446649029982364,
    0.14877169258508002,
    0.2055033416875522,
    0.20433526006539424,
    0.21828561302245514,
    0.10028605841613973,
    0.09366729366729368,
    0.08792109097219698,
    0.06442146751173589,
    0.19096199729304228,
    0.19610636277302942,
    0.1301336210948837,
    0.1511840816188642
  ]
}