2026-02-21 02:38:08,403 - INFO - Output directory: outputs/pure_graph_20260221_023808
2026-02-21 02:38:08,403 - INFO - Log file: outputs/pure_graph_20260221_023808/training.log
2026-02-21 02:38:08,403 - INFO - 
================================================================================
2026-02-21 02:38:08,403 - INFO - Step 1: Loading data
2026-02-21 02:38:08,403 - INFO - ================================================================================
2026-02-21 06:20:18,230 - INFO - ✓ Data loaded successfully
2026-02-21 06:20:18,230 - INFO -   - Total grids: 19951
2026-02-21 06:20:18,230 - INFO -   - Feature shape: (7, 2)
2026-02-21 06:20:18,230 - INFO -   - Graph 2021 edges: 972686
2026-02-21 06:20:18,230 - INFO -   - Graph 2024 edges: 329381
2026-02-21 06:20:18,231 - INFO - 
================================================================================
2026-02-21 06:20:18,231 - INFO - Step 2: Preparing temporal features
2026-02-21 06:20:18,231 - INFO - ================================================================================
2026-02-21 06:20:18,323 - INFO - ✓ Temporal features prepared
2026-02-21 06:20:18,323 - INFO -   - 2021 features: 19951 grids
2026-02-21 06:20:18,323 - INFO -   - 2024 features: 19951 grids
2026-02-21 06:20:18,323 - INFO - 
================================================================================
2026-02-21 06:20:18,323 - INFO - Step 3: Creating dataset
2026-02-21 06:20:18,323 - INFO - ================================================================================
2026-02-21 06:20:18,323 - INFO - ✓ Dataset created: 19951 samples
2026-02-21 06:20:18,324 - INFO -   - Train: 13965 samples
2026-02-21 06:20:18,324 - INFO -   - Val: 1995 samples
2026-02-21 06:20:18,324 - INFO -   - Test: 3991 samples
2026-02-21 06:20:18,681 - INFO - ✓ Data loaders created
2026-02-21 06:20:18,681 - INFO - 
================================================================================
2026-02-21 06:20:18,681 - INFO - Step 4: Creating model
2026-02-21 06:20:18,681 - INFO - ================================================================================
2026-02-21 06:20:18,681 - INFO - Using device: cuda
2026-02-21 06:20:19,022 - INFO - ✓ Model created
2026-02-21 06:20:19,022 - INFO -   - Total parameters: 1,262,601
2026-02-21 06:20:19,022 - INFO -   - Trainable parameters: 1,262,601
2026-02-21 06:20:19,022 - INFO -   - Model type: Pure Graph-Based Dual-Branch
2026-02-21 06:20:19,022 - INFO -   - Spatial branch: Uses only graph structure (no external node features)
2026-02-21 06:20:19,022 - INFO - 
================================================================================
2026-02-21 06:20:19,022 - INFO - Step 5: Setting up training
2026-02-21 06:20:19,022 - INFO - ================================================================================
2026-02-21 06:20:19,023 - INFO - ✓ Training setup complete
2026-02-21 06:20:19,023 - INFO -   - Optimizer: Adam (lr=0.001, wd=1e-05)
2026-02-21 06:20:19,023 - INFO -   - Scheduler: ReduceLROnPlateau (patience=5)
2026-02-21 06:20:19,023 - INFO -   - Loss: Single 9-class cross-entropy with class weights
2026-02-21 06:20:19,023 - INFO -   - Gradient accumulation: 4 steps
2026-02-21 06:20:19,023 - INFO - 
================================================================================
2026-02-21 06:20:19,023 - INFO - Step 6: Training
2026-02-21 06:20:19,023 - INFO - ================================================================================
2026-02-21 06:20:19,023 - INFO - 
Epoch 1/100
2026-02-21 06:20:23,024 - INFO -   Epoch [10/873] Loss: 2.1215
2026-02-21 06:20:26,719 - INFO -   Epoch [20/873] Loss: 2.0891
2026-02-21 06:20:30,415 - INFO -   Epoch [30/873] Loss: 2.2490
2026-02-21 06:20:34,111 - INFO -   Epoch [40/873] Loss: 2.1067
2026-02-21 06:20:37,806 - INFO -   Epoch [50/873] Loss: 2.1200
2026-02-21 06:20:41,499 - INFO -   Epoch [60/873] Loss: 2.2054
2026-02-21 06:20:45,192 - INFO -   Epoch [70/873] Loss: 1.8950
2026-02-21 06:20:48,888 - INFO -   Epoch [80/873] Loss: 1.8977
2026-02-21 06:20:52,646 - INFO -   Epoch [90/873] Loss: 2.1430
2026-02-21 06:20:56,397 - INFO -   Epoch [100/873] Loss: 2.2515
2026-02-21 06:21:00,136 - INFO -   Epoch [110/873] Loss: 2.2240
2026-02-21 06:21:03,893 - INFO -   Epoch [120/873] Loss: 2.0451
2026-02-21 06:21:07,652 - INFO -   Epoch [130/873] Loss: 2.0773
2026-02-21 06:21:11,405 - INFO -   Epoch [140/873] Loss: 1.8917
2026-02-21 06:21:15,163 - INFO -   Epoch [150/873] Loss: 1.9200
2026-02-21 06:21:18,917 - INFO -   Epoch [160/873] Loss: 2.0961
2026-02-21 06:21:22,673 - INFO -   Epoch [170/873] Loss: 2.1092
2026-02-21 06:21:26,433 - INFO -   Epoch [180/873] Loss: 1.7095
2026-02-21 06:21:30,164 - INFO -   Epoch [190/873] Loss: 1.9611
2026-02-21 06:21:33,907 - INFO -   Epoch [200/873] Loss: 1.9553
2026-02-21 06:21:37,666 - INFO -   Epoch [210/873] Loss: 2.2299
2026-02-21 06:21:41,417 - INFO -   Epoch [220/873] Loss: 2.1902
2026-02-21 06:21:45,173 - INFO -   Epoch [230/873] Loss: 1.8729
2026-02-21 06:21:48,936 - INFO -   Epoch [240/873] Loss: 1.7715
2026-02-21 06:21:52,697 - INFO -   Epoch [250/873] Loss: 1.9433
2026-02-21 06:21:56,457 - INFO -   Epoch [260/873] Loss: 1.8539
2026-02-21 06:22:00,201 - INFO -   Epoch [270/873] Loss: 2.6857
2026-02-21 06:22:03,957 - INFO -   Epoch [280/873] Loss: 1.9698
2026-02-21 06:22:07,721 - INFO -   Epoch [290/873] Loss: 1.7344
2026-02-21 06:22:11,474 - INFO -   Epoch [300/873] Loss: 1.9164
2026-02-21 06:22:15,235 - INFO -   Epoch [310/873] Loss: 2.5927
2026-02-21 06:22:18,983 - INFO -   Epoch [320/873] Loss: 1.8601
2026-02-21 06:22:22,740 - INFO -   Epoch [330/873] Loss: 1.9987
2026-02-21 06:22:26,506 - INFO -   Epoch [340/873] Loss: 1.9287
2026-02-21 06:22:30,244 - INFO -   Epoch [350/873] Loss: 1.8633
2026-02-21 06:22:33,995 - INFO -   Epoch [360/873] Loss: 2.3349
2026-02-21 06:22:37,747 - INFO -   Epoch [370/873] Loss: 1.8841
2026-02-21 06:22:41,491 - INFO -   Epoch [380/873] Loss: 1.5693
2026-02-21 06:22:45,248 - INFO -   Epoch [390/873] Loss: 1.8694
2026-02-21 06:22:49,012 - INFO -   Epoch [400/873] Loss: 2.0936
2026-02-21 06:22:52,777 - INFO -   Epoch [410/873] Loss: 2.3924
2026-02-21 06:22:56,541 - INFO -   Epoch [420/873] Loss: 2.1864
2026-02-21 06:23:00,302 - INFO -   Epoch [430/873] Loss: 2.0285
2026-02-21 06:23:04,064 - INFO -   Epoch [440/873] Loss: 1.8239
2026-02-21 06:23:07,825 - INFO -   Epoch [450/873] Loss: 2.0547
2026-02-21 06:23:11,564 - INFO -   Epoch [460/873] Loss: 1.3807
2026-02-21 06:23:15,315 - INFO -   Epoch [470/873] Loss: 2.2545
2026-02-21 06:23:19,070 - INFO -   Epoch [480/873] Loss: 1.9845
2026-02-21 06:23:22,831 - INFO -   Epoch [490/873] Loss: 2.2147
2026-02-21 06:23:26,591 - INFO -   Epoch [500/873] Loss: 1.9818
2026-02-21 06:23:30,337 - INFO -   Epoch [510/873] Loss: 1.7554
2026-02-21 06:23:34,097 - INFO -   Epoch [520/873] Loss: 2.1318
2026-02-21 06:23:37,837 - INFO -   Epoch [530/873] Loss: 1.9050
2026-02-21 06:23:41,575 - INFO -   Epoch [540/873] Loss: 2.0038
2026-02-21 06:23:45,327 - INFO -   Epoch [550/873] Loss: 2.0215
2026-02-21 06:23:49,081 - INFO -   Epoch [560/873] Loss: 2.6370
2026-02-21 06:23:52,831 - INFO -   Epoch [570/873] Loss: 1.7270
2026-02-21 06:23:56,593 - INFO -   Epoch [580/873] Loss: 1.9971
2026-02-21 06:24:00,321 - INFO -   Epoch [590/873] Loss: 1.9203
2026-02-21 06:24:04,068 - INFO -   Epoch [600/873] Loss: 1.4541
2026-02-21 06:24:07,827 - INFO -   Epoch [610/873] Loss: 2.0537
2026-02-21 06:24:11,587 - INFO -   Epoch [620/873] Loss: 1.1536
2026-02-21 06:24:15,347 - INFO -   Epoch [630/873] Loss: 2.1259
2026-02-21 06:24:19,104 - INFO -   Epoch [640/873] Loss: 1.6565
2026-02-21 06:24:22,861 - INFO -   Epoch [650/873] Loss: 1.7982
2026-02-21 06:24:26,621 - INFO -   Epoch [660/873] Loss: 2.3268
2026-02-21 06:24:30,374 - INFO -   Epoch [670/873] Loss: 1.6892
2026-02-21 06:24:34,130 - INFO -   Epoch [680/873] Loss: 1.6569
2026-02-21 06:24:37,895 - INFO -   Epoch [690/873] Loss: 1.7618
2026-02-21 06:24:41,657 - INFO -   Epoch [700/873] Loss: 1.5333
2026-02-21 06:24:45,417 - INFO -   Epoch [710/873] Loss: 1.9109
2026-02-21 06:24:49,180 - INFO -   Epoch [720/873] Loss: 2.1269
2026-02-21 06:24:52,940 - INFO -   Epoch [730/873] Loss: 1.4626
2026-02-21 06:24:56,700 - INFO -   Epoch [740/873] Loss: 2.0606
2026-02-21 06:25:00,456 - INFO -   Epoch [750/873] Loss: 2.0907
2026-02-21 06:25:04,219 - INFO -   Epoch [760/873] Loss: 1.7034
2026-02-21 06:25:07,977 - INFO -   Epoch [770/873] Loss: 1.6975
2026-02-21 06:25:11,732 - INFO -   Epoch [780/873] Loss: 2.4266
2026-02-21 06:25:15,494 - INFO -   Epoch [790/873] Loss: 1.8328
2026-02-21 06:25:19,254 - INFO -   Epoch [800/873] Loss: 1.7984
2026-02-21 06:25:23,017 - INFO -   Epoch [810/873] Loss: 1.8703
2026-02-21 06:25:26,781 - INFO -   Epoch [820/873] Loss: 1.6431
2026-02-21 06:25:30,543 - INFO -   Epoch [830/873] Loss: 1.7794
2026-02-21 06:25:34,306 - INFO -   Epoch [840/873] Loss: 1.4043
2026-02-21 06:25:38,069 - INFO -   Epoch [850/873] Loss: 1.2274
2026-02-21 06:25:41,831 - INFO -   Epoch [860/873] Loss: 1.3194
2026-02-21 06:25:45,591 - INFO -   Epoch [870/873] Loss: 1.4693
2026-02-21 06:26:05,338 - INFO -   Train Loss: 1.9933
2026-02-21 06:26:05,338 - INFO -   Train Accuracy: 26.28%
2026-02-21 06:26:05,338 - INFO -   Val Loss: 1.6719
2026-02-21 06:26:05,338 - INFO -   Val Accuracy: 23.06% | F1: 0.1745
2026-02-21 06:26:05,338 - INFO -   LR: 0.001000
2026-02-21 06:26:05,369 - INFO -   ✓ New best model saved!
2026-02-21 06:26:05,369 - INFO -   Patience: 0/15
2026-02-21 06:26:05,369 - INFO - 
Epoch 2/100
2026-02-21 06:26:09,093 - INFO -   Epoch [10/873] Loss: 2.0166
2026-02-21 06:26:12,837 - INFO -   Epoch [20/873] Loss: 1.6662
2026-02-21 06:26:16,591 - INFO -   Epoch [30/873] Loss: 1.9081
2026-02-21 06:26:20,326 - INFO -   Epoch [40/873] Loss: 1.7277
2026-02-21 06:26:24,057 - INFO -   Epoch [50/873] Loss: 1.8406
2026-02-21 06:26:27,808 - INFO -   Epoch [60/873] Loss: 1.9289
2026-02-21 06:26:31,552 - INFO -   Epoch [70/873] Loss: 1.8273
2026-02-21 06:26:35,297 - INFO -   Epoch [80/873] Loss: 1.7736
2026-02-21 06:26:39,036 - INFO -   Epoch [90/873] Loss: 1.7027
2026-02-21 06:26:42,784 - INFO -   Epoch [100/873] Loss: 2.0963
2026-02-21 06:26:46,536 - INFO -   Epoch [110/873] Loss: 1.6726
2026-02-21 06:26:50,285 - INFO -   Epoch [120/873] Loss: 1.5892
2026-02-21 06:26:54,028 - INFO -   Epoch [130/873] Loss: 1.6876
2026-02-21 06:26:57,779 - INFO -   Epoch [140/873] Loss: 2.2901
2026-02-21 06:27:01,524 - INFO -   Epoch [150/873] Loss: 2.3186
2026-02-21 06:27:05,269 - INFO -   Epoch [160/873] Loss: 1.9536
2026-02-21 06:27:09,015 - INFO -   Epoch [170/873] Loss: 2.1605
2026-02-21 06:27:12,770 - INFO -   Epoch [180/873] Loss: 1.5074
2026-02-21 06:27:16,521 - INFO -   Epoch [190/873] Loss: 1.8303
2026-02-21 06:27:20,251 - INFO -   Epoch [200/873] Loss: 1.4344
2026-02-21 06:27:23,976 - INFO -   Epoch [210/873] Loss: 3.5009
2026-02-21 06:27:27,724 - INFO -   Epoch [220/873] Loss: 1.9297
2026-02-21 06:27:31,435 - INFO -   Epoch [230/873] Loss: 2.1579
2026-02-21 06:27:35,181 - INFO -   Epoch [240/873] Loss: 2.2595
2026-02-21 06:27:38,916 - INFO -   Epoch [250/873] Loss: 1.8935
2026-02-21 06:27:42,661 - INFO -   Epoch [260/873] Loss: 2.3402
2026-02-21 06:27:46,412 - INFO -   Epoch [270/873] Loss: 1.8521
2026-02-21 06:27:50,149 - INFO -   Epoch [280/873] Loss: 1.8697
2026-02-21 06:27:53,881 - INFO -   Epoch [290/873] Loss: 1.7164
2026-02-21 06:27:57,637 - INFO -   Epoch [300/873] Loss: 1.8256
2026-02-21 06:28:01,394 - INFO -   Epoch [310/873] Loss: 1.4563
2026-02-21 06:28:05,153 - INFO -   Epoch [320/873] Loss: 2.1474
2026-02-21 06:28:08,898 - INFO -   Epoch [330/873] Loss: 1.6976
2026-02-21 06:28:12,653 - INFO -   Epoch [340/873] Loss: 1.8314
2026-02-21 06:28:16,374 - INFO -   Epoch [350/873] Loss: 1.8269
2026-02-21 06:28:20,118 - INFO -   Epoch [360/873] Loss: 1.9519
2026-02-21 06:28:23,884 - INFO -   Epoch [370/873] Loss: 2.0575
2026-02-21 06:28:27,648 - INFO -   Epoch [380/873] Loss: 1.5975
2026-02-21 06:28:31,368 - INFO -   Epoch [390/873] Loss: 1.3916
2026-02-21 06:28:35,129 - INFO -   Epoch [400/873] Loss: 1.7751
2026-02-21 06:28:38,893 - INFO -   Epoch [410/873] Loss: 1.6092
2026-02-21 06:28:42,658 - INFO -   Epoch [420/873] Loss: 1.4361
2026-02-21 06:28:46,420 - INFO -   Epoch [430/873] Loss: 1.9147
2026-02-21 06:28:50,180 - INFO -   Epoch [440/873] Loss: 1.5665
2026-02-21 06:28:53,942 - INFO -   Epoch [450/873] Loss: 1.3767
2026-02-21 06:28:57,695 - INFO -   Epoch [460/873] Loss: 1.3914
2026-02-21 06:29:01,445 - INFO -   Epoch [470/873] Loss: 1.5831
2026-02-21 06:29:05,198 - INFO -   Epoch [480/873] Loss: 2.0562
2026-02-21 06:29:08,945 - INFO -   Epoch [490/873] Loss: 1.6717
2026-02-21 06:29:12,703 - INFO -   Epoch [500/873] Loss: 1.8390
2026-02-21 06:29:16,450 - INFO -   Epoch [510/873] Loss: 1.6144
2026-02-21 06:29:20,195 - INFO -   Epoch [520/873] Loss: 2.3719
2026-02-21 06:29:23,905 - INFO -   Epoch [530/873] Loss: 1.9208
2026-02-21 06:29:27,644 - INFO -   Epoch [540/873] Loss: 2.3223
2026-02-21 06:29:31,359 - INFO -   Epoch [550/873] Loss: 1.8149
2026-02-21 06:29:35,104 - INFO -   Epoch [560/873] Loss: 1.7802
2026-02-21 06:29:38,843 - INFO -   Epoch [570/873] Loss: 1.7489
2026-02-21 06:29:42,588 - INFO -   Epoch [580/873] Loss: 1.7499
2026-02-21 06:29:46,343 - INFO -   Epoch [590/873] Loss: 2.2302
2026-02-21 06:29:50,083 - INFO -   Epoch [600/873] Loss: 1.7462
2026-02-21 06:29:53,827 - INFO -   Epoch [610/873] Loss: 1.8003
2026-02-21 06:29:57,581 - INFO -   Epoch [620/873] Loss: 2.1541
2026-02-21 06:30:01,325 - INFO -   Epoch [630/873] Loss: 1.6001
2026-02-21 06:30:05,071 - INFO -   Epoch [640/873] Loss: 1.9380
2026-02-21 06:30:08,814 - INFO -   Epoch [650/873] Loss: 1.7693
2026-02-21 06:30:12,564 - INFO -   Epoch [660/873] Loss: 2.0051
2026-02-21 06:30:16,315 - INFO -   Epoch [670/873] Loss: 2.4237
2026-02-21 06:30:20,069 - INFO -   Epoch [680/873] Loss: 1.9463
2026-02-21 06:30:23,812 - INFO -   Epoch [690/873] Loss: 2.8513
2026-02-21 06:30:27,563 - INFO -   Epoch [700/873] Loss: 2.0769
2026-02-21 06:30:31,309 - INFO -   Epoch [710/873] Loss: 1.7447
2026-02-21 06:30:35,056 - INFO -   Epoch [720/873] Loss: 1.7328
2026-02-21 06:30:38,795 - INFO -   Epoch [730/873] Loss: 1.8757
2026-02-21 06:30:42,542 - INFO -   Epoch [740/873] Loss: 2.1996
2026-02-21 06:30:46,288 - INFO -   Epoch [750/873] Loss: 1.9901
2026-02-21 06:30:50,022 - INFO -   Epoch [760/873] Loss: 1.5600
2026-02-21 06:30:53,745 - INFO -   Epoch [770/873] Loss: 2.1854
2026-02-21 06:30:57,490 - INFO -   Epoch [780/873] Loss: 2.5107
2026-02-21 06:31:01,211 - INFO -   Epoch [790/873] Loss: 1.8693
2026-02-21 06:31:04,936 - INFO -   Epoch [800/873] Loss: 2.3745
2026-02-21 06:31:08,668 - INFO -   Epoch [810/873] Loss: 2.1816
2026-02-21 06:31:12,379 - INFO -   Epoch [820/873] Loss: 1.6261
2026-02-21 06:31:16,119 - INFO -   Epoch [830/873] Loss: 2.2469
2026-02-21 06:31:19,863 - INFO -   Epoch [840/873] Loss: 2.0105
2026-02-21 06:31:23,611 - INFO -   Epoch [850/873] Loss: 1.9596
2026-02-21 06:31:27,354 - INFO -   Epoch [860/873] Loss: 3.0910
2026-02-21 06:31:31,082 - INFO -   Epoch [870/873] Loss: 2.0584
2026-02-21 06:31:50,746 - INFO -   Train Loss: 1.9135
2026-02-21 06:31:50,747 - INFO -   Train Accuracy: 28.33%
2026-02-21 06:31:50,747 - INFO -   Val Loss: 1.8188
2026-02-21 06:31:50,747 - INFO -   Val Accuracy: 32.18% | F1: 0.2274
2026-02-21 06:31:50,747 - INFO -   LR: 0.001000
2026-02-21 06:31:50,836 - INFO -   ✓ New best model saved!
2026-02-21 06:31:50,837 - INFO -   Patience: 0/15
2026-02-21 06:31:50,837 - INFO - 
Epoch 3/100
2026-02-21 06:31:54,542 - INFO -   Epoch [10/873] Loss: 2.8961
2026-02-21 06:31:58,240 - INFO -   Epoch [20/873] Loss: 1.9372
2026-02-21 06:32:01,937 - INFO -   Epoch [30/873] Loss: 1.9108
2026-02-21 06:32:05,636 - INFO -   Epoch [40/873] Loss: 2.2632
2026-02-21 06:32:09,364 - INFO -   Epoch [50/873] Loss: 2.4314
2026-02-21 06:32:13,124 - INFO -   Epoch [60/873] Loss: 1.7631
2026-02-21 06:32:16,886 - INFO -   Epoch [70/873] Loss: 2.8824
2026-02-21 06:32:20,651 - INFO -   Epoch [80/873] Loss: 1.6389
2026-02-21 06:32:24,415 - INFO -   Epoch [90/873] Loss: 2.1117
2026-02-21 06:32:28,177 - INFO -   Epoch [100/873] Loss: 2.2438
2026-02-21 06:32:31,940 - INFO -   Epoch [110/873] Loss: 1.8772
2026-02-21 06:32:35,708 - INFO -   Epoch [120/873] Loss: 1.3561
2026-02-21 06:32:39,460 - INFO -   Epoch [130/873] Loss: 2.0434
2026-02-21 06:32:43,213 - INFO -   Epoch [140/873] Loss: 2.3512
2026-02-21 06:32:46,979 - INFO -   Epoch [150/873] Loss: 2.3136
2026-02-21 06:32:50,742 - INFO -   Epoch [160/873] Loss: 1.9871
2026-02-21 06:32:54,492 - INFO -   Epoch [170/873] Loss: 2.4146
2026-02-21 06:32:58,246 - INFO -   Epoch [180/873] Loss: 1.5106
2026-02-21 06:33:02,010 - INFO -   Epoch [190/873] Loss: 2.0589
2026-02-21 06:33:05,775 - INFO -   Epoch [200/873] Loss: 1.8762
2026-02-21 06:33:09,533 - INFO -   Epoch [210/873] Loss: 1.8660
2026-02-21 06:33:13,297 - INFO -   Epoch [220/873] Loss: 1.6116
2026-02-21 06:33:17,059 - INFO -   Epoch [230/873] Loss: 1.5415
2026-02-21 06:33:20,825 - INFO -   Epoch [240/873] Loss: 1.9167
2026-02-21 06:33:24,589 - INFO -   Epoch [250/873] Loss: 2.1248
2026-02-21 06:33:28,351 - INFO -   Epoch [260/873] Loss: 1.7153
2026-02-21 06:33:32,113 - INFO -   Epoch [270/873] Loss: 2.3042
2026-02-21 06:33:35,864 - INFO -   Epoch [280/873] Loss: 2.9374
2026-02-21 06:33:39,611 - INFO -   Epoch [290/873] Loss: 2.0663
2026-02-21 06:33:43,374 - INFO -   Epoch [300/873] Loss: 1.7904
2026-02-21 06:33:47,144 - INFO -   Epoch [310/873] Loss: 1.8944
2026-02-21 06:33:50,911 - INFO -   Epoch [320/873] Loss: 1.8665
2026-02-21 06:33:54,678 - INFO -   Epoch [330/873] Loss: 2.1013
2026-02-21 06:33:58,443 - INFO -   Epoch [340/873] Loss: 2.1108
2026-02-21 06:34:02,212 - INFO -   Epoch [350/873] Loss: 1.7667
2026-02-21 06:34:05,976 - INFO -   Epoch [360/873] Loss: 2.0667
2026-02-21 06:34:09,729 - INFO -   Epoch [370/873] Loss: 2.0563
2026-02-21 06:34:13,485 - INFO -   Epoch [380/873] Loss: 2.1222
2026-02-21 06:34:17,244 - INFO -   Epoch [390/873] Loss: 2.1325
2026-02-21 06:34:20,993 - INFO -   Epoch [400/873] Loss: 2.4024
2026-02-21 06:34:24,752 - INFO -   Epoch [410/873] Loss: 2.3018
2026-02-21 06:34:28,512 - INFO -   Epoch [420/873] Loss: 1.9441
2026-02-21 06:34:32,272 - INFO -   Epoch [430/873] Loss: 1.9678
2026-02-21 06:34:36,032 - INFO -   Epoch [440/873] Loss: 2.0864
2026-02-21 06:34:39,781 - INFO -   Epoch [450/873] Loss: 2.0046
2026-02-21 06:34:43,549 - INFO -   Epoch [460/873] Loss: 1.8832
2026-02-21 06:34:47,311 - INFO -   Epoch [470/873] Loss: 2.4451
2026-02-21 06:34:51,067 - INFO -   Epoch [480/873] Loss: 2.1335
2026-02-21 06:34:54,831 - INFO -   Epoch [490/873] Loss: 1.8422
2026-02-21 06:34:58,583 - INFO -   Epoch [500/873] Loss: 2.1254
2026-02-21 06:35:02,332 - INFO -   Epoch [510/873] Loss: 1.7037
2026-02-21 06:35:06,085 - INFO -   Epoch [520/873] Loss: 1.8780
2026-02-21 06:35:09,838 - INFO -   Epoch [530/873] Loss: 1.8957
2026-02-21 06:35:13,592 - INFO -   Epoch [540/873] Loss: 1.4661
2026-02-21 06:35:17,352 - INFO -   Epoch [550/873] Loss: 1.8455
2026-02-21 06:35:21,096 - INFO -   Epoch [560/873] Loss: 2.0076
2026-02-21 06:35:24,861 - INFO -   Epoch [570/873] Loss: 1.4407
2026-02-21 06:35:28,614 - INFO -   Epoch [580/873] Loss: 2.0273
2026-02-21 06:35:32,368 - INFO -   Epoch [590/873] Loss: 2.3606
2026-02-21 06:35:36,132 - INFO -   Epoch [600/873] Loss: 1.4756
2026-02-21 06:35:39,856 - INFO -   Epoch [610/873] Loss: 1.6965
2026-02-21 06:35:43,616 - INFO -   Epoch [620/873] Loss: 1.7629
2026-02-21 06:35:47,379 - INFO -   Epoch [630/873] Loss: 1.7980
2026-02-21 06:35:51,129 - INFO -   Epoch [640/873] Loss: 2.0108
2026-02-21 06:35:54,888 - INFO -   Epoch [650/873] Loss: 1.8725
2026-02-21 06:35:58,639 - INFO -   Epoch [660/873] Loss: 2.4711
2026-02-21 06:36:02,394 - INFO -   Epoch [670/873] Loss: 2.1714
2026-02-21 06:36:06,145 - INFO -   Epoch [680/873] Loss: 2.0013
2026-02-21 06:36:09,890 - INFO -   Epoch [690/873] Loss: 1.8499
2026-02-21 06:36:13,621 - INFO -   Epoch [700/873] Loss: 1.7737
2026-02-21 06:36:17,375 - INFO -   Epoch [710/873] Loss: 1.7050
2026-02-21 06:36:21,106 - INFO -   Epoch [720/873] Loss: 2.3418
2026-02-21 06:36:24,852 - INFO -   Epoch [730/873] Loss: 1.9840
2026-02-21 06:36:28,590 - INFO -   Epoch [740/873] Loss: 1.8103
2026-02-21 06:36:32,334 - INFO -   Epoch [750/873] Loss: 1.8667
2026-02-21 06:36:36,084 - INFO -   Epoch [760/873] Loss: 1.9438
2026-02-21 06:36:39,824 - INFO -   Epoch [770/873] Loss: 1.5828
2026-02-21 06:36:43,570 - INFO -   Epoch [780/873] Loss: 1.9306
2026-02-21 06:36:47,321 - INFO -   Epoch [790/873] Loss: 1.3547
2026-02-21 06:36:51,042 - INFO -   Epoch [800/873] Loss: 2.1280
2026-02-21 06:36:54,785 - INFO -   Epoch [810/873] Loss: 1.9342
2026-02-21 06:36:58,533 - INFO -   Epoch [820/873] Loss: 2.2032
2026-02-21 06:37:02,268 - INFO -   Epoch [830/873] Loss: 1.3780
2026-02-21 06:37:06,019 - INFO -   Epoch [840/873] Loss: 1.5916
2026-02-21 06:37:09,764 - INFO -   Epoch [850/873] Loss: 1.8651
2026-02-21 06:37:13,517 - INFO -   Epoch [860/873] Loss: 1.8118
2026-02-21 06:37:17,263 - INFO -   Epoch [870/873] Loss: 2.3243
2026-02-21 06:37:36,959 - INFO -   Train Loss: 1.9607
2026-02-21 06:37:36,959 - INFO -   Train Accuracy: 26.71%
2026-02-21 06:37:36,959 - INFO -   Val Loss: 1.7850
2026-02-21 06:37:36,959 - INFO -   Val Accuracy: 40.75% | F1: 0.2121
2026-02-21 06:37:36,959 - INFO -   LR: 0.001000
2026-02-21 06:37:37,081 - INFO -   ✓ New best model saved!
2026-02-21 06:37:37,081 - INFO -   Patience: 0/15
2026-02-21 06:37:37,081 - INFO - 
Epoch 4/100
2026-02-21 06:37:40,786 - INFO -   Epoch [10/873] Loss: 2.5329
2026-02-21 06:37:44,482 - INFO -   Epoch [20/873] Loss: 2.7042
2026-02-21 06:37:48,188 - INFO -   Epoch [30/873] Loss: 1.9311
2026-02-21 06:37:51,930 - INFO -   Epoch [40/873] Loss: 3.1228
2026-02-21 06:37:55,680 - INFO -   Epoch [50/873] Loss: 1.8117
2026-02-21 06:37:59,420 - INFO -   Epoch [60/873] Loss: 1.8783
2026-02-21 06:38:03,139 - INFO -   Epoch [70/873] Loss: 1.6658
2026-02-21 06:38:06,884 - INFO -   Epoch [80/873] Loss: 1.9710
2026-02-21 06:38:10,631 - INFO -   Epoch [90/873] Loss: 2.0153
2026-02-21 06:38:14,383 - INFO -   Epoch [100/873] Loss: 2.2395
2026-02-21 06:38:18,126 - INFO -   Epoch [110/873] Loss: 2.1251
2026-02-21 06:38:21,872 - INFO -   Epoch [120/873] Loss: 2.0748
2026-02-21 06:38:25,621 - INFO -   Epoch [130/873] Loss: 1.9989
2026-02-21 06:38:29,355 - INFO -   Epoch [140/873] Loss: 2.0293
2026-02-21 06:38:33,081 - INFO -   Epoch [150/873] Loss: 2.1182
2026-02-21 06:38:36,831 - INFO -   Epoch [160/873] Loss: 2.3173
2026-02-21 06:38:40,588 - INFO -   Epoch [170/873] Loss: 2.2003
2026-02-21 06:38:44,347 - INFO -   Epoch [180/873] Loss: 1.8958
2026-02-21 06:38:48,089 - INFO -   Epoch [190/873] Loss: 1.8316
2026-02-21 06:38:51,813 - INFO -   Epoch [200/873] Loss: 1.9394
2026-02-21 06:38:55,556 - INFO -   Epoch [210/873] Loss: 1.9919
2026-02-21 06:38:59,293 - INFO -   Epoch [220/873] Loss: 1.7533
2026-02-21 06:39:03,041 - INFO -   Epoch [230/873] Loss: 1.7622
2026-02-21 06:39:06,791 - INFO -   Epoch [240/873] Loss: 1.5889
2026-02-21 06:39:10,529 - INFO -   Epoch [250/873] Loss: 2.0900
2026-02-21 06:39:14,276 - INFO -   Epoch [260/873] Loss: 2.2219
2026-02-21 06:39:18,022 - INFO -   Epoch [270/873] Loss: 2.7546
2026-02-21 06:39:21,769 - INFO -   Epoch [280/873] Loss: 1.8658
2026-02-21 06:39:25,494 - INFO -   Epoch [290/873] Loss: 1.8973
2026-02-21 06:39:29,240 - INFO -   Epoch [300/873] Loss: 1.6221
2026-02-21 06:39:32,987 - INFO -   Epoch [310/873] Loss: 1.7468
2026-02-21 06:39:36,734 - INFO -   Epoch [320/873] Loss: 1.7365
2026-02-21 06:39:40,485 - INFO -   Epoch [330/873] Loss: 2.1128
2026-02-21 06:39:44,216 - INFO -   Epoch [340/873] Loss: 2.2609
2026-02-21 06:39:47,966 - INFO -   Epoch [350/873] Loss: 2.2134
2026-02-21 06:39:51,711 - INFO -   Epoch [360/873] Loss: 1.9415
2026-02-21 06:39:55,462 - INFO -   Epoch [370/873] Loss: 2.3057
2026-02-21 06:39:59,210 - INFO -   Epoch [380/873] Loss: 1.9885
2026-02-21 06:40:02,948 - INFO -   Epoch [390/873] Loss: 2.0098
2026-02-21 06:40:06,698 - INFO -   Epoch [400/873] Loss: 1.6371
2026-02-21 06:40:10,449 - INFO -   Epoch [410/873] Loss: 1.7636
2026-02-21 06:40:14,201 - INFO -   Epoch [420/873] Loss: 1.7359
2026-02-21 06:40:17,953 - INFO -   Epoch [430/873] Loss: 1.3265
2026-02-21 06:40:21,709 - INFO -   Epoch [440/873] Loss: 1.9332
2026-02-21 06:40:25,459 - INFO -   Epoch [450/873] Loss: 1.7010
2026-02-21 06:40:29,198 - INFO -   Epoch [460/873] Loss: 2.0076
2026-02-21 06:40:32,934 - INFO -   Epoch [470/873] Loss: 2.0136
2026-02-21 06:40:36,684 - INFO -   Epoch [480/873] Loss: 2.4866
2026-02-21 06:40:40,428 - INFO -   Epoch [490/873] Loss: 1.3918
2026-02-21 06:40:44,156 - INFO -   Epoch [500/873] Loss: 1.8184
2026-02-21 06:40:47,899 - INFO -   Epoch [510/873] Loss: 1.9781
2026-02-21 06:40:51,640 - INFO -   Epoch [520/873] Loss: 2.1012
2026-02-21 06:40:55,387 - INFO -   Epoch [530/873] Loss: 1.9732
2026-02-21 06:40:59,136 - INFO -   Epoch [540/873] Loss: 1.6156
2026-02-21 06:41:02,884 - INFO -   Epoch [550/873] Loss: 2.6982
2026-02-21 06:41:06,632 - INFO -   Epoch [560/873] Loss: 1.7922
2026-02-21 06:41:10,361 - INFO -   Epoch [570/873] Loss: 1.8010
2026-02-21 06:41:14,098 - INFO -   Epoch [580/873] Loss: 2.2990
2026-02-21 06:41:17,850 - INFO -   Epoch [590/873] Loss: 1.8301
2026-02-21 06:41:21,569 - INFO -   Epoch [600/873] Loss: 2.0943
2026-02-21 06:41:25,314 - INFO -   Epoch [610/873] Loss: 2.0368
2026-02-21 06:41:29,066 - INFO -   Epoch [620/873] Loss: 1.9633
2026-02-21 06:41:32,813 - INFO -   Epoch [630/873] Loss: 1.6149
2026-02-21 06:41:36,563 - INFO -   Epoch [640/873] Loss: 1.6457
2026-02-21 06:41:40,305 - INFO -   Epoch [650/873] Loss: 1.9717
2026-02-21 06:41:44,041 - INFO -   Epoch [660/873] Loss: 2.0579
2026-02-21 06:41:47,791 - INFO -   Epoch [670/873] Loss: 1.8716
2026-02-21 06:41:51,512 - INFO -   Epoch [680/873] Loss: 2.0540
2026-02-21 06:41:55,249 - INFO -   Epoch [690/873] Loss: 2.3564
2026-02-21 06:41:58,998 - INFO -   Epoch [700/873] Loss: 1.6390
2026-02-21 06:42:02,746 - INFO -   Epoch [710/873] Loss: 2.0839
2026-02-21 06:42:06,499 - INFO -   Epoch [720/873] Loss: 1.7025
2026-02-21 06:42:10,225 - INFO -   Epoch [730/873] Loss: 1.5485
2026-02-21 06:42:13,977 - INFO -   Epoch [740/873] Loss: 1.5195
2026-02-21 06:42:17,728 - INFO -   Epoch [750/873] Loss: 2.2118
2026-02-21 06:42:21,477 - INFO -   Epoch [760/873] Loss: 1.9641
2026-02-21 06:42:25,227 - INFO -   Epoch [770/873] Loss: 1.2794
2026-02-21 06:42:28,967 - INFO -   Epoch [780/873] Loss: 1.5333
2026-02-21 06:42:32,688 - INFO -   Epoch [790/873] Loss: 2.1204
2026-02-21 06:42:36,441 - INFO -   Epoch [800/873] Loss: 2.0749
2026-02-21 06:42:40,183 - INFO -   Epoch [810/873] Loss: 1.7408
2026-02-21 06:42:43,936 - INFO -   Epoch [820/873] Loss: 1.4174
2026-02-21 06:42:47,691 - INFO -   Epoch [830/873] Loss: 1.6615
2026-02-21 06:42:51,440 - INFO -   Epoch [840/873] Loss: 1.6347
2026-02-21 06:42:55,191 - INFO -   Epoch [850/873] Loss: 2.1619
2026-02-21 06:42:58,939 - INFO -   Epoch [860/873] Loss: 1.7164
2026-02-21 06:43:02,680 - INFO -   Epoch [870/873] Loss: 2.2392
2026-02-21 06:43:22,404 - INFO -   Train Loss: 1.9452
2026-02-21 06:43:22,404 - INFO -   Train Accuracy: 27.19%
2026-02-21 06:43:22,404 - INFO -   Val Loss: 1.7325
2026-02-21 06:43:22,404 - INFO -   Val Accuracy: 23.46% | F1: 0.1425
2026-02-21 06:43:22,404 - INFO -   LR: 0.001000
2026-02-21 06:43:22,404 - INFO -   Patience: 1/15
2026-02-21 06:43:22,404 - INFO - 
Epoch 5/100
2026-02-21 06:43:26,102 - INFO -   Epoch [10/873] Loss: 1.7634
2026-02-21 06:43:29,803 - INFO -   Epoch [20/873] Loss: 1.8673
2026-02-21 06:43:33,501 - INFO -   Epoch [30/873] Loss: 1.4499
2026-02-21 06:43:37,200 - INFO -   Epoch [40/873] Loss: 1.8990
2026-02-21 06:43:40,897 - INFO -   Epoch [50/873] Loss: 1.7562
2026-02-21 06:43:44,595 - INFO -   Epoch [60/873] Loss: 1.8351
2026-02-21 06:43:48,316 - INFO -   Epoch [70/873] Loss: 2.3578
2026-02-21 06:43:52,061 - INFO -   Epoch [80/873] Loss: 3.5545
2026-02-21 06:43:55,821 - INFO -   Epoch [90/873] Loss: 1.7841
2026-02-21 06:43:59,556 - INFO -   Epoch [100/873] Loss: 1.7038
2026-02-21 06:44:03,300 - INFO -   Epoch [110/873] Loss: 1.6426
2026-02-21 06:44:07,053 - INFO -   Epoch [120/873] Loss: 1.7668
2026-02-21 06:44:10,808 - INFO -   Epoch [130/873] Loss: 1.7988
2026-02-21 06:44:14,559 - INFO -   Epoch [140/873] Loss: 2.0146
2026-02-21 06:44:18,295 - INFO -   Epoch [150/873] Loss: 1.9391
2026-02-21 06:44:22,045 - INFO -   Epoch [160/873] Loss: 1.8685
2026-02-21 06:44:25,793 - INFO -   Epoch [170/873] Loss: 1.7278
2026-02-21 06:44:29,550 - INFO -   Epoch [180/873] Loss: 1.8016
2026-02-21 06:44:33,309 - INFO -   Epoch [190/873] Loss: 1.7662
2026-02-21 06:44:37,063 - INFO -   Epoch [200/873] Loss: 1.8003
2026-02-21 06:44:40,816 - INFO -   Epoch [210/873] Loss: 1.8918
2026-02-21 06:44:44,567 - INFO -   Epoch [220/873] Loss: 1.8342
2026-02-21 06:44:48,312 - INFO -   Epoch [230/873] Loss: 1.8273
2026-02-21 06:44:52,035 - INFO -   Epoch [240/873] Loss: 1.7243
2026-02-21 06:44:55,781 - INFO -   Epoch [250/873] Loss: 1.8189
2026-02-21 06:44:59,514 - INFO -   Epoch [260/873] Loss: 1.8052
2026-02-21 06:45:03,246 - INFO -   Epoch [270/873] Loss: 1.9710
2026-02-21 06:45:07,002 - INFO -   Epoch [280/873] Loss: 2.1275
2026-02-21 06:45:10,750 - INFO -   Epoch [290/873] Loss: 2.3612
2026-02-21 06:45:14,504 - INFO -   Epoch [300/873] Loss: 1.9080
2026-02-21 06:45:18,247 - INFO -   Epoch [310/873] Loss: 1.7251
2026-02-21 06:45:21,981 - INFO -   Epoch [320/873] Loss: 2.1974
2026-02-21 06:45:25,731 - INFO -   Epoch [330/873] Loss: 3.3009
2026-02-21 06:45:29,483 - INFO -   Epoch [340/873] Loss: 1.8282
2026-02-21 06:45:33,240 - INFO -   Epoch [350/873] Loss: 1.9184
2026-02-21 06:45:36,994 - INFO -   Epoch [360/873] Loss: 1.9407
2026-02-21 06:45:40,737 - INFO -   Epoch [370/873] Loss: 1.9157
2026-02-21 06:45:44,482 - INFO -   Epoch [380/873] Loss: 2.0883
2026-02-21 06:45:48,214 - INFO -   Epoch [390/873] Loss: 2.3369
2026-02-21 06:45:51,971 - INFO -   Epoch [400/873] Loss: 2.2106
2026-02-21 06:45:55,724 - INFO -   Epoch [410/873] Loss: 1.4521
2026-02-21 06:45:59,481 - INFO -   Epoch [420/873] Loss: 1.8117
2026-02-21 06:46:03,235 - INFO -   Epoch [430/873] Loss: 1.9882
2026-02-21 06:46:06,991 - INFO -   Epoch [440/873] Loss: 1.6559
2026-02-21 06:46:10,741 - INFO -   Epoch [450/873] Loss: 1.8647
2026-02-21 06:46:14,491 - INFO -   Epoch [460/873] Loss: 1.6120
2026-02-21 06:46:18,231 - INFO -   Epoch [470/873] Loss: 1.9239
2026-02-21 06:46:21,967 - INFO -   Epoch [480/873] Loss: 2.0176
2026-02-21 06:46:25,707 - INFO -   Epoch [490/873] Loss: 1.7790
2026-02-21 06:46:29,438 - INFO -   Epoch [500/873] Loss: 2.2431
2026-02-21 06:46:33,170 - INFO -   Epoch [510/873] Loss: 1.8437
2026-02-21 06:46:36,921 - INFO -   Epoch [520/873] Loss: 2.2828
2026-02-21 06:46:40,661 - INFO -   Epoch [530/873] Loss: 1.7141
2026-02-21 06:46:44,407 - INFO -   Epoch [540/873] Loss: 1.7025
2026-02-21 06:46:48,155 - INFO -   Epoch [550/873] Loss: 2.4142
2026-02-21 06:46:51,907 - INFO -   Epoch [560/873] Loss: 2.4076
2026-02-21 06:46:55,663 - INFO -   Epoch [570/873] Loss: 1.6120
2026-02-21 06:46:59,413 - INFO -   Epoch [580/873] Loss: 1.7985
2026-02-21 06:47:03,165 - INFO -   Epoch [590/873] Loss: 1.6748
2026-02-21 06:47:06,912 - INFO -   Epoch [600/873] Loss: 2.3018
2026-02-21 06:47:10,666 - INFO -   Epoch [610/873] Loss: 2.0004
2026-02-21 06:47:14,427 - INFO -   Epoch [620/873] Loss: 1.8919
2026-02-21 06:47:18,175 - INFO -   Epoch [630/873] Loss: 1.6774
2026-02-21 06:47:21,904 - INFO -   Epoch [640/873] Loss: 2.7726
2026-02-21 06:47:25,659 - INFO -   Epoch [650/873] Loss: 1.8785
2026-02-21 06:47:29,414 - INFO -   Epoch [660/873] Loss: 2.1058
2026-02-21 06:47:33,169 - INFO -   Epoch [670/873] Loss: 2.7081
2026-02-21 06:47:36,924 - INFO -   Epoch [680/873] Loss: 1.9628
2026-02-21 06:47:40,680 - INFO -   Epoch [690/873] Loss: 1.7470
2026-02-21 06:47:44,435 - INFO -   Epoch [700/873] Loss: 1.7348
2026-02-21 06:47:48,187 - INFO -   Epoch [710/873] Loss: 1.8523
2026-02-21 06:47:51,941 - INFO -   Epoch [720/873] Loss: 1.9733
2026-02-21 06:47:55,700 - INFO -   Epoch [730/873] Loss: 1.9785
2026-02-21 06:47:59,447 - INFO -   Epoch [740/873] Loss: 1.8482
2026-02-21 06:48:03,199 - INFO -   Epoch [750/873] Loss: 2.4197
2026-02-21 06:48:06,951 - INFO -   Epoch [760/873] Loss: 2.0664
2026-02-21 06:48:10,691 - INFO -   Epoch [770/873] Loss: 1.9819
2026-02-21 06:48:14,443 - INFO -   Epoch [780/873] Loss: 2.3359
2026-02-21 06:48:18,185 - INFO -   Epoch [790/873] Loss: 1.9377
2026-02-21 06:48:21,931 - INFO -   Epoch [800/873] Loss: 2.3668
2026-02-21 06:48:25,683 - INFO -   Epoch [810/873] Loss: 3.4420
2026-02-21 06:48:29,437 - INFO -   Epoch [820/873] Loss: 1.7760
2026-02-21 06:48:33,186 - INFO -   Epoch [830/873] Loss: 1.9588
2026-02-21 06:48:36,942 - INFO -   Epoch [840/873] Loss: 1.9268
2026-02-21 06:48:40,696 - INFO -   Epoch [850/873] Loss: 2.1655
2026-02-21 06:48:44,448 - INFO -   Epoch [860/873] Loss: 1.6695
2026-02-21 06:48:48,195 - INFO -   Epoch [870/873] Loss: 1.8804
2026-02-21 06:49:07,893 - INFO -   Train Loss: 1.9914
2026-02-21 06:49:07,893 - INFO -   Train Accuracy: 26.81%
2026-02-21 06:49:07,893 - INFO -   Val Loss: 1.9005
2026-02-21 06:49:07,893 - INFO -   Val Accuracy: 24.31% | F1: 0.1731
2026-02-21 06:49:07,893 - INFO -   LR: 0.001000
2026-02-21 06:49:07,893 - INFO -   Patience: 2/15
2026-02-21 06:49:07,894 - INFO - 
Epoch 6/100
2026-02-21 06:49:11,590 - INFO -   Epoch [10/873] Loss: 1.7651
2026-02-21 06:49:15,295 - INFO -   Epoch [20/873] Loss: 1.9407
2026-02-21 06:49:19,004 - INFO -   Epoch [30/873] Loss: 2.0919
2026-02-21 06:49:22,755 - INFO -   Epoch [40/873] Loss: 2.0846
2026-02-21 06:49:26,507 - INFO -   Epoch [50/873] Loss: 1.5903
2026-02-21 06:49:30,247 - INFO -   Epoch [60/873] Loss: 2.0525
2026-02-21 06:49:34,000 - INFO -   Epoch [70/873] Loss: 2.2847
2026-02-21 06:49:37,757 - INFO -   Epoch [80/873] Loss: 2.0628
2026-02-21 06:49:41,487 - INFO -   Epoch [90/873] Loss: 1.3402
2026-02-21 06:49:45,243 - INFO -   Epoch [100/873] Loss: 1.9685
2026-02-21 06:49:48,992 - INFO -   Epoch [110/873] Loss: 2.0644
2026-02-21 06:49:52,748 - INFO -   Epoch [120/873] Loss: 3.2386
2026-02-21 06:49:56,506 - INFO -   Epoch [130/873] Loss: 2.3494
2026-02-21 06:50:00,258 - INFO -   Epoch [140/873] Loss: 2.1522
2026-02-21 06:50:04,014 - INFO -   Epoch [150/873] Loss: 2.1766
2026-02-21 06:50:07,742 - INFO -   Epoch [160/873] Loss: 1.9707
2026-02-21 06:50:11,495 - INFO -   Epoch [170/873] Loss: 2.1299
2026-02-21 06:50:15,248 - INFO -   Epoch [180/873] Loss: 2.2698
2026-02-21 06:50:18,990 - INFO -   Epoch [190/873] Loss: 1.9164
2026-02-21 06:50:22,725 - INFO -   Epoch [200/873] Loss: 2.0746
2026-02-21 06:50:26,479 - INFO -   Epoch [210/873] Loss: 1.8748
2026-02-21 06:50:30,220 - INFO -   Epoch [220/873] Loss: 1.9027
2026-02-21 06:50:33,955 - INFO -   Epoch [230/873] Loss: 1.9751
2026-02-21 06:50:37,711 - INFO -   Epoch [240/873] Loss: 1.8239
2026-02-21 06:50:41,457 - INFO -   Epoch [250/873] Loss: 1.5768
2026-02-21 06:50:45,213 - INFO -   Epoch [260/873] Loss: 1.6961
2026-02-21 06:50:48,965 - INFO -   Epoch [270/873] Loss: 2.1750
2026-02-21 06:50:52,697 - INFO -   Epoch [280/873] Loss: 2.0878
2026-02-21 06:50:56,456 - INFO -   Epoch [290/873] Loss: 1.7217
2026-02-21 06:51:00,203 - INFO -   Epoch [300/873] Loss: 2.3089
2026-02-21 06:51:03,950 - INFO -   Epoch [310/873] Loss: 1.9477
2026-02-21 06:51:07,715 - INFO -   Epoch [320/873] Loss: 1.8130
2026-02-21 06:51:11,466 - INFO -   Epoch [330/873] Loss: 2.0248
2026-02-21 06:51:15,222 - INFO -   Epoch [340/873] Loss: 1.8726
2026-02-21 06:51:18,962 - INFO -   Epoch [350/873] Loss: 2.9881
2026-02-21 06:51:22,712 - INFO -   Epoch [360/873] Loss: 1.7884
2026-02-21 06:51:26,464 - INFO -   Epoch [370/873] Loss: 1.9403
2026-02-21 06:51:30,203 - INFO -   Epoch [380/873] Loss: 2.1033
2026-02-21 06:51:33,956 - INFO -   Epoch [390/873] Loss: 1.8192
2026-02-21 06:51:37,707 - INFO -   Epoch [400/873] Loss: 1.9328
2026-02-21 06:51:41,449 - INFO -   Epoch [410/873] Loss: 2.1770
2026-02-21 06:51:45,197 - INFO -   Epoch [420/873] Loss: 2.3617
2026-02-21 06:51:48,938 - INFO -   Epoch [430/873] Loss: 1.8748
2026-02-21 06:51:52,690 - INFO -   Epoch [440/873] Loss: 1.9831
2026-02-21 06:51:56,444 - INFO -   Epoch [450/873] Loss: 2.1430
2026-02-21 06:52:00,178 - INFO -   Epoch [460/873] Loss: 1.7772
2026-02-21 06:52:03,934 - INFO -   Epoch [470/873] Loss: 1.9948
2026-02-21 06:52:07,691 - INFO -   Epoch [480/873] Loss: 2.0101
2026-02-21 06:52:11,450 - INFO -   Epoch [490/873] Loss: 1.8141
2026-02-21 06:52:15,211 - INFO -   Epoch [500/873] Loss: 1.9064
2026-02-21 06:52:18,970 - INFO -   Epoch [510/873] Loss: 1.8542
2026-02-21 06:52:22,729 - INFO -   Epoch [520/873] Loss: 2.2455
2026-02-21 06:52:26,488 - INFO -   Epoch [530/873] Loss: 2.6332
2026-02-21 06:52:30,235 - INFO -   Epoch [540/873] Loss: 2.0504
2026-02-21 06:52:33,990 - INFO -   Epoch [550/873] Loss: 1.9400
2026-02-21 06:52:37,744 - INFO -   Epoch [560/873] Loss: 1.9678
2026-02-21 06:52:41,476 - INFO -   Epoch [570/873] Loss: 2.1236
2026-02-21 06:52:45,232 - INFO -   Epoch [580/873] Loss: 2.0172
2026-02-21 06:52:48,982 - INFO -   Epoch [590/873] Loss: 1.9263
2026-02-21 06:52:52,742 - INFO -   Epoch [600/873] Loss: 2.0615
2026-02-21 06:52:56,491 - INFO -   Epoch [610/873] Loss: 1.9276
2026-02-21 06:53:00,235 - INFO -   Epoch [620/873] Loss: 2.1005
2026-02-21 06:53:03,985 - INFO -   Epoch [630/873] Loss: 1.8472
2026-02-21 06:53:07,744 - INFO -   Epoch [640/873] Loss: 1.8463
2026-02-21 06:53:11,486 - INFO -   Epoch [650/873] Loss: 1.7443
2026-02-21 06:53:15,238 - INFO -   Epoch [660/873] Loss: 2.1131
2026-02-21 06:53:18,986 - INFO -   Epoch [670/873] Loss: 1.6207
2026-02-21 06:53:22,734 - INFO -   Epoch [680/873] Loss: 2.1132
2026-02-21 06:53:26,490 - INFO -   Epoch [690/873] Loss: 1.7605
2026-02-21 06:53:30,242 - INFO -   Epoch [700/873] Loss: 2.1005
2026-02-21 06:53:34,006 - INFO -   Epoch [710/873] Loss: 2.0130
2026-02-21 06:53:37,767 - INFO -   Epoch [720/873] Loss: 2.0501
2026-02-21 06:53:41,520 - INFO -   Epoch [730/873] Loss: 2.7614
2026-02-21 06:53:45,277 - INFO -   Epoch [740/873] Loss: 2.0187
2026-02-21 06:53:49,026 - INFO -   Epoch [750/873] Loss: 1.8493
2026-02-21 06:53:52,778 - INFO -   Epoch [760/873] Loss: 2.0219
2026-02-21 06:53:56,524 - INFO -   Epoch [770/873] Loss: 1.9655
2026-02-21 06:54:00,263 - INFO -   Epoch [780/873] Loss: 1.7447
2026-02-21 06:54:04,005 - INFO -   Epoch [790/873] Loss: 2.4112
2026-02-21 06:54:07,764 - INFO -   Epoch [800/873] Loss: 1.6252
2026-02-21 06:54:11,515 - INFO -   Epoch [810/873] Loss: 2.0040
2026-02-21 06:54:15,271 - INFO -   Epoch [820/873] Loss: 1.9203
2026-02-21 06:54:19,034 - INFO -   Epoch [830/873] Loss: 1.5951
2026-02-21 06:54:22,795 - INFO -   Epoch [840/873] Loss: 2.1289
2026-02-21 06:54:26,560 - INFO -   Epoch [850/873] Loss: 2.1023
2026-02-21 06:54:30,320 - INFO -   Epoch [860/873] Loss: 2.5084
2026-02-21 06:54:34,078 - INFO -   Epoch [870/873] Loss: 1.9350
2026-02-21 06:54:53,809 - INFO -   Train Loss: 2.0153
2026-02-21 06:54:53,810 - INFO -   Train Accuracy: 26.47%
2026-02-21 06:54:53,810 - INFO -   Val Loss: 2.0647
2026-02-21 06:54:53,810 - INFO -   Val Accuracy: 20.10% | F1: 0.1025
2026-02-21 06:54:53,810 - INFO -   LR: 0.001000
2026-02-21 06:54:53,810 - INFO -   Patience: 3/15
2026-02-21 06:54:53,810 - INFO - 
Epoch 7/100
2026-02-21 06:54:57,509 - INFO -   Epoch [10/873] Loss: 1.9179
2026-02-21 06:55:01,205 - INFO -   Epoch [20/873] Loss: 2.3562
2026-02-21 06:55:04,966 - INFO -   Epoch [30/873] Loss: 1.9714
2026-02-21 06:55:08,714 - INFO -   Epoch [40/873] Loss: 1.8912
2026-02-21 06:55:12,454 - INFO -   Epoch [50/873] Loss: 1.8207
2026-02-21 06:55:16,203 - INFO -   Epoch [60/873] Loss: 2.1315
2026-02-21 06:55:19,954 - INFO -   Epoch [70/873] Loss: 1.7799
2026-02-21 06:55:23,703 - INFO -   Epoch [80/873] Loss: 1.9463
2026-02-21 06:55:27,455 - INFO -   Epoch [90/873] Loss: 2.0724
2026-02-21 06:55:31,205 - INFO -   Epoch [100/873] Loss: 1.8453
2026-02-21 06:55:34,958 - INFO -   Epoch [110/873] Loss: 2.0488
2026-02-21 06:55:38,708 - INFO -   Epoch [120/873] Loss: 1.9678
2026-02-21 06:55:42,458 - INFO -   Epoch [130/873] Loss: 1.9475
2026-02-21 06:55:46,213 - INFO -   Epoch [140/873] Loss: 2.3697
2026-02-21 06:55:49,961 - INFO -   Epoch [150/873] Loss: 2.0689
2026-02-21 06:55:53,710 - INFO -   Epoch [160/873] Loss: 1.8742
2026-02-21 06:55:57,463 - INFO -   Epoch [170/873] Loss: 1.7123
2026-02-21 06:56:01,219 - INFO -   Epoch [180/873] Loss: 2.3137
2026-02-21 06:56:04,974 - INFO -   Epoch [190/873] Loss: 2.4330
2026-02-21 06:56:08,732 - INFO -   Epoch [200/873] Loss: 1.5631
2026-02-21 06:56:12,489 - INFO -   Epoch [210/873] Loss: 2.4715
2026-02-21 06:56:16,246 - INFO -   Epoch [220/873] Loss: 2.1143
2026-02-21 06:56:19,990 - INFO -   Epoch [230/873] Loss: 1.9604
2026-02-21 06:56:23,741 - INFO -   Epoch [240/873] Loss: 2.2061
2026-02-21 06:56:27,492 - INFO -   Epoch [250/873] Loss: 2.0813
2026-02-21 06:56:31,242 - INFO -   Epoch [260/873] Loss: 1.9473
2026-02-21 06:56:34,988 - INFO -   Epoch [270/873] Loss: 1.5013
2026-02-21 06:56:38,716 - INFO -   Epoch [280/873] Loss: 1.9174
2026-02-21 06:56:42,425 - INFO -   Epoch [290/873] Loss: 2.1970
2026-02-21 06:56:46,164 - INFO -   Epoch [300/873] Loss: 2.1026
2026-02-21 06:56:49,899 - INFO -   Epoch [310/873] Loss: 2.4604
2026-02-21 06:56:53,651 - INFO -   Epoch [320/873] Loss: 1.9112
2026-02-21 06:56:57,396 - INFO -   Epoch [330/873] Loss: 1.6732
2026-02-21 06:57:01,143 - INFO -   Epoch [340/873] Loss: 2.2467
2026-02-21 06:57:04,892 - INFO -   Epoch [350/873] Loss: 1.8013
2026-02-21 06:57:08,634 - INFO -   Epoch [360/873] Loss: 2.1529
2026-02-21 06:57:12,377 - INFO -   Epoch [370/873] Loss: 2.4334
2026-02-21 06:57:16,127 - INFO -   Epoch [380/873] Loss: 2.0444
2026-02-21 06:57:19,876 - INFO -   Epoch [390/873] Loss: 3.6969
2026-02-21 06:57:23,625 - INFO -   Epoch [400/873] Loss: 2.2931
2026-02-21 06:57:27,371 - INFO -   Epoch [410/873] Loss: 2.3023
2026-02-21 06:57:31,101 - INFO -   Epoch [420/873] Loss: 1.8481
2026-02-21 06:57:34,844 - INFO -   Epoch [430/873] Loss: 2.3617
2026-02-21 06:57:38,590 - INFO -   Epoch [440/873] Loss: 1.8537
2026-02-21 06:57:42,334 - INFO -   Epoch [450/873] Loss: 2.1341
2026-02-21 06:57:46,083 - INFO -   Epoch [460/873] Loss: 2.0183
2026-02-21 06:57:49,829 - INFO -   Epoch [470/873] Loss: 1.9163
2026-02-21 06:57:53,583 - INFO -   Epoch [480/873] Loss: 2.5371
2026-02-21 06:57:57,339 - INFO -   Epoch [490/873] Loss: 2.2571
2026-02-21 06:58:01,063 - INFO -   Epoch [500/873] Loss: 1.9832
2026-02-21 06:58:04,793 - INFO -   Epoch [510/873] Loss: 1.9319
2026-02-21 06:58:08,533 - INFO -   Epoch [520/873] Loss: 1.7647
2026-02-21 06:58:12,263 - INFO -   Epoch [530/873] Loss: 1.8891
2026-02-21 06:58:16,014 - INFO -   Epoch [540/873] Loss: 2.1407
2026-02-21 06:58:19,756 - INFO -   Epoch [550/873] Loss: 1.9901
2026-02-21 06:58:23,514 - INFO -   Epoch [560/873] Loss: 1.8873
2026-02-21 06:58:27,261 - INFO -   Epoch [570/873] Loss: 2.0196
2026-02-21 06:58:31,005 - INFO -   Epoch [580/873] Loss: 1.8463
2026-02-21 06:58:34,770 - INFO -   Epoch [590/873] Loss: 2.2572
2026-02-21 06:58:38,531 - INFO -   Epoch [600/873] Loss: 2.0128
2026-02-21 06:58:42,258 - INFO -   Epoch [610/873] Loss: 1.9893
2026-02-21 06:58:46,010 - INFO -   Epoch [620/873] Loss: 2.4262
2026-02-21 06:58:49,771 - INFO -   Epoch [630/873] Loss: 1.7853
2026-02-21 06:58:53,532 - INFO -   Epoch [640/873] Loss: 1.9425
2026-02-21 06:58:57,292 - INFO -   Epoch [650/873] Loss: 2.3492
2026-02-21 06:59:01,041 - INFO -   Epoch [660/873] Loss: 1.9246
2026-02-21 06:59:04,790 - INFO -   Epoch [670/873] Loss: 1.8841
2026-02-21 06:59:08,537 - INFO -   Epoch [680/873] Loss: 2.1235
2026-02-21 06:59:12,274 - INFO -   Epoch [690/873] Loss: 2.4395
2026-02-21 06:59:16,025 - INFO -   Epoch [700/873] Loss: 2.1189
2026-02-21 06:59:19,770 - INFO -   Epoch [710/873] Loss: 2.1247
2026-02-21 06:59:23,511 - INFO -   Epoch [720/873] Loss: 2.4108
2026-02-21 06:59:27,261 - INFO -   Epoch [730/873] Loss: 2.0147
2026-02-21 06:59:31,009 - INFO -   Epoch [740/873] Loss: 1.8640
2026-02-21 06:59:34,739 - INFO -   Epoch [750/873] Loss: 1.9966
2026-02-21 06:59:38,491 - INFO -   Epoch [760/873] Loss: 1.9957
2026-02-21 06:59:42,244 - INFO -   Epoch [770/873] Loss: 1.8087
2026-02-21 06:59:45,992 - INFO -   Epoch [780/873] Loss: 1.8836
2026-02-21 06:59:49,740 - INFO -   Epoch [790/873] Loss: 1.7884
2026-02-21 06:59:53,490 - INFO -   Epoch [800/873] Loss: 2.0482
2026-02-21 06:59:57,239 - INFO -   Epoch [810/873] Loss: 1.8956
2026-02-21 07:00:00,981 - INFO -   Epoch [820/873] Loss: 2.2846
2026-02-21 07:00:04,722 - INFO -   Epoch [830/873] Loss: 1.9168
2026-02-21 07:00:08,472 - INFO -   Epoch [840/873] Loss: 2.1273
2026-02-21 07:00:12,224 - INFO -   Epoch [850/873] Loss: 2.3672
2026-02-21 07:00:15,976 - INFO -   Epoch [860/873] Loss: 1.9075
2026-02-21 07:00:19,725 - INFO -   Epoch [870/873] Loss: 1.6919
2026-02-21 07:00:39,415 - INFO -   Train Loss: 2.0405
2026-02-21 07:00:39,416 - INFO -   Train Accuracy: 24.60%
2026-02-21 07:00:39,416 - INFO -   Val Loss: 1.9665
2026-02-21 07:00:39,416 - INFO -   Val Accuracy: 17.29% | F1: 0.0991
2026-02-21 07:00:39,416 - INFO -   LR: 0.001000
2026-02-21 07:00:39,416 - INFO -   Patience: 4/15
2026-02-21 07:00:39,416 - INFO - 
Epoch 8/100
2026-02-21 07:00:43,110 - INFO -   Epoch [10/873] Loss: 1.7323
2026-02-21 07:00:46,809 - INFO -   Epoch [20/873] Loss: 1.9174
2026-02-21 07:00:50,504 - INFO -   Epoch [30/873] Loss: 2.0339
2026-02-21 07:00:54,224 - INFO -   Epoch [40/873] Loss: 1.9789
2026-02-21 07:00:57,972 - INFO -   Epoch [50/873] Loss: 1.9881
2026-02-21 07:01:01,722 - INFO -   Epoch [60/873] Loss: 1.7781
2026-02-21 07:01:05,471 - INFO -   Epoch [70/873] Loss: 1.7334
2026-02-21 07:01:09,223 - INFO -   Epoch [80/873] Loss: 1.9756
2026-02-21 07:01:12,971 - INFO -   Epoch [90/873] Loss: 2.0282
2026-02-21 07:01:16,718 - INFO -   Epoch [100/873] Loss: 2.0202
2026-02-21 07:01:20,470 - INFO -   Epoch [110/873] Loss: 1.9727
2026-02-21 07:01:24,222 - INFO -   Epoch [120/873] Loss: 2.4094
2026-02-21 07:01:27,970 - INFO -   Epoch [130/873] Loss: 2.8423
2026-02-21 07:01:31,700 - INFO -   Epoch [140/873] Loss: 1.9142
2026-02-21 07:01:35,449 - INFO -   Epoch [150/873] Loss: 2.0673
2026-02-21 07:01:39,201 - INFO -   Epoch [160/873] Loss: 1.8228
2026-02-21 07:01:42,954 - INFO -   Epoch [170/873] Loss: 2.1217
2026-02-21 07:01:46,704 - INFO -   Epoch [180/873] Loss: 1.9326
2026-02-21 07:01:50,449 - INFO -   Epoch [190/873] Loss: 2.7621
2026-02-21 07:01:54,202 - INFO -   Epoch [200/873] Loss: 2.2726
2026-02-21 07:01:57,955 - INFO -   Epoch [210/873] Loss: 1.8533
2026-02-21 07:02:01,708 - INFO -   Epoch [220/873] Loss: 1.8856
2026-02-21 07:02:05,462 - INFO -   Epoch [230/873] Loss: 1.9304
2026-02-21 07:02:09,209 - INFO -   Epoch [240/873] Loss: 2.0199
2026-02-21 07:02:12,938 - INFO -   Epoch [250/873] Loss: 3.0532
2026-02-21 07:02:16,693 - INFO -   Epoch [260/873] Loss: 1.9925
2026-02-21 07:02:20,442 - INFO -   Epoch [270/873] Loss: 2.0135
2026-02-21 07:02:24,187 - INFO -   Epoch [280/873] Loss: 2.2494
2026-02-21 07:02:27,936 - INFO -   Epoch [290/873] Loss: 1.8770
2026-02-21 07:02:31,690 - INFO -   Epoch [300/873] Loss: 1.8084
2026-02-21 07:02:35,447 - INFO -   Epoch [310/873] Loss: 2.4022
2026-02-21 07:02:39,202 - INFO -   Epoch [320/873] Loss: 1.8757
2026-02-21 07:02:42,957 - INFO -   Epoch [330/873] Loss: 1.8100
2026-02-21 07:02:46,713 - INFO -   Epoch [340/873] Loss: 3.3379
2026-02-21 07:02:50,470 - INFO -   Epoch [350/873] Loss: 1.9982
2026-02-21 07:02:54,229 - INFO -   Epoch [360/873] Loss: 1.9161
2026-02-21 07:02:57,984 - INFO -   Epoch [370/873] Loss: 2.3261
2026-02-21 07:03:01,739 - INFO -   Epoch [380/873] Loss: 1.8934
2026-02-21 07:03:05,494 - INFO -   Epoch [390/873] Loss: 2.1108
2026-02-21 07:03:09,246 - INFO -   Epoch [400/873] Loss: 2.0164
2026-02-21 07:03:13,002 - INFO -   Epoch [410/873] Loss: 2.2190
2026-02-21 07:03:16,756 - INFO -   Epoch [420/873] Loss: 2.1491
2026-02-21 07:03:20,508 - INFO -   Epoch [430/873] Loss: 1.8753
2026-02-21 07:03:24,265 - INFO -   Epoch [440/873] Loss: 2.1425
2026-02-21 07:03:28,016 - INFO -   Epoch [450/873] Loss: 1.9090
2026-02-21 07:03:31,763 - INFO -   Epoch [460/873] Loss: 1.9910
2026-02-21 07:03:35,515 - INFO -   Epoch [470/873] Loss: 1.7332
2026-02-21 07:03:39,261 - INFO -   Epoch [480/873] Loss: 1.9203
2026-02-21 07:03:42,991 - INFO -   Epoch [490/873] Loss: 1.7335
2026-02-21 07:03:46,745 - INFO -   Epoch [500/873] Loss: 1.8303
2026-02-21 07:03:50,496 - INFO -   Epoch [510/873] Loss: 1.9331
2026-02-21 07:03:54,247 - INFO -   Epoch [520/873] Loss: 2.3507
2026-02-21 07:03:58,003 - INFO -   Epoch [530/873] Loss: 1.5873
2026-02-21 07:04:01,757 - INFO -   Epoch [540/873] Loss: 1.9368
2026-02-21 07:04:05,525 - INFO -   Epoch [550/873] Loss: 1.9362
2026-02-21 07:04:09,289 - INFO -   Epoch [560/873] Loss: 1.8662
2026-02-21 07:04:13,051 - INFO -   Epoch [570/873] Loss: 1.7777
2026-02-21 07:04:16,811 - INFO -   Epoch [580/873] Loss: 2.0302
2026-02-21 07:04:20,568 - INFO -   Epoch [590/873] Loss: 2.4428
2026-02-21 07:04:24,330 - INFO -   Epoch [600/873] Loss: 1.8835
2026-02-21 07:04:28,093 - INFO -   Epoch [610/873] Loss: 2.2575
2026-02-21 07:04:31,847 - INFO -   Epoch [620/873] Loss: 1.8450
2026-02-21 07:04:35,609 - INFO -   Epoch [630/873] Loss: 2.0492
2026-02-21 07:04:39,365 - INFO -   Epoch [640/873] Loss: 2.0030
2026-02-21 07:04:43,099 - INFO -   Epoch [650/873] Loss: 1.8018
2026-02-21 07:04:46,866 - INFO -   Epoch [660/873] Loss: 1.9198
2026-02-21 07:04:50,599 - INFO -   Epoch [670/873] Loss: 2.1701
2026-02-21 07:04:54,347 - INFO -   Epoch [680/873] Loss: 1.7231
2026-02-21 07:04:58,098 - INFO -   Epoch [690/873] Loss: 2.0214
2026-02-21 07:05:01,823 - INFO -   Epoch [700/873] Loss: 1.8830
2026-02-21 07:05:05,574 - INFO -   Epoch [710/873] Loss: 1.7754
2026-02-21 07:05:09,324 - INFO -   Epoch [720/873] Loss: 1.8490
2026-02-21 07:05:13,082 - INFO -   Epoch [730/873] Loss: 2.4879
2026-02-21 07:05:16,843 - INFO -   Epoch [740/873] Loss: 2.2708
2026-02-21 07:05:20,592 - INFO -   Epoch [750/873] Loss: 1.8050
2026-02-21 07:05:24,351 - INFO -   Epoch [760/873] Loss: 1.7395
2026-02-21 07:05:28,115 - INFO -   Epoch [770/873] Loss: 2.3143
2026-02-21 07:05:31,835 - INFO -   Epoch [780/873] Loss: 1.8012
2026-02-21 07:05:35,558 - INFO -   Epoch [790/873] Loss: 2.1237
2026-02-21 07:05:39,299 - INFO -   Epoch [800/873] Loss: 1.5878
2026-02-21 07:05:43,046 - INFO -   Epoch [810/873] Loss: 2.1011
2026-02-21 07:05:46,800 - INFO -   Epoch [820/873] Loss: 2.5556
2026-02-21 07:05:50,537 - INFO -   Epoch [830/873] Loss: 2.0198
2026-02-21 07:05:54,285 - INFO -   Epoch [840/873] Loss: 1.9329
2026-02-21 07:05:58,032 - INFO -   Epoch [850/873] Loss: 1.9900
2026-02-21 07:06:01,782 - INFO -   Epoch [860/873] Loss: 2.0337
2026-02-21 07:06:05,529 - INFO -   Epoch [870/873] Loss: 2.5595
2026-02-21 07:06:25,273 - INFO -   Train Loss: 2.0173
2026-02-21 07:06:25,274 - INFO -   Train Accuracy: 24.71%
2026-02-21 07:06:25,274 - INFO -   Val Loss: 1.8947
2026-02-21 07:06:25,274 - INFO -   Val Accuracy: 24.61% | F1: 0.1504
2026-02-21 07:06:25,274 - INFO -   LR: 0.001000
2026-02-21 07:06:25,274 - INFO -   Patience: 5/15
2026-02-21 07:06:25,274 - INFO - 
Epoch 9/100
2026-02-21 07:06:28,974 - INFO -   Epoch [10/873] Loss: 2.2722
2026-02-21 07:06:32,674 - INFO -   Epoch [20/873] Loss: 2.0241
2026-02-21 07:06:36,369 - INFO -   Epoch [30/873] Loss: 2.2786
2026-02-21 07:06:40,104 - INFO -   Epoch [40/873] Loss: 1.7292
2026-02-21 07:06:43,854 - INFO -   Epoch [50/873] Loss: 2.2105
2026-02-21 07:06:47,602 - INFO -   Epoch [60/873] Loss: 2.1701
2026-02-21 07:06:51,351 - INFO -   Epoch [70/873] Loss: 1.9820
2026-02-21 07:06:55,093 - INFO -   Epoch [80/873] Loss: 2.2343
2026-02-21 07:06:58,840 - INFO -   Epoch [90/873] Loss: 1.6069
2026-02-21 07:07:02,572 - INFO -   Epoch [100/873] Loss: 1.6654
2026-02-21 07:07:06,325 - INFO -   Epoch [110/873] Loss: 2.4598
2026-02-21 07:07:10,079 - INFO -   Epoch [120/873] Loss: 1.7613
2026-02-21 07:07:13,818 - INFO -   Epoch [130/873] Loss: 2.4643
2026-02-21 07:07:17,568 - INFO -   Epoch [140/873] Loss: 1.9414
2026-02-21 07:07:21,292 - INFO -   Epoch [150/873] Loss: 1.9332
2026-02-21 07:07:25,027 - INFO -   Epoch [160/873] Loss: 1.8763
2026-02-21 07:07:28,784 - INFO -   Epoch [170/873] Loss: 2.1739
2026-02-21 07:07:32,546 - INFO -   Epoch [180/873] Loss: 1.9507
2026-02-21 07:07:36,295 - INFO -   Epoch [190/873] Loss: 1.9391
2026-02-21 07:07:40,027 - INFO -   Epoch [200/873] Loss: 1.7866
2026-02-21 07:07:43,777 - INFO -   Epoch [210/873] Loss: 1.8045
2026-02-21 07:07:47,526 - INFO -   Epoch [220/873] Loss: 1.9151
2026-02-21 07:07:51,266 - INFO -   Epoch [230/873] Loss: 1.7304
2026-02-21 07:07:55,024 - INFO -   Epoch [240/873] Loss: 2.1147
2026-02-21 07:07:58,768 - INFO -   Epoch [250/873] Loss: 2.2680
2026-02-21 07:08:02,513 - INFO -   Epoch [260/873] Loss: 1.8342
2026-02-21 07:08:06,264 - INFO -   Epoch [270/873] Loss: 1.8923
2026-02-21 07:08:10,018 - INFO -   Epoch [280/873] Loss: 2.1462
2026-02-21 07:08:13,775 - INFO -   Epoch [290/873] Loss: 1.7572
2026-02-21 07:08:17,526 - INFO -   Epoch [300/873] Loss: 1.9105
2026-02-21 07:08:21,246 - INFO -   Epoch [310/873] Loss: 1.8737
2026-02-21 07:08:25,003 - INFO -   Epoch [320/873] Loss: 1.9728
2026-02-21 07:08:28,765 - INFO -   Epoch [330/873] Loss: 1.7845
2026-02-21 07:08:32,527 - INFO -   Epoch [340/873] Loss: 1.9486
2026-02-21 07:08:36,290 - INFO -   Epoch [350/873] Loss: 2.3222
2026-02-21 07:08:40,051 - INFO -   Epoch [360/873] Loss: 1.7035
2026-02-21 07:08:43,811 - INFO -   Epoch [370/873] Loss: 1.8775
2026-02-21 07:08:47,560 - INFO -   Epoch [380/873] Loss: 1.8305
2026-02-21 07:08:51,313 - INFO -   Epoch [390/873] Loss: 2.2075
2026-02-21 07:08:55,068 - INFO -   Epoch [400/873] Loss: 1.9490
2026-02-21 07:08:58,821 - INFO -   Epoch [410/873] Loss: 2.2546
2026-02-21 07:09:02,570 - INFO -   Epoch [420/873] Loss: 1.8112
2026-02-21 07:09:06,317 - INFO -   Epoch [430/873] Loss: 1.6134
2026-02-21 07:09:10,065 - INFO -   Epoch [440/873] Loss: 2.0881
2026-02-21 07:09:13,816 - INFO -   Epoch [450/873] Loss: 2.0613
2026-02-21 07:09:17,569 - INFO -   Epoch [460/873] Loss: 1.6606
2026-02-21 07:09:21,329 - INFO -   Epoch [470/873] Loss: 2.3474
2026-02-21 07:09:25,088 - INFO -   Epoch [480/873] Loss: 1.8759
2026-02-21 07:09:28,836 - INFO -   Epoch [490/873] Loss: 1.9705
2026-02-21 07:09:32,591 - INFO -   Epoch [500/873] Loss: 1.6507
2026-02-21 07:09:36,356 - INFO -   Epoch [510/873] Loss: 2.3369
2026-02-21 07:09:40,122 - INFO -   Epoch [520/873] Loss: 2.2077
2026-02-21 07:09:43,889 - INFO -   Epoch [530/873] Loss: 1.7342
2026-02-21 07:09:47,648 - INFO -   Epoch [540/873] Loss: 1.9785
2026-02-21 07:09:51,406 - INFO -   Epoch [550/873] Loss: 2.5504
2026-02-21 07:09:55,131 - INFO -   Epoch [560/873] Loss: 1.7452
2026-02-21 07:09:58,878 - INFO -   Epoch [570/873] Loss: 1.4993
2026-02-21 07:10:02,629 - INFO -   Epoch [580/873] Loss: 2.4919
2026-02-21 07:10:06,382 - INFO -   Epoch [590/873] Loss: 1.9993
2026-02-21 07:10:10,137 - INFO -   Epoch [600/873] Loss: 2.0043
2026-02-21 07:10:13,889 - INFO -   Epoch [610/873] Loss: 1.6139
2026-02-21 07:10:17,642 - INFO -   Epoch [620/873] Loss: 2.0863
2026-02-21 07:10:21,393 - INFO -   Epoch [630/873] Loss: 1.8769
2026-02-21 07:10:25,145 - INFO -   Epoch [640/873] Loss: 1.8136
2026-02-21 07:10:28,897 - INFO -   Epoch [650/873] Loss: 1.9647
2026-02-21 07:10:32,651 - INFO -   Epoch [660/873] Loss: 1.9074
2026-02-21 07:10:36,405 - INFO -   Epoch [670/873] Loss: 2.1606
2026-02-21 07:10:40,158 - INFO -   Epoch [680/873] Loss: 2.7384
2026-02-21 07:10:43,911 - INFO -   Epoch [690/873] Loss: 1.6783
2026-02-21 07:10:47,667 - INFO -   Epoch [700/873] Loss: 2.0108
2026-02-21 07:10:51,417 - INFO -   Epoch [710/873] Loss: 2.1641
2026-02-21 07:10:55,169 - INFO -   Epoch [720/873] Loss: 2.4023
2026-02-21 07:10:58,914 - INFO -   Epoch [730/873] Loss: 1.5980
2026-02-21 07:11:02,677 - INFO -   Epoch [740/873] Loss: 2.0314
2026-02-21 07:11:06,426 - INFO -   Epoch [750/873] Loss: 2.2071
2026-02-21 07:11:10,152 - INFO -   Epoch [760/873] Loss: 1.9011
2026-02-21 07:11:13,899 - INFO -   Epoch [770/873] Loss: 2.0328
2026-02-21 07:11:17,645 - INFO -   Epoch [780/873] Loss: 2.3021
2026-02-21 07:11:21,390 - INFO -   Epoch [790/873] Loss: 2.3424
2026-02-21 07:11:25,136 - INFO -   Epoch [800/873] Loss: 2.2473
2026-02-21 07:11:28,878 - INFO -   Epoch [810/873] Loss: 1.8410
2026-02-21 07:11:32,620 - INFO -   Epoch [820/873] Loss: 2.6824
2026-02-21 07:11:36,370 - INFO -   Epoch [830/873] Loss: 2.1936
2026-02-21 07:11:40,117 - INFO -   Epoch [840/873] Loss: 2.1148
2026-02-21 07:11:43,872 - INFO -   Epoch [850/873] Loss: 1.6996
2026-02-21 07:11:47,624 - INFO -   Epoch [860/873] Loss: 1.5187
2026-02-21 07:11:51,376 - INFO -   Epoch [870/873] Loss: 2.0060
2026-02-21 07:12:11,089 - INFO -   Train Loss: 2.0137
2026-02-21 07:12:11,089 - INFO -   Train Accuracy: 24.15%
2026-02-21 07:12:11,089 - INFO -   Val Loss: 1.8472
2026-02-21 07:12:11,089 - INFO -   Val Accuracy: 32.33% | F1: 0.2153
2026-02-21 07:12:11,089 - INFO -   LR: 0.001000
2026-02-21 07:12:11,089 - INFO -   Patience: 6/15
2026-02-21 07:12:11,089 - INFO - 
Epoch 10/100
2026-02-21 07:12:14,785 - INFO -   Epoch [10/873] Loss: 1.4432
2026-02-21 07:12:18,479 - INFO -   Epoch [20/873] Loss: 1.9334
2026-02-21 07:12:22,176 - INFO -   Epoch [30/873] Loss: 1.8116
2026-02-21 07:12:25,921 - INFO -   Epoch [40/873] Loss: 1.8741
2026-02-21 07:12:29,661 - INFO -   Epoch [50/873] Loss: 2.0382
2026-02-21 07:12:33,394 - INFO -   Epoch [60/873] Loss: 1.9127
2026-02-21 07:12:37,146 - INFO -   Epoch [70/873] Loss: 1.9539
2026-02-21 07:12:40,902 - INFO -   Epoch [80/873] Loss: 2.0245
2026-02-21 07:12:44,658 - INFO -   Epoch [90/873] Loss: 1.7908
2026-02-21 07:12:48,403 - INFO -   Epoch [100/873] Loss: 1.8807
2026-02-21 07:12:52,158 - INFO -   Epoch [110/873] Loss: 1.6801
2026-02-21 07:12:55,910 - INFO -   Epoch [120/873] Loss: 1.7919
2026-02-21 07:12:59,660 - INFO -   Epoch [130/873] Loss: 1.7553
2026-02-21 07:13:03,415 - INFO -   Epoch [140/873] Loss: 2.8746
2026-02-21 07:13:07,163 - INFO -   Epoch [150/873] Loss: 1.8866
2026-02-21 07:13:10,918 - INFO -   Epoch [160/873] Loss: 2.2772
2026-02-21 07:13:14,669 - INFO -   Epoch [170/873] Loss: 2.3853
2026-02-21 07:13:18,418 - INFO -   Epoch [180/873] Loss: 1.9776
2026-02-21 07:13:22,137 - INFO -   Epoch [190/873] Loss: 1.8660
2026-02-21 07:13:25,892 - INFO -   Epoch [200/873] Loss: 1.9997
2026-02-21 07:13:29,640 - INFO -   Epoch [210/873] Loss: 2.2284
2026-02-21 07:13:33,393 - INFO -   Epoch [220/873] Loss: 2.4013
2026-02-21 07:13:37,135 - INFO -   Epoch [230/873] Loss: 2.3781
2026-02-21 07:13:40,857 - INFO -   Epoch [240/873] Loss: 1.5571
2026-02-21 07:13:44,603 - INFO -   Epoch [250/873] Loss: 2.0402
2026-02-21 07:13:48,352 - INFO -   Epoch [260/873] Loss: 2.1087
2026-02-21 07:13:52,101 - INFO -   Epoch [270/873] Loss: 2.0893
2026-02-21 07:13:55,853 - INFO -   Epoch [280/873] Loss: 1.9258
2026-02-21 07:13:59,594 - INFO -   Epoch [290/873] Loss: 2.3579
2026-02-21 07:14:03,335 - INFO -   Epoch [300/873] Loss: 1.7546
2026-02-21 07:14:07,079 - INFO -   Epoch [310/873] Loss: 1.7511
2026-02-21 07:14:10,796 - INFO -   Epoch [320/873] Loss: 1.8224
2026-02-21 07:14:14,535 - INFO -   Epoch [330/873] Loss: 2.0852
2026-02-21 07:14:18,268 - INFO -   Epoch [340/873] Loss: 1.7333
2026-02-21 07:14:21,994 - INFO -   Epoch [350/873] Loss: 1.8795
2026-02-21 07:14:25,733 - INFO -   Epoch [360/873] Loss: 2.0118
2026-02-21 07:14:29,473 - INFO -   Epoch [370/873] Loss: 1.7821
2026-02-21 07:14:33,215 - INFO -   Epoch [380/873] Loss: 1.7920
2026-02-21 07:14:36,951 - INFO -   Epoch [390/873] Loss: 1.6804
2026-02-21 07:14:40,671 - INFO -   Epoch [400/873] Loss: 2.1129
2026-02-21 07:14:44,410 - INFO -   Epoch [410/873] Loss: 2.5507
2026-02-21 07:14:48,150 - INFO -   Epoch [420/873] Loss: 2.2913
2026-02-21 07:14:51,890 - INFO -   Epoch [430/873] Loss: 1.7801
2026-02-21 07:14:55,619 - INFO -   Epoch [440/873] Loss: 1.9818
2026-02-21 07:14:59,348 - INFO -   Epoch [450/873] Loss: 1.8187
2026-02-21 07:15:03,083 - INFO -   Epoch [460/873] Loss: 1.9203
2026-02-21 07:15:06,830 - INFO -   Epoch [470/873] Loss: 1.8566
2026-02-21 07:15:10,552 - INFO -   Epoch [480/873] Loss: 1.9636
2026-02-21 07:15:14,267 - INFO -   Epoch [490/873] Loss: 1.7411
2026-02-21 07:15:18,007 - INFO -   Epoch [500/873] Loss: 2.1098
2026-02-21 07:15:21,741 - INFO -   Epoch [510/873] Loss: 2.2532
2026-02-21 07:15:25,490 - INFO -   Epoch [520/873] Loss: 1.9678
2026-02-21 07:15:29,238 - INFO -   Epoch [530/873] Loss: 2.0485
2026-02-21 07:15:32,989 - INFO -   Epoch [540/873] Loss: 2.0634
2026-02-21 07:15:36,738 - INFO -   Epoch [550/873] Loss: 2.0458
2026-02-21 07:15:40,480 - INFO -   Epoch [560/873] Loss: 1.9451
2026-02-21 07:15:44,232 - INFO -   Epoch [570/873] Loss: 1.8714
2026-02-21 07:15:47,985 - INFO -   Epoch [580/873] Loss: 1.8984
2026-02-21 07:15:51,734 - INFO -   Epoch [590/873] Loss: 2.1474
2026-02-21 07:15:55,484 - INFO -   Epoch [600/873] Loss: 1.7107
2026-02-21 07:15:59,235 - INFO -   Epoch [610/873] Loss: 2.2671
2026-02-21 07:16:02,985 - INFO -   Epoch [620/873] Loss: 1.9045
2026-02-21 07:16:06,733 - INFO -   Epoch [630/873] Loss: 2.0116
2026-02-21 07:16:10,487 - INFO -   Epoch [640/873] Loss: 2.1793
2026-02-21 07:16:14,237 - INFO -   Epoch [650/873] Loss: 1.7378
2026-02-21 07:16:17,987 - INFO -   Epoch [660/873] Loss: 1.9987
2026-02-21 07:16:21,730 - INFO -   Epoch [670/873] Loss: 1.6720
2026-02-21 07:16:25,481 - INFO -   Epoch [680/873] Loss: 1.9719
2026-02-21 07:16:29,242 - INFO -   Epoch [690/873] Loss: 1.7725
2026-02-21 07:16:33,003 - INFO -   Epoch [700/873] Loss: 2.2456
2026-02-21 07:16:36,764 - INFO -   Epoch [710/873] Loss: 1.8456
2026-02-21 07:16:40,532 - INFO -   Epoch [720/873] Loss: 2.4313
2026-02-21 07:16:44,293 - INFO -   Epoch [730/873] Loss: 1.9109
2026-02-21 07:16:48,056 - INFO -   Epoch [740/873] Loss: 1.8086
2026-02-21 07:16:51,820 - INFO -   Epoch [750/873] Loss: 1.7156
2026-02-21 07:16:55,583 - INFO -   Epoch [760/873] Loss: 1.7883
2026-02-21 07:16:59,347 - INFO -   Epoch [770/873] Loss: 2.0197
2026-02-21 07:17:03,107 - INFO -   Epoch [780/873] Loss: 1.8555
2026-02-21 07:17:06,867 - INFO -   Epoch [790/873] Loss: 2.4754
2026-02-21 07:17:10,630 - INFO -   Epoch [800/873] Loss: 2.0953
2026-02-21 07:17:14,393 - INFO -   Epoch [810/873] Loss: 1.7077
2026-02-21 07:17:18,155 - INFO -   Epoch [820/873] Loss: 1.9882
2026-02-21 07:17:21,919 - INFO -   Epoch [830/873] Loss: 1.8604
2026-02-21 07:17:25,682 - INFO -   Epoch [840/873] Loss: 1.6272
2026-02-21 07:17:29,425 - INFO -   Epoch [850/873] Loss: 2.3750
2026-02-21 07:17:33,185 - INFO -   Epoch [860/873] Loss: 2.4585
2026-02-21 07:17:36,947 - INFO -   Epoch [870/873] Loss: 1.9997
2026-02-21 07:17:56,702 - INFO -   Train Loss: 1.9884
2026-02-21 07:17:56,703 - INFO -   Train Accuracy: 25.80%
2026-02-21 07:17:56,703 - INFO -   Val Loss: 1.9162
2026-02-21 07:17:56,703 - INFO -   Val Accuracy: 27.37% | F1: 0.1867
2026-02-21 07:17:56,703 - INFO -   LR: 0.000500
2026-02-21 07:17:56,703 - INFO -   Patience: 7/15
2026-02-21 07:17:56,703 - INFO - 
Epoch 11/100
2026-02-21 07:18:00,401 - INFO -   Epoch [10/873] Loss: 1.9006
2026-02-21 07:18:04,095 - INFO -   Epoch [20/873] Loss: 2.4336
2026-02-21 07:18:07,794 - INFO -   Epoch [30/873] Loss: 1.8350
2026-02-21 07:18:11,490 - INFO -   Epoch [40/873] Loss: 1.7718
2026-02-21 07:18:15,190 - INFO -   Epoch [50/873] Loss: 1.8417
2026-02-21 07:18:18,888 - INFO -   Epoch [60/873] Loss: 1.6925
2026-02-21 07:18:22,583 - INFO -   Epoch [70/873] Loss: 1.6395
2026-02-21 07:18:26,279 - INFO -   Epoch [80/873] Loss: 1.6653
2026-02-21 07:18:29,983 - INFO -   Epoch [90/873] Loss: 1.7572
2026-02-21 07:18:33,746 - INFO -   Epoch [100/873] Loss: 1.9158
2026-02-21 07:18:37,505 - INFO -   Epoch [110/873] Loss: 1.9206
2026-02-21 07:18:41,267 - INFO -   Epoch [120/873] Loss: 1.7755
2026-02-21 07:18:45,013 - INFO -   Epoch [130/873] Loss: 2.0044
2026-02-21 07:18:48,763 - INFO -   Epoch [140/873] Loss: 1.9604
2026-02-21 07:18:52,481 - INFO -   Epoch [150/873] Loss: 1.5980
2026-02-21 07:18:56,237 - INFO -   Epoch [160/873] Loss: 1.8000
2026-02-21 07:18:59,978 - INFO -   Epoch [170/873] Loss: 1.8225
2026-02-21 07:19:03,727 - INFO -   Epoch [180/873] Loss: 2.2935
2026-02-21 07:19:07,468 - INFO -   Epoch [190/873] Loss: 1.6042
2026-02-21 07:19:11,219 - INFO -   Epoch [200/873] Loss: 1.7424
2026-02-21 07:19:14,966 - INFO -   Epoch [210/873] Loss: 2.0078
2026-02-21 07:19:18,707 - INFO -   Epoch [220/873] Loss: 2.2607
2026-02-21 07:19:22,458 - INFO -   Epoch [230/873] Loss: 2.1481
2026-02-21 07:19:26,211 - INFO -   Epoch [240/873] Loss: 1.9808
2026-02-21 07:19:29,956 - INFO -   Epoch [250/873] Loss: 1.6835
2026-02-21 07:19:33,706 - INFO -   Epoch [260/873] Loss: 1.8447
2026-02-21 07:19:37,461 - INFO -   Epoch [270/873] Loss: 1.8335
2026-02-21 07:19:41,208 - INFO -   Epoch [280/873] Loss: 1.9147
2026-02-21 07:19:44,956 - INFO -   Epoch [290/873] Loss: 2.1983
2026-02-21 07:19:48,707 - INFO -   Epoch [300/873] Loss: 2.2172
2026-02-21 07:19:52,459 - INFO -   Epoch [310/873] Loss: 2.5110
2026-02-21 07:19:56,210 - INFO -   Epoch [320/873] Loss: 1.7551
2026-02-21 07:19:59,955 - INFO -   Epoch [330/873] Loss: 1.9972
2026-02-21 07:20:03,704 - INFO -   Epoch [340/873] Loss: 1.7933
2026-02-21 07:20:07,453 - INFO -   Epoch [350/873] Loss: 1.5711
2026-02-21 07:20:11,199 - INFO -   Epoch [360/873] Loss: 1.6879
2026-02-21 07:20:14,930 - INFO -   Epoch [370/873] Loss: 1.7213
2026-02-21 07:20:18,680 - INFO -   Epoch [380/873] Loss: 1.8028
2026-02-21 07:20:22,427 - INFO -   Epoch [390/873] Loss: 1.6932
2026-02-21 07:20:26,173 - INFO -   Epoch [400/873] Loss: 2.0007
2026-02-21 07:20:29,920 - INFO -   Epoch [410/873] Loss: 1.7993
2026-02-21 07:20:33,666 - INFO -   Epoch [420/873] Loss: 1.5789
2026-02-21 07:20:37,417 - INFO -   Epoch [430/873] Loss: 2.0516
2026-02-21 07:20:41,158 - INFO -   Epoch [440/873] Loss: 1.5796
2026-02-21 07:20:44,907 - INFO -   Epoch [450/873] Loss: 1.5259
2026-02-21 07:20:48,641 - INFO -   Epoch [460/873] Loss: 1.7885
2026-02-21 07:20:52,389 - INFO -   Epoch [470/873] Loss: 1.9459
2026-02-21 07:20:56,137 - INFO -   Epoch [480/873] Loss: 3.2152
2026-02-21 07:20:59,885 - INFO -   Epoch [490/873] Loss: 1.7093
2026-02-21 07:21:03,624 - INFO -   Epoch [500/873] Loss: 1.6379
2026-02-21 07:21:07,362 - INFO -   Epoch [510/873] Loss: 1.8334
2026-02-21 07:21:11,111 - INFO -   Epoch [520/873] Loss: 1.8344
2026-02-21 07:21:14,863 - INFO -   Epoch [530/873] Loss: 1.8425
2026-02-21 07:21:18,611 - INFO -   Epoch [540/873] Loss: 1.8975
2026-02-21 07:21:22,362 - INFO -   Epoch [550/873] Loss: 2.3583
2026-02-21 07:21:26,112 - INFO -   Epoch [560/873] Loss: 1.9186
2026-02-21 07:21:29,859 - INFO -   Epoch [570/873] Loss: 1.6849
2026-02-21 07:21:33,608 - INFO -   Epoch [580/873] Loss: 1.8915
2026-02-21 07:21:37,355 - INFO -   Epoch [590/873] Loss: 1.9081
2026-02-21 07:21:41,108 - INFO -   Epoch [600/873] Loss: 1.9480
2026-02-21 07:21:44,866 - INFO -   Epoch [610/873] Loss: 1.7550
2026-02-21 07:21:48,624 - INFO -   Epoch [620/873] Loss: 1.6975
2026-02-21 07:21:52,356 - INFO -   Epoch [630/873] Loss: 2.9067
2026-02-21 07:21:56,104 - INFO -   Epoch [640/873] Loss: 2.0987
2026-02-21 07:21:59,831 - INFO -   Epoch [650/873] Loss: 1.8520
2026-02-21 07:22:03,555 - INFO -   Epoch [660/873] Loss: 1.8636
2026-02-21 07:22:07,311 - INFO -   Epoch [670/873] Loss: 1.9351
2026-02-21 07:22:11,033 - INFO -   Epoch [680/873] Loss: 2.1133
2026-02-21 07:22:14,767 - INFO -   Epoch [690/873] Loss: 2.1050
2026-02-21 07:22:18,502 - INFO -   Epoch [700/873] Loss: 1.8458
2026-02-21 07:22:22,230 - INFO -   Epoch [710/873] Loss: 1.9076
2026-02-21 07:22:25,991 - INFO -   Epoch [720/873] Loss: 1.9993
2026-02-21 07:22:29,754 - INFO -   Epoch [730/873] Loss: 1.9105
2026-02-21 07:22:33,499 - INFO -   Epoch [740/873] Loss: 1.9820
2026-02-21 07:22:37,252 - INFO -   Epoch [750/873] Loss: 1.9475
2026-02-21 07:22:41,012 - INFO -   Epoch [760/873] Loss: 2.0466
2026-02-21 07:22:44,774 - INFO -   Epoch [770/873] Loss: 1.9670
2026-02-21 07:22:48,528 - INFO -   Epoch [780/873] Loss: 2.5027
2026-02-21 07:22:52,284 - INFO -   Epoch [790/873] Loss: 1.5826
2026-02-21 07:22:56,037 - INFO -   Epoch [800/873] Loss: 1.9768
2026-02-21 07:22:59,788 - INFO -   Epoch [810/873] Loss: 1.9434
2026-02-21 07:23:03,540 - INFO -   Epoch [820/873] Loss: 2.0194
2026-02-21 07:23:07,292 - INFO -   Epoch [830/873] Loss: 1.6533
2026-02-21 07:23:11,042 - INFO -   Epoch [840/873] Loss: 1.7070
2026-02-21 07:23:14,790 - INFO -   Epoch [850/873] Loss: 1.8609
2026-02-21 07:23:18,536 - INFO -   Epoch [860/873] Loss: 2.3560
2026-02-21 07:23:22,284 - INFO -   Epoch [870/873] Loss: 2.6049
2026-02-21 07:23:41,991 - INFO -   Train Loss: 1.9438
2026-02-21 07:23:41,991 - INFO -   Train Accuracy: 28.01%
2026-02-21 07:23:41,991 - INFO -   Val Loss: 1.8461
2026-02-21 07:23:41,991 - INFO -   Val Accuracy: 33.48% | F1: 0.2124
2026-02-21 07:23:41,991 - INFO -   LR: 0.000500
2026-02-21 07:23:41,991 - INFO -   Patience: 8/15
2026-02-21 07:23:41,991 - INFO - 
Epoch 12/100
2026-02-21 07:23:45,689 - INFO -   Epoch [10/873] Loss: 1.7595
2026-02-21 07:23:49,433 - INFO -   Epoch [20/873] Loss: 2.4169
2026-02-21 07:23:53,182 - INFO -   Epoch [30/873] Loss: 1.6992
2026-02-21 07:23:56,926 - INFO -   Epoch [40/873] Loss: 1.9668
2026-02-21 07:24:00,673 - INFO -   Epoch [50/873] Loss: 1.9523
2026-02-21 07:24:04,425 - INFO -   Epoch [60/873] Loss: 1.8566
2026-02-21 07:24:08,175 - INFO -   Epoch [70/873] Loss: 2.6086
2026-02-21 07:24:11,918 - INFO -   Epoch [80/873] Loss: 2.7235
2026-02-21 07:24:15,664 - INFO -   Epoch [90/873] Loss: 1.6118
2026-02-21 07:24:19,419 - INFO -   Epoch [100/873] Loss: 1.7935
2026-02-21 07:24:23,174 - INFO -   Epoch [110/873] Loss: 1.9083
2026-02-21 07:24:26,926 - INFO -   Epoch [120/873] Loss: 2.1366
2026-02-21 07:24:30,664 - INFO -   Epoch [130/873] Loss: 2.6221
2026-02-21 07:24:34,399 - INFO -   Epoch [140/873] Loss: 1.6816
2026-02-21 07:24:38,153 - INFO -   Epoch [150/873] Loss: 1.8896
2026-02-21 07:24:41,895 - INFO -   Epoch [160/873] Loss: 1.9221
2026-02-21 07:24:45,651 - INFO -   Epoch [170/873] Loss: 1.7571
2026-02-21 07:24:49,410 - INFO -   Epoch [180/873] Loss: 2.1571
2026-02-21 07:24:53,163 - INFO -   Epoch [190/873] Loss: 2.0297
2026-02-21 07:24:56,917 - INFO -   Epoch [200/873] Loss: 1.9849
2026-02-21 07:25:00,664 - INFO -   Epoch [210/873] Loss: 1.8199
2026-02-21 07:25:04,413 - INFO -   Epoch [220/873] Loss: 1.5143
2026-02-21 07:25:08,170 - INFO -   Epoch [230/873] Loss: 1.9042
2026-02-21 07:25:11,901 - INFO -   Epoch [240/873] Loss: 1.6029
2026-02-21 07:25:15,634 - INFO -   Epoch [250/873] Loss: 1.7023
2026-02-21 07:25:19,375 - INFO -   Epoch [260/873] Loss: 2.3878
2026-02-21 07:25:23,120 - INFO -   Epoch [270/873] Loss: 1.9390
2026-02-21 07:25:26,876 - INFO -   Epoch [280/873] Loss: 1.9658
2026-02-21 07:25:30,612 - INFO -   Epoch [290/873] Loss: 1.6120
2026-02-21 07:25:34,357 - INFO -   Epoch [300/873] Loss: 1.8141
2026-02-21 07:25:38,112 - INFO -   Epoch [310/873] Loss: 2.0447
2026-02-21 07:25:41,850 - INFO -   Epoch [320/873] Loss: 1.9060
2026-02-21 07:25:45,599 - INFO -   Epoch [330/873] Loss: 1.7794
2026-02-21 07:25:49,345 - INFO -   Epoch [340/873] Loss: 2.5457
2026-02-21 07:25:53,082 - INFO -   Epoch [350/873] Loss: 2.3401
2026-02-21 07:25:56,831 - INFO -   Epoch [360/873] Loss: 2.5792
2026-02-21 07:26:00,576 - INFO -   Epoch [370/873] Loss: 3.3650
2026-02-21 07:26:04,329 - INFO -   Epoch [380/873] Loss: 2.5723
2026-02-21 07:26:08,080 - INFO -   Epoch [390/873] Loss: 1.6034
2026-02-21 07:26:11,828 - INFO -   Epoch [400/873] Loss: 2.1602
2026-02-21 07:26:15,577 - INFO -   Epoch [410/873] Loss: 1.9669
2026-02-21 07:26:19,319 - INFO -   Epoch [420/873] Loss: 1.8592
2026-02-21 07:26:23,070 - INFO -   Epoch [430/873] Loss: 1.8869
2026-02-21 07:26:26,824 - INFO -   Epoch [440/873] Loss: 1.7559
2026-02-21 07:26:30,559 - INFO -   Epoch [450/873] Loss: 1.7392
2026-02-21 07:26:34,310 - INFO -   Epoch [460/873] Loss: 1.8416
2026-02-21 07:26:38,065 - INFO -   Epoch [470/873] Loss: 1.5431
2026-02-21 07:26:41,818 - INFO -   Epoch [480/873] Loss: 1.8727
2026-02-21 07:26:45,570 - INFO -   Epoch [490/873] Loss: 1.7293
2026-02-21 07:26:49,322 - INFO -   Epoch [500/873] Loss: 1.7318
2026-02-21 07:26:53,070 - INFO -   Epoch [510/873] Loss: 1.7107
2026-02-21 07:26:56,820 - INFO -   Epoch [520/873] Loss: 1.7579
2026-02-21 07:27:00,570 - INFO -   Epoch [530/873] Loss: 1.9482
2026-02-21 07:27:04,317 - INFO -   Epoch [540/873] Loss: 1.4826
2026-02-21 07:27:08,065 - INFO -   Epoch [550/873] Loss: 1.4373
2026-02-21 07:27:11,804 - INFO -   Epoch [560/873] Loss: 1.7171
2026-02-21 07:27:15,556 - INFO -   Epoch [570/873] Loss: 1.6765
2026-02-21 07:27:19,310 - INFO -   Epoch [580/873] Loss: 1.9183
2026-02-21 07:27:23,063 - INFO -   Epoch [590/873] Loss: 2.0548
2026-02-21 07:27:26,816 - INFO -   Epoch [600/873] Loss: 2.2720
2026-02-21 07:27:30,543 - INFO -   Epoch [610/873] Loss: 1.6090
2026-02-21 07:27:34,283 - INFO -   Epoch [620/873] Loss: 2.3404
2026-02-21 07:27:38,031 - INFO -   Epoch [630/873] Loss: 2.4827
2026-02-21 07:27:41,782 - INFO -   Epoch [640/873] Loss: 1.7167
2026-02-21 07:27:45,530 - INFO -   Epoch [650/873] Loss: 2.3832
2026-02-21 07:27:49,278 - INFO -   Epoch [660/873] Loss: 1.8157
2026-02-21 07:27:53,029 - INFO -   Epoch [670/873] Loss: 1.9526
2026-02-21 07:27:56,779 - INFO -   Epoch [680/873] Loss: 1.9817
2026-02-21 07:28:00,529 - INFO -   Epoch [690/873] Loss: 1.7544
2026-02-21 07:28:04,282 - INFO -   Epoch [700/873] Loss: 1.5622
2026-02-21 07:28:08,027 - INFO -   Epoch [710/873] Loss: 2.0927
2026-02-21 07:28:11,762 - INFO -   Epoch [720/873] Loss: 2.0464
2026-02-21 07:28:15,511 - INFO -   Epoch [730/873] Loss: 2.0173
2026-02-21 07:28:19,249 - INFO -   Epoch [740/873] Loss: 1.8254
2026-02-21 07:28:22,999 - INFO -   Epoch [750/873] Loss: 1.7384
2026-02-21 07:28:26,743 - INFO -   Epoch [760/873] Loss: 1.7226
2026-02-21 07:28:30,490 - INFO -   Epoch [770/873] Loss: 1.7890
2026-02-21 07:28:34,241 - INFO -   Epoch [780/873] Loss: 1.8546
2026-02-21 07:28:37,986 - INFO -   Epoch [790/873] Loss: 1.7847
2026-02-21 07:28:41,720 - INFO -   Epoch [800/873] Loss: 1.8940
2026-02-21 07:28:45,449 - INFO -   Epoch [810/873] Loss: 1.6453
2026-02-21 07:28:49,197 - INFO -   Epoch [820/873] Loss: 1.8723
2026-02-21 07:28:52,947 - INFO -   Epoch [830/873] Loss: 1.8929
2026-02-21 07:28:56,696 - INFO -   Epoch [840/873] Loss: 2.3585
2026-02-21 07:29:00,440 - INFO -   Epoch [850/873] Loss: 1.7714
2026-02-21 07:29:04,186 - INFO -   Epoch [860/873] Loss: 1.8308
2026-02-21 07:29:07,931 - INFO -   Epoch [870/873] Loss: 1.8442
2026-02-21 07:29:27,617 - INFO -   Train Loss: 1.9320
2026-02-21 07:29:27,618 - INFO -   Train Accuracy: 28.84%
2026-02-21 07:29:27,618 - INFO -   Val Loss: 1.7356
2026-02-21 07:29:27,618 - INFO -   Val Accuracy: 41.05% | F1: 0.2566
2026-02-21 07:29:27,618 - INFO -   LR: 0.000500
2026-02-21 07:29:27,699 - INFO -   ✓ New best model saved!
2026-02-21 07:29:27,699 - INFO -   Patience: 0/15
2026-02-21 07:29:27,700 - INFO - 
Epoch 13/100
2026-02-21 07:29:31,401 - INFO -   Epoch [10/873] Loss: 2.5491
2026-02-21 07:29:35,097 - INFO -   Epoch [20/873] Loss: 1.9867
2026-02-21 07:29:38,792 - INFO -   Epoch [30/873] Loss: 2.3273
2026-02-21 07:29:42,487 - INFO -   Epoch [40/873] Loss: 1.9869
2026-02-21 07:29:46,177 - INFO -   Epoch [50/873] Loss: 2.4910
2026-02-21 07:29:49,871 - INFO -   Epoch [60/873] Loss: 1.7912
2026-02-21 07:29:53,565 - INFO -   Epoch [70/873] Loss: 2.0248
2026-02-21 07:29:57,257 - INFO -   Epoch [80/873] Loss: 1.7314
2026-02-21 07:30:00,950 - INFO -   Epoch [90/873] Loss: 1.9436
2026-02-21 07:30:04,693 - INFO -   Epoch [100/873] Loss: 1.9458
2026-02-21 07:30:08,447 - INFO -   Epoch [110/873] Loss: 1.9005
2026-02-21 07:30:12,197 - INFO -   Epoch [120/873] Loss: 2.1402
2026-02-21 07:30:15,951 - INFO -   Epoch [130/873] Loss: 2.3630
2026-02-21 07:30:19,699 - INFO -   Epoch [140/873] Loss: 2.2102
2026-02-21 07:30:23,450 - INFO -   Epoch [150/873] Loss: 1.7503
2026-02-21 07:30:27,198 - INFO -   Epoch [160/873] Loss: 1.8695
2026-02-21 07:30:30,948 - INFO -   Epoch [170/873] Loss: 1.6812
2026-02-21 07:30:34,701 - INFO -   Epoch [180/873] Loss: 1.9463
2026-02-21 07:30:38,450 - INFO -   Epoch [190/873] Loss: 1.5386
2026-02-21 07:30:42,203 - INFO -   Epoch [200/873] Loss: 2.2248
2026-02-21 07:30:45,953 - INFO -   Epoch [210/873] Loss: 1.9677
2026-02-21 07:30:49,703 - INFO -   Epoch [220/873] Loss: 2.2270
2026-02-21 07:30:53,456 - INFO -   Epoch [230/873] Loss: 2.2608
2026-02-21 07:30:57,208 - INFO -   Epoch [240/873] Loss: 1.6242
2026-02-21 07:31:00,958 - INFO -   Epoch [250/873] Loss: 1.7339
2026-02-21 07:31:04,706 - INFO -   Epoch [260/873] Loss: 1.9046
2026-02-21 07:31:08,455 - INFO -   Epoch [270/873] Loss: 1.7100
2026-02-21 07:31:12,206 - INFO -   Epoch [280/873] Loss: 1.8233
2026-02-21 07:31:15,958 - INFO -   Epoch [290/873] Loss: 1.8725
2026-02-21 07:31:19,706 - INFO -   Epoch [300/873] Loss: 2.2016
2026-02-21 07:31:23,458 - INFO -   Epoch [310/873] Loss: 1.6560
2026-02-21 07:31:27,208 - INFO -   Epoch [320/873] Loss: 2.1375
2026-02-21 07:31:30,956 - INFO -   Epoch [330/873] Loss: 1.8836
2026-02-21 07:31:34,709 - INFO -   Epoch [340/873] Loss: 2.1137
2026-02-21 07:31:38,459 - INFO -   Epoch [350/873] Loss: 2.2040
2026-02-21 07:31:42,212 - INFO -   Epoch [360/873] Loss: 1.8943
2026-02-21 07:31:45,964 - INFO -   Epoch [370/873] Loss: 2.0474
2026-02-21 07:31:49,712 - INFO -   Epoch [380/873] Loss: 2.1625
2026-02-21 07:31:53,465 - INFO -   Epoch [390/873] Loss: 1.7347
2026-02-21 07:31:57,215 - INFO -   Epoch [400/873] Loss: 1.9862
2026-02-21 07:32:00,955 - INFO -   Epoch [410/873] Loss: 2.0607
2026-02-21 07:32:04,702 - INFO -   Epoch [420/873] Loss: 1.6711
2026-02-21 07:32:08,444 - INFO -   Epoch [430/873] Loss: 1.9947
2026-02-21 07:32:12,194 - INFO -   Epoch [440/873] Loss: 2.1135
2026-02-21 07:32:15,944 - INFO -   Epoch [450/873] Loss: 1.7216
2026-02-21 07:32:19,701 - INFO -   Epoch [460/873] Loss: 1.9637
2026-02-21 07:32:23,453 - INFO -   Epoch [470/873] Loss: 1.9019
2026-02-21 07:32:27,205 - INFO -   Epoch [480/873] Loss: 2.1208
2026-02-21 07:32:30,957 - INFO -   Epoch [490/873] Loss: 1.4843
2026-02-21 07:32:34,713 - INFO -   Epoch [500/873] Loss: 1.4978
2026-02-21 07:32:38,458 - INFO -   Epoch [510/873] Loss: 1.7362
2026-02-21 07:32:42,190 - INFO -   Epoch [520/873] Loss: 1.6361
2026-02-21 07:32:45,918 - INFO -   Epoch [530/873] Loss: 1.7747
2026-02-21 07:32:49,661 - INFO -   Epoch [540/873] Loss: 2.0052
2026-02-21 07:32:53,385 - INFO -   Epoch [550/873] Loss: 1.8885
2026-02-21 07:32:57,137 - INFO -   Epoch [560/873] Loss: 1.8578
2026-02-21 07:33:00,856 - INFO -   Epoch [570/873] Loss: 2.0040
2026-02-21 07:33:04,598 - INFO -   Epoch [580/873] Loss: 2.3058
2026-02-21 07:33:08,345 - INFO -   Epoch [590/873] Loss: 1.7249
2026-02-21 07:33:12,096 - INFO -   Epoch [600/873] Loss: 2.0232
2026-02-21 07:33:15,846 - INFO -   Epoch [610/873] Loss: 1.7475
2026-02-21 07:33:19,599 - INFO -   Epoch [620/873] Loss: 1.8229
2026-02-21 07:33:23,345 - INFO -   Epoch [630/873] Loss: 1.9615
2026-02-21 07:33:27,078 - INFO -   Epoch [640/873] Loss: 1.7036
2026-02-21 07:33:30,826 - INFO -   Epoch [650/873] Loss: 1.9041
2026-02-21 07:33:34,578 - INFO -   Epoch [660/873] Loss: 2.0816
2026-02-21 07:33:38,327 - INFO -   Epoch [670/873] Loss: 1.7363
2026-02-21 07:33:42,080 - INFO -   Epoch [680/873] Loss: 1.9667
2026-02-21 07:33:45,827 - INFO -   Epoch [690/873] Loss: 1.7266
2026-02-21 07:33:49,563 - INFO -   Epoch [700/873] Loss: 1.5351
2026-02-21 07:33:53,288 - INFO -   Epoch [710/873] Loss: 2.0804
2026-02-21 07:33:57,036 - INFO -   Epoch [720/873] Loss: 2.3186
2026-02-21 07:34:00,772 - INFO -   Epoch [730/873] Loss: 1.8000
2026-02-21 07:34:04,512 - INFO -   Epoch [740/873] Loss: 1.7520
2026-02-21 07:34:08,260 - INFO -   Epoch [750/873] Loss: 1.7017
2026-02-21 07:34:12,005 - INFO -   Epoch [760/873] Loss: 1.6571
2026-02-21 07:34:15,754 - INFO -   Epoch [770/873] Loss: 1.6600
2026-02-21 07:34:19,502 - INFO -   Epoch [780/873] Loss: 1.4771
2026-02-21 07:34:23,232 - INFO -   Epoch [790/873] Loss: 2.1028
2026-02-21 07:34:26,981 - INFO -   Epoch [800/873] Loss: 1.8229
2026-02-21 07:34:30,721 - INFO -   Epoch [810/873] Loss: 1.8992
2026-02-21 07:34:34,467 - INFO -   Epoch [820/873] Loss: 2.1585
2026-02-21 07:34:38,211 - INFO -   Epoch [830/873] Loss: 2.0711
2026-02-21 07:34:41,951 - INFO -   Epoch [840/873] Loss: 1.6264
2026-02-21 07:34:45,681 - INFO -   Epoch [850/873] Loss: 1.9332
2026-02-21 07:34:49,420 - INFO -   Epoch [860/873] Loss: 1.8197
2026-02-21 07:34:53,147 - INFO -   Epoch [870/873] Loss: 1.8538
2026-02-21 07:35:12,847 - INFO -   Train Loss: 1.9256
2026-02-21 07:35:12,848 - INFO -   Train Accuracy: 28.36%
2026-02-21 07:35:12,848 - INFO -   Val Loss: 1.7892
2026-02-21 07:35:12,848 - INFO -   Val Accuracy: 37.79% | F1: 0.2015
2026-02-21 07:35:12,848 - INFO -   LR: 0.000500
2026-02-21 07:35:12,848 - INFO -   Patience: 1/15
2026-02-21 07:35:12,848 - INFO - 
Epoch 14/100
2026-02-21 07:35:16,546 - INFO -   Epoch [10/873] Loss: 1.7307
2026-02-21 07:35:20,242 - INFO -   Epoch [20/873] Loss: 1.9034
2026-02-21 07:35:23,958 - INFO -   Epoch [30/873] Loss: 1.6955
2026-02-21 07:35:27,707 - INFO -   Epoch [40/873] Loss: 1.9179
2026-02-21 07:35:31,449 - INFO -   Epoch [50/873] Loss: 1.4905
2026-02-21 07:35:35,173 - INFO -   Epoch [60/873] Loss: 2.2409
2026-02-21 07:35:38,921 - INFO -   Epoch [70/873] Loss: 1.8580
2026-02-21 07:35:42,653 - INFO -   Epoch [80/873] Loss: 1.6328
2026-02-21 07:35:46,405 - INFO -   Epoch [90/873] Loss: 2.0948
2026-02-21 07:35:50,146 - INFO -   Epoch [100/873] Loss: 1.7493
2026-02-21 07:35:53,878 - INFO -   Epoch [110/873] Loss: 2.6975
2026-02-21 07:35:57,625 - INFO -   Epoch [120/873] Loss: 2.7446
2026-02-21 07:36:01,363 - INFO -   Epoch [130/873] Loss: 2.1367
2026-02-21 07:36:05,116 - INFO -   Epoch [140/873] Loss: 1.8166
2026-02-21 07:36:08,861 - INFO -   Epoch [150/873] Loss: 1.8228
2026-02-21 07:36:12,613 - INFO -   Epoch [160/873] Loss: 1.8884
2026-02-21 07:36:16,362 - INFO -   Epoch [170/873] Loss: 2.7177
2026-02-21 07:36:20,107 - INFO -   Epoch [180/873] Loss: 1.8592
2026-02-21 07:36:23,855 - INFO -   Epoch [190/873] Loss: 1.5848
2026-02-21 07:36:27,605 - INFO -   Epoch [200/873] Loss: 1.8672
2026-02-21 07:36:31,325 - INFO -   Epoch [210/873] Loss: 1.9923
2026-02-21 07:36:35,075 - INFO -   Epoch [220/873] Loss: 1.8624
2026-02-21 07:36:38,826 - INFO -   Epoch [230/873] Loss: 2.0753
2026-02-21 07:36:42,581 - INFO -   Epoch [240/873] Loss: 2.0138
2026-02-21 07:36:46,331 - INFO -   Epoch [250/873] Loss: 1.9516
2026-02-21 07:36:50,076 - INFO -   Epoch [260/873] Loss: 1.7441
2026-02-21 07:36:53,831 - INFO -   Epoch [270/873] Loss: 1.6904
2026-02-21 07:36:57,574 - INFO -   Epoch [280/873] Loss: 1.8136
2026-02-21 07:37:01,316 - INFO -   Epoch [290/873] Loss: 2.4477
2026-02-21 07:37:05,069 - INFO -   Epoch [300/873] Loss: 1.6822
2026-02-21 07:37:08,822 - INFO -   Epoch [310/873] Loss: 1.6917
2026-02-21 07:37:12,574 - INFO -   Epoch [320/873] Loss: 1.5109
2026-02-21 07:37:16,325 - INFO -   Epoch [330/873] Loss: 1.6714
2026-02-21 07:37:20,052 - INFO -   Epoch [340/873] Loss: 1.6234
2026-02-21 07:37:23,777 - INFO -   Epoch [350/873] Loss: 2.1144
2026-02-21 07:37:27,532 - INFO -   Epoch [360/873] Loss: 2.4451
2026-02-21 07:37:31,275 - INFO -   Epoch [370/873] Loss: 2.5858
2026-02-21 07:37:35,014 - INFO -   Epoch [380/873] Loss: 1.7563
2026-02-21 07:37:38,763 - INFO -   Epoch [390/873] Loss: 1.8765
2026-02-21 07:37:42,517 - INFO -   Epoch [400/873] Loss: 2.2770
2026-02-21 07:37:46,270 - INFO -   Epoch [410/873] Loss: 1.4552
2026-02-21 07:37:50,021 - INFO -   Epoch [420/873] Loss: 2.0148
2026-02-21 07:37:53,770 - INFO -   Epoch [430/873] Loss: 2.4957
2026-02-21 07:37:57,524 - INFO -   Epoch [440/873] Loss: 1.6205
2026-02-21 07:38:01,273 - INFO -   Epoch [450/873] Loss: 1.6284
2026-02-21 07:38:05,010 - INFO -   Epoch [460/873] Loss: 2.4154
2026-02-21 07:38:08,764 - INFO -   Epoch [470/873] Loss: 2.1348
2026-02-21 07:38:12,512 - INFO -   Epoch [480/873] Loss: 1.5367
2026-02-21 07:38:16,266 - INFO -   Epoch [490/873] Loss: 2.1683
2026-02-21 07:38:20,019 - INFO -   Epoch [500/873] Loss: 1.8567
2026-02-21 07:38:23,773 - INFO -   Epoch [510/873] Loss: 1.9518
2026-02-21 07:38:27,525 - INFO -   Epoch [520/873] Loss: 2.3146
2026-02-21 07:38:31,279 - INFO -   Epoch [530/873] Loss: 1.9296
2026-02-21 07:38:35,035 - INFO -   Epoch [540/873] Loss: 2.0765
2026-02-21 07:38:38,788 - INFO -   Epoch [550/873] Loss: 1.7654
2026-02-21 07:38:42,539 - INFO -   Epoch [560/873] Loss: 1.8321
2026-02-21 07:38:46,287 - INFO -   Epoch [570/873] Loss: 1.8894
2026-02-21 07:38:50,038 - INFO -   Epoch [580/873] Loss: 2.5049
2026-02-21 07:38:53,792 - INFO -   Epoch [590/873] Loss: 1.6102
2026-02-21 07:38:57,545 - INFO -   Epoch [600/873] Loss: 1.4947
2026-02-21 07:39:01,294 - INFO -   Epoch [610/873] Loss: 2.1881
2026-02-21 07:39:05,042 - INFO -   Epoch [620/873] Loss: 1.7795
2026-02-21 07:39:08,798 - INFO -   Epoch [630/873] Loss: 2.4949
2026-02-21 07:39:12,549 - INFO -   Epoch [640/873] Loss: 1.7360
2026-02-21 07:39:16,298 - INFO -   Epoch [650/873] Loss: 1.7313
2026-02-21 07:39:20,049 - INFO -   Epoch [660/873] Loss: 1.8311
2026-02-21 07:39:23,798 - INFO -   Epoch [670/873] Loss: 1.6410
2026-02-21 07:39:27,549 - INFO -   Epoch [680/873] Loss: 2.0932
2026-02-21 07:39:31,303 - INFO -   Epoch [690/873] Loss: 2.0040
2026-02-21 07:39:35,052 - INFO -   Epoch [700/873] Loss: 2.3142
2026-02-21 07:39:38,801 - INFO -   Epoch [710/873] Loss: 2.4289
2026-02-21 07:39:42,551 - INFO -   Epoch [720/873] Loss: 1.8817
2026-02-21 07:39:46,301 - INFO -   Epoch [730/873] Loss: 2.4346
2026-02-21 07:39:50,054 - INFO -   Epoch [740/873] Loss: 1.9603
2026-02-21 07:39:53,792 - INFO -   Epoch [750/873] Loss: 1.8480
2026-02-21 07:39:57,518 - INFO -   Epoch [760/873] Loss: 1.8811
2026-02-21 07:40:01,269 - INFO -   Epoch [770/873] Loss: 1.7406
2026-02-21 07:40:05,012 - INFO -   Epoch [780/873] Loss: 1.8126
2026-02-21 07:40:08,756 - INFO -   Epoch [790/873] Loss: 2.1789
2026-02-21 07:40:12,491 - INFO -   Epoch [800/873] Loss: 1.8465
2026-02-21 07:40:16,239 - INFO -   Epoch [810/873] Loss: 1.8794
2026-02-21 07:40:19,990 - INFO -   Epoch [820/873] Loss: 1.8847
2026-02-21 07:40:23,737 - INFO -   Epoch [830/873] Loss: 2.0415
2026-02-21 07:40:27,488 - INFO -   Epoch [840/873] Loss: 1.8064
2026-02-21 07:40:31,233 - INFO -   Epoch [850/873] Loss: 1.8234
2026-02-21 07:40:34,984 - INFO -   Epoch [860/873] Loss: 1.3778
2026-02-21 07:40:38,744 - INFO -   Epoch [870/873] Loss: 1.6276
2026-02-21 07:40:58,489 - INFO -   Train Loss: 1.9105
2026-02-21 07:40:58,489 - INFO -   Train Accuracy: 29.09%
2026-02-21 07:40:58,489 - INFO -   Val Loss: 1.7957
2026-02-21 07:40:58,489 - INFO -   Val Accuracy: 36.19% | F1: 0.2237
2026-02-21 07:40:58,489 - INFO -   LR: 0.000500
2026-02-21 07:40:58,489 - INFO -   Patience: 2/15
2026-02-21 07:40:58,489 - INFO - 
Epoch 15/100
2026-02-21 07:41:02,187 - INFO -   Epoch [10/873] Loss: 1.7175
2026-02-21 07:41:05,883 - INFO -   Epoch [20/873] Loss: 2.3523
2026-02-21 07:41:09,613 - INFO -   Epoch [30/873] Loss: 2.0506
2026-02-21 07:41:13,376 - INFO -   Epoch [40/873] Loss: 1.8627
2026-02-21 07:41:17,141 - INFO -   Epoch [50/873] Loss: 1.8399
2026-02-21 07:41:20,903 - INFO -   Epoch [60/873] Loss: 2.0105
2026-02-21 07:41:24,666 - INFO -   Epoch [70/873] Loss: 1.7684
2026-02-21 07:41:28,420 - INFO -   Epoch [80/873] Loss: 1.9159
2026-02-21 07:41:32,174 - INFO -   Epoch [90/873] Loss: 1.6537
2026-02-21 07:41:35,918 - INFO -   Epoch [100/873] Loss: 2.6674
2026-02-21 07:41:39,670 - INFO -   Epoch [110/873] Loss: 1.9846
2026-02-21 07:41:43,429 - INFO -   Epoch [120/873] Loss: 1.7536
2026-02-21 07:41:47,193 - INFO -   Epoch [130/873] Loss: 1.9967
2026-02-21 07:41:50,939 - INFO -   Epoch [140/873] Loss: 1.7248
2026-02-21 07:41:54,692 - INFO -   Epoch [150/873] Loss: 2.0188
2026-02-21 07:41:58,463 - INFO -   Epoch [160/873] Loss: 2.2986
2026-02-21 07:42:02,171 - INFO -   Epoch [170/873] Loss: 1.9199
2026-02-21 07:42:05,928 - INFO -   Epoch [180/873] Loss: 1.6406
2026-02-21 07:42:09,676 - INFO -   Epoch [190/873] Loss: 1.6296
2026-02-21 07:42:13,441 - INFO -   Epoch [200/873] Loss: 2.0354
2026-02-21 07:42:17,207 - INFO -   Epoch [210/873] Loss: 1.6222
2026-02-21 07:42:20,953 - INFO -   Epoch [220/873] Loss: 1.7107
2026-02-21 07:42:24,710 - INFO -   Epoch [230/873] Loss: 2.2858
2026-02-21 07:42:28,471 - INFO -   Epoch [240/873] Loss: 1.7931
2026-02-21 07:42:32,218 - INFO -   Epoch [250/873] Loss: 1.8125
2026-02-21 07:42:35,975 - INFO -   Epoch [260/873] Loss: 1.6171
2026-02-21 07:42:39,720 - INFO -   Epoch [270/873] Loss: 2.2582
2026-02-21 07:42:43,482 - INFO -   Epoch [280/873] Loss: 1.4965
2026-02-21 07:42:47,249 - INFO -   Epoch [290/873] Loss: 1.8772
2026-02-21 07:42:50,998 - INFO -   Epoch [300/873] Loss: 1.8134
2026-02-21 07:42:54,744 - INFO -   Epoch [310/873] Loss: 1.8802
2026-02-21 07:42:58,494 - INFO -   Epoch [320/873] Loss: 1.9646
2026-02-21 07:43:02,247 - INFO -   Epoch [330/873] Loss: 1.7046
2026-02-21 07:43:06,001 - INFO -   Epoch [340/873] Loss: 1.8231
2026-02-21 07:43:09,736 - INFO -   Epoch [350/873] Loss: 2.1308
2026-02-21 07:43:13,488 - INFO -   Epoch [360/873] Loss: 2.2814
2026-02-21 07:43:17,248 - INFO -   Epoch [370/873] Loss: 1.8171
2026-02-21 07:43:20,978 - INFO -   Epoch [380/873] Loss: 2.3316
2026-02-21 07:43:24,730 - INFO -   Epoch [390/873] Loss: 2.1800
2026-02-21 07:43:28,480 - INFO -   Epoch [400/873] Loss: 1.9797
2026-02-21 07:43:32,225 - INFO -   Epoch [410/873] Loss: 1.9545
2026-02-21 07:43:35,983 - INFO -   Epoch [420/873] Loss: 1.9039
2026-02-21 07:43:39,734 - INFO -   Epoch [430/873] Loss: 1.6915
2026-02-21 07:43:43,466 - INFO -   Epoch [440/873] Loss: 1.7236
2026-02-21 07:43:47,223 - INFO -   Epoch [450/873] Loss: 1.9233
2026-02-21 07:43:50,964 - INFO -   Epoch [460/873] Loss: 2.0814
2026-02-21 07:43:54,703 - INFO -   Epoch [470/873] Loss: 1.8002
2026-02-21 07:43:58,455 - INFO -   Epoch [480/873] Loss: 2.1528
2026-02-21 07:44:02,167 - INFO -   Epoch [490/873] Loss: 1.7867
2026-02-21 07:44:05,922 - INFO -   Epoch [500/873] Loss: 1.8519
2026-02-21 07:44:09,666 - INFO -   Epoch [510/873] Loss: 1.8519
2026-02-21 07:44:13,420 - INFO -   Epoch [520/873] Loss: 1.8487
2026-02-21 07:44:17,175 - INFO -   Epoch [530/873] Loss: 1.7678
2026-02-21 07:44:20,912 - INFO -   Epoch [540/873] Loss: 1.9309
2026-02-21 07:44:24,663 - INFO -   Epoch [550/873] Loss: 1.7631
2026-02-21 07:44:28,419 - INFO -   Epoch [560/873] Loss: 1.6892
2026-02-21 07:44:32,134 - INFO -   Epoch [570/873] Loss: 1.7407
2026-02-21 07:44:35,885 - INFO -   Epoch [580/873] Loss: 1.8045
2026-02-21 07:44:39,635 - INFO -   Epoch [590/873] Loss: 1.8005
2026-02-21 07:44:43,371 - INFO -   Epoch [600/873] Loss: 1.7695
2026-02-21 07:44:47,129 - INFO -   Epoch [610/873] Loss: 2.0269
2026-02-21 07:44:50,873 - INFO -   Epoch [620/873] Loss: 1.8883
2026-02-21 07:44:54,627 - INFO -   Epoch [630/873] Loss: 1.7155
2026-02-21 07:44:58,376 - INFO -   Epoch [640/873] Loss: 2.1189
2026-02-21 07:45:02,110 - INFO -   Epoch [650/873] Loss: 1.8184
2026-02-21 07:45:05,866 - INFO -   Epoch [660/873] Loss: 1.8190
2026-02-21 07:45:09,625 - INFO -   Epoch [670/873] Loss: 2.2062
2026-02-21 07:45:13,385 - INFO -   Epoch [680/873] Loss: 1.9035
2026-02-21 07:45:17,137 - INFO -   Epoch [690/873] Loss: 1.7553
2026-02-21 07:45:20,891 - INFO -   Epoch [700/873] Loss: 1.8147
2026-02-21 07:45:24,648 - INFO -   Epoch [710/873] Loss: 1.7030
2026-02-21 07:45:28,403 - INFO -   Epoch [720/873] Loss: 1.6022
2026-02-21 07:45:32,155 - INFO -   Epoch [730/873] Loss: 1.7471
2026-02-21 07:45:35,912 - INFO -   Epoch [740/873] Loss: 1.8508
2026-02-21 07:45:39,658 - INFO -   Epoch [750/873] Loss: 1.6315
2026-02-21 07:45:43,414 - INFO -   Epoch [760/873] Loss: 2.0007
2026-02-21 07:45:47,173 - INFO -   Epoch [770/873] Loss: 2.0186
2026-02-21 07:45:50,930 - INFO -   Epoch [780/873] Loss: 2.0142
2026-02-21 07:45:54,685 - INFO -   Epoch [790/873] Loss: 1.8953
2026-02-21 07:45:58,439 - INFO -   Epoch [800/873] Loss: 2.2224
2026-02-21 07:46:02,193 - INFO -   Epoch [810/873] Loss: 1.9064
2026-02-21 07:46:05,951 - INFO -   Epoch [820/873] Loss: 1.4466
2026-02-21 07:46:09,706 - INFO -   Epoch [830/873] Loss: 1.5473
2026-02-21 07:46:13,458 - INFO -   Epoch [840/873] Loss: 1.8860
2026-02-21 07:46:17,212 - INFO -   Epoch [850/873] Loss: 2.1860
2026-02-21 07:46:20,966 - INFO -   Epoch [860/873] Loss: 1.7574
2026-02-21 07:46:24,717 - INFO -   Epoch [870/873] Loss: 1.8836
2026-02-21 07:46:44,439 - INFO -   Train Loss: 1.9288
2026-02-21 07:46:44,440 - INFO -   Train Accuracy: 29.17%
2026-02-21 07:46:44,440 - INFO -   Val Loss: 1.7647
2026-02-21 07:46:44,440 - INFO -   Val Accuracy: 38.95% | F1: 0.2265
2026-02-21 07:46:44,440 - INFO -   LR: 0.000500
2026-02-21 07:46:44,440 - INFO -   Patience: 3/15
2026-02-21 07:46:44,440 - INFO - 
Epoch 16/100
2026-02-21 07:46:48,138 - INFO -   Epoch [10/873] Loss: 1.6280
2026-02-21 07:46:51,836 - INFO -   Epoch [20/873] Loss: 1.5415
2026-02-21 07:46:55,556 - INFO -   Epoch [30/873] Loss: 2.0792
2026-02-21 07:46:59,295 - INFO -   Epoch [40/873] Loss: 1.5155
2026-02-21 07:47:03,051 - INFO -   Epoch [50/873] Loss: 1.8347
2026-02-21 07:47:06,801 - INFO -   Epoch [60/873] Loss: 2.3936
2026-02-21 07:47:10,552 - INFO -   Epoch [70/873] Loss: 2.0642
2026-02-21 07:47:14,300 - INFO -   Epoch [80/873] Loss: 1.9124
2026-02-21 07:47:18,049 - INFO -   Epoch [90/873] Loss: 2.0009
2026-02-21 07:47:21,799 - INFO -   Epoch [100/873] Loss: 2.0392
2026-02-21 07:47:25,551 - INFO -   Epoch [110/873] Loss: 2.6134
2026-02-21 07:47:29,296 - INFO -   Epoch [120/873] Loss: 2.6202
2026-02-21 07:47:33,051 - INFO -   Epoch [130/873] Loss: 1.8504
2026-02-21 07:47:36,803 - INFO -   Epoch [140/873] Loss: 2.5326
2026-02-21 07:47:40,546 - INFO -   Epoch [150/873] Loss: 2.1965
2026-02-21 07:47:44,300 - INFO -   Epoch [160/873] Loss: 1.9194
2026-02-21 07:47:48,048 - INFO -   Epoch [170/873] Loss: 2.5491
2026-02-21 07:47:51,783 - INFO -   Epoch [180/873] Loss: 1.6256
2026-02-21 07:47:55,529 - INFO -   Epoch [190/873] Loss: 2.4486
2026-02-21 07:47:59,278 - INFO -   Epoch [200/873] Loss: 1.7456
2026-02-21 07:48:03,025 - INFO -   Epoch [210/873] Loss: 2.0648
2026-02-21 07:48:06,779 - INFO -   Epoch [220/873] Loss: 1.7368
2026-02-21 07:48:10,528 - INFO -   Epoch [230/873] Loss: 2.2386
2026-02-21 07:48:14,267 - INFO -   Epoch [240/873] Loss: 1.9570
2026-02-21 07:48:18,022 - INFO -   Epoch [250/873] Loss: 1.8903
2026-02-21 07:48:21,772 - INFO -   Epoch [260/873] Loss: 2.2154
2026-02-21 07:48:25,528 - INFO -   Epoch [270/873] Loss: 2.4446
2026-02-21 07:48:29,279 - INFO -   Epoch [280/873] Loss: 1.9158
2026-02-21 07:48:32,994 - INFO -   Epoch [290/873] Loss: 1.7681
2026-02-21 07:48:36,719 - INFO -   Epoch [300/873] Loss: 1.8087
2026-02-21 07:48:40,475 - INFO -   Epoch [310/873] Loss: 1.8075
2026-02-21 07:48:44,236 - INFO -   Epoch [320/873] Loss: 2.4618
2026-02-21 07:48:47,999 - INFO -   Epoch [330/873] Loss: 1.8200
2026-02-21 07:48:51,747 - INFO -   Epoch [340/873] Loss: 2.0188
2026-02-21 07:48:55,507 - INFO -   Epoch [350/873] Loss: 1.6783
2026-02-21 07:48:59,246 - INFO -   Epoch [360/873] Loss: 1.7886
2026-02-21 07:49:02,974 - INFO -   Epoch [370/873] Loss: 1.8040
2026-02-21 07:49:06,737 - INFO -   Epoch [380/873] Loss: 1.8674
2026-02-21 07:49:10,496 - INFO -   Epoch [390/873] Loss: 2.1686
2026-02-21 07:49:14,246 - INFO -   Epoch [400/873] Loss: 1.5736
2026-02-21 07:49:18,005 - INFO -   Epoch [410/873] Loss: 2.7067
2026-02-21 07:49:21,766 - INFO -   Epoch [420/873] Loss: 1.6382
2026-02-21 07:49:25,526 - INFO -   Epoch [430/873] Loss: 1.8103
2026-02-21 07:49:29,274 - INFO -   Epoch [440/873] Loss: 2.4552
2026-02-21 07:49:32,997 - INFO -   Epoch [450/873] Loss: 1.8833
2026-02-21 07:49:36,761 - INFO -   Epoch [460/873] Loss: 1.5885
2026-02-21 07:49:40,506 - INFO -   Epoch [470/873] Loss: 1.9167
2026-02-21 07:49:44,263 - INFO -   Epoch [480/873] Loss: 1.8236
2026-02-21 07:49:48,025 - INFO -   Epoch [490/873] Loss: 1.6030
2026-02-21 07:49:51,786 - INFO -   Epoch [500/873] Loss: 1.8733
2026-02-21 07:49:55,540 - INFO -   Epoch [510/873] Loss: 2.5571
2026-02-21 07:49:59,292 - INFO -   Epoch [520/873] Loss: 2.3066
2026-02-21 07:50:03,040 - INFO -   Epoch [530/873] Loss: 1.6680
2026-02-21 07:50:06,792 - INFO -   Epoch [540/873] Loss: 1.7190
2026-02-21 07:50:10,531 - INFO -   Epoch [550/873] Loss: 1.6767
2026-02-21 07:50:14,286 - INFO -   Epoch [560/873] Loss: 1.7706
2026-02-21 07:50:18,038 - INFO -   Epoch [570/873] Loss: 1.6407
2026-02-21 07:50:21,779 - INFO -   Epoch [580/873] Loss: 2.1217
2026-02-21 07:50:25,525 - INFO -   Epoch [590/873] Loss: 2.5854
2026-02-21 07:50:29,267 - INFO -   Epoch [600/873] Loss: 2.2760
2026-02-21 07:50:33,022 - INFO -   Epoch [610/873] Loss: 1.8281
2026-02-21 07:50:36,771 - INFO -   Epoch [620/873] Loss: 1.8131
2026-02-21 07:50:40,493 - INFO -   Epoch [630/873] Loss: 1.8873
2026-02-21 07:50:44,243 - INFO -   Epoch [640/873] Loss: 1.8753
2026-02-21 07:50:47,994 - INFO -   Epoch [650/873] Loss: 1.8852
2026-02-21 07:50:51,716 - INFO -   Epoch [660/873] Loss: 1.8282
2026-02-21 07:50:55,459 - INFO -   Epoch [670/873] Loss: 1.9218
2026-02-21 07:50:59,198 - INFO -   Epoch [680/873] Loss: 1.7343
2026-02-21 07:51:02,926 - INFO -   Epoch [690/873] Loss: 1.6982
2026-02-21 07:51:06,678 - INFO -   Epoch [700/873] Loss: 2.2340
2026-02-21 07:51:10,420 - INFO -   Epoch [710/873] Loss: 1.8584
2026-02-21 07:51:14,170 - INFO -   Epoch [720/873] Loss: 2.0799
2026-02-21 07:51:17,923 - INFO -   Epoch [730/873] Loss: 1.8356
2026-02-21 07:51:21,654 - INFO -   Epoch [740/873] Loss: 1.6997
2026-02-21 07:51:25,401 - INFO -   Epoch [750/873] Loss: 1.5676
2026-02-21 07:51:29,141 - INFO -   Epoch [760/873] Loss: 2.2526
2026-02-21 07:51:32,882 - INFO -   Epoch [770/873] Loss: 1.8066
2026-02-21 07:51:36,628 - INFO -   Epoch [780/873] Loss: 2.1675
2026-02-21 07:51:40,374 - INFO -   Epoch [790/873] Loss: 2.3439
2026-02-21 07:51:44,109 - INFO -   Epoch [800/873] Loss: 1.9273
2026-02-21 07:51:47,865 - INFO -   Epoch [810/873] Loss: 1.6828
2026-02-21 07:51:51,577 - INFO -   Epoch [820/873] Loss: 1.8742
2026-02-21 07:51:55,319 - INFO -   Epoch [830/873] Loss: 1.9688
2026-02-21 07:51:59,070 - INFO -   Epoch [840/873] Loss: 1.5966
2026-02-21 07:52:02,818 - INFO -   Epoch [850/873] Loss: 1.6619
2026-02-21 07:52:06,568 - INFO -   Epoch [860/873] Loss: 1.8314
2026-02-21 07:52:10,292 - INFO -   Epoch [870/873] Loss: 2.2693
2026-02-21 07:52:30,000 - INFO -   Train Loss: 1.9125
2026-02-21 07:52:30,001 - INFO -   Train Accuracy: 28.41%
2026-02-21 07:52:30,001 - INFO -   Val Loss: 1.8968
2026-02-21 07:52:30,001 - INFO -   Val Accuracy: 33.63% | F1: 0.1875
2026-02-21 07:52:30,001 - INFO -   LR: 0.000500
2026-02-21 07:52:30,001 - INFO -   Patience: 4/15
2026-02-21 07:52:30,001 - INFO - 
Epoch 17/100
2026-02-21 07:52:33,699 - INFO -   Epoch [10/873] Loss: 2.2093
2026-02-21 07:52:37,404 - INFO -   Epoch [20/873] Loss: 2.3653
2026-02-21 07:52:41,144 - INFO -   Epoch [30/873] Loss: 1.9323
2026-02-21 07:52:44,895 - INFO -   Epoch [40/873] Loss: 1.9471
2026-02-21 07:52:48,639 - INFO -   Epoch [50/873] Loss: 2.1789
2026-02-21 07:52:52,392 - INFO -   Epoch [60/873] Loss: 1.8846
2026-02-21 07:52:56,148 - INFO -   Epoch [70/873] Loss: 1.9741
2026-02-21 07:52:59,898 - INFO -   Epoch [80/873] Loss: 1.9101
2026-02-21 07:53:03,650 - INFO -   Epoch [90/873] Loss: 2.0772
2026-02-21 07:53:07,404 - INFO -   Epoch [100/873] Loss: 1.6108
2026-02-21 07:53:11,152 - INFO -   Epoch [110/873] Loss: 1.9971
2026-02-21 07:53:14,902 - INFO -   Epoch [120/873] Loss: 1.9944
2026-02-21 07:53:18,656 - INFO -   Epoch [130/873] Loss: 2.4726
2026-02-21 07:53:22,409 - INFO -   Epoch [140/873] Loss: 1.9313
2026-02-21 07:53:26,161 - INFO -   Epoch [150/873] Loss: 1.8138
2026-02-21 07:53:29,899 - INFO -   Epoch [160/873] Loss: 1.8716
2026-02-21 07:53:33,631 - INFO -   Epoch [170/873] Loss: 2.1687
2026-02-21 07:53:37,388 - INFO -   Epoch [180/873] Loss: 2.0531
2026-02-21 07:53:41,141 - INFO -   Epoch [190/873] Loss: 2.3157
2026-02-21 07:53:44,894 - INFO -   Epoch [200/873] Loss: 1.8831
2026-02-21 07:53:48,649 - INFO -   Epoch [210/873] Loss: 1.8240
2026-02-21 07:53:52,388 - INFO -   Epoch [220/873] Loss: 2.1321
2026-02-21 07:53:56,136 - INFO -   Epoch [230/873] Loss: 2.0563
2026-02-21 07:53:59,888 - INFO -   Epoch [240/873] Loss: 1.9039
2026-02-21 07:54:03,643 - INFO -   Epoch [250/873] Loss: 1.9041
2026-02-21 07:54:07,392 - INFO -   Epoch [260/873] Loss: 1.9248
2026-02-21 07:54:11,142 - INFO -   Epoch [270/873] Loss: 2.0507
2026-02-21 07:54:14,894 - INFO -   Epoch [280/873] Loss: 1.6351
2026-02-21 07:54:18,647 - INFO -   Epoch [290/873] Loss: 2.0126
2026-02-21 07:54:22,402 - INFO -   Epoch [300/873] Loss: 1.9419
2026-02-21 07:54:26,155 - INFO -   Epoch [310/873] Loss: 2.5893
2026-02-21 07:54:29,897 - INFO -   Epoch [320/873] Loss: 1.9730
2026-02-21 07:54:33,629 - INFO -   Epoch [330/873] Loss: 2.5604
2026-02-21 07:54:37,380 - INFO -   Epoch [340/873] Loss: 1.7795
2026-02-21 07:54:41,124 - INFO -   Epoch [350/873] Loss: 2.5286
2026-02-21 07:54:44,875 - INFO -   Epoch [360/873] Loss: 1.9957
2026-02-21 07:54:48,620 - INFO -   Epoch [370/873] Loss: 1.9487
2026-02-21 07:54:52,334 - INFO -   Epoch [380/873] Loss: 2.1680
2026-02-21 07:54:56,080 - INFO -   Epoch [390/873] Loss: 2.0301
2026-02-21 07:54:59,820 - INFO -   Epoch [400/873] Loss: 2.1680
2026-02-21 07:55:03,553 - INFO -   Epoch [410/873] Loss: 1.7589
2026-02-21 07:55:07,305 - INFO -   Epoch [420/873] Loss: 2.3202
2026-02-21 07:55:11,048 - INFO -   Epoch [430/873] Loss: 1.8083
2026-02-21 07:55:14,797 - INFO -   Epoch [440/873] Loss: 2.4458
2026-02-21 07:55:18,509 - INFO -   Epoch [450/873] Loss: 2.6685
2026-02-21 07:55:22,262 - INFO -   Epoch [460/873] Loss: 2.4090
2026-02-21 07:55:26,015 - INFO -   Epoch [470/873] Loss: 1.7971
2026-02-21 07:55:29,758 - INFO -   Epoch [480/873] Loss: 1.9996
2026-02-21 07:55:33,508 - INFO -   Epoch [490/873] Loss: 1.9541
2026-02-21 07:55:37,260 - INFO -   Epoch [500/873] Loss: 2.6940
2026-02-21 07:55:40,990 - INFO -   Epoch [510/873] Loss: 2.0857
2026-02-21 07:55:44,730 - INFO -   Epoch [520/873] Loss: 1.8578
2026-02-21 07:55:48,476 - INFO -   Epoch [530/873] Loss: 1.9218
2026-02-21 07:55:52,222 - INFO -   Epoch [540/873] Loss: 2.1601
2026-02-21 07:55:55,941 - INFO -   Epoch [550/873] Loss: 2.0179
2026-02-21 07:55:59,682 - INFO -   Epoch [560/873] Loss: 2.1603
2026-02-21 07:56:03,410 - INFO -   Epoch [570/873] Loss: 2.3616
2026-02-21 07:56:07,164 - INFO -   Epoch [580/873] Loss: 1.7997
2026-02-21 07:56:10,910 - INFO -   Epoch [590/873] Loss: 2.0151
2026-02-21 07:56:14,660 - INFO -   Epoch [600/873] Loss: 1.9890
2026-02-21 07:56:18,404 - INFO -   Epoch [610/873] Loss: 2.3238
2026-02-21 07:56:22,120 - INFO -   Epoch [620/873] Loss: 2.3076
2026-02-21 07:56:25,870 - INFO -   Epoch [630/873] Loss: 1.9495
2026-02-21 07:56:29,611 - INFO -   Epoch [640/873] Loss: 2.2999
2026-02-21 07:56:33,339 - INFO -   Epoch [650/873] Loss: 1.8835
2026-02-21 07:56:37,088 - INFO -   Epoch [660/873] Loss: 2.4416
2026-02-21 07:56:40,807 - INFO -   Epoch [670/873] Loss: 1.8285
2026-02-21 07:56:44,558 - INFO -   Epoch [680/873] Loss: 1.9826
2026-02-21 07:56:48,315 - INFO -   Epoch [690/873] Loss: 1.8629
2026-02-21 07:56:52,066 - INFO -   Epoch [700/873] Loss: 2.1407
2026-02-21 07:56:55,813 - INFO -   Epoch [710/873] Loss: 1.7927
2026-02-21 07:56:59,549 - INFO -   Epoch [720/873] Loss: 2.0999
2026-02-21 07:57:03,289 - INFO -   Epoch [730/873] Loss: 2.2890
2026-02-21 07:57:07,041 - INFO -   Epoch [740/873] Loss: 1.7367
2026-02-21 07:57:10,769 - INFO -   Epoch [750/873] Loss: 2.0828
2026-02-21 07:57:14,523 - INFO -   Epoch [760/873] Loss: 2.0306
2026-02-21 07:57:18,272 - INFO -   Epoch [770/873] Loss: 1.6561
2026-02-21 07:57:22,022 - INFO -   Epoch [780/873] Loss: 2.0002
2026-02-21 07:57:25,773 - INFO -   Epoch [790/873] Loss: 1.9585
2026-02-21 07:57:29,532 - INFO -   Epoch [800/873] Loss: 1.7985
2026-02-21 07:57:33,281 - INFO -   Epoch [810/873] Loss: 1.7764
2026-02-21 07:57:37,035 - INFO -   Epoch [820/873] Loss: 1.8826
2026-02-21 07:57:40,779 - INFO -   Epoch [830/873] Loss: 1.9827
2026-02-21 07:57:44,513 - INFO -   Epoch [840/873] Loss: 2.0755
2026-02-21 07:57:48,261 - INFO -   Epoch [850/873] Loss: 2.0093
2026-02-21 07:57:52,005 - INFO -   Epoch [860/873] Loss: 1.8384
2026-02-21 07:57:55,755 - INFO -   Epoch [870/873] Loss: 2.1828
2026-02-21 07:58:15,457 - INFO -   Train Loss: 2.0118
2026-02-21 07:58:15,458 - INFO -   Train Accuracy: 26.54%
2026-02-21 07:58:15,458 - INFO -   Val Loss: 1.8754
2026-02-21 07:58:15,458 - INFO -   Val Accuracy: 38.85% | F1: 0.1533
2026-02-21 07:58:15,458 - INFO -   LR: 0.000500
2026-02-21 07:58:15,458 - INFO -   Patience: 5/15
2026-02-21 07:58:15,458 - INFO - 
Epoch 18/100
2026-02-21 07:58:19,155 - INFO -   Epoch [10/873] Loss: 1.8655
2026-02-21 07:58:22,853 - INFO -   Epoch [20/873] Loss: 1.6167
2026-02-21 07:58:26,550 - INFO -   Epoch [30/873] Loss: 2.2388
2026-02-21 07:58:30,246 - INFO -   Epoch [40/873] Loss: 1.7946
2026-02-21 07:58:33,944 - INFO -   Epoch [50/873] Loss: 2.6196
2026-02-21 07:58:37,641 - INFO -   Epoch [60/873] Loss: 2.0811
2026-02-21 07:58:41,337 - INFO -   Epoch [70/873] Loss: 1.9071
2026-02-21 07:58:45,035 - INFO -   Epoch [80/873] Loss: 1.8609
2026-02-21 07:58:48,729 - INFO -   Epoch [90/873] Loss: 1.8835
2026-02-21 07:58:52,464 - INFO -   Epoch [100/873] Loss: 1.7664
2026-02-21 07:58:56,214 - INFO -   Epoch [110/873] Loss: 1.8076
2026-02-21 07:58:59,947 - INFO -   Epoch [120/873] Loss: 1.6087
2026-02-21 07:59:03,694 - INFO -   Epoch [130/873] Loss: 1.9607
2026-02-21 07:59:07,441 - INFO -   Epoch [140/873] Loss: 2.3208
2026-02-21 07:59:11,178 - INFO -   Epoch [150/873] Loss: 2.2751
2026-02-21 07:59:14,920 - INFO -   Epoch [160/873] Loss: 1.8065
2026-02-21 07:59:18,639 - INFO -   Epoch [170/873] Loss: 2.2864
2026-02-21 07:59:22,387 - INFO -   Epoch [180/873] Loss: 1.9102
2026-02-21 07:59:26,135 - INFO -   Epoch [190/873] Loss: 1.9489
2026-02-21 07:59:29,873 - INFO -   Epoch [200/873] Loss: 1.8715
2026-02-21 07:59:33,593 - INFO -   Epoch [210/873] Loss: 1.8447
2026-02-21 07:59:37,343 - INFO -   Epoch [220/873] Loss: 1.9075
2026-02-21 07:59:41,090 - INFO -   Epoch [230/873] Loss: 1.8763
2026-02-21 07:59:44,838 - INFO -   Epoch [240/873] Loss: 1.8293
2026-02-21 07:59:48,589 - INFO -   Epoch [250/873] Loss: 3.1817
2026-02-21 07:59:52,340 - INFO -   Epoch [260/873] Loss: 1.9772
2026-02-21 07:59:56,098 - INFO -   Epoch [270/873] Loss: 1.7736
2026-02-21 07:59:59,852 - INFO -   Epoch [280/873] Loss: 1.8319
2026-02-21 08:00:03,609 - INFO -   Epoch [290/873] Loss: 1.9468
2026-02-21 08:00:07,370 - INFO -   Epoch [300/873] Loss: 1.9762
2026-02-21 08:00:11,132 - INFO -   Epoch [310/873] Loss: 1.8655
2026-02-21 08:00:14,894 - INFO -   Epoch [320/873] Loss: 1.7119
2026-02-21 08:00:18,659 - INFO -   Epoch [330/873] Loss: 2.2443
2026-02-21 08:00:22,419 - INFO -   Epoch [340/873] Loss: 2.1258
2026-02-21 08:00:26,181 - INFO -   Epoch [350/873] Loss: 1.9389
2026-02-21 08:00:29,947 - INFO -   Epoch [360/873] Loss: 1.9923
2026-02-21 08:00:33,709 - INFO -   Epoch [370/873] Loss: 1.7196
2026-02-21 08:00:37,471 - INFO -   Epoch [380/873] Loss: 1.9074
2026-02-21 08:00:41,231 - INFO -   Epoch [390/873] Loss: 2.3702
2026-02-21 08:00:44,989 - INFO -   Epoch [400/873] Loss: 1.6014
2026-02-21 08:00:48,748 - INFO -   Epoch [410/873] Loss: 1.9340
2026-02-21 08:00:52,507 - INFO -   Epoch [420/873] Loss: 1.8094
2026-02-21 08:00:56,269 - INFO -   Epoch [430/873] Loss: 2.1043
2026-02-21 08:01:00,032 - INFO -   Epoch [440/873] Loss: 1.9511
2026-02-21 08:01:03,792 - INFO -   Epoch [450/873] Loss: 2.1744
2026-02-21 08:01:07,550 - INFO -   Epoch [460/873] Loss: 1.9256
2026-02-21 08:01:11,282 - INFO -   Epoch [470/873] Loss: 2.2098
2026-02-21 08:01:15,042 - INFO -   Epoch [480/873] Loss: 1.6964
2026-02-21 08:01:18,795 - INFO -   Epoch [490/873] Loss: 1.6925
2026-02-21 08:01:22,542 - INFO -   Epoch [500/873] Loss: 2.0888
2026-02-21 08:01:26,302 - INFO -   Epoch [510/873] Loss: 1.9882
2026-02-21 08:01:30,041 - INFO -   Epoch [520/873] Loss: 2.4350
2026-02-21 08:01:33,754 - INFO -   Epoch [530/873] Loss: 1.8840
2026-02-21 08:01:37,507 - INFO -   Epoch [540/873] Loss: 1.8367
2026-02-21 08:01:41,253 - INFO -   Epoch [550/873] Loss: 2.3875
2026-02-21 08:01:45,006 - INFO -   Epoch [560/873] Loss: 1.7849
2026-02-21 08:01:48,758 - INFO -   Epoch [570/873] Loss: 1.8804
2026-02-21 08:01:52,507 - INFO -   Epoch [580/873] Loss: 1.6707
2026-02-21 08:01:56,267 - INFO -   Epoch [590/873] Loss: 1.8378
2026-02-21 08:02:00,006 - INFO -   Epoch [600/873] Loss: 1.7669
2026-02-21 08:02:03,732 - INFO -   Epoch [610/873] Loss: 1.8305
2026-02-21 08:02:07,485 - INFO -   Epoch [620/873] Loss: 1.7950
2026-02-21 08:02:11,202 - INFO -   Epoch [630/873] Loss: 1.7605
2026-02-21 08:02:14,926 - INFO -   Epoch [640/873] Loss: 1.7119
2026-02-21 08:02:18,672 - INFO -   Epoch [650/873] Loss: 1.9937
2026-02-21 08:02:22,410 - INFO -   Epoch [660/873] Loss: 1.9425
2026-02-21 08:02:26,165 - INFO -   Epoch [670/873] Loss: 1.9195
2026-02-21 08:02:29,909 - INFO -   Epoch [680/873] Loss: 1.7810
2026-02-21 08:02:33,653 - INFO -   Epoch [690/873] Loss: 2.1644
2026-02-21 08:02:37,406 - INFO -   Epoch [700/873] Loss: 2.0401
2026-02-21 08:02:41,157 - INFO -   Epoch [710/873] Loss: 2.5741
2026-02-21 08:02:44,910 - INFO -   Epoch [720/873] Loss: 1.7880
2026-02-21 08:02:48,663 - INFO -   Epoch [730/873] Loss: 1.8457
2026-02-21 08:02:52,407 - INFO -   Epoch [740/873] Loss: 1.8511
2026-02-21 08:02:56,166 - INFO -   Epoch [750/873] Loss: 2.4714
2026-02-21 08:02:59,924 - INFO -   Epoch [760/873] Loss: 1.6718
2026-02-21 08:03:03,672 - INFO -   Epoch [770/873] Loss: 2.0615
2026-02-21 08:03:07,421 - INFO -   Epoch [780/873] Loss: 1.9437
2026-02-21 08:03:11,153 - INFO -   Epoch [790/873] Loss: 1.9932
2026-02-21 08:03:14,905 - INFO -   Epoch [800/873] Loss: 1.7535
2026-02-21 08:03:18,656 - INFO -   Epoch [810/873] Loss: 2.0887
2026-02-21 08:03:22,410 - INFO -   Epoch [820/873] Loss: 1.7297
2026-02-21 08:03:26,165 - INFO -   Epoch [830/873] Loss: 2.0548
2026-02-21 08:03:29,912 - INFO -   Epoch [840/873] Loss: 1.7915
2026-02-21 08:03:33,641 - INFO -   Epoch [850/873] Loss: 1.8458
2026-02-21 08:03:37,378 - INFO -   Epoch [860/873] Loss: 1.7048
2026-02-21 08:03:41,129 - INFO -   Epoch [870/873] Loss: 1.6541
2026-02-21 08:04:00,834 - INFO -   Train Loss: 1.9817
2026-02-21 08:04:00,834 - INFO -   Train Accuracy: 28.70%
2026-02-21 08:04:00,834 - INFO -   Val Loss: 1.8891
2026-02-21 08:04:00,834 - INFO -   Val Accuracy: 32.08% | F1: 0.1670
2026-02-21 08:04:00,834 - INFO -   LR: 0.000500
2026-02-21 08:04:00,835 - INFO -   Patience: 6/15
2026-02-21 08:04:00,835 - INFO - 
Epoch 19/100
2026-02-21 08:04:04,534 - INFO -   Epoch [10/873] Loss: 1.7901
2026-02-21 08:04:08,231 - INFO -   Epoch [20/873] Loss: 1.9312
2026-02-21 08:04:11,928 - INFO -   Epoch [30/873] Loss: 1.8796
2026-02-21 08:04:15,654 - INFO -   Epoch [40/873] Loss: 2.1278
2026-02-21 08:04:19,405 - INFO -   Epoch [50/873] Loss: 1.9455
2026-02-21 08:04:23,160 - INFO -   Epoch [60/873] Loss: 2.2789
2026-02-21 08:04:26,915 - INFO -   Epoch [70/873] Loss: 1.8947
2026-02-21 08:04:30,662 - INFO -   Epoch [80/873] Loss: 1.9243
2026-02-21 08:04:34,409 - INFO -   Epoch [90/873] Loss: 1.9138
2026-02-21 08:04:38,160 - INFO -   Epoch [100/873] Loss: 1.6681
2026-02-21 08:04:41,879 - INFO -   Epoch [110/873] Loss: 1.7936
2026-02-21 08:04:45,631 - INFO -   Epoch [120/873] Loss: 2.3137
2026-02-21 08:04:49,380 - INFO -   Epoch [130/873] Loss: 1.7606
2026-02-21 08:04:53,131 - INFO -   Epoch [140/873] Loss: 1.6197
2026-02-21 08:04:56,880 - INFO -   Epoch [150/873] Loss: 1.7574
2026-02-21 08:05:00,620 - INFO -   Epoch [160/873] Loss: 1.9538
2026-02-21 08:05:04,370 - INFO -   Epoch [170/873] Loss: 1.9315
2026-02-21 08:05:08,119 - INFO -   Epoch [180/873] Loss: 2.0212
2026-02-21 08:05:11,862 - INFO -   Epoch [190/873] Loss: 1.7541
2026-02-21 08:05:15,606 - INFO -   Epoch [200/873] Loss: 1.7404
2026-02-21 08:05:19,352 - INFO -   Epoch [210/873] Loss: 1.9391
2026-02-21 08:05:23,098 - INFO -   Epoch [220/873] Loss: 1.9446
2026-02-21 08:05:26,849 - INFO -   Epoch [230/873] Loss: 2.4033
2026-02-21 08:05:30,569 - INFO -   Epoch [240/873] Loss: 1.8225
2026-02-21 08:05:34,317 - INFO -   Epoch [250/873] Loss: 2.0216
2026-02-21 08:05:38,064 - INFO -   Epoch [260/873] Loss: 1.9111
2026-02-21 08:05:41,812 - INFO -   Epoch [270/873] Loss: 2.5099
2026-02-21 08:05:45,560 - INFO -   Epoch [280/873] Loss: 1.8250
2026-02-21 08:05:49,288 - INFO -   Epoch [290/873] Loss: 2.2107
2026-02-21 08:05:53,034 - INFO -   Epoch [300/873] Loss: 2.0493
2026-02-21 08:05:56,787 - INFO -   Epoch [310/873] Loss: 1.9167
2026-02-21 08:06:00,539 - INFO -   Epoch [320/873] Loss: 1.9741
2026-02-21 08:06:04,287 - INFO -   Epoch [330/873] Loss: 1.9908
2026-02-21 08:06:08,046 - INFO -   Epoch [340/873] Loss: 1.9735
2026-02-21 08:06:11,771 - INFO -   Epoch [350/873] Loss: 1.7982
2026-02-21 08:06:15,522 - INFO -   Epoch [360/873] Loss: 2.0404
2026-02-21 08:06:19,265 - INFO -   Epoch [370/873] Loss: 1.7103
2026-02-21 08:06:23,016 - INFO -   Epoch [380/873] Loss: 1.7307
2026-02-21 08:06:26,769 - INFO -   Epoch [390/873] Loss: 2.2842
2026-02-21 08:06:30,500 - INFO -   Epoch [400/873] Loss: 2.0598
2026-02-21 08:06:34,238 - INFO -   Epoch [410/873] Loss: 2.0607
2026-02-21 08:06:37,997 - INFO -   Epoch [420/873] Loss: 1.6788
2026-02-21 08:06:41,752 - INFO -   Epoch [430/873] Loss: 1.7541
2026-02-21 08:06:45,509 - INFO -   Epoch [440/873] Loss: 1.9235
2026-02-21 08:06:49,277 - INFO -   Epoch [450/873] Loss: 2.5151
2026-02-21 08:06:53,042 - INFO -   Epoch [460/873] Loss: 2.4965
2026-02-21 08:06:56,806 - INFO -   Epoch [470/873] Loss: 1.6804
2026-02-21 08:07:00,567 - INFO -   Epoch [480/873] Loss: 1.5611
2026-02-21 08:07:04,327 - INFO -   Epoch [490/873] Loss: 1.9146
2026-02-21 08:07:08,092 - INFO -   Epoch [500/873] Loss: 2.0204
2026-02-21 08:07:11,854 - INFO -   Epoch [510/873] Loss: 1.6138
2026-02-21 08:07:15,611 - INFO -   Epoch [520/873] Loss: 1.6004
2026-02-21 08:07:19,369 - INFO -   Epoch [530/873] Loss: 2.0953
2026-02-21 08:07:23,098 - INFO -   Epoch [540/873] Loss: 1.8725
2026-02-21 08:07:26,863 - INFO -   Epoch [550/873] Loss: 2.1957
2026-02-21 08:07:30,632 - INFO -   Epoch [560/873] Loss: 1.6238
2026-02-21 08:07:34,398 - INFO -   Epoch [570/873] Loss: 1.9239
2026-02-21 08:07:38,149 - INFO -   Epoch [580/873] Loss: 1.8727
2026-02-21 08:07:41,898 - INFO -   Epoch [590/873] Loss: 1.6127
2026-02-21 08:07:45,652 - INFO -   Epoch [600/873] Loss: 1.8451
2026-02-21 08:07:49,421 - INFO -   Epoch [610/873] Loss: 1.8014
2026-02-21 08:07:53,173 - INFO -   Epoch [620/873] Loss: 1.8596
2026-02-21 08:07:56,924 - INFO -   Epoch [630/873] Loss: 1.9781
2026-02-21 08:08:00,682 - INFO -   Epoch [640/873] Loss: 1.8467
2026-02-21 08:08:04,435 - INFO -   Epoch [650/873] Loss: 1.8222
2026-02-21 08:08:08,186 - INFO -   Epoch [660/873] Loss: 1.8090
2026-02-21 08:08:11,935 - INFO -   Epoch [670/873] Loss: 1.7341
2026-02-21 08:08:15,683 - INFO -   Epoch [680/873] Loss: 1.6791
2026-02-21 08:08:19,436 - INFO -   Epoch [690/873] Loss: 1.8961
2026-02-21 08:08:23,189 - INFO -   Epoch [700/873] Loss: 1.8218
2026-02-21 08:08:26,941 - INFO -   Epoch [710/873] Loss: 1.7768
2026-02-21 08:08:30,692 - INFO -   Epoch [720/873] Loss: 1.9505
2026-02-21 08:08:34,446 - INFO -   Epoch [730/873] Loss: 1.6533
2026-02-21 08:08:38,195 - INFO -   Epoch [740/873] Loss: 2.1800
2026-02-21 08:08:41,940 - INFO -   Epoch [750/873] Loss: 2.5066
2026-02-21 08:08:45,693 - INFO -   Epoch [760/873] Loss: 1.6405
2026-02-21 08:08:49,444 - INFO -   Epoch [770/873] Loss: 1.7517
2026-02-21 08:08:53,181 - INFO -   Epoch [780/873] Loss: 2.0293
2026-02-21 08:08:56,928 - INFO -   Epoch [790/873] Loss: 1.9702
2026-02-21 08:09:00,674 - INFO -   Epoch [800/873] Loss: 1.8567
2026-02-21 08:09:04,419 - INFO -   Epoch [810/873] Loss: 1.8228
2026-02-21 08:09:08,168 - INFO -   Epoch [820/873] Loss: 1.9372
2026-02-21 08:09:11,930 - INFO -   Epoch [830/873] Loss: 1.7387
2026-02-21 08:09:15,695 - INFO -   Epoch [840/873] Loss: 1.6423
2026-02-21 08:09:19,447 - INFO -   Epoch [850/873] Loss: 1.4165
2026-02-21 08:09:23,201 - INFO -   Epoch [860/873] Loss: 1.8552
2026-02-21 08:09:26,955 - INFO -   Epoch [870/873] Loss: 1.7907
2026-02-21 08:09:46,698 - INFO -   Train Loss: 1.9325
2026-02-21 08:09:46,698 - INFO -   Train Accuracy: 28.42%
2026-02-21 08:09:46,698 - INFO -   Val Loss: 1.8985
2026-02-21 08:09:46,698 - INFO -   Val Accuracy: 35.79% | F1: 0.1985
2026-02-21 08:09:46,698 - INFO -   LR: 0.000250
2026-02-21 08:09:46,698 - INFO -   Patience: 7/15
2026-02-21 08:09:46,699 - INFO - 
Epoch 20/100
2026-02-21 08:09:50,398 - INFO -   Epoch [10/873] Loss: 1.9702
2026-02-21 08:09:54,095 - INFO -   Epoch [20/873] Loss: 2.3538
2026-02-21 08:09:57,807 - INFO -   Epoch [30/873] Loss: 1.9008
2026-02-21 08:10:01,568 - INFO -   Epoch [40/873] Loss: 1.5225
2026-02-21 08:10:05,335 - INFO -   Epoch [50/873] Loss: 1.9411
2026-02-21 08:10:09,093 - INFO -   Epoch [60/873] Loss: 1.9583
2026-02-21 08:10:12,851 - INFO -   Epoch [70/873] Loss: 1.8989
2026-02-21 08:10:16,615 - INFO -   Epoch [80/873] Loss: 2.4053
2026-02-21 08:10:20,378 - INFO -   Epoch [90/873] Loss: 1.8853
2026-02-21 08:10:24,143 - INFO -   Epoch [100/873] Loss: 2.0671
2026-02-21 08:10:27,904 - INFO -   Epoch [110/873] Loss: 1.8742
2026-02-21 08:10:31,657 - INFO -   Epoch [120/873] Loss: 1.9509
2026-02-21 08:10:35,421 - INFO -   Epoch [130/873] Loss: 1.6284
2026-02-21 08:10:39,192 - INFO -   Epoch [140/873] Loss: 1.7447
2026-02-21 08:10:42,957 - INFO -   Epoch [150/873] Loss: 1.7243
2026-02-21 08:10:46,722 - INFO -   Epoch [160/873] Loss: 1.7514
2026-02-21 08:10:50,457 - INFO -   Epoch [170/873] Loss: 1.8498
2026-02-21 08:10:54,211 - INFO -   Epoch [180/873] Loss: 1.9177
2026-02-21 08:10:57,971 - INFO -   Epoch [190/873] Loss: 2.0733
2026-02-21 08:11:01,736 - INFO -   Epoch [200/873] Loss: 1.5889
2026-02-21 08:11:05,495 - INFO -   Epoch [210/873] Loss: 1.4338
2026-02-21 08:11:09,246 - INFO -   Epoch [220/873] Loss: 1.7406
2026-02-21 08:11:13,005 - INFO -   Epoch [230/873] Loss: 1.7257
2026-02-21 08:11:16,771 - INFO -   Epoch [240/873] Loss: 1.8205
2026-02-21 08:11:20,499 - INFO -   Epoch [250/873] Loss: 1.8545
2026-02-21 08:11:24,242 - INFO -   Epoch [260/873] Loss: 1.4920
2026-02-21 08:11:28,004 - INFO -   Epoch [270/873] Loss: 2.3079
2026-02-21 08:11:31,761 - INFO -   Epoch [280/873] Loss: 1.8037
2026-02-21 08:11:35,504 - INFO -   Epoch [290/873] Loss: 1.9093
2026-02-21 08:11:39,255 - INFO -   Epoch [300/873] Loss: 2.0181
2026-02-21 08:11:43,001 - INFO -   Epoch [310/873] Loss: 1.5608
2026-02-21 08:11:46,770 - INFO -   Epoch [320/873] Loss: 1.8266
2026-02-21 08:11:50,508 - INFO -   Epoch [330/873] Loss: 1.7800
2026-02-21 08:11:54,271 - INFO -   Epoch [340/873] Loss: 2.2796
2026-02-21 08:11:58,034 - INFO -   Epoch [350/873] Loss: 2.0061
2026-02-21 08:12:01,793 - INFO -   Epoch [360/873] Loss: 1.8810
2026-02-21 08:12:05,531 - INFO -   Epoch [370/873] Loss: 1.8021
2026-02-21 08:12:09,277 - INFO -   Epoch [380/873] Loss: 2.0032
2026-02-21 08:12:13,012 - INFO -   Epoch [390/873] Loss: 2.1037
2026-02-21 08:12:16,755 - INFO -   Epoch [400/873] Loss: 1.9065
2026-02-21 08:12:20,492 - INFO -   Epoch [410/873] Loss: 1.7775
2026-02-21 08:12:24,229 - INFO -   Epoch [420/873] Loss: 1.7544
2026-02-21 08:12:27,988 - INFO -   Epoch [430/873] Loss: 1.7594
2026-02-21 08:12:31,741 - INFO -   Epoch [440/873] Loss: 1.7813
2026-02-21 08:12:35,489 - INFO -   Epoch [450/873] Loss: 2.1390
2026-02-21 08:12:39,233 - INFO -   Epoch [460/873] Loss: 1.6951
2026-02-21 08:12:42,986 - INFO -   Epoch [470/873] Loss: 1.7796
2026-02-21 08:12:46,737 - INFO -   Epoch [480/873] Loss: 2.0193
2026-02-21 08:12:50,468 - INFO -   Epoch [490/873] Loss: 2.0895
2026-02-21 08:12:54,219 - INFO -   Epoch [500/873] Loss: 1.7875
2026-02-21 08:12:57,972 - INFO -   Epoch [510/873] Loss: 1.8470
2026-02-21 08:13:01,726 - INFO -   Epoch [520/873] Loss: 1.7424
2026-02-21 08:13:05,478 - INFO -   Epoch [530/873] Loss: 2.2342
2026-02-21 08:13:09,224 - INFO -   Epoch [540/873] Loss: 2.1061
2026-02-21 08:13:12,975 - INFO -   Epoch [550/873] Loss: 2.4004
2026-02-21 08:13:16,698 - INFO -   Epoch [560/873] Loss: 1.7362
2026-02-21 08:13:20,409 - INFO -   Epoch [570/873] Loss: 1.6840
2026-02-21 08:13:24,154 - INFO -   Epoch [580/873] Loss: 1.8995
2026-02-21 08:13:27,911 - INFO -   Epoch [590/873] Loss: 2.6253
2026-02-21 08:13:31,657 - INFO -   Epoch [600/873] Loss: 1.6608
2026-02-21 08:13:35,406 - INFO -   Epoch [610/873] Loss: 1.8616
2026-02-21 08:13:39,145 - INFO -   Epoch [620/873] Loss: 1.8909
2026-02-21 08:13:42,854 - INFO -   Epoch [630/873] Loss: 1.7009
2026-02-21 08:13:46,566 - INFO -   Epoch [640/873] Loss: 1.5063
2026-02-21 08:13:50,273 - INFO -   Epoch [650/873] Loss: 1.9729
2026-02-21 08:13:53,981 - INFO -   Epoch [660/873] Loss: 1.5532
2026-02-21 08:13:57,690 - INFO -   Epoch [670/873] Loss: 1.7170
2026-02-21 08:14:01,400 - INFO -   Epoch [680/873] Loss: 1.8391
2026-02-21 08:14:05,108 - INFO -   Epoch [690/873] Loss: 1.6152
2026-02-21 08:14:08,818 - INFO -   Epoch [700/873] Loss: 1.6531
2026-02-21 08:14:12,525 - INFO -   Epoch [710/873] Loss: 1.7595
2026-02-21 08:14:16,233 - INFO -   Epoch [720/873] Loss: 2.2109
2026-02-21 08:14:19,941 - INFO -   Epoch [730/873] Loss: 1.5351
2026-02-21 08:14:23,649 - INFO -   Epoch [740/873] Loss: 1.6462
2026-02-21 08:14:27,362 - INFO -   Epoch [750/873] Loss: 2.0197
2026-02-21 08:14:31,071 - INFO -   Epoch [760/873] Loss: 1.7365
2026-02-21 08:14:34,778 - INFO -   Epoch [770/873] Loss: 1.9585
2026-02-21 08:14:38,486 - INFO -   Epoch [780/873] Loss: 2.0838
2026-02-21 08:14:42,193 - INFO -   Epoch [790/873] Loss: 2.0259
2026-02-21 08:14:45,899 - INFO -   Epoch [800/873] Loss: 2.1922
2026-02-21 08:14:49,607 - INFO -   Epoch [810/873] Loss: 1.7636
2026-02-21 08:14:53,318 - INFO -   Epoch [820/873] Loss: 2.2904
2026-02-21 08:14:57,025 - INFO -   Epoch [830/873] Loss: 1.8218
2026-02-21 08:15:00,731 - INFO -   Epoch [840/873] Loss: 2.3129
2026-02-21 08:15:04,437 - INFO -   Epoch [850/873] Loss: 1.9269
2026-02-21 08:15:08,148 - INFO -   Epoch [860/873] Loss: 1.7659
2026-02-21 08:15:11,854 - INFO -   Epoch [870/873] Loss: 1.8130
2026-02-21 08:15:31,521 - INFO -   Train Loss: 1.9212
2026-02-21 08:15:31,521 - INFO -   Train Accuracy: 29.22%
2026-02-21 08:15:31,521 - INFO -   Val Loss: 1.7690
2026-02-21 08:15:31,521 - INFO -   Val Accuracy: 41.25% | F1: 0.2055
2026-02-21 08:15:31,521 - INFO -   LR: 0.000250
2026-02-21 08:15:31,633 - INFO -   ✓ New best model saved!
2026-02-21 08:15:31,633 - INFO -   Patience: 0/15
2026-02-21 08:15:31,634 - INFO - 
Epoch 21/100
2026-02-21 08:15:35,340 - INFO -   Epoch [10/873] Loss: 1.9075
2026-02-21 08:15:39,035 - INFO -   Epoch [20/873] Loss: 1.7692
2026-02-21 08:15:42,737 - INFO -   Epoch [30/873] Loss: 1.6698
2026-02-21 08:15:46,444 - INFO -   Epoch [40/873] Loss: 1.7388
2026-02-21 08:15:50,154 - INFO -   Epoch [50/873] Loss: 2.1437
2026-02-21 08:15:53,900 - INFO -   Epoch [60/873] Loss: 1.6649
2026-02-21 08:15:57,653 - INFO -   Epoch [70/873] Loss: 2.0651
2026-02-21 08:16:01,406 - INFO -   Epoch [80/873] Loss: 1.6910
2026-02-21 08:16:05,156 - INFO -   Epoch [90/873] Loss: 1.8864
2026-02-21 08:16:08,907 - INFO -   Epoch [100/873] Loss: 1.8962
2026-02-21 08:16:12,654 - INFO -   Epoch [110/873] Loss: 2.1338
2026-02-21 08:16:16,406 - INFO -   Epoch [120/873] Loss: 2.7531
2026-02-21 08:16:20,146 - INFO -   Epoch [130/873] Loss: 1.8091
2026-02-21 08:16:23,889 - INFO -   Epoch [140/873] Loss: 2.2744
2026-02-21 08:16:27,642 - INFO -   Epoch [150/873] Loss: 1.5751
2026-02-21 08:16:31,395 - INFO -   Epoch [160/873] Loss: 1.8620
2026-02-21 08:16:35,144 - INFO -   Epoch [170/873] Loss: 1.7397
2026-02-21 08:16:38,885 - INFO -   Epoch [180/873] Loss: 2.5224
2026-02-21 08:16:42,625 - INFO -   Epoch [190/873] Loss: 1.7118
2026-02-21 08:16:46,369 - INFO -   Epoch [200/873] Loss: 1.9941
2026-02-21 08:16:50,098 - INFO -   Epoch [210/873] Loss: 2.1991
2026-02-21 08:16:53,840 - INFO -   Epoch [220/873] Loss: 1.7551
2026-02-21 08:16:57,591 - INFO -   Epoch [230/873] Loss: 1.8517
2026-02-21 08:17:01,342 - INFO -   Epoch [240/873] Loss: 1.5962
2026-02-21 08:17:05,089 - INFO -   Epoch [250/873] Loss: 1.7702
2026-02-21 08:17:08,833 - INFO -   Epoch [260/873] Loss: 1.6736
2026-02-21 08:17:12,559 - INFO -   Epoch [270/873] Loss: 2.0952
2026-02-21 08:17:16,309 - INFO -   Epoch [280/873] Loss: 1.9368
2026-02-21 08:17:20,043 - INFO -   Epoch [290/873] Loss: 2.0236
2026-02-21 08:17:23,764 - INFO -   Epoch [300/873] Loss: 2.3281
2026-02-21 08:17:27,510 - INFO -   Epoch [310/873] Loss: 1.6937
2026-02-21 08:17:31,238 - INFO -   Epoch [320/873] Loss: 1.6527
2026-02-21 08:17:34,954 - INFO -   Epoch [330/873] Loss: 2.1251
2026-02-21 08:17:38,707 - INFO -   Epoch [340/873] Loss: 1.6719
2026-02-21 08:17:42,450 - INFO -   Epoch [350/873] Loss: 1.7347
2026-02-21 08:17:46,202 - INFO -   Epoch [360/873] Loss: 1.8503
2026-02-21 08:17:49,931 - INFO -   Epoch [370/873] Loss: 1.9979
2026-02-21 08:17:53,679 - INFO -   Epoch [380/873] Loss: 2.0329
2026-02-21 08:17:57,428 - INFO -   Epoch [390/873] Loss: 1.5471
2026-02-21 08:18:01,170 - INFO -   Epoch [400/873] Loss: 1.6774
2026-02-21 08:18:04,914 - INFO -   Epoch [410/873] Loss: 1.5784
2026-02-21 08:18:08,663 - INFO -   Epoch [420/873] Loss: 1.7642
2026-02-21 08:18:12,393 - INFO -   Epoch [430/873] Loss: 1.7573
2026-02-21 08:18:16,132 - INFO -   Epoch [440/873] Loss: 1.9745
2026-02-21 08:18:19,884 - INFO -   Epoch [450/873] Loss: 2.0566
2026-02-21 08:18:23,631 - INFO -   Epoch [460/873] Loss: 2.3474
2026-02-21 08:18:27,377 - INFO -   Epoch [470/873] Loss: 1.6613
2026-02-21 08:18:31,116 - INFO -   Epoch [480/873] Loss: 2.0925
2026-02-21 08:18:34,865 - INFO -   Epoch [490/873] Loss: 1.7519
2026-02-21 08:18:38,608 - INFO -   Epoch [500/873] Loss: 1.7966
2026-02-21 08:18:42,322 - INFO -   Epoch [510/873] Loss: 2.4388
2026-02-21 08:18:46,053 - INFO -   Epoch [520/873] Loss: 2.7622
2026-02-21 08:18:49,796 - INFO -   Epoch [530/873] Loss: 1.5667
2026-02-21 08:18:53,527 - INFO -   Epoch [540/873] Loss: 2.4872
2026-02-21 08:18:57,275 - INFO -   Epoch [550/873] Loss: 2.0295
2026-02-21 08:19:01,014 - INFO -   Epoch [560/873] Loss: 2.6905
2026-02-21 08:19:04,757 - INFO -   Epoch [570/873] Loss: 2.0130
2026-02-21 08:19:08,504 - INFO -   Epoch [580/873] Loss: 1.9901
2026-02-21 08:19:12,250 - INFO -   Epoch [590/873] Loss: 2.6263
2026-02-21 08:19:15,995 - INFO -   Epoch [600/873] Loss: 1.6084
2026-02-21 08:19:19,740 - INFO -   Epoch [610/873] Loss: 1.7520
2026-02-21 08:19:23,480 - INFO -   Epoch [620/873] Loss: 2.4885
2026-02-21 08:19:27,228 - INFO -   Epoch [630/873] Loss: 1.8010
2026-02-21 08:19:30,976 - INFO -   Epoch [640/873] Loss: 1.8639
2026-02-21 08:19:34,724 - INFO -   Epoch [650/873] Loss: 2.3577
2026-02-21 08:19:38,465 - INFO -   Epoch [660/873] Loss: 1.7992
2026-02-21 08:19:42,192 - INFO -   Epoch [670/873] Loss: 1.7381
2026-02-21 08:19:45,947 - INFO -   Epoch [680/873] Loss: 2.0289
2026-02-21 08:19:49,678 - INFO -   Epoch [690/873] Loss: 1.8666
2026-02-21 08:19:53,404 - INFO -   Epoch [700/873] Loss: 1.8357
2026-02-21 08:19:57,155 - INFO -   Epoch [710/873] Loss: 2.3001
2026-02-21 08:20:00,902 - INFO -   Epoch [720/873] Loss: 1.7900
2026-02-21 08:20:04,653 - INFO -   Epoch [730/873] Loss: 1.8451
2026-02-21 08:20:08,408 - INFO -   Epoch [740/873] Loss: 1.7739
2026-02-21 08:20:12,161 - INFO -   Epoch [750/873] Loss: 2.3606
2026-02-21 08:20:15,911 - INFO -   Epoch [760/873] Loss: 1.8029
2026-02-21 08:20:19,658 - INFO -   Epoch [770/873] Loss: 1.8991
2026-02-21 08:20:23,412 - INFO -   Epoch [780/873] Loss: 1.7735
2026-02-21 08:20:27,166 - INFO -   Epoch [790/873] Loss: 2.2908
2026-02-21 08:20:30,905 - INFO -   Epoch [800/873] Loss: 1.5806
2026-02-21 08:20:34,650 - INFO -   Epoch [810/873] Loss: 2.3488
2026-02-21 08:20:38,398 - INFO -   Epoch [820/873] Loss: 1.9330
2026-02-21 08:20:42,127 - INFO -   Epoch [830/873] Loss: 1.8760
2026-02-21 08:20:45,879 - INFO -   Epoch [840/873] Loss: 2.3763
2026-02-21 08:20:49,619 - INFO -   Epoch [850/873] Loss: 1.9504
2026-02-21 08:20:53,345 - INFO -   Epoch [860/873] Loss: 1.8700
2026-02-21 08:20:57,096 - INFO -   Epoch [870/873] Loss: 2.0123
2026-02-21 08:21:16,782 - INFO -   Train Loss: 1.9023
2026-02-21 08:21:16,782 - INFO -   Train Accuracy: 30.57%
2026-02-21 08:21:16,782 - INFO -   Val Loss: 1.9218
2026-02-21 08:21:16,782 - INFO -   Val Accuracy: 36.14% | F1: 0.1886
2026-02-21 08:21:16,782 - INFO -   LR: 0.000250
2026-02-21 08:21:16,782 - INFO -   Patience: 1/15
2026-02-21 08:21:16,782 - INFO - 
Epoch 22/100
2026-02-21 08:21:20,484 - INFO -   Epoch [10/873] Loss: 2.0607
2026-02-21 08:21:24,227 - INFO -   Epoch [20/873] Loss: 1.8495
2026-02-21 08:21:27,974 - INFO -   Epoch [30/873] Loss: 2.0642
2026-02-21 08:21:31,727 - INFO -   Epoch [40/873] Loss: 1.6595
2026-02-21 08:21:35,446 - INFO -   Epoch [50/873] Loss: 1.7785
2026-02-21 08:21:39,200 - INFO -   Epoch [60/873] Loss: 2.1362
2026-02-21 08:21:42,955 - INFO -   Epoch [70/873] Loss: 2.1116
2026-02-21 08:21:46,716 - INFO -   Epoch [80/873] Loss: 1.9549
2026-02-21 08:21:50,458 - INFO -   Epoch [90/873] Loss: 1.7347
2026-02-21 08:21:54,222 - INFO -   Epoch [100/873] Loss: 1.9554
2026-02-21 08:21:57,983 - INFO -   Epoch [110/873] Loss: 1.7232
2026-02-21 08:22:01,729 - INFO -   Epoch [120/873] Loss: 1.7040
2026-02-21 08:22:05,466 - INFO -   Epoch [130/873] Loss: 2.5290
2026-02-21 08:22:09,227 - INFO -   Epoch [140/873] Loss: 1.9185
2026-02-21 08:22:12,990 - INFO -   Epoch [150/873] Loss: 1.8022
2026-02-21 08:22:16,754 - INFO -   Epoch [160/873] Loss: 1.7637
2026-02-21 08:22:20,512 - INFO -   Epoch [170/873] Loss: 1.7845
2026-02-21 08:22:24,266 - INFO -   Epoch [180/873] Loss: 2.3329
2026-02-21 08:22:28,028 - INFO -   Epoch [190/873] Loss: 1.7882
2026-02-21 08:22:31,792 - INFO -   Epoch [200/873] Loss: 1.8991
2026-02-21 08:22:35,555 - INFO -   Epoch [210/873] Loss: 1.7338
2026-02-21 08:22:39,305 - INFO -   Epoch [220/873] Loss: 1.5824
2026-02-21 08:22:43,062 - INFO -   Epoch [230/873] Loss: 1.9117
2026-02-21 08:22:46,826 - INFO -   Epoch [240/873] Loss: 2.6348
2026-02-21 08:22:50,589 - INFO -   Epoch [250/873] Loss: 2.1588
2026-02-21 08:22:54,347 - INFO -   Epoch [260/873] Loss: 1.8221
2026-02-21 08:22:58,103 - INFO -   Epoch [270/873] Loss: 1.6869
2026-02-21 08:23:01,848 - INFO -   Epoch [280/873] Loss: 1.6896
2026-02-21 08:23:05,562 - INFO -   Epoch [290/873] Loss: 1.9576
2026-02-21 08:23:09,308 - INFO -   Epoch [300/873] Loss: 2.7541
2026-02-21 08:23:13,055 - INFO -   Epoch [310/873] Loss: 1.8732
2026-02-21 08:23:16,806 - INFO -   Epoch [320/873] Loss: 2.1835
2026-02-21 08:23:20,557 - INFO -   Epoch [330/873] Loss: 1.9440
2026-02-21 08:23:24,308 - INFO -   Epoch [340/873] Loss: 1.8739
2026-02-21 08:23:28,058 - INFO -   Epoch [350/873] Loss: 2.1188
2026-02-21 08:23:31,784 - INFO -   Epoch [360/873] Loss: 1.7992
2026-02-21 08:23:35,531 - INFO -   Epoch [370/873] Loss: 1.8003
2026-02-21 08:23:39,278 - INFO -   Epoch [380/873] Loss: 2.0646
2026-02-21 08:23:43,028 - INFO -   Epoch [390/873] Loss: 1.6887
2026-02-21 08:23:46,775 - INFO -   Epoch [400/873] Loss: 1.6856
2026-02-21 08:23:50,517 - INFO -   Epoch [410/873] Loss: 1.5694
2026-02-21 08:23:54,260 - INFO -   Epoch [420/873] Loss: 1.4951
2026-02-21 08:23:57,992 - INFO -   Epoch [430/873] Loss: 1.9322
2026-02-21 08:24:01,740 - INFO -   Epoch [440/873] Loss: 1.9257
2026-02-21 08:24:05,488 - INFO -   Epoch [450/873] Loss: 1.5475
2026-02-21 08:24:09,232 - INFO -   Epoch [460/873] Loss: 2.1742
2026-02-21 08:24:12,962 - INFO -   Epoch [470/873] Loss: 2.6302
2026-02-21 08:24:16,712 - INFO -   Epoch [480/873] Loss: 1.7564
2026-02-21 08:24:20,460 - INFO -   Epoch [490/873] Loss: 1.7775
2026-02-21 08:24:24,217 - INFO -   Epoch [500/873] Loss: 1.6169
2026-02-21 08:24:27,969 - INFO -   Epoch [510/873] Loss: 2.1630
2026-02-21 08:24:31,718 - INFO -   Epoch [520/873] Loss: 1.9957
2026-02-21 08:24:35,468 - INFO -   Epoch [530/873] Loss: 1.7049
2026-02-21 08:24:39,222 - INFO -   Epoch [540/873] Loss: 1.8071
2026-02-21 08:24:42,974 - INFO -   Epoch [550/873] Loss: 1.6701
2026-02-21 08:24:46,736 - INFO -   Epoch [560/873] Loss: 1.8808
2026-02-21 08:24:50,484 - INFO -   Epoch [570/873] Loss: 1.8731
2026-02-21 08:24:54,220 - INFO -   Epoch [580/873] Loss: 1.9704
2026-02-21 08:24:57,980 - INFO -   Epoch [590/873] Loss: 2.0177
2026-02-21 08:25:01,700 - INFO -   Epoch [600/873] Loss: 1.6959
2026-02-21 08:25:05,466 - INFO -   Epoch [610/873] Loss: 1.8961
2026-02-21 08:25:09,223 - INFO -   Epoch [620/873] Loss: 1.7055
2026-02-21 08:25:12,983 - INFO -   Epoch [630/873] Loss: 1.6194
2026-02-21 08:25:16,740 - INFO -   Epoch [640/873] Loss: 1.8981
2026-02-21 08:25:20,479 - INFO -   Epoch [650/873] Loss: 2.1613
2026-02-21 08:25:24,211 - INFO -   Epoch [660/873] Loss: 1.7932
2026-02-21 08:25:27,974 - INFO -   Epoch [670/873] Loss: 1.6786
2026-02-21 08:25:31,737 - INFO -   Epoch [680/873] Loss: 1.8570
2026-02-21 08:25:35,499 - INFO -   Epoch [690/873] Loss: 1.7073
2026-02-21 08:25:39,251 - INFO -   Epoch [700/873] Loss: 1.6857
2026-02-21 08:25:43,010 - INFO -   Epoch [710/873] Loss: 2.2307
2026-02-21 08:25:46,773 - INFO -   Epoch [720/873] Loss: 1.5689
2026-02-21 08:25:50,527 - INFO -   Epoch [730/873] Loss: 2.3091
2026-02-21 08:25:54,291 - INFO -   Epoch [740/873] Loss: 2.1059
2026-02-21 08:25:58,048 - INFO -   Epoch [750/873] Loss: 2.3574
2026-02-21 08:26:01,789 - INFO -   Epoch [760/873] Loss: 1.9671
2026-02-21 08:26:05,537 - INFO -   Epoch [770/873] Loss: 2.1790
2026-02-21 08:26:09,276 - INFO -   Epoch [780/873] Loss: 1.8173
2026-02-21 08:26:12,995 - INFO -   Epoch [790/873] Loss: 2.0707
2026-02-21 08:26:16,749 - INFO -   Epoch [800/873] Loss: 1.5015
2026-02-21 08:26:20,495 - INFO -   Epoch [810/873] Loss: 1.5950
2026-02-21 08:26:24,242 - INFO -   Epoch [820/873] Loss: 2.0170
2026-02-21 08:26:27,997 - INFO -   Epoch [830/873] Loss: 1.6229
2026-02-21 08:26:31,741 - INFO -   Epoch [840/873] Loss: 1.9388
2026-02-21 08:26:35,487 - INFO -   Epoch [850/873] Loss: 1.6327
2026-02-21 08:26:39,234 - INFO -   Epoch [860/873] Loss: 1.7643
2026-02-21 08:26:42,982 - INFO -   Epoch [870/873] Loss: 1.6078
2026-02-21 08:27:02,693 - INFO -   Train Loss: 1.8969
2026-02-21 08:27:02,693 - INFO -   Train Accuracy: 28.66%
2026-02-21 08:27:02,693 - INFO -   Val Loss: 1.7907
2026-02-21 08:27:02,693 - INFO -   Val Accuracy: 41.45% | F1: 0.2297
2026-02-21 08:27:02,693 - INFO -   LR: 0.000250
2026-02-21 08:27:02,789 - INFO -   ✓ New best model saved!
2026-02-21 08:27:02,789 - INFO -   Patience: 0/15
2026-02-21 08:27:02,789 - INFO - 
Epoch 23/100
2026-02-21 08:27:06,496 - INFO -   Epoch [10/873] Loss: 1.5162
2026-02-21 08:27:10,194 - INFO -   Epoch [20/873] Loss: 1.6393
2026-02-21 08:27:13,887 - INFO -   Epoch [30/873] Loss: 1.7655
2026-02-21 08:27:17,597 - INFO -   Epoch [40/873] Loss: 1.7664
2026-02-21 08:27:21,326 - INFO -   Epoch [50/873] Loss: 2.3531
2026-02-21 08:27:25,071 - INFO -   Epoch [60/873] Loss: 2.1746
2026-02-21 08:27:28,817 - INFO -   Epoch [70/873] Loss: 1.9724
2026-02-21 08:27:32,536 - INFO -   Epoch [80/873] Loss: 1.7093
2026-02-21 08:27:36,281 - INFO -   Epoch [90/873] Loss: 1.8167
2026-02-21 08:27:40,030 - INFO -   Epoch [100/873] Loss: 1.6698
2026-02-21 08:27:43,778 - INFO -   Epoch [110/873] Loss: 1.7041
2026-02-21 08:27:47,529 - INFO -   Epoch [120/873] Loss: 1.8490
2026-02-21 08:27:51,275 - INFO -   Epoch [130/873] Loss: 1.8470
2026-02-21 08:27:55,029 - INFO -   Epoch [140/873] Loss: 1.9645
2026-02-21 08:27:58,776 - INFO -   Epoch [150/873] Loss: 1.8856
2026-02-21 08:28:02,529 - INFO -   Epoch [160/873] Loss: 2.1198
2026-02-21 08:28:06,280 - INFO -   Epoch [170/873] Loss: 1.6579
2026-02-21 08:28:10,011 - INFO -   Epoch [180/873] Loss: 1.7969
2026-02-21 08:28:13,753 - INFO -   Epoch [190/873] Loss: 1.9170
2026-02-21 08:28:17,508 - INFO -   Epoch [200/873] Loss: 2.3232
2026-02-21 08:28:21,245 - INFO -   Epoch [210/873] Loss: 1.7726
2026-02-21 08:28:24,990 - INFO -   Epoch [220/873] Loss: 2.3271
2026-02-21 08:28:28,743 - INFO -   Epoch [230/873] Loss: 1.5468
2026-02-21 08:28:32,491 - INFO -   Epoch [240/873] Loss: 1.8225
2026-02-21 08:28:36,247 - INFO -   Epoch [250/873] Loss: 1.7456
2026-02-21 08:28:39,996 - INFO -   Epoch [260/873] Loss: 1.8979
2026-02-21 08:28:43,750 - INFO -   Epoch [270/873] Loss: 2.1990
2026-02-21 08:28:47,501 - INFO -   Epoch [280/873] Loss: 1.8538
2026-02-21 08:28:51,253 - INFO -   Epoch [290/873] Loss: 2.2558
2026-02-21 08:28:55,005 - INFO -   Epoch [300/873] Loss: 1.8486
2026-02-21 08:28:58,761 - INFO -   Epoch [310/873] Loss: 2.1422
2026-02-21 08:29:02,515 - INFO -   Epoch [320/873] Loss: 1.7616
2026-02-21 08:29:06,266 - INFO -   Epoch [330/873] Loss: 1.7222
2026-02-21 08:29:10,014 - INFO -   Epoch [340/873] Loss: 1.9242
2026-02-21 08:29:13,767 - INFO -   Epoch [350/873] Loss: 1.4964
2026-02-21 08:29:17,511 - INFO -   Epoch [360/873] Loss: 2.3220
2026-02-21 08:29:21,259 - INFO -   Epoch [370/873] Loss: 1.7994
2026-02-21 08:29:25,010 - INFO -   Epoch [380/873] Loss: 1.6103
2026-02-21 08:29:28,757 - INFO -   Epoch [390/873] Loss: 2.4838
2026-02-21 08:29:32,505 - INFO -   Epoch [400/873] Loss: 1.8040
2026-02-21 08:29:36,252 - INFO -   Epoch [410/873] Loss: 1.8645
2026-02-21 08:29:40,007 - INFO -   Epoch [420/873] Loss: 2.0137
2026-02-21 08:29:43,757 - INFO -   Epoch [430/873] Loss: 2.3000
2026-02-21 08:29:47,511 - INFO -   Epoch [440/873] Loss: 1.8986
2026-02-21 08:29:51,265 - INFO -   Epoch [450/873] Loss: 1.8875
2026-02-21 08:29:55,014 - INFO -   Epoch [460/873] Loss: 2.0289
2026-02-21 08:29:58,762 - INFO -   Epoch [470/873] Loss: 1.9900
2026-02-21 08:30:02,513 - INFO -   Epoch [480/873] Loss: 1.7606
2026-02-21 08:30:06,262 - INFO -   Epoch [490/873] Loss: 1.7107
2026-02-21 08:30:10,005 - INFO -   Epoch [500/873] Loss: 1.7048
2026-02-21 08:30:13,732 - INFO -   Epoch [510/873] Loss: 1.7670
2026-02-21 08:30:17,477 - INFO -   Epoch [520/873] Loss: 1.8549
2026-02-21 08:30:21,225 - INFO -   Epoch [530/873] Loss: 1.7611
2026-02-21 08:30:24,973 - INFO -   Epoch [540/873] Loss: 1.9319
2026-02-21 08:30:28,720 - INFO -   Epoch [550/873] Loss: 1.8267
2026-02-21 08:30:32,469 - INFO -   Epoch [560/873] Loss: 1.6019
2026-02-21 08:30:36,209 - INFO -   Epoch [570/873] Loss: 1.9055
2026-02-21 08:30:39,956 - INFO -   Epoch [580/873] Loss: 2.0450
2026-02-21 08:30:43,701 - INFO -   Epoch [590/873] Loss: 1.9145
2026-02-21 08:30:47,450 - INFO -   Epoch [600/873] Loss: 2.2913
2026-02-21 08:30:51,197 - INFO -   Epoch [610/873] Loss: 1.7026
2026-02-21 08:30:54,950 - INFO -   Epoch [620/873] Loss: 1.8820
2026-02-21 08:30:58,693 - INFO -   Epoch [630/873] Loss: 2.1251
2026-02-21 08:31:02,441 - INFO -   Epoch [640/873] Loss: 1.8031
2026-02-21 08:31:06,192 - INFO -   Epoch [650/873] Loss: 1.8821
2026-02-21 08:31:09,939 - INFO -   Epoch [660/873] Loss: 1.7495
2026-02-21 08:31:13,687 - INFO -   Epoch [670/873] Loss: 2.6810
2026-02-21 08:31:17,439 - INFO -   Epoch [680/873] Loss: 1.6369
2026-02-21 08:31:21,189 - INFO -   Epoch [690/873] Loss: 1.8811
2026-02-21 08:31:24,942 - INFO -   Epoch [700/873] Loss: 1.9985
2026-02-21 08:31:28,687 - INFO -   Epoch [710/873] Loss: 1.6370
2026-02-21 08:31:32,414 - INFO -   Epoch [720/873] Loss: 1.7335
2026-02-21 08:31:36,166 - INFO -   Epoch [730/873] Loss: 1.8937
2026-02-21 08:31:39,925 - INFO -   Epoch [740/873] Loss: 1.9252
2026-02-21 08:31:43,691 - INFO -   Epoch [750/873] Loss: 1.7922
2026-02-21 08:31:47,447 - INFO -   Epoch [760/873] Loss: 1.6679
2026-02-21 08:31:51,171 - INFO -   Epoch [770/873] Loss: 2.1486
2026-02-21 08:31:54,913 - INFO -   Epoch [780/873] Loss: 2.2483
2026-02-21 08:31:58,673 - INFO -   Epoch [790/873] Loss: 1.7197
2026-02-21 08:32:02,437 - INFO -   Epoch [800/873] Loss: 1.5852
2026-02-21 08:32:06,200 - INFO -   Epoch [810/873] Loss: 1.4996
2026-02-21 08:32:09,958 - INFO -   Epoch [820/873] Loss: 1.8700
2026-02-21 08:32:13,716 - INFO -   Epoch [830/873] Loss: 1.9597
2026-02-21 08:32:17,477 - INFO -   Epoch [840/873] Loss: 1.6286
2026-02-21 08:32:21,211 - INFO -   Epoch [850/873] Loss: 1.7022
2026-02-21 08:32:24,959 - INFO -   Epoch [860/873] Loss: 1.9368
2026-02-21 08:32:28,719 - INFO -   Epoch [870/873] Loss: 1.5124
2026-02-21 08:32:48,457 - INFO -   Train Loss: 1.8829
2026-02-21 08:32:48,457 - INFO -   Train Accuracy: 30.65%
2026-02-21 08:32:48,457 - INFO -   Val Loss: 1.8089
2026-02-21 08:32:48,457 - INFO -   Val Accuracy: 37.44% | F1: 0.2198
2026-02-21 08:32:48,457 - INFO -   LR: 0.000250
2026-02-21 08:32:48,458 - INFO -   Patience: 1/15
2026-02-21 08:32:48,458 - INFO - 
Epoch 24/100
2026-02-21 08:32:52,158 - INFO -   Epoch [10/873] Loss: 1.4953
2026-02-21 08:32:55,858 - INFO -   Epoch [20/873] Loss: 2.1382
2026-02-21 08:32:59,554 - INFO -   Epoch [30/873] Loss: 2.7909
2026-02-21 08:33:03,251 - INFO -   Epoch [40/873] Loss: 1.9958
2026-02-21 08:33:06,988 - INFO -   Epoch [50/873] Loss: 1.5829
2026-02-21 08:33:10,749 - INFO -   Epoch [60/873] Loss: 1.9634
2026-02-21 08:33:14,511 - INFO -   Epoch [70/873] Loss: 1.7326
2026-02-21 08:33:18,277 - INFO -   Epoch [80/873] Loss: 1.9444
2026-02-21 08:33:22,003 - INFO -   Epoch [90/873] Loss: 2.2547
2026-02-21 08:33:25,753 - INFO -   Epoch [100/873] Loss: 1.9678
2026-02-21 08:33:29,512 - INFO -   Epoch [110/873] Loss: 1.9093
2026-02-21 08:33:33,249 - INFO -   Epoch [120/873] Loss: 2.0165
2026-02-21 08:33:37,010 - INFO -   Epoch [130/873] Loss: 1.6942
2026-02-21 08:33:40,758 - INFO -   Epoch [140/873] Loss: 1.8530
2026-02-21 08:33:44,518 - INFO -   Epoch [150/873] Loss: 1.8831
2026-02-21 08:33:48,287 - INFO -   Epoch [160/873] Loss: 1.8839
2026-02-21 08:33:52,026 - INFO -   Epoch [170/873] Loss: 1.7583
2026-02-21 08:33:55,780 - INFO -   Epoch [180/873] Loss: 1.8203
2026-02-21 08:33:59,526 - INFO -   Epoch [190/873] Loss: 1.5627
2026-02-21 08:34:03,276 - INFO -   Epoch [200/873] Loss: 1.7077
2026-02-21 08:34:07,037 - INFO -   Epoch [210/873] Loss: 2.1129
2026-02-21 08:34:10,805 - INFO -   Epoch [220/873] Loss: 1.8544
2026-02-21 08:34:14,568 - INFO -   Epoch [230/873] Loss: 1.9331
2026-02-21 08:34:18,333 - INFO -   Epoch [240/873] Loss: 1.4643
2026-02-21 08:34:22,085 - INFO -   Epoch [250/873] Loss: 1.6967
2026-02-21 08:34:25,849 - INFO -   Epoch [260/873] Loss: 2.0038
2026-02-21 08:34:29,596 - INFO -   Epoch [270/873] Loss: 1.6698
2026-02-21 08:34:33,353 - INFO -   Epoch [280/873] Loss: 2.6952
2026-02-21 08:34:37,112 - INFO -   Epoch [290/873] Loss: 1.8056
2026-02-21 08:34:40,845 - INFO -   Epoch [300/873] Loss: 1.4475
2026-02-21 08:34:44,607 - INFO -   Epoch [310/873] Loss: 1.7390
2026-02-21 08:34:48,366 - INFO -   Epoch [320/873] Loss: 1.6698
2026-02-21 08:34:52,128 - INFO -   Epoch [330/873] Loss: 1.6644
2026-02-21 08:34:55,894 - INFO -   Epoch [340/873] Loss: 1.7086
2026-02-21 08:34:59,647 - INFO -   Epoch [350/873] Loss: 1.8017
2026-02-21 08:35:03,388 - INFO -   Epoch [360/873] Loss: 1.8931
2026-02-21 08:35:07,123 - INFO -   Epoch [370/873] Loss: 1.8754
2026-02-21 08:35:10,853 - INFO -   Epoch [380/873] Loss: 1.7586
2026-02-21 08:35:14,625 - INFO -   Epoch [390/873] Loss: 1.7061
2026-02-21 08:35:18,391 - INFO -   Epoch [400/873] Loss: 1.6072
2026-02-21 08:35:22,153 - INFO -   Epoch [410/873] Loss: 2.2737
2026-02-21 08:35:25,918 - INFO -   Epoch [420/873] Loss: 1.4994
2026-02-21 08:35:29,657 - INFO -   Epoch [430/873] Loss: 1.6787
2026-02-21 08:35:33,392 - INFO -   Epoch [440/873] Loss: 1.7630
2026-02-21 08:35:37,160 - INFO -   Epoch [450/873] Loss: 1.8594
2026-02-21 08:35:40,921 - INFO -   Epoch [460/873] Loss: 2.3672
2026-02-21 08:35:44,681 - INFO -   Epoch [470/873] Loss: 2.2564
2026-02-21 08:35:48,439 - INFO -   Epoch [480/873] Loss: 1.9739
2026-02-21 08:35:52,184 - INFO -   Epoch [490/873] Loss: 1.8329
2026-02-21 08:35:55,946 - INFO -   Epoch [500/873] Loss: 1.8995
2026-02-21 08:35:59,710 - INFO -   Epoch [510/873] Loss: 1.6817
2026-02-21 08:36:03,472 - INFO -   Epoch [520/873] Loss: 1.4233
2026-02-21 08:36:07,232 - INFO -   Epoch [530/873] Loss: 1.9117
2026-02-21 08:36:11,001 - INFO -   Epoch [540/873] Loss: 1.6285
2026-02-21 08:36:14,765 - INFO -   Epoch [550/873] Loss: 1.7919
2026-02-21 08:36:18,528 - INFO -   Epoch [560/873] Loss: 1.9431
2026-02-21 08:36:22,287 - INFO -   Epoch [570/873] Loss: 1.7527
2026-02-21 08:36:26,051 - INFO -   Epoch [580/873] Loss: 2.0530
2026-02-21 08:36:29,812 - INFO -   Epoch [590/873] Loss: 1.7475
2026-02-21 08:36:33,577 - INFO -   Epoch [600/873] Loss: 1.8776
2026-02-21 08:36:37,340 - INFO -   Epoch [610/873] Loss: 2.2335
2026-02-21 08:36:41,101 - INFO -   Epoch [620/873] Loss: 1.6888
2026-02-21 08:36:44,867 - INFO -   Epoch [630/873] Loss: 1.7062
2026-02-21 08:36:48,631 - INFO -   Epoch [640/873] Loss: 2.0799
2026-02-21 08:36:52,356 - INFO -   Epoch [650/873] Loss: 1.6990
2026-02-21 08:36:56,117 - INFO -   Epoch [660/873] Loss: 1.5833
2026-02-21 08:36:59,877 - INFO -   Epoch [670/873] Loss: 1.8868
2026-02-21 08:37:03,644 - INFO -   Epoch [680/873] Loss: 1.8495
2026-02-21 08:37:07,406 - INFO -   Epoch [690/873] Loss: 2.0232
2026-02-21 08:37:11,173 - INFO -   Epoch [700/873] Loss: 1.8997
2026-02-21 08:37:14,932 - INFO -   Epoch [710/873] Loss: 1.7620
2026-02-21 08:37:18,692 - INFO -   Epoch [720/873] Loss: 1.9720
2026-02-21 08:37:22,456 - INFO -   Epoch [730/873] Loss: 1.8606
2026-02-21 08:37:26,224 - INFO -   Epoch [740/873] Loss: 1.8182
2026-02-21 08:37:29,965 - INFO -   Epoch [750/873] Loss: 1.9898
2026-02-21 08:37:33,702 - INFO -   Epoch [760/873] Loss: 2.2267
2026-02-21 08:37:37,462 - INFO -   Epoch [770/873] Loss: 2.0414
2026-02-21 08:37:41,206 - INFO -   Epoch [780/873] Loss: 2.5993
2026-02-21 08:37:44,970 - INFO -   Epoch [790/873] Loss: 1.6937
2026-02-21 08:37:48,716 - INFO -   Epoch [800/873] Loss: 1.6102
2026-02-21 08:37:52,446 - INFO -   Epoch [810/873] Loss: 1.6815
2026-02-21 08:37:56,194 - INFO -   Epoch [820/873] Loss: 1.4614
2026-02-21 08:37:59,942 - INFO -   Epoch [830/873] Loss: 2.3052
2026-02-21 08:38:03,694 - INFO -   Epoch [840/873] Loss: 1.9733
2026-02-21 08:38:07,448 - INFO -   Epoch [850/873] Loss: 2.0026
2026-02-21 08:38:11,201 - INFO -   Epoch [860/873] Loss: 1.9863
2026-02-21 08:38:14,924 - INFO -   Epoch [870/873] Loss: 1.4859
2026-02-21 08:38:34,650 - INFO -   Train Loss: 1.8676
2026-02-21 08:38:34,650 - INFO -   Train Accuracy: 30.09%
2026-02-21 08:38:34,650 - INFO -   Val Loss: 1.8214
2026-02-21 08:38:34,650 - INFO -   Val Accuracy: 38.30% | F1: 0.2099
2026-02-21 08:38:34,650 - INFO -   LR: 0.000250
2026-02-21 08:38:34,651 - INFO -   Patience: 2/15
2026-02-21 08:38:34,651 - INFO - 
Epoch 25/100
2026-02-21 08:38:38,350 - INFO -   Epoch [10/873] Loss: 1.6063
2026-02-21 08:38:42,049 - INFO -   Epoch [20/873] Loss: 1.5594
2026-02-21 08:38:45,747 - INFO -   Epoch [30/873] Loss: 1.5116
2026-02-21 08:38:49,449 - INFO -   Epoch [40/873] Loss: 1.4132
2026-02-21 08:38:53,148 - INFO -   Epoch [50/873] Loss: 2.1176
2026-02-21 08:38:56,851 - INFO -   Epoch [60/873] Loss: 1.9213
2026-02-21 08:39:00,582 - INFO -   Epoch [70/873] Loss: 1.8319
2026-02-21 08:39:04,339 - INFO -   Epoch [80/873] Loss: 2.0420
2026-02-21 08:39:08,098 - INFO -   Epoch [90/873] Loss: 1.7526
2026-02-21 08:39:11,843 - INFO -   Epoch [100/873] Loss: 1.9090
2026-02-21 08:39:15,602 - INFO -   Epoch [110/873] Loss: 2.6318
2026-02-21 08:39:19,361 - INFO -   Epoch [120/873] Loss: 2.1792
2026-02-21 08:39:23,060 - INFO -   Epoch [130/873] Loss: 1.7351
2026-02-21 08:39:26,761 - INFO -   Epoch [140/873] Loss: 1.5542
2026-02-21 08:39:30,468 - INFO -   Epoch [150/873] Loss: 1.7969
2026-02-21 08:39:34,215 - INFO -   Epoch [160/873] Loss: 1.5620
2026-02-21 08:39:37,976 - INFO -   Epoch [170/873] Loss: 1.6364
2026-02-21 08:39:41,724 - INFO -   Epoch [180/873] Loss: 1.7076
2026-02-21 08:39:45,488 - INFO -   Epoch [190/873] Loss: 1.5694
2026-02-21 08:39:49,250 - INFO -   Epoch [200/873] Loss: 1.8780
2026-02-21 08:39:53,012 - INFO -   Epoch [210/873] Loss: 2.5442
2026-02-21 08:39:56,775 - INFO -   Epoch [220/873] Loss: 1.8723
2026-02-21 08:40:00,538 - INFO -   Epoch [230/873] Loss: 1.7033
2026-02-21 08:40:04,294 - INFO -   Epoch [240/873] Loss: 1.7846
2026-02-21 08:40:08,055 - INFO -   Epoch [250/873] Loss: 1.5811
2026-02-21 08:40:11,816 - INFO -   Epoch [260/873] Loss: 2.2294
2026-02-21 08:40:15,578 - INFO -   Epoch [270/873] Loss: 1.7698
2026-02-21 08:40:19,340 - INFO -   Epoch [280/873] Loss: 2.0795
2026-02-21 08:40:23,083 - INFO -   Epoch [290/873] Loss: 1.7789
2026-02-21 08:40:26,846 - INFO -   Epoch [300/873] Loss: 2.1833
2026-02-21 08:40:30,611 - INFO -   Epoch [310/873] Loss: 2.2704
2026-02-21 08:40:34,375 - INFO -   Epoch [320/873] Loss: 1.8131
2026-02-21 08:40:38,141 - INFO -   Epoch [330/873] Loss: 1.6090
2026-02-21 08:40:41,885 - INFO -   Epoch [340/873] Loss: 1.6914
2026-02-21 08:40:45,645 - INFO -   Epoch [350/873] Loss: 1.6385
2026-02-21 08:40:49,392 - INFO -   Epoch [360/873] Loss: 1.9336
2026-02-21 08:40:53,144 - INFO -   Epoch [370/873] Loss: 1.9334
2026-02-21 08:40:56,910 - INFO -   Epoch [380/873] Loss: 1.6742
2026-02-21 08:41:00,677 - INFO -   Epoch [390/873] Loss: 1.7319
2026-02-21 08:41:04,442 - INFO -   Epoch [400/873] Loss: 1.5031
2026-02-21 08:41:08,204 - INFO -   Epoch [410/873] Loss: 1.6767
2026-02-21 08:41:11,938 - INFO -   Epoch [420/873] Loss: 1.5351
2026-02-21 08:41:15,672 - INFO -   Epoch [430/873] Loss: 2.0730
2026-02-21 08:41:19,426 - INFO -   Epoch [440/873] Loss: 1.7512
2026-02-21 08:41:23,185 - INFO -   Epoch [450/873] Loss: 1.9587
2026-02-21 08:41:26,940 - INFO -   Epoch [460/873] Loss: 1.8567
2026-02-21 08:41:30,688 - INFO -   Epoch [470/873] Loss: 1.6428
2026-02-21 08:41:34,436 - INFO -   Epoch [480/873] Loss: 1.4345
2026-02-21 08:41:38,194 - INFO -   Epoch [490/873] Loss: 1.5824
2026-02-21 08:41:41,950 - INFO -   Epoch [500/873] Loss: 1.6612
2026-02-21 08:41:45,714 - INFO -   Epoch [510/873] Loss: 1.8517
2026-02-21 08:41:49,465 - INFO -   Epoch [520/873] Loss: 1.6096
2026-02-21 08:41:53,228 - INFO -   Epoch [530/873] Loss: 1.4796
2026-02-21 08:41:56,992 - INFO -   Epoch [540/873] Loss: 1.6430
2026-02-21 08:42:00,733 - INFO -   Epoch [550/873] Loss: 1.9959
2026-02-21 08:42:04,483 - INFO -   Epoch [560/873] Loss: 1.5464
2026-02-21 08:42:08,241 - INFO -   Epoch [570/873] Loss: 1.6649
2026-02-21 08:42:11,990 - INFO -   Epoch [580/873] Loss: 1.7469
2026-02-21 08:42:15,711 - INFO -   Epoch [590/873] Loss: 1.9668
2026-02-21 08:42:19,451 - INFO -   Epoch [600/873] Loss: 2.6644
2026-02-21 08:42:23,178 - INFO -   Epoch [610/873] Loss: 2.0360
2026-02-21 08:42:26,922 - INFO -   Epoch [620/873] Loss: 2.3379
2026-02-21 08:42:30,658 - INFO -   Epoch [630/873] Loss: 1.7727
2026-02-21 08:42:34,396 - INFO -   Epoch [640/873] Loss: 1.7806
2026-02-21 08:42:38,148 - INFO -   Epoch [650/873] Loss: 1.8971
2026-02-21 08:42:41,885 - INFO -   Epoch [660/873] Loss: 2.1416
2026-02-21 08:42:45,631 - INFO -   Epoch [670/873] Loss: 1.5913
2026-02-21 08:42:49,368 - INFO -   Epoch [680/873] Loss: 1.7524
2026-02-21 08:42:53,097 - INFO -   Epoch [690/873] Loss: 2.2465
2026-02-21 08:42:56,848 - INFO -   Epoch [700/873] Loss: 1.6109
2026-02-21 08:43:00,598 - INFO -   Epoch [710/873] Loss: 1.5622
2026-02-21 08:43:04,347 - INFO -   Epoch [720/873] Loss: 1.8696
2026-02-21 08:43:08,099 - INFO -   Epoch [730/873] Loss: 1.7978
2026-02-21 08:43:11,818 - INFO -   Epoch [740/873] Loss: 2.4473
2026-02-21 08:43:15,569 - INFO -   Epoch [750/873] Loss: 1.8088
2026-02-21 08:43:19,318 - INFO -   Epoch [760/873] Loss: 1.5865
2026-02-21 08:43:23,033 - INFO -   Epoch [770/873] Loss: 1.7048
2026-02-21 08:43:26,787 - INFO -   Epoch [780/873] Loss: 2.2961
2026-02-21 08:43:30,529 - INFO -   Epoch [790/873] Loss: 2.0895
2026-02-21 08:43:34,280 - INFO -   Epoch [800/873] Loss: 2.5119
2026-02-21 08:43:38,028 - INFO -   Epoch [810/873] Loss: 1.8368
2026-02-21 08:43:41,769 - INFO -   Epoch [820/873] Loss: 1.7860
2026-02-21 08:43:45,528 - INFO -   Epoch [830/873] Loss: 2.5914
2026-02-21 08:43:49,291 - INFO -   Epoch [840/873] Loss: 1.5546
2026-02-21 08:43:53,049 - INFO -   Epoch [850/873] Loss: 1.5487
2026-02-21 08:43:56,806 - INFO -   Epoch [860/873] Loss: 2.8029
2026-02-21 08:44:00,559 - INFO -   Epoch [870/873] Loss: 1.7882
2026-02-21 08:44:20,263 - INFO -   Train Loss: 1.8497
2026-02-21 08:44:20,263 - INFO -   Train Accuracy: 30.91%
2026-02-21 08:44:20,263 - INFO -   Val Loss: 1.8639
2026-02-21 08:44:20,263 - INFO -   Val Accuracy: 37.49% | F1: 0.2100
2026-02-21 08:44:20,263 - INFO -   LR: 0.000250
2026-02-21 08:44:20,263 - INFO -   Patience: 3/15
2026-02-21 08:44:20,263 - INFO - 
Epoch 26/100
2026-02-21 08:44:23,960 - INFO -   Epoch [10/873] Loss: 1.8118
2026-02-21 08:44:27,660 - INFO -   Epoch [20/873] Loss: 1.5763
2026-02-21 08:44:31,358 - INFO -   Epoch [30/873] Loss: 1.8098
2026-02-21 08:44:35,113 - INFO -   Epoch [40/873] Loss: 1.7406
2026-02-21 08:44:38,874 - INFO -   Epoch [50/873] Loss: 1.5998
2026-02-21 08:44:42,630 - INFO -   Epoch [60/873] Loss: 1.7868
2026-02-21 08:44:46,374 - INFO -   Epoch [70/873] Loss: 1.9762
2026-02-21 08:44:50,134 - INFO -   Epoch [80/873] Loss: 1.8081
2026-02-21 08:44:53,897 - INFO -   Epoch [90/873] Loss: 1.2674
2026-02-21 08:44:57,660 - INFO -   Epoch [100/873] Loss: 1.5231
2026-02-21 08:45:01,412 - INFO -   Epoch [110/873] Loss: 2.0800
2026-02-21 08:45:05,139 - INFO -   Epoch [120/873] Loss: 1.4796
2026-02-21 08:45:08,900 - INFO -   Epoch [130/873] Loss: 1.7077
2026-02-21 08:45:12,661 - INFO -   Epoch [140/873] Loss: 1.8010
2026-02-21 08:45:16,424 - INFO -   Epoch [150/873] Loss: 2.2689
2026-02-21 08:45:20,190 - INFO -   Epoch [160/873] Loss: 1.8494
2026-02-21 08:45:23,952 - INFO -   Epoch [170/873] Loss: 1.5845
2026-02-21 08:45:27,712 - INFO -   Epoch [180/873] Loss: 2.1509
2026-02-21 08:45:31,433 - INFO -   Epoch [190/873] Loss: 1.6864
2026-02-21 08:45:35,192 - INFO -   Epoch [200/873] Loss: 1.8141
2026-02-21 08:45:38,958 - INFO -   Epoch [210/873] Loss: 1.7902
2026-02-21 08:45:42,720 - INFO -   Epoch [220/873] Loss: 1.7184
2026-02-21 08:45:46,481 - INFO -   Epoch [230/873] Loss: 1.7266
2026-02-21 08:45:50,228 - INFO -   Epoch [240/873] Loss: 2.0868
2026-02-21 08:45:53,990 - INFO -   Epoch [250/873] Loss: 1.6878
2026-02-21 08:45:57,756 - INFO -   Epoch [260/873] Loss: 1.8774
2026-02-21 08:46:01,513 - INFO -   Epoch [270/873] Loss: 1.8249
2026-02-21 08:46:05,270 - INFO -   Epoch [280/873] Loss: 1.7710
2026-02-21 08:46:09,025 - INFO -   Epoch [290/873] Loss: 1.7256
2026-02-21 08:46:12,785 - INFO -   Epoch [300/873] Loss: 2.3828
2026-02-21 08:46:16,543 - INFO -   Epoch [310/873] Loss: 1.7920
2026-02-21 08:46:20,280 - INFO -   Epoch [320/873] Loss: 1.9816
2026-02-21 08:46:24,006 - INFO -   Epoch [330/873] Loss: 1.7216
2026-02-21 08:46:27,767 - INFO -   Epoch [340/873] Loss: 1.9524
2026-02-21 08:46:31,507 - INFO -   Epoch [350/873] Loss: 1.6032
2026-02-21 08:46:35,240 - INFO -   Epoch [360/873] Loss: 1.7485
2026-02-21 08:46:38,993 - INFO -   Epoch [370/873] Loss: 1.5225
2026-02-21 08:46:42,740 - INFO -   Epoch [380/873] Loss: 1.7573
2026-02-21 08:46:46,499 - INFO -   Epoch [390/873] Loss: 1.7258
2026-02-21 08:46:50,238 - INFO -   Epoch [400/873] Loss: 1.9095
2026-02-21 08:46:53,971 - INFO -   Epoch [410/873] Loss: 1.7502
2026-02-21 08:46:57,724 - INFO -   Epoch [420/873] Loss: 1.8657
2026-02-21 08:47:01,460 - INFO -   Epoch [430/873] Loss: 1.6777
2026-02-21 08:47:05,211 - INFO -   Epoch [440/873] Loss: 1.5365
2026-02-21 08:47:08,959 - INFO -   Epoch [450/873] Loss: 1.3824
2026-02-21 08:47:12,699 - INFO -   Epoch [460/873] Loss: 2.0234
2026-02-21 08:47:16,447 - INFO -   Epoch [470/873] Loss: 1.5904
2026-02-21 08:47:20,170 - INFO -   Epoch [480/873] Loss: 1.7416
2026-02-21 08:47:23,920 - INFO -   Epoch [490/873] Loss: 2.1456
2026-02-21 08:47:27,673 - INFO -   Epoch [500/873] Loss: 1.5364
2026-02-21 08:47:31,414 - INFO -   Epoch [510/873] Loss: 1.8658
2026-02-21 08:47:35,165 - INFO -   Epoch [520/873] Loss: 1.9844
2026-02-21 08:47:38,908 - INFO -   Epoch [530/873] Loss: 1.8668
2026-02-21 08:47:42,639 - INFO -   Epoch [540/873] Loss: 1.6566
2026-02-21 08:47:46,389 - INFO -   Epoch [550/873] Loss: 2.0044
2026-02-21 08:47:50,119 - INFO -   Epoch [560/873] Loss: 1.9301
2026-02-21 08:47:53,860 - INFO -   Epoch [570/873] Loss: 1.5355
2026-02-21 08:47:57,605 - INFO -   Epoch [580/873] Loss: 1.9927
2026-02-21 08:48:01,327 - INFO -   Epoch [590/873] Loss: 1.8490
2026-02-21 08:48:05,082 - INFO -   Epoch [600/873] Loss: 1.1791
2026-02-21 08:48:08,829 - INFO -   Epoch [610/873] Loss: 2.1846
2026-02-21 08:48:12,568 - INFO -   Epoch [620/873] Loss: 1.7645
2026-02-21 08:48:16,316 - INFO -   Epoch [630/873] Loss: 1.9662
2026-02-21 08:48:20,064 - INFO -   Epoch [640/873] Loss: 1.7604
2026-02-21 08:48:23,810 - INFO -   Epoch [650/873] Loss: 1.8337
2026-02-21 08:48:27,560 - INFO -   Epoch [660/873] Loss: 1.5879
2026-02-21 08:48:31,280 - INFO -   Epoch [670/873] Loss: 1.6309
2026-02-21 08:48:35,020 - INFO -   Epoch [680/873] Loss: 1.6858
2026-02-21 08:48:38,761 - INFO -   Epoch [690/873] Loss: 2.0160
2026-02-21 08:48:42,488 - INFO -   Epoch [700/873] Loss: 1.6295
2026-02-21 08:48:46,229 - INFO -   Epoch [710/873] Loss: 1.7272
2026-02-21 08:48:49,966 - INFO -   Epoch [720/873] Loss: 1.7590
2026-02-21 08:48:53,715 - INFO -   Epoch [730/873] Loss: 3.2235
2026-02-21 08:48:57,465 - INFO -   Epoch [740/873] Loss: 1.6632
2026-02-21 08:49:01,192 - INFO -   Epoch [750/873] Loss: 2.2583
2026-02-21 08:49:04,935 - INFO -   Epoch [760/873] Loss: 1.4692
2026-02-21 08:49:08,688 - INFO -   Epoch [770/873] Loss: 1.6562
2026-02-21 08:49:12,430 - INFO -   Epoch [780/873] Loss: 1.6385
2026-02-21 08:49:16,169 - INFO -   Epoch [790/873] Loss: 2.4889
2026-02-21 08:49:19,918 - INFO -   Epoch [800/873] Loss: 1.9853
2026-02-21 08:49:23,667 - INFO -   Epoch [810/873] Loss: 1.6984
2026-02-21 08:49:27,415 - INFO -   Epoch [820/873] Loss: 2.1540
2026-02-21 08:49:31,157 - INFO -   Epoch [830/873] Loss: 2.3268
2026-02-21 08:49:34,902 - INFO -   Epoch [840/873] Loss: 2.3319
2026-02-21 08:49:38,649 - INFO -   Epoch [850/873] Loss: 2.0124
2026-02-21 08:49:42,372 - INFO -   Epoch [860/873] Loss: 2.6417
2026-02-21 08:49:46,111 - INFO -   Epoch [870/873] Loss: 1.8438
2026-02-21 08:50:05,763 - INFO -   Train Loss: 1.8542
2026-02-21 08:50:05,763 - INFO -   Train Accuracy: 31.31%
2026-02-21 08:50:05,763 - INFO -   Val Loss: 1.7431
2026-02-21 08:50:05,764 - INFO -   Val Accuracy: 42.41% | F1: 0.2311
2026-02-21 08:50:05,764 - INFO -   LR: 0.000250
2026-02-21 08:50:05,858 - INFO -   ✓ New best model saved!
2026-02-21 08:50:05,858 - INFO -   Patience: 0/15
2026-02-21 08:50:05,858 - INFO - 
Epoch 27/100
2026-02-21 08:50:09,561 - INFO -   Epoch [10/873] Loss: 2.0440
2026-02-21 08:50:13,256 - INFO -   Epoch [20/873] Loss: 1.7238
2026-02-21 08:50:16,951 - INFO -   Epoch [30/873] Loss: 1.6064
2026-02-21 08:50:20,647 - INFO -   Epoch [40/873] Loss: 1.5613
2026-02-21 08:50:24,343 - INFO -   Epoch [50/873] Loss: 1.7035
2026-02-21 08:50:28,039 - INFO -   Epoch [60/873] Loss: 1.6851
2026-02-21 08:50:31,744 - INFO -   Epoch [70/873] Loss: 1.8198
2026-02-21 08:50:35,455 - INFO -   Epoch [80/873] Loss: 1.6558
2026-02-21 08:50:39,209 - INFO -   Epoch [90/873] Loss: 1.5220
2026-02-21 08:50:42,963 - INFO -   Epoch [100/873] Loss: 2.2584
2026-02-21 08:50:46,718 - INFO -   Epoch [110/873] Loss: 1.7195
2026-02-21 08:50:50,473 - INFO -   Epoch [120/873] Loss: 1.4848
2026-02-21 08:50:54,231 - INFO -   Epoch [130/873] Loss: 1.6167
2026-02-21 08:50:57,996 - INFO -   Epoch [140/873] Loss: 1.9242
2026-02-21 08:51:01,724 - INFO -   Epoch [150/873] Loss: 1.8172
2026-02-21 08:51:05,483 - INFO -   Epoch [160/873] Loss: 1.5783
2026-02-21 08:51:09,242 - INFO -   Epoch [170/873] Loss: 1.3646
2026-02-21 08:51:13,008 - INFO -   Epoch [180/873] Loss: 1.5993
2026-02-21 08:51:16,770 - INFO -   Epoch [190/873] Loss: 2.0055
2026-02-21 08:51:20,516 - INFO -   Epoch [200/873] Loss: 1.8168
2026-02-21 08:51:24,263 - INFO -   Epoch [210/873] Loss: 1.9279
2026-02-21 08:51:28,029 - INFO -   Epoch [220/873] Loss: 1.6344
2026-02-21 08:51:31,789 - INFO -   Epoch [230/873] Loss: 1.7950
2026-02-21 08:51:35,558 - INFO -   Epoch [240/873] Loss: 1.7732
2026-02-21 08:51:39,319 - INFO -   Epoch [250/873] Loss: 1.7132
2026-02-21 08:51:43,086 - INFO -   Epoch [260/873] Loss: 1.8181
2026-02-21 08:51:46,845 - INFO -   Epoch [270/873] Loss: 2.5260
2026-02-21 08:51:50,606 - INFO -   Epoch [280/873] Loss: 1.7289
2026-02-21 08:51:54,367 - INFO -   Epoch [290/873] Loss: 2.1606
2026-02-21 08:51:58,127 - INFO -   Epoch [300/873] Loss: 2.3800
2026-02-21 08:52:01,848 - INFO -   Epoch [310/873] Loss: 1.8852
2026-02-21 08:52:05,609 - INFO -   Epoch [320/873] Loss: 1.8123
2026-02-21 08:52:09,356 - INFO -   Epoch [330/873] Loss: 1.6449
2026-02-21 08:52:13,083 - INFO -   Epoch [340/873] Loss: 2.0030
2026-02-21 08:52:16,853 - INFO -   Epoch [350/873] Loss: 1.8214
2026-02-21 08:52:20,603 - INFO -   Epoch [360/873] Loss: 1.5143
2026-02-21 08:52:24,354 - INFO -   Epoch [370/873] Loss: 2.0135
2026-02-21 08:52:28,117 - INFO -   Epoch [380/873] Loss: 1.8540
2026-02-21 08:52:31,883 - INFO -   Epoch [390/873] Loss: 1.9559
2026-02-21 08:52:35,644 - INFO -   Epoch [400/873] Loss: 2.3499
2026-02-21 08:52:39,407 - INFO -   Epoch [410/873] Loss: 1.6953
2026-02-21 08:52:43,171 - INFO -   Epoch [420/873] Loss: 2.0149
2026-02-21 08:52:46,931 - INFO -   Epoch [430/873] Loss: 1.6850
2026-02-21 08:52:50,676 - INFO -   Epoch [440/873] Loss: 1.6672
2026-02-21 08:52:54,431 - INFO -   Epoch [450/873] Loss: 1.8917
2026-02-21 08:52:58,194 - INFO -   Epoch [460/873] Loss: 1.8956
2026-02-21 08:53:01,930 - INFO -   Epoch [470/873] Loss: 1.6533
2026-02-21 08:53:05,674 - INFO -   Epoch [480/873] Loss: 1.8355
2026-02-21 08:53:09,432 - INFO -   Epoch [490/873] Loss: 2.2580
2026-02-21 08:53:13,191 - INFO -   Epoch [500/873] Loss: 1.6446
2026-02-21 08:53:16,951 - INFO -   Epoch [510/873] Loss: 2.4349
2026-02-21 08:53:20,717 - INFO -   Epoch [520/873] Loss: 1.5128
2026-02-21 08:53:24,478 - INFO -   Epoch [530/873] Loss: 1.8139
2026-02-21 08:53:28,242 - INFO -   Epoch [540/873] Loss: 1.7865
2026-02-21 08:53:31,986 - INFO -   Epoch [550/873] Loss: 1.7965
2026-02-21 08:53:35,743 - INFO -   Epoch [560/873] Loss: 1.9812
2026-02-21 08:53:39,509 - INFO -   Epoch [570/873] Loss: 1.6386
2026-02-21 08:53:43,273 - INFO -   Epoch [580/873] Loss: 2.0074
2026-02-21 08:53:47,038 - INFO -   Epoch [590/873] Loss: 1.8655
2026-02-21 08:53:50,775 - INFO -   Epoch [600/873] Loss: 2.1288
2026-02-21 08:53:54,502 - INFO -   Epoch [610/873] Loss: 1.6419
2026-02-21 08:53:58,251 - INFO -   Epoch [620/873] Loss: 1.8259
2026-02-21 08:54:01,975 - INFO -   Epoch [630/873] Loss: 1.6634
2026-02-21 08:54:05,721 - INFO -   Epoch [640/873] Loss: 1.5392
2026-02-21 08:54:09,459 - INFO -   Epoch [650/873] Loss: 1.6569
2026-02-21 08:54:13,207 - INFO -   Epoch [660/873] Loss: 2.1680
2026-02-21 08:54:16,964 - INFO -   Epoch [670/873] Loss: 1.6927
2026-02-21 08:54:20,703 - INFO -   Epoch [680/873] Loss: 2.0472
2026-02-21 08:54:24,441 - INFO -   Epoch [690/873] Loss: 1.6407
2026-02-21 08:54:28,198 - INFO -   Epoch [700/873] Loss: 1.8129
2026-02-21 08:54:31,920 - INFO -   Epoch [710/873] Loss: 1.7175
2026-02-21 08:54:35,667 - INFO -   Epoch [720/873] Loss: 1.9609
2026-02-21 08:54:39,418 - INFO -   Epoch [730/873] Loss: 2.4905
2026-02-21 08:54:43,169 - INFO -   Epoch [740/873] Loss: 2.6948
2026-02-21 08:54:46,920 - INFO -   Epoch [750/873] Loss: 2.2091
2026-02-21 08:54:50,664 - INFO -   Epoch [760/873] Loss: 1.6281
2026-02-21 08:54:54,394 - INFO -   Epoch [770/873] Loss: 2.4258
2026-02-21 08:54:58,148 - INFO -   Epoch [780/873] Loss: 1.6950
2026-02-21 08:55:01,906 - INFO -   Epoch [790/873] Loss: 2.3840
2026-02-21 08:55:05,660 - INFO -   Epoch [800/873] Loss: 1.8238
2026-02-21 08:55:09,407 - INFO -   Epoch [810/873] Loss: 1.6371
2026-02-21 08:55:13,161 - INFO -   Epoch [820/873] Loss: 1.9914
2026-02-21 08:55:16,913 - INFO -   Epoch [830/873] Loss: 1.5767
2026-02-21 08:55:20,658 - INFO -   Epoch [840/873] Loss: 1.7223
2026-02-21 08:55:24,399 - INFO -   Epoch [850/873] Loss: 1.7482
2026-02-21 08:55:28,150 - INFO -   Epoch [860/873] Loss: 1.3659
2026-02-21 08:55:31,889 - INFO -   Epoch [870/873] Loss: 1.6377
2026-02-21 08:55:51,577 - INFO -   Train Loss: 1.8702
2026-02-21 08:55:51,577 - INFO -   Train Accuracy: 31.47%
2026-02-21 08:55:51,577 - INFO -   Val Loss: 1.8123
2026-02-21 08:55:51,577 - INFO -   Val Accuracy: 40.75% | F1: 0.2117
2026-02-21 08:55:51,577 - INFO -   LR: 0.000250
2026-02-21 08:55:51,577 - INFO -   Patience: 1/15
2026-02-21 08:55:51,577 - INFO - 
Epoch 28/100
2026-02-21 08:55:55,270 - INFO -   Epoch [10/873] Loss: 1.8119
2026-02-21 08:55:59,005 - INFO -   Epoch [20/873] Loss: 2.0700
2026-02-21 08:56:02,766 - INFO -   Epoch [30/873] Loss: 1.9593
2026-02-21 08:56:06,522 - INFO -   Epoch [40/873] Loss: 1.6836
2026-02-21 08:56:10,277 - INFO -   Epoch [50/873] Loss: 1.5643
2026-02-21 08:56:14,036 - INFO -   Epoch [60/873] Loss: 1.4821
2026-02-21 08:56:17,799 - INFO -   Epoch [70/873] Loss: 1.8103
2026-02-21 08:56:21,547 - INFO -   Epoch [80/873] Loss: 1.9740
2026-02-21 08:56:25,315 - INFO -   Epoch [90/873] Loss: 1.6642
2026-02-21 08:56:29,075 - INFO -   Epoch [100/873] Loss: 1.7709
2026-02-21 08:56:32,819 - INFO -   Epoch [110/873] Loss: 1.8780
2026-02-21 08:56:36,578 - INFO -   Epoch [120/873] Loss: 2.5029
2026-02-21 08:56:40,338 - INFO -   Epoch [130/873] Loss: 1.7015
2026-02-21 08:56:44,107 - INFO -   Epoch [140/873] Loss: 1.8265
2026-02-21 08:56:47,869 - INFO -   Epoch [150/873] Loss: 2.9763
2026-02-21 08:56:51,612 - INFO -   Epoch [160/873] Loss: 1.9284
2026-02-21 08:56:55,373 - INFO -   Epoch [170/873] Loss: 1.6542
2026-02-21 08:56:59,135 - INFO -   Epoch [180/873] Loss: 1.4663
2026-02-21 08:57:02,868 - INFO -   Epoch [190/873] Loss: 1.8242
2026-02-21 08:57:06,630 - INFO -   Epoch [200/873] Loss: 1.8751
2026-02-21 08:57:10,367 - INFO -   Epoch [210/873] Loss: 1.9156
2026-02-21 08:57:14,124 - INFO -   Epoch [220/873] Loss: 1.7351
2026-02-21 08:57:17,886 - INFO -   Epoch [230/873] Loss: 1.6881
2026-02-21 08:57:21,644 - INFO -   Epoch [240/873] Loss: 2.1882
2026-02-21 08:57:25,408 - INFO -   Epoch [250/873] Loss: 1.6401
2026-02-21 08:57:29,176 - INFO -   Epoch [260/873] Loss: 1.8019
2026-02-21 08:57:32,940 - INFO -   Epoch [270/873] Loss: 2.5099
2026-02-21 08:57:36,700 - INFO -   Epoch [280/873] Loss: 1.8763
2026-02-21 08:57:40,441 - INFO -   Epoch [290/873] Loss: 1.7492
2026-02-21 08:57:44,176 - INFO -   Epoch [300/873] Loss: 1.8634
2026-02-21 08:57:47,938 - INFO -   Epoch [310/873] Loss: 1.6127
2026-02-21 08:57:51,704 - INFO -   Epoch [320/873] Loss: 2.3807
2026-02-21 08:57:55,464 - INFO -   Epoch [330/873] Loss: 1.7763
2026-02-21 08:57:59,228 - INFO -   Epoch [340/873] Loss: 2.2169
2026-02-21 08:58:02,991 - INFO -   Epoch [350/873] Loss: 1.7238
2026-02-21 08:58:06,751 - INFO -   Epoch [360/873] Loss: 1.8116
2026-02-21 08:58:10,512 - INFO -   Epoch [370/873] Loss: 1.8387
2026-02-21 08:58:14,255 - INFO -   Epoch [380/873] Loss: 1.7340
2026-02-21 08:58:18,021 - INFO -   Epoch [390/873] Loss: 1.8265
2026-02-21 08:58:21,750 - INFO -   Epoch [400/873] Loss: 1.8348
2026-02-21 08:58:25,497 - INFO -   Epoch [410/873] Loss: 1.7948
2026-02-21 08:58:29,261 - INFO -   Epoch [420/873] Loss: 1.7463
2026-02-21 08:58:33,024 - INFO -   Epoch [430/873] Loss: 1.7522
2026-02-21 08:58:36,786 - INFO -   Epoch [440/873] Loss: 1.7511
2026-02-21 08:58:40,545 - INFO -   Epoch [450/873] Loss: 2.3024
2026-02-21 08:58:44,303 - INFO -   Epoch [460/873] Loss: 2.1140
2026-02-21 08:58:48,067 - INFO -   Epoch [470/873] Loss: 1.7548
2026-02-21 08:58:51,812 - INFO -   Epoch [480/873] Loss: 1.7672
2026-02-21 08:58:55,574 - INFO -   Epoch [490/873] Loss: 1.8486
2026-02-21 08:58:59,326 - INFO -   Epoch [500/873] Loss: 1.8272
2026-02-21 08:59:03,086 - INFO -   Epoch [510/873] Loss: 2.0142
2026-02-21 08:59:06,846 - INFO -   Epoch [520/873] Loss: 1.8275
2026-02-21 08:59:10,617 - INFO -   Epoch [530/873] Loss: 2.0911
2026-02-21 08:59:14,347 - INFO -   Epoch [540/873] Loss: 1.7425
2026-02-21 08:59:18,099 - INFO -   Epoch [550/873] Loss: 1.5288
2026-02-21 08:59:21,847 - INFO -   Epoch [560/873] Loss: 2.0528
2026-02-21 08:59:25,593 - INFO -   Epoch [570/873] Loss: 1.7410
2026-02-21 08:59:29,343 - INFO -   Epoch [580/873] Loss: 1.8881
2026-02-21 08:59:33,090 - INFO -   Epoch [590/873] Loss: 2.0102
2026-02-21 08:59:36,836 - INFO -   Epoch [600/873] Loss: 1.7141
2026-02-21 08:59:40,589 - INFO -   Epoch [610/873] Loss: 1.8204
2026-02-21 08:59:44,337 - INFO -   Epoch [620/873] Loss: 1.8994
2026-02-21 08:59:48,088 - INFO -   Epoch [630/873] Loss: 2.5719
2026-02-21 08:59:51,836 - INFO -   Epoch [640/873] Loss: 1.9877
2026-02-21 08:59:55,585 - INFO -   Epoch [650/873] Loss: 1.9841
2026-02-21 08:59:59,329 - INFO -   Epoch [660/873] Loss: 2.7378
2026-02-21 09:00:03,057 - INFO -   Epoch [670/873] Loss: 1.5745
2026-02-21 09:00:06,798 - INFO -   Epoch [680/873] Loss: 1.7515
2026-02-21 09:00:10,542 - INFO -   Epoch [690/873] Loss: 2.4362
2026-02-21 09:00:14,272 - INFO -   Epoch [700/873] Loss: 1.8417
2026-02-21 09:00:18,017 - INFO -   Epoch [710/873] Loss: 1.5392
2026-02-21 09:00:21,756 - INFO -   Epoch [720/873] Loss: 1.6799
2026-02-21 09:00:25,508 - INFO -   Epoch [730/873] Loss: 1.6497
2026-02-21 09:00:29,255 - INFO -   Epoch [740/873] Loss: 1.6634
2026-02-21 09:00:33,001 - INFO -   Epoch [750/873] Loss: 1.5601
2026-02-21 09:00:36,751 - INFO -   Epoch [760/873] Loss: 1.7687
2026-02-21 09:00:40,477 - INFO -   Epoch [770/873] Loss: 1.8161
2026-02-21 09:00:44,226 - INFO -   Epoch [780/873] Loss: 1.8077
2026-02-21 09:00:47,980 - INFO -   Epoch [790/873] Loss: 1.7446
2026-02-21 09:00:51,721 - INFO -   Epoch [800/873] Loss: 1.6551
2026-02-21 09:00:55,458 - INFO -   Epoch [810/873] Loss: 1.8836
2026-02-21 09:00:59,198 - INFO -   Epoch [820/873] Loss: 1.6831
2026-02-21 09:01:02,933 - INFO -   Epoch [830/873] Loss: 1.5353
2026-02-21 09:01:06,684 - INFO -   Epoch [840/873] Loss: 1.8952
2026-02-21 09:01:10,437 - INFO -   Epoch [850/873] Loss: 1.9198
2026-02-21 09:01:14,191 - INFO -   Epoch [860/873] Loss: 2.0729
2026-02-21 09:01:17,945 - INFO -   Epoch [870/873] Loss: 1.5579
2026-02-21 09:01:37,626 - INFO -   Train Loss: 1.8569
2026-02-21 09:01:37,626 - INFO -   Train Accuracy: 30.96%
2026-02-21 09:01:37,626 - INFO -   Val Loss: 1.8865
2026-02-21 09:01:37,626 - INFO -   Val Accuracy: 35.04% | F1: 0.2093
2026-02-21 09:01:37,626 - INFO -   LR: 0.000250
2026-02-21 09:01:37,626 - INFO -   Patience: 2/15
2026-02-21 09:01:37,626 - INFO - 
Epoch 29/100
2026-02-21 09:01:41,322 - INFO -   Epoch [10/873] Loss: 1.7789
2026-02-21 09:01:45,016 - INFO -   Epoch [20/873] Loss: 1.7150
2026-02-21 09:01:48,718 - INFO -   Epoch [30/873] Loss: 1.9974
2026-02-21 09:01:52,453 - INFO -   Epoch [40/873] Loss: 1.8967
2026-02-21 09:01:56,205 - INFO -   Epoch [50/873] Loss: 1.4501
2026-02-21 09:01:59,948 - INFO -   Epoch [60/873] Loss: 1.8746
2026-02-21 09:02:03,698 - INFO -   Epoch [70/873] Loss: 2.3616
2026-02-21 09:02:07,452 - INFO -   Epoch [80/873] Loss: 2.1069
2026-02-21 09:02:11,190 - INFO -   Epoch [90/873] Loss: 3.2695
2026-02-21 09:02:14,919 - INFO -   Epoch [100/873] Loss: 1.4721
2026-02-21 09:02:18,666 - INFO -   Epoch [110/873] Loss: 1.8964
2026-02-21 09:02:22,408 - INFO -   Epoch [120/873] Loss: 1.7085
2026-02-21 09:02:26,125 - INFO -   Epoch [130/873] Loss: 2.0012
2026-02-21 09:02:29,878 - INFO -   Epoch [140/873] Loss: 1.9504
2026-02-21 09:02:33,606 - INFO -   Epoch [150/873] Loss: 2.1712
2026-02-21 09:02:37,350 - INFO -   Epoch [160/873] Loss: 1.9576
2026-02-21 09:02:41,096 - INFO -   Epoch [170/873] Loss: 1.6878
2026-02-21 09:02:44,829 - INFO -   Epoch [180/873] Loss: 2.3404
2026-02-21 09:02:48,573 - INFO -   Epoch [190/873] Loss: 2.2971
2026-02-21 09:02:52,285 - INFO -   Epoch [200/873] Loss: 1.8163
2026-02-21 09:02:56,029 - INFO -   Epoch [210/873] Loss: 1.5302
2026-02-21 09:02:59,776 - INFO -   Epoch [220/873] Loss: 1.9719
2026-02-21 09:03:03,521 - INFO -   Epoch [230/873] Loss: 2.9447
2026-02-21 09:03:07,269 - INFO -   Epoch [240/873] Loss: 1.7090
2026-02-21 09:03:11,015 - INFO -   Epoch [250/873] Loss: 1.5438
2026-02-21 09:03:14,769 - INFO -   Epoch [260/873] Loss: 1.8842
2026-02-21 09:03:18,521 - INFO -   Epoch [270/873] Loss: 1.7654
2026-02-21 09:03:22,271 - INFO -   Epoch [280/873] Loss: 1.5523
2026-02-21 09:03:26,021 - INFO -   Epoch [290/873] Loss: 2.0491
2026-02-21 09:03:29,767 - INFO -   Epoch [300/873] Loss: 2.0893
2026-02-21 09:03:33,505 - INFO -   Epoch [310/873] Loss: 1.5408
2026-02-21 09:03:37,273 - INFO -   Epoch [320/873] Loss: 1.4612
2026-02-21 09:03:41,018 - INFO -   Epoch [330/873] Loss: 2.6036
2026-02-21 09:03:44,750 - INFO -   Epoch [340/873] Loss: 1.7523
2026-02-21 09:03:48,498 - INFO -   Epoch [350/873] Loss: 2.0598
2026-02-21 09:03:52,241 - INFO -   Epoch [360/873] Loss: 1.6089
2026-02-21 09:03:55,984 - INFO -   Epoch [370/873] Loss: 1.6270
2026-02-21 09:03:59,728 - INFO -   Epoch [380/873] Loss: 1.6125
2026-02-21 09:04:03,465 - INFO -   Epoch [390/873] Loss: 1.7446
2026-02-21 09:04:07,213 - INFO -   Epoch [400/873] Loss: 1.7031
2026-02-21 09:04:10,949 - INFO -   Epoch [410/873] Loss: 2.3238
2026-02-21 09:04:14,695 - INFO -   Epoch [420/873] Loss: 2.1523
2026-02-21 09:04:18,444 - INFO -   Epoch [430/873] Loss: 2.0607
2026-02-21 09:04:22,193 - INFO -   Epoch [440/873] Loss: 2.0503
2026-02-21 09:04:25,943 - INFO -   Epoch [450/873] Loss: 1.9035
2026-02-21 09:04:29,703 - INFO -   Epoch [460/873] Loss: 1.6778
2026-02-21 09:04:33,463 - INFO -   Epoch [470/873] Loss: 1.5398
2026-02-21 09:04:37,224 - INFO -   Epoch [480/873] Loss: 2.0776
2026-02-21 09:04:40,974 - INFO -   Epoch [490/873] Loss: 1.7077
2026-02-21 09:04:44,739 - INFO -   Epoch [500/873] Loss: 1.5481
2026-02-21 09:04:48,497 - INFO -   Epoch [510/873] Loss: 2.1064
2026-02-21 09:04:52,214 - INFO -   Epoch [520/873] Loss: 1.7056
2026-02-21 09:04:55,971 - INFO -   Epoch [530/873] Loss: 1.7126
2026-02-21 09:04:59,731 - INFO -   Epoch [540/873] Loss: 1.7405
2026-02-21 09:05:03,480 - INFO -   Epoch [550/873] Loss: 1.8968
2026-02-21 09:05:07,228 - INFO -   Epoch [560/873] Loss: 1.6230
2026-02-21 09:05:10,951 - INFO -   Epoch [570/873] Loss: 1.1873
2026-02-21 09:05:14,697 - INFO -   Epoch [580/873] Loss: 1.7719
2026-02-21 09:05:18,455 - INFO -   Epoch [590/873] Loss: 1.4629
2026-02-21 09:05:22,187 - INFO -   Epoch [600/873] Loss: 1.7892
2026-02-21 09:05:25,934 - INFO -   Epoch [610/873] Loss: 1.7428
2026-02-21 09:05:29,701 - INFO -   Epoch [620/873] Loss: 1.8684
2026-02-21 09:05:33,460 - INFO -   Epoch [630/873] Loss: 1.4735
2026-02-21 09:05:37,221 - INFO -   Epoch [640/873] Loss: 1.9645
2026-02-21 09:05:40,987 - INFO -   Epoch [650/873] Loss: 1.7743
2026-02-21 09:05:44,737 - INFO -   Epoch [660/873] Loss: 2.1137
2026-02-21 09:05:48,493 - INFO -   Epoch [670/873] Loss: 1.9436
2026-02-21 09:05:52,251 - INFO -   Epoch [680/873] Loss: 2.0927
2026-02-21 09:05:56,010 - INFO -   Epoch [690/873] Loss: 1.6871
2026-02-21 09:05:59,759 - INFO -   Epoch [700/873] Loss: 1.7588
2026-02-21 09:06:03,522 - INFO -   Epoch [710/873] Loss: 1.9368
2026-02-21 09:06:07,277 - INFO -   Epoch [720/873] Loss: 1.6695
2026-02-21 09:06:11,034 - INFO -   Epoch [730/873] Loss: 2.7549
2026-02-21 09:06:14,766 - INFO -   Epoch [740/873] Loss: 1.8104
2026-02-21 09:06:18,532 - INFO -   Epoch [750/873] Loss: 1.7147
2026-02-21 09:06:22,296 - INFO -   Epoch [760/873] Loss: 1.6401
2026-02-21 09:06:26,056 - INFO -   Epoch [770/873] Loss: 1.9656
2026-02-21 09:06:29,821 - INFO -   Epoch [780/873] Loss: 1.7456
2026-02-21 09:06:33,587 - INFO -   Epoch [790/873] Loss: 1.6974
2026-02-21 09:06:37,350 - INFO -   Epoch [800/873] Loss: 1.6976
2026-02-21 09:06:41,112 - INFO -   Epoch [810/873] Loss: 2.8387
2026-02-21 09:06:44,878 - INFO -   Epoch [820/873] Loss: 1.8930
2026-02-21 09:06:48,643 - INFO -   Epoch [830/873] Loss: 1.9709
2026-02-21 09:06:52,405 - INFO -   Epoch [840/873] Loss: 1.7637
2026-02-21 09:06:56,155 - INFO -   Epoch [850/873] Loss: 1.6540
2026-02-21 09:06:59,916 - INFO -   Epoch [860/873] Loss: 2.0140
2026-02-21 09:07:03,673 - INFO -   Epoch [870/873] Loss: 1.9421
2026-02-21 09:07:23,422 - INFO -   Train Loss: 1.8512
2026-02-21 09:07:23,423 - INFO -   Train Accuracy: 30.85%
2026-02-21 09:07:23,423 - INFO -   Val Loss: 1.8225
2026-02-21 09:07:23,423 - INFO -   Val Accuracy: 37.69% | F1: 0.2133
2026-02-21 09:07:23,423 - INFO -   LR: 0.000250
2026-02-21 09:07:23,423 - INFO -   Patience: 3/15
2026-02-21 09:07:23,423 - INFO - 
Epoch 30/100
2026-02-21 09:07:27,119 - INFO -   Epoch [10/873] Loss: 2.9417
2026-02-21 09:07:30,816 - INFO -   Epoch [20/873] Loss: 1.6609
2026-02-21 09:07:34,513 - INFO -   Epoch [30/873] Loss: 2.2958
2026-02-21 09:07:38,238 - INFO -   Epoch [40/873] Loss: 1.8742
2026-02-21 09:07:41,962 - INFO -   Epoch [50/873] Loss: 2.6723
2026-02-21 09:07:45,717 - INFO -   Epoch [60/873] Loss: 1.6004
2026-02-21 09:07:49,469 - INFO -   Epoch [70/873] Loss: 1.7456
2026-02-21 09:07:53,226 - INFO -   Epoch [80/873] Loss: 1.9961
2026-02-21 09:07:56,981 - INFO -   Epoch [90/873] Loss: 2.6811
2026-02-21 09:08:00,724 - INFO -   Epoch [100/873] Loss: 1.8385
2026-02-21 09:08:04,468 - INFO -   Epoch [110/873] Loss: 1.9451
2026-02-21 09:08:08,221 - INFO -   Epoch [120/873] Loss: 1.6828
2026-02-21 09:08:11,973 - INFO -   Epoch [130/873] Loss: 1.6746
2026-02-21 09:08:15,728 - INFO -   Epoch [140/873] Loss: 1.6001
2026-02-21 09:08:19,474 - INFO -   Epoch [150/873] Loss: 1.8651
2026-02-21 09:08:23,220 - INFO -   Epoch [160/873] Loss: 1.7223
2026-02-21 09:08:26,974 - INFO -   Epoch [170/873] Loss: 1.6794
2026-02-21 09:08:30,722 - INFO -   Epoch [180/873] Loss: 2.0231
2026-02-21 09:08:34,464 - INFO -   Epoch [190/873] Loss: 1.5006
2026-02-21 09:08:38,217 - INFO -   Epoch [200/873] Loss: 2.0589
2026-02-21 09:08:41,966 - INFO -   Epoch [210/873] Loss: 2.4519
2026-02-21 09:08:45,725 - INFO -   Epoch [220/873] Loss: 2.0611
2026-02-21 09:08:49,464 - INFO -   Epoch [230/873] Loss: 2.1726
2026-02-21 09:08:53,210 - INFO -   Epoch [240/873] Loss: 1.7841
2026-02-21 09:08:56,972 - INFO -   Epoch [250/873] Loss: 1.6601
2026-02-21 09:09:00,736 - INFO -   Epoch [260/873] Loss: 1.8196
2026-02-21 09:09:04,499 - INFO -   Epoch [270/873] Loss: 1.8356
2026-02-21 09:09:08,261 - INFO -   Epoch [280/873] Loss: 1.9624
2026-02-21 09:09:12,020 - INFO -   Epoch [290/873] Loss: 1.5228
2026-02-21 09:09:15,780 - INFO -   Epoch [300/873] Loss: 1.6884
2026-02-21 09:09:19,540 - INFO -   Epoch [310/873] Loss: 1.5852
2026-02-21 09:09:23,299 - INFO -   Epoch [320/873] Loss: 1.8462
2026-02-21 09:09:27,032 - INFO -   Epoch [330/873] Loss: 1.5241
2026-02-21 09:09:30,791 - INFO -   Epoch [340/873] Loss: 1.4197
2026-02-21 09:09:34,550 - INFO -   Epoch [350/873] Loss: 1.8561
2026-02-21 09:09:38,309 - INFO -   Epoch [360/873] Loss: 2.5032
2026-02-21 09:09:42,070 - INFO -   Epoch [370/873] Loss: 2.4449
2026-02-21 09:09:45,830 - INFO -   Epoch [380/873] Loss: 1.7388
2026-02-21 09:09:49,582 - INFO -   Epoch [390/873] Loss: 2.4508
2026-02-21 09:09:53,338 - INFO -   Epoch [400/873] Loss: 1.5637
2026-02-21 09:09:57,085 - INFO -   Epoch [410/873] Loss: 1.4268
2026-02-21 09:10:00,810 - INFO -   Epoch [420/873] Loss: 1.7839
2026-02-21 09:10:04,553 - INFO -   Epoch [430/873] Loss: 2.1513
2026-02-21 09:10:08,305 - INFO -   Epoch [440/873] Loss: 2.1163
2026-02-21 09:10:12,042 - INFO -   Epoch [450/873] Loss: 2.0859
2026-02-21 09:10:15,791 - INFO -   Epoch [460/873] Loss: 1.4971
2026-02-21 09:10:19,530 - INFO -   Epoch [470/873] Loss: 1.3431
2026-02-21 09:10:23,283 - INFO -   Epoch [480/873] Loss: 1.9735
2026-02-21 09:10:27,035 - INFO -   Epoch [490/873] Loss: 1.4749
2026-02-21 09:10:30,783 - INFO -   Epoch [500/873] Loss: 1.5070
2026-02-21 09:10:34,530 - INFO -   Epoch [510/873] Loss: 1.4320
2026-02-21 09:10:38,279 - INFO -   Epoch [520/873] Loss: 2.0304
2026-02-21 09:10:42,031 - INFO -   Epoch [530/873] Loss: 1.5632
2026-02-21 09:10:45,785 - INFO -   Epoch [540/873] Loss: 1.7635
2026-02-21 09:10:49,540 - INFO -   Epoch [550/873] Loss: 1.7792
2026-02-21 09:10:53,293 - INFO -   Epoch [560/873] Loss: 1.8407
2026-02-21 09:10:57,050 - INFO -   Epoch [570/873] Loss: 1.6029
2026-02-21 09:11:00,797 - INFO -   Epoch [580/873] Loss: 1.4871
2026-02-21 09:11:04,529 - INFO -   Epoch [590/873] Loss: 1.8444
2026-02-21 09:11:08,274 - INFO -   Epoch [600/873] Loss: 1.7692
2026-02-21 09:11:12,015 - INFO -   Epoch [610/873] Loss: 1.8490
2026-02-21 09:11:15,768 - INFO -   Epoch [620/873] Loss: 1.6069
2026-02-21 09:11:19,515 - INFO -   Epoch [630/873] Loss: 1.8102
2026-02-21 09:11:23,265 - INFO -   Epoch [640/873] Loss: 2.4306
2026-02-21 09:11:27,014 - INFO -   Epoch [650/873] Loss: 1.9266
2026-02-21 09:11:30,757 - INFO -   Epoch [660/873] Loss: 2.2344
2026-02-21 09:11:34,514 - INFO -   Epoch [670/873] Loss: 1.8044
2026-02-21 09:11:38,262 - INFO -   Epoch [680/873] Loss: 1.9356
2026-02-21 09:11:41,987 - INFO -   Epoch [690/873] Loss: 1.9158
2026-02-21 09:11:45,731 - INFO -   Epoch [700/873] Loss: 1.7155
2026-02-21 09:11:49,476 - INFO -   Epoch [710/873] Loss: 2.1535
2026-02-21 09:11:53,232 - INFO -   Epoch [720/873] Loss: 1.7250
2026-02-21 09:11:56,980 - INFO -   Epoch [730/873] Loss: 1.6939
2026-02-21 09:12:00,728 - INFO -   Epoch [740/873] Loss: 2.4317
2026-02-21 09:12:04,477 - INFO -   Epoch [750/873] Loss: 1.5607
2026-02-21 09:12:08,224 - INFO -   Epoch [760/873] Loss: 1.6142
2026-02-21 09:12:11,960 - INFO -   Epoch [770/873] Loss: 1.9690
2026-02-21 09:12:15,703 - INFO -   Epoch [780/873] Loss: 1.5823
2026-02-21 09:12:19,456 - INFO -   Epoch [790/873] Loss: 1.2784
2026-02-21 09:12:23,211 - INFO -   Epoch [800/873] Loss: 1.5693
2026-02-21 09:12:26,967 - INFO -   Epoch [810/873] Loss: 1.4096
2026-02-21 09:12:30,716 - INFO -   Epoch [820/873] Loss: 1.7020
2026-02-21 09:12:34,462 - INFO -   Epoch [830/873] Loss: 2.4185
2026-02-21 09:12:38,208 - INFO -   Epoch [840/873] Loss: 1.6821
2026-02-21 09:12:41,944 - INFO -   Epoch [850/873] Loss: 2.1468
2026-02-21 09:12:45,686 - INFO -   Epoch [860/873] Loss: 2.7442
2026-02-21 09:12:49,437 - INFO -   Epoch [870/873] Loss: 2.1375
2026-02-21 09:13:09,177 - INFO -   Train Loss: 1.8570
2026-02-21 09:13:09,177 - INFO -   Train Accuracy: 29.82%
2026-02-21 09:13:09,177 - INFO -   Val Loss: 1.7463
2026-02-21 09:13:09,177 - INFO -   Val Accuracy: 37.29% | F1: 0.2292
2026-02-21 09:13:09,177 - INFO -   LR: 0.000250
2026-02-21 09:13:09,177 - INFO -   Patience: 4/15
2026-02-21 09:13:09,177 - INFO - 
Epoch 31/100
2026-02-21 09:13:12,875 - INFO -   Epoch [10/873] Loss: 2.0547
2026-02-21 09:13:16,575 - INFO -   Epoch [20/873] Loss: 2.1916
2026-02-21 09:13:20,271 - INFO -   Epoch [30/873] Loss: 2.2654
2026-02-21 09:13:23,969 - INFO -   Epoch [40/873] Loss: 2.3215
2026-02-21 09:13:27,664 - INFO -   Epoch [50/873] Loss: 1.7775
2026-02-21 09:13:31,361 - INFO -   Epoch [60/873] Loss: 1.7798
2026-02-21 09:13:35,057 - INFO -   Epoch [70/873] Loss: 2.0433
2026-02-21 09:13:38,756 - INFO -   Epoch [80/873] Loss: 1.4693
2026-02-21 09:13:42,478 - INFO -   Epoch [90/873] Loss: 2.5656
2026-02-21 09:13:46,234 - INFO -   Epoch [100/873] Loss: 1.6803
2026-02-21 09:13:49,984 - INFO -   Epoch [110/873] Loss: 1.7713
2026-02-21 09:13:53,737 - INFO -   Epoch [120/873] Loss: 1.7856
2026-02-21 09:13:57,494 - INFO -   Epoch [130/873] Loss: 1.8734
2026-02-21 09:14:01,252 - INFO -   Epoch [140/873] Loss: 2.1564
2026-02-21 09:14:05,002 - INFO -   Epoch [150/873] Loss: 1.5955
2026-02-21 09:14:08,758 - INFO -   Epoch [160/873] Loss: 1.3679
2026-02-21 09:14:12,502 - INFO -   Epoch [170/873] Loss: 2.6121
2026-02-21 09:14:16,243 - INFO -   Epoch [180/873] Loss: 1.5791
2026-02-21 09:14:19,998 - INFO -   Epoch [190/873] Loss: 1.6005
2026-02-21 09:14:23,755 - INFO -   Epoch [200/873] Loss: 2.1456
2026-02-21 09:14:27,509 - INFO -   Epoch [210/873] Loss: 1.5673
2026-02-21 09:14:31,262 - INFO -   Epoch [220/873] Loss: 1.9956
2026-02-21 09:14:35,010 - INFO -   Epoch [230/873] Loss: 1.3387
2026-02-21 09:14:38,763 - INFO -   Epoch [240/873] Loss: 1.5957
2026-02-21 09:14:42,519 - INFO -   Epoch [250/873] Loss: 1.6138
2026-02-21 09:14:46,270 - INFO -   Epoch [260/873] Loss: 1.8470
2026-02-21 09:14:50,015 - INFO -   Epoch [270/873] Loss: 1.8282
2026-02-21 09:14:53,769 - INFO -   Epoch [280/873] Loss: 2.9110
2026-02-21 09:14:57,521 - INFO -   Epoch [290/873] Loss: 2.1873
2026-02-21 09:15:01,252 - INFO -   Epoch [300/873] Loss: 1.6815
2026-02-21 09:15:04,983 - INFO -   Epoch [310/873] Loss: 1.9917
2026-02-21 09:15:08,731 - INFO -   Epoch [320/873] Loss: 1.6947
2026-02-21 09:15:12,473 - INFO -   Epoch [330/873] Loss: 2.6602
2026-02-21 09:15:16,224 - INFO -   Epoch [340/873] Loss: 1.5477
2026-02-21 09:15:19,963 - INFO -   Epoch [350/873] Loss: 2.2241
2026-02-21 09:15:23,715 - INFO -   Epoch [360/873] Loss: 2.3103
2026-02-21 09:15:27,463 - INFO -   Epoch [370/873] Loss: 1.6803
2026-02-21 09:15:31,215 - INFO -   Epoch [380/873] Loss: 1.7983
2026-02-21 09:15:34,966 - INFO -   Epoch [390/873] Loss: 1.6928
2026-02-21 09:15:38,716 - INFO -   Epoch [400/873] Loss: 1.4534
2026-02-21 09:15:42,450 - INFO -   Epoch [410/873] Loss: 1.9657
2026-02-21 09:15:46,193 - INFO -   Epoch [420/873] Loss: 1.9860
2026-02-21 09:15:49,941 - INFO -   Epoch [430/873] Loss: 1.6312
2026-02-21 09:15:53,692 - INFO -   Epoch [440/873] Loss: 1.7813
2026-02-21 09:15:57,444 - INFO -   Epoch [450/873] Loss: 1.8931
2026-02-21 09:16:01,191 - INFO -   Epoch [460/873] Loss: 2.1171
2026-02-21 09:16:04,948 - INFO -   Epoch [470/873] Loss: 2.2280
2026-02-21 09:16:08,693 - INFO -   Epoch [480/873] Loss: 1.8296
2026-02-21 09:16:12,422 - INFO -   Epoch [490/873] Loss: 2.0946
2026-02-21 09:16:16,167 - INFO -   Epoch [500/873] Loss: 1.9903
2026-02-21 09:16:19,899 - INFO -   Epoch [510/873] Loss: 2.3957
2026-02-21 09:16:23,635 - INFO -   Epoch [520/873] Loss: 1.7821
2026-02-21 09:16:27,390 - INFO -   Epoch [530/873] Loss: 1.7929
2026-02-21 09:16:31,133 - INFO -   Epoch [540/873] Loss: 1.7748
2026-02-21 09:16:34,886 - INFO -   Epoch [550/873] Loss: 1.7028
2026-02-21 09:16:38,628 - INFO -   Epoch [560/873] Loss: 2.0404
2026-02-21 09:16:42,373 - INFO -   Epoch [570/873] Loss: 1.5874
2026-02-21 09:16:46,133 - INFO -   Epoch [580/873] Loss: 1.8620
2026-02-21 09:16:49,874 - INFO -   Epoch [590/873] Loss: 1.7118
2026-02-21 09:16:53,626 - INFO -   Epoch [600/873] Loss: 1.5488
2026-02-21 09:16:57,378 - INFO -   Epoch [610/873] Loss: 1.4878
2026-02-21 09:17:01,103 - INFO -   Epoch [620/873] Loss: 1.6577
2026-02-21 09:17:04,845 - INFO -   Epoch [630/873] Loss: 1.6253
2026-02-21 09:17:08,597 - INFO -   Epoch [640/873] Loss: 1.7221
2026-02-21 09:17:12,355 - INFO -   Epoch [650/873] Loss: 1.6233
2026-02-21 09:17:16,112 - INFO -   Epoch [660/873] Loss: 1.6896
2026-02-21 09:17:19,852 - INFO -   Epoch [670/873] Loss: 1.6523
2026-02-21 09:17:23,602 - INFO -   Epoch [680/873] Loss: 1.4854
2026-02-21 09:17:27,354 - INFO -   Epoch [690/873] Loss: 1.6713
2026-02-21 09:17:31,108 - INFO -   Epoch [700/873] Loss: 1.6833
2026-02-21 09:17:34,861 - INFO -   Epoch [710/873] Loss: 2.6148
2026-02-21 09:17:38,613 - INFO -   Epoch [720/873] Loss: 1.5915
2026-02-21 09:17:42,354 - INFO -   Epoch [730/873] Loss: 1.6714
2026-02-21 09:17:46,096 - INFO -   Epoch [740/873] Loss: 1.7525
2026-02-21 09:17:49,845 - INFO -   Epoch [750/873] Loss: 1.8000
2026-02-21 09:17:53,600 - INFO -   Epoch [760/873] Loss: 2.2271
2026-02-21 09:17:57,340 - INFO -   Epoch [770/873] Loss: 1.6245
2026-02-21 09:18:01,085 - INFO -   Epoch [780/873] Loss: 2.3110
2026-02-21 09:18:04,843 - INFO -   Epoch [790/873] Loss: 1.6913
2026-02-21 09:18:08,609 - INFO -   Epoch [800/873] Loss: 1.5504
2026-02-21 09:18:12,376 - INFO -   Epoch [810/873] Loss: 1.5574
2026-02-21 09:18:16,144 - INFO -   Epoch [820/873] Loss: 1.7721
2026-02-21 09:18:19,897 - INFO -   Epoch [830/873] Loss: 1.3734
2026-02-21 09:18:23,651 - INFO -   Epoch [840/873] Loss: 1.6901
2026-02-21 09:18:27,394 - INFO -   Epoch [850/873] Loss: 2.3751
2026-02-21 09:18:31,155 - INFO -   Epoch [860/873] Loss: 2.0073
2026-02-21 09:18:34,913 - INFO -   Epoch [870/873] Loss: 2.2111
2026-02-21 09:18:54,638 - INFO -   Train Loss: 1.8323
2026-02-21 09:18:54,638 - INFO -   Train Accuracy: 31.00%
2026-02-21 09:18:54,638 - INFO -   Val Loss: 1.7294
2026-02-21 09:18:54,638 - INFO -   Val Accuracy: 41.70% | F1: 0.2187
2026-02-21 09:18:54,638 - INFO -   LR: 0.000250
2026-02-21 09:18:54,639 - INFO -   Patience: 5/15
2026-02-21 09:18:54,639 - INFO - 
Epoch 32/100
2026-02-21 09:18:58,335 - INFO -   Epoch [10/873] Loss: 1.5746
2026-02-21 09:19:02,034 - INFO -   Epoch [20/873] Loss: 1.7901
2026-02-21 09:19:05,793 - INFO -   Epoch [30/873] Loss: 1.7089
2026-02-21 09:19:09,546 - INFO -   Epoch [40/873] Loss: 2.7815
2026-02-21 09:19:13,289 - INFO -   Epoch [50/873] Loss: 2.0119
2026-02-21 09:19:17,049 - INFO -   Epoch [60/873] Loss: 1.7945
2026-02-21 09:19:20,780 - INFO -   Epoch [70/873] Loss: 2.1935
2026-02-21 09:19:24,509 - INFO -   Epoch [80/873] Loss: 2.0534
2026-02-21 09:19:28,265 - INFO -   Epoch [90/873] Loss: 2.7143
2026-02-21 09:19:32,007 - INFO -   Epoch [100/873] Loss: 2.3402
2026-02-21 09:19:35,768 - INFO -   Epoch [110/873] Loss: 1.6555
2026-02-21 09:19:39,532 - INFO -   Epoch [120/873] Loss: 1.6947
2026-02-21 09:19:43,292 - INFO -   Epoch [130/873] Loss: 1.7955
2026-02-21 09:19:47,051 - INFO -   Epoch [140/873] Loss: 2.1795
2026-02-21 09:19:50,790 - INFO -   Epoch [150/873] Loss: 1.7569
2026-02-21 09:19:54,521 - INFO -   Epoch [160/873] Loss: 1.8921
2026-02-21 09:19:58,281 - INFO -   Epoch [170/873] Loss: 1.7084
2026-02-21 09:20:02,047 - INFO -   Epoch [180/873] Loss: 1.6683
2026-02-21 09:20:05,807 - INFO -   Epoch [190/873] Loss: 1.7299
2026-02-21 09:20:09,569 - INFO -   Epoch [200/873] Loss: 1.6713
2026-02-21 09:20:13,335 - INFO -   Epoch [210/873] Loss: 1.8162
2026-02-21 09:20:17,099 - INFO -   Epoch [220/873] Loss: 2.9517
2026-02-21 09:20:20,859 - INFO -   Epoch [230/873] Loss: 1.6507
2026-02-21 09:20:24,621 - INFO -   Epoch [240/873] Loss: 1.7057
2026-02-21 09:20:28,386 - INFO -   Epoch [250/873] Loss: 1.5780
2026-02-21 09:20:32,152 - INFO -   Epoch [260/873] Loss: 1.7000
2026-02-21 09:20:35,918 - INFO -   Epoch [270/873] Loss: 1.5663
2026-02-21 09:20:39,684 - INFO -   Epoch [280/873] Loss: 2.1015
2026-02-21 09:20:43,440 - INFO -   Epoch [290/873] Loss: 1.7295
2026-02-21 09:20:47,202 - INFO -   Epoch [300/873] Loss: 1.4670
2026-02-21 09:20:50,945 - INFO -   Epoch [310/873] Loss: 1.6282
2026-02-21 09:20:54,695 - INFO -   Epoch [320/873] Loss: 1.8692
2026-02-21 09:20:58,441 - INFO -   Epoch [330/873] Loss: 1.7211
2026-02-21 09:21:02,189 - INFO -   Epoch [340/873] Loss: 1.7850
2026-02-21 09:21:05,936 - INFO -   Epoch [350/873] Loss: 1.9962
2026-02-21 09:21:09,686 - INFO -   Epoch [360/873] Loss: 1.5749
2026-02-21 09:21:13,435 - INFO -   Epoch [370/873] Loss: 1.7081
2026-02-21 09:21:17,188 - INFO -   Epoch [380/873] Loss: 2.0399
2026-02-21 09:21:20,926 - INFO -   Epoch [390/873] Loss: 2.0497
2026-02-21 09:21:24,679 - INFO -   Epoch [400/873] Loss: 1.9526
2026-02-21 09:21:28,427 - INFO -   Epoch [410/873] Loss: 1.6405
2026-02-21 09:21:32,182 - INFO -   Epoch [420/873] Loss: 1.8723
2026-02-21 09:21:35,938 - INFO -   Epoch [430/873] Loss: 1.5373
2026-02-21 09:21:39,691 - INFO -   Epoch [440/873] Loss: 1.8474
2026-02-21 09:21:43,444 - INFO -   Epoch [450/873] Loss: 2.0314
2026-02-21 09:21:47,197 - INFO -   Epoch [460/873] Loss: 1.7664
2026-02-21 09:21:50,944 - INFO -   Epoch [470/873] Loss: 1.6159
2026-02-21 09:21:54,699 - INFO -   Epoch [480/873] Loss: 1.8822
2026-02-21 09:21:58,454 - INFO -   Epoch [490/873] Loss: 1.7045
2026-02-21 09:22:02,213 - INFO -   Epoch [500/873] Loss: 1.6552
2026-02-21 09:22:05,973 - INFO -   Epoch [510/873] Loss: 2.0745
2026-02-21 09:22:09,722 - INFO -   Epoch [520/873] Loss: 1.8303
2026-02-21 09:22:13,482 - INFO -   Epoch [530/873] Loss: 2.0679
2026-02-21 09:22:17,246 - INFO -   Epoch [540/873] Loss: 1.6634
2026-02-21 09:22:20,999 - INFO -   Epoch [550/873] Loss: 2.4892
2026-02-21 09:22:24,764 - INFO -   Epoch [560/873] Loss: 2.0105
2026-02-21 09:22:28,525 - INFO -   Epoch [570/873] Loss: 1.7752
2026-02-21 09:22:32,285 - INFO -   Epoch [580/873] Loss: 1.7585
2026-02-21 09:22:36,048 - INFO -   Epoch [590/873] Loss: 1.5903
2026-02-21 09:22:39,798 - INFO -   Epoch [600/873] Loss: 1.5506
2026-02-21 09:22:43,550 - INFO -   Epoch [610/873] Loss: 1.5863
2026-02-21 09:22:47,314 - INFO -   Epoch [620/873] Loss: 1.3055
2026-02-21 09:22:51,063 - INFO -   Epoch [630/873] Loss: 2.3807
2026-02-21 09:22:54,813 - INFO -   Epoch [640/873] Loss: 1.5459
2026-02-21 09:22:58,577 - INFO -   Epoch [650/873] Loss: 1.7658
2026-02-21 09:23:02,341 - INFO -   Epoch [660/873] Loss: 1.4870
2026-02-21 09:23:06,105 - INFO -   Epoch [670/873] Loss: 1.8897
2026-02-21 09:23:09,867 - INFO -   Epoch [680/873] Loss: 2.8989
2026-02-21 09:23:13,629 - INFO -   Epoch [690/873] Loss: 1.8862
2026-02-21 09:23:17,391 - INFO -   Epoch [700/873] Loss: 1.6750
2026-02-21 09:23:21,150 - INFO -   Epoch [710/873] Loss: 2.2155
2026-02-21 09:23:24,914 - INFO -   Epoch [720/873] Loss: 1.6532
2026-02-21 09:23:28,672 - INFO -   Epoch [730/873] Loss: 1.9147
2026-02-21 09:23:32,424 - INFO -   Epoch [740/873] Loss: 1.9120
2026-02-21 09:23:36,184 - INFO -   Epoch [750/873] Loss: 1.6364
2026-02-21 09:23:39,940 - INFO -   Epoch [760/873] Loss: 1.9012
2026-02-21 09:23:43,699 - INFO -   Epoch [770/873] Loss: 1.8065
2026-02-21 09:23:47,456 - INFO -   Epoch [780/873] Loss: 1.6830
2026-02-21 09:23:51,212 - INFO -   Epoch [790/873] Loss: 1.7248
2026-02-21 09:23:54,969 - INFO -   Epoch [800/873] Loss: 1.8945
2026-02-21 09:23:58,723 - INFO -   Epoch [810/873] Loss: 2.0951
2026-02-21 09:24:02,492 - INFO -   Epoch [820/873] Loss: 2.7517
2026-02-21 09:24:06,253 - INFO -   Epoch [830/873] Loss: 1.4852
2026-02-21 09:24:10,010 - INFO -   Epoch [840/873] Loss: 1.7551
2026-02-21 09:24:13,772 - INFO -   Epoch [850/873] Loss: 1.9457
2026-02-21 09:24:17,536 - INFO -   Epoch [860/873] Loss: 1.7477
2026-02-21 09:24:21,263 - INFO -   Epoch [870/873] Loss: 1.8916
2026-02-21 09:24:40,975 - INFO -   Train Loss: 1.8488
2026-02-21 09:24:40,975 - INFO -   Train Accuracy: 31.15%
2026-02-21 09:24:40,975 - INFO -   Val Loss: 1.8367
2026-02-21 09:24:40,975 - INFO -   Val Accuracy: 39.55% | F1: 0.2255
2026-02-21 09:24:40,975 - INFO -   LR: 0.000250
2026-02-21 09:24:40,975 - INFO -   Patience: 6/15
2026-02-21 09:24:40,975 - INFO - 
Epoch 33/100
2026-02-21 09:24:44,674 - INFO -   Epoch [10/873] Loss: 1.8875
2026-02-21 09:24:48,372 - INFO -   Epoch [20/873] Loss: 1.6284
2026-02-21 09:24:52,069 - INFO -   Epoch [30/873] Loss: 1.6828
2026-02-21 09:24:55,817 - INFO -   Epoch [40/873] Loss: 1.8332
2026-02-21 09:24:59,572 - INFO -   Epoch [50/873] Loss: 2.0752
2026-02-21 09:25:03,325 - INFO -   Epoch [60/873] Loss: 1.7305
2026-02-21 09:25:07,085 - INFO -   Epoch [70/873] Loss: 1.9357
2026-02-21 09:25:10,822 - INFO -   Epoch [80/873] Loss: 1.6320
2026-02-21 09:25:14,573 - INFO -   Epoch [90/873] Loss: 1.6010
2026-02-21 09:25:18,327 - INFO -   Epoch [100/873] Loss: 2.5070
2026-02-21 09:25:22,079 - INFO -   Epoch [110/873] Loss: 1.6770
2026-02-21 09:25:25,818 - INFO -   Epoch [120/873] Loss: 1.6879
2026-02-21 09:25:29,569 - INFO -   Epoch [130/873] Loss: 1.4989
2026-02-21 09:25:33,330 - INFO -   Epoch [140/873] Loss: 1.9277
2026-02-21 09:25:37,093 - INFO -   Epoch [150/873] Loss: 2.2761
2026-02-21 09:25:40,819 - INFO -   Epoch [160/873] Loss: 1.6923
2026-02-21 09:25:44,580 - INFO -   Epoch [170/873] Loss: 1.5027
2026-02-21 09:25:48,339 - INFO -   Epoch [180/873] Loss: 1.7087
2026-02-21 09:25:52,093 - INFO -   Epoch [190/873] Loss: 1.5778
2026-02-21 09:25:55,823 - INFO -   Epoch [200/873] Loss: 1.6993
2026-02-21 09:25:59,581 - INFO -   Epoch [210/873] Loss: 1.9881
2026-02-21 09:26:03,341 - INFO -   Epoch [220/873] Loss: 1.5420
2026-02-21 09:26:07,090 - INFO -   Epoch [230/873] Loss: 2.0237
2026-02-21 09:26:10,839 - INFO -   Epoch [240/873] Loss: 2.0617
2026-02-21 09:26:14,587 - INFO -   Epoch [250/873] Loss: 1.7974
2026-02-21 09:26:18,339 - INFO -   Epoch [260/873] Loss: 1.6107
2026-02-21 09:26:22,049 - INFO -   Epoch [270/873] Loss: 1.6767
2026-02-21 09:26:25,793 - INFO -   Epoch [280/873] Loss: 1.7564
2026-02-21 09:26:29,546 - INFO -   Epoch [290/873] Loss: 1.6107
2026-02-21 09:26:33,300 - INFO -   Epoch [300/873] Loss: 1.7110
2026-02-21 09:26:37,051 - INFO -   Epoch [310/873] Loss: 1.6667
2026-02-21 09:26:40,773 - INFO -   Epoch [320/873] Loss: 1.6755
2026-02-21 09:26:44,500 - INFO -   Epoch [330/873] Loss: 1.6238
2026-02-21 09:26:48,254 - INFO -   Epoch [340/873] Loss: 1.6777
2026-02-21 09:26:51,979 - INFO -   Epoch [350/873] Loss: 1.6819
2026-02-21 09:26:55,703 - INFO -   Epoch [360/873] Loss: 1.7501
2026-02-21 09:26:59,446 - INFO -   Epoch [370/873] Loss: 2.2163
2026-02-21 09:27:03,170 - INFO -   Epoch [380/873] Loss: 1.7897
2026-02-21 09:27:06,925 - INFO -   Epoch [390/873] Loss: 1.9039
2026-02-21 09:27:10,679 - INFO -   Epoch [400/873] Loss: 1.8178
2026-02-21 09:27:14,434 - INFO -   Epoch [410/873] Loss: 1.7703
2026-02-21 09:27:18,183 - INFO -   Epoch [420/873] Loss: 1.6009
2026-02-21 09:27:21,931 - INFO -   Epoch [430/873] Loss: 1.5443
2026-02-21 09:27:25,684 - INFO -   Epoch [440/873] Loss: 1.9895
2026-02-21 09:27:29,439 - INFO -   Epoch [450/873] Loss: 2.5476
2026-02-21 09:27:33,194 - INFO -   Epoch [460/873] Loss: 1.3932
2026-02-21 09:27:36,948 - INFO -   Epoch [470/873] Loss: 1.5900
2026-02-21 09:27:40,700 - INFO -   Epoch [480/873] Loss: 1.8500
2026-02-21 09:27:44,455 - INFO -   Epoch [490/873] Loss: 1.5677
2026-02-21 09:27:48,210 - INFO -   Epoch [500/873] Loss: 1.3693
2026-02-21 09:27:51,964 - INFO -   Epoch [510/873] Loss: 2.4537
2026-02-21 09:27:55,714 - INFO -   Epoch [520/873] Loss: 1.8739
2026-02-21 09:27:59,460 - INFO -   Epoch [530/873] Loss: 1.5642
2026-02-21 09:28:03,200 - INFO -   Epoch [540/873] Loss: 1.6407
2026-02-21 09:28:06,944 - INFO -   Epoch [550/873] Loss: 1.6653
2026-02-21 09:28:10,697 - INFO -   Epoch [560/873] Loss: 1.6348
2026-02-21 09:28:14,445 - INFO -   Epoch [570/873] Loss: 1.9525
2026-02-21 09:28:18,193 - INFO -   Epoch [580/873] Loss: 1.6068
2026-02-21 09:28:21,946 - INFO -   Epoch [590/873] Loss: 1.7864
2026-02-21 09:28:25,698 - INFO -   Epoch [600/873] Loss: 2.2780
2026-02-21 09:28:29,453 - INFO -   Epoch [610/873] Loss: 2.2117
2026-02-21 09:28:33,204 - INFO -   Epoch [620/873] Loss: 2.7383
2026-02-21 09:28:36,955 - INFO -   Epoch [630/873] Loss: 1.7562
2026-02-21 09:28:40,707 - INFO -   Epoch [640/873] Loss: 1.5766
2026-02-21 09:28:44,455 - INFO -   Epoch [650/873] Loss: 1.7986
2026-02-21 09:28:48,210 - INFO -   Epoch [660/873] Loss: 1.9189
2026-02-21 09:28:51,963 - INFO -   Epoch [670/873] Loss: 1.5784
2026-02-21 09:28:55,711 - INFO -   Epoch [680/873] Loss: 1.7463
2026-02-21 09:28:59,460 - INFO -   Epoch [690/873] Loss: 1.7958
2026-02-21 09:29:03,212 - INFO -   Epoch [700/873] Loss: 2.0396
2026-02-21 09:29:06,962 - INFO -   Epoch [710/873] Loss: 1.6020
2026-02-21 09:29:10,695 - INFO -   Epoch [720/873] Loss: 1.4767
2026-02-21 09:29:14,404 - INFO -   Epoch [730/873] Loss: 1.6324
2026-02-21 09:29:18,125 - INFO -   Epoch [740/873] Loss: 2.0983
2026-02-21 09:29:21,851 - INFO -   Epoch [750/873] Loss: 1.5659
2026-02-21 09:29:25,595 - INFO -   Epoch [760/873] Loss: 1.7801
2026-02-21 09:29:29,339 - INFO -   Epoch [770/873] Loss: 2.1421
2026-02-21 09:29:33,059 - INFO -   Epoch [780/873] Loss: 2.2629
2026-02-21 09:29:36,813 - INFO -   Epoch [790/873] Loss: 1.5191
2026-02-21 09:29:40,544 - INFO -   Epoch [800/873] Loss: 2.9532
2026-02-21 09:29:44,294 - INFO -   Epoch [810/873] Loss: 1.7621
2026-02-21 09:29:48,043 - INFO -   Epoch [820/873] Loss: 1.7200
2026-02-21 09:29:51,793 - INFO -   Epoch [830/873] Loss: 2.3408
2026-02-21 09:29:55,544 - INFO -   Epoch [840/873] Loss: 2.1419
2026-02-21 09:29:59,280 - INFO -   Epoch [850/873] Loss: 1.7401
2026-02-21 09:30:02,996 - INFO -   Epoch [860/873] Loss: 2.2205
2026-02-21 09:30:06,737 - INFO -   Epoch [870/873] Loss: 1.3647
2026-02-21 09:30:26,410 - INFO -   Train Loss: 1.8253
2026-02-21 09:30:26,410 - INFO -   Train Accuracy: 32.68%
2026-02-21 09:30:26,410 - INFO -   Val Loss: 1.8535
2026-02-21 09:30:26,410 - INFO -   Val Accuracy: 38.60% | F1: 0.2196
2026-02-21 09:30:26,410 - INFO -   LR: 0.000125
2026-02-21 09:30:26,410 - INFO -   Patience: 7/15
2026-02-21 09:30:26,410 - INFO - 
Epoch 34/100
2026-02-21 09:30:30,108 - INFO -   Epoch [10/873] Loss: 1.5543
2026-02-21 09:30:33,834 - INFO -   Epoch [20/873] Loss: 1.6052
2026-02-21 09:30:37,582 - INFO -   Epoch [30/873] Loss: 1.2934
2026-02-21 09:30:41,304 - INFO -   Epoch [40/873] Loss: 1.6273
2026-02-21 09:30:45,046 - INFO -   Epoch [50/873] Loss: 1.8354
2026-02-21 09:30:48,793 - INFO -   Epoch [60/873] Loss: 1.7304
2026-02-21 09:30:52,536 - INFO -   Epoch [70/873] Loss: 1.6126
2026-02-21 09:30:56,279 - INFO -   Epoch [80/873] Loss: 1.6585
2026-02-21 09:31:00,023 - INFO -   Epoch [90/873] Loss: 2.1879
2026-02-21 09:31:03,774 - INFO -   Epoch [100/873] Loss: 1.7784
2026-02-21 09:31:07,517 - INFO -   Epoch [110/873] Loss: 1.6660
2026-02-21 09:31:11,269 - INFO -   Epoch [120/873] Loss: 1.8599
2026-02-21 09:31:15,019 - INFO -   Epoch [130/873] Loss: 1.4637
2026-02-21 09:31:18,769 - INFO -   Epoch [140/873] Loss: 1.6177
2026-02-21 09:31:22,512 - INFO -   Epoch [150/873] Loss: 1.5163
2026-02-21 09:31:26,254 - INFO -   Epoch [160/873] Loss: 1.8624
2026-02-21 09:31:29,996 - INFO -   Epoch [170/873] Loss: 2.1217
2026-02-21 09:31:33,722 - INFO -   Epoch [180/873] Loss: 2.9580
2026-02-21 09:31:37,457 - INFO -   Epoch [190/873] Loss: 2.1923
2026-02-21 09:31:41,205 - INFO -   Epoch [200/873] Loss: 1.9740
2026-02-21 09:31:44,940 - INFO -   Epoch [210/873] Loss: 1.9794
2026-02-21 09:31:48,685 - INFO -   Epoch [220/873] Loss: 1.9698
2026-02-21 09:31:52,412 - INFO -   Epoch [230/873] Loss: 1.5878
2026-02-21 09:31:56,161 - INFO -   Epoch [240/873] Loss: 1.5981
2026-02-21 09:31:59,904 - INFO -   Epoch [250/873] Loss: 1.8079
2026-02-21 09:32:03,640 - INFO -   Epoch [260/873] Loss: 1.9708
2026-02-21 09:32:07,392 - INFO -   Epoch [270/873] Loss: 1.4515
2026-02-21 09:32:11,120 - INFO -   Epoch [280/873] Loss: 1.6358
2026-02-21 09:32:14,876 - INFO -   Epoch [290/873] Loss: 1.8881
2026-02-21 09:32:18,625 - INFO -   Epoch [300/873] Loss: 1.5644
2026-02-21 09:32:22,373 - INFO -   Epoch [310/873] Loss: 1.5425
2026-02-21 09:32:26,125 - INFO -   Epoch [320/873] Loss: 1.7766
2026-02-21 09:32:29,869 - INFO -   Epoch [330/873] Loss: 1.6493
2026-02-21 09:32:33,585 - INFO -   Epoch [340/873] Loss: 1.7291
2026-02-21 09:32:37,331 - INFO -   Epoch [350/873] Loss: 1.5251
2026-02-21 09:32:41,074 - INFO -   Epoch [360/873] Loss: 2.3343
2026-02-21 09:32:44,814 - INFO -   Epoch [370/873] Loss: 1.6316
2026-02-21 09:32:48,539 - INFO -   Epoch [380/873] Loss: 1.4771
2026-02-21 09:32:52,284 - INFO -   Epoch [390/873] Loss: 2.2852
2026-02-21 09:32:56,039 - INFO -   Epoch [400/873] Loss: 2.0289
2026-02-21 09:32:59,789 - INFO -   Epoch [410/873] Loss: 1.4086
2026-02-21 09:33:03,540 - INFO -   Epoch [420/873] Loss: 1.5214
2026-02-21 09:33:07,292 - INFO -   Epoch [430/873] Loss: 1.5909
2026-02-21 09:33:11,036 - INFO -   Epoch [440/873] Loss: 2.3381
2026-02-21 09:33:14,769 - INFO -   Epoch [450/873] Loss: 1.7687
2026-02-21 09:33:18,519 - INFO -   Epoch [460/873] Loss: 1.7937
2026-02-21 09:33:22,268 - INFO -   Epoch [470/873] Loss: 1.9823
2026-02-21 09:33:26,019 - INFO -   Epoch [480/873] Loss: 1.5352
2026-02-21 09:33:29,764 - INFO -   Epoch [490/873] Loss: 1.7776
2026-02-21 09:33:33,505 - INFO -   Epoch [500/873] Loss: 1.8982
2026-02-21 09:33:37,261 - INFO -   Epoch [510/873] Loss: 2.3069
2026-02-21 09:33:40,987 - INFO -   Epoch [520/873] Loss: 1.7643
2026-02-21 09:33:44,736 - INFO -   Epoch [530/873] Loss: 1.8632
2026-02-21 09:33:48,484 - INFO -   Epoch [540/873] Loss: 1.5726
2026-02-21 09:33:52,214 - INFO -   Epoch [550/873] Loss: 1.4911
2026-02-21 09:33:55,969 - INFO -   Epoch [560/873] Loss: 1.8875
2026-02-21 09:33:59,717 - INFO -   Epoch [570/873] Loss: 1.7169
2026-02-21 09:34:03,466 - INFO -   Epoch [580/873] Loss: 1.8962
2026-02-21 09:34:07,216 - INFO -   Epoch [590/873] Loss: 1.9374
2026-02-21 09:34:10,972 - INFO -   Epoch [600/873] Loss: 1.7150
2026-02-21 09:34:14,731 - INFO -   Epoch [610/873] Loss: 1.6343
2026-02-21 09:34:18,488 - INFO -   Epoch [620/873] Loss: 1.5426
2026-02-21 09:34:22,235 - INFO -   Epoch [630/873] Loss: 1.5283
2026-02-21 09:34:25,984 - INFO -   Epoch [640/873] Loss: 1.6116
2026-02-21 09:34:29,729 - INFO -   Epoch [650/873] Loss: 1.3931
2026-02-21 09:34:33,476 - INFO -   Epoch [660/873] Loss: 1.5462
2026-02-21 09:34:37,221 - INFO -   Epoch [670/873] Loss: 1.5689
2026-02-21 09:34:40,976 - INFO -   Epoch [680/873] Loss: 1.7285
2026-02-21 09:34:44,725 - INFO -   Epoch [690/873] Loss: 2.2017
2026-02-21 09:34:48,471 - INFO -   Epoch [700/873] Loss: 1.7466
2026-02-21 09:34:52,187 - INFO -   Epoch [710/873] Loss: 1.9541
2026-02-21 09:34:55,933 - INFO -   Epoch [720/873] Loss: 2.0172
2026-02-21 09:34:59,687 - INFO -   Epoch [730/873] Loss: 2.3843
2026-02-21 09:35:03,435 - INFO -   Epoch [740/873] Loss: 1.8403
2026-02-21 09:35:07,184 - INFO -   Epoch [750/873] Loss: 1.4715
2026-02-21 09:35:10,932 - INFO -   Epoch [760/873] Loss: 1.8864
2026-02-21 09:35:14,678 - INFO -   Epoch [770/873] Loss: 1.8200
2026-02-21 09:35:18,424 - INFO -   Epoch [780/873] Loss: 1.9603
2026-02-21 09:35:22,176 - INFO -   Epoch [790/873] Loss: 1.9518
2026-02-21 09:35:25,926 - INFO -   Epoch [800/873] Loss: 2.0068
2026-02-21 09:35:29,674 - INFO -   Epoch [810/873] Loss: 1.8483
2026-02-21 09:35:33,424 - INFO -   Epoch [820/873] Loss: 1.6140
2026-02-21 09:35:37,173 - INFO -   Epoch [830/873] Loss: 2.2041
2026-02-21 09:35:40,935 - INFO -   Epoch [840/873] Loss: 1.4934
2026-02-21 09:35:44,685 - INFO -   Epoch [850/873] Loss: 2.4284
2026-02-21 09:35:48,436 - INFO -   Epoch [860/873] Loss: 1.9034
2026-02-21 09:35:52,191 - INFO -   Epoch [870/873] Loss: 1.9407
2026-02-21 09:36:11,923 - INFO -   Train Loss: 1.8355
2026-02-21 09:36:11,923 - INFO -   Train Accuracy: 31.84%
2026-02-21 09:36:11,923 - INFO -   Val Loss: 1.8421
2026-02-21 09:36:11,923 - INFO -   Val Accuracy: 38.30% | F1: 0.2084
2026-02-21 09:36:11,924 - INFO -   LR: 0.000125
2026-02-21 09:36:11,924 - INFO -   Patience: 8/15
2026-02-21 09:36:11,924 - INFO - 
Epoch 35/100
2026-02-21 09:36:15,620 - INFO -   Epoch [10/873] Loss: 2.0395
2026-02-21 09:36:19,317 - INFO -   Epoch [20/873] Loss: 1.4123
2026-02-21 09:36:23,015 - INFO -   Epoch [30/873] Loss: 1.9532
2026-02-21 09:36:26,718 - INFO -   Epoch [40/873] Loss: 1.5957
2026-02-21 09:36:30,473 - INFO -   Epoch [50/873] Loss: 1.6821
2026-02-21 09:36:34,227 - INFO -   Epoch [60/873] Loss: 1.9312
2026-02-21 09:36:37,981 - INFO -   Epoch [70/873] Loss: 1.6185
2026-02-21 09:36:41,725 - INFO -   Epoch [80/873] Loss: 2.5396
2026-02-21 09:36:45,483 - INFO -   Epoch [90/873] Loss: 1.7400
2026-02-21 09:36:49,231 - INFO -   Epoch [100/873] Loss: 1.7778
2026-02-21 09:36:52,980 - INFO -   Epoch [110/873] Loss: 1.8135
2026-02-21 09:36:56,711 - INFO -   Epoch [120/873] Loss: 1.8562
2026-02-21 09:37:00,459 - INFO -   Epoch [130/873] Loss: 1.8888
2026-02-21 09:37:04,202 - INFO -   Epoch [140/873] Loss: 1.6720
2026-02-21 09:37:07,960 - INFO -   Epoch [150/873] Loss: 2.1610
2026-02-21 09:37:11,704 - INFO -   Epoch [160/873] Loss: 1.7144
2026-02-21 09:37:15,462 - INFO -   Epoch [170/873] Loss: 2.0047
2026-02-21 09:37:19,209 - INFO -   Epoch [180/873] Loss: 2.7133
2026-02-21 09:37:22,961 - INFO -   Epoch [190/873] Loss: 2.1173
2026-02-21 09:37:26,717 - INFO -   Epoch [200/873] Loss: 1.4752
2026-02-21 09:37:30,466 - INFO -   Epoch [210/873] Loss: 1.7390
2026-02-21 09:37:34,223 - INFO -   Epoch [220/873] Loss: 1.5442
2026-02-21 09:37:37,978 - INFO -   Epoch [230/873] Loss: 1.8021
2026-02-21 09:37:41,734 - INFO -   Epoch [240/873] Loss: 1.4752
2026-02-21 09:37:45,489 - INFO -   Epoch [250/873] Loss: 1.8207
2026-02-21 09:37:49,247 - INFO -   Epoch [260/873] Loss: 2.0228
2026-02-21 09:37:52,994 - INFO -   Epoch [270/873] Loss: 1.5694
2026-02-21 09:37:56,746 - INFO -   Epoch [280/873] Loss: 2.0331
2026-02-21 09:38:00,495 - INFO -   Epoch [290/873] Loss: 1.9316
2026-02-21 09:38:04,247 - INFO -   Epoch [300/873] Loss: 1.5891
2026-02-21 09:38:07,998 - INFO -   Epoch [310/873] Loss: 2.0041
2026-02-21 09:38:11,737 - INFO -   Epoch [320/873] Loss: 1.7421
2026-02-21 09:38:15,469 - INFO -   Epoch [330/873] Loss: 1.7496
2026-02-21 09:38:19,210 - INFO -   Epoch [340/873] Loss: 2.7042
2026-02-21 09:38:22,953 - INFO -   Epoch [350/873] Loss: 2.3406
2026-02-21 09:38:26,710 - INFO -   Epoch [360/873] Loss: 1.5894
2026-02-21 09:38:30,450 - INFO -   Epoch [370/873] Loss: 1.6678
2026-02-21 09:38:34,202 - INFO -   Epoch [380/873] Loss: 1.7972
2026-02-21 09:38:37,954 - INFO -   Epoch [390/873] Loss: 1.6987
2026-02-21 09:38:41,704 - INFO -   Epoch [400/873] Loss: 1.6818
2026-02-21 09:38:45,454 - INFO -   Epoch [410/873] Loss: 1.9430
2026-02-21 09:38:49,203 - INFO -   Epoch [420/873] Loss: 1.4240
2026-02-21 09:38:52,956 - INFO -   Epoch [430/873] Loss: 1.4491
2026-02-21 09:38:56,702 - INFO -   Epoch [440/873] Loss: 2.0035
2026-02-21 09:39:00,445 - INFO -   Epoch [450/873] Loss: 1.6866
2026-02-21 09:39:04,191 - INFO -   Epoch [460/873] Loss: 1.6611
2026-02-21 09:39:07,944 - INFO -   Epoch [470/873] Loss: 1.6127
2026-02-21 09:39:11,672 - INFO -   Epoch [480/873] Loss: 2.1477
2026-02-21 09:39:15,408 - INFO -   Epoch [490/873] Loss: 1.5941
2026-02-21 09:39:19,157 - INFO -   Epoch [500/873] Loss: 1.9148
2026-02-21 09:39:22,911 - INFO -   Epoch [510/873] Loss: 2.1786
2026-02-21 09:39:26,659 - INFO -   Epoch [520/873] Loss: 1.7348
2026-02-21 09:39:30,408 - INFO -   Epoch [530/873] Loss: 1.7089
2026-02-21 09:39:34,158 - INFO -   Epoch [540/873] Loss: 1.5634
2026-02-21 09:39:37,905 - INFO -   Epoch [550/873] Loss: 1.5599
2026-02-21 09:39:41,656 - INFO -   Epoch [560/873] Loss: 1.8909
2026-02-21 09:39:45,405 - INFO -   Epoch [570/873] Loss: 2.4184
2026-02-21 09:39:49,144 - INFO -   Epoch [580/873] Loss: 1.9034
2026-02-21 09:39:52,894 - INFO -   Epoch [590/873] Loss: 1.7060
2026-02-21 09:39:56,647 - INFO -   Epoch [600/873] Loss: 1.5101
2026-02-21 09:40:00,391 - INFO -   Epoch [610/873] Loss: 1.5513
2026-02-21 09:40:04,130 - INFO -   Epoch [620/873] Loss: 1.7943
2026-02-21 09:40:07,882 - INFO -   Epoch [630/873] Loss: 1.8640
2026-02-21 09:40:11,621 - INFO -   Epoch [640/873] Loss: 1.5902
2026-02-21 09:40:15,369 - INFO -   Epoch [650/873] Loss: 1.5567
2026-02-21 09:40:19,122 - INFO -   Epoch [660/873] Loss: 1.6714
2026-02-21 09:40:22,868 - INFO -   Epoch [670/873] Loss: 1.8745
2026-02-21 09:40:26,622 - INFO -   Epoch [680/873] Loss: 2.1892
2026-02-21 09:40:30,363 - INFO -   Epoch [690/873] Loss: 1.9417
2026-02-21 09:40:34,102 - INFO -   Epoch [700/873] Loss: 1.9843
2026-02-21 09:40:37,850 - INFO -   Epoch [710/873] Loss: 1.8347
2026-02-21 09:40:41,605 - INFO -   Epoch [720/873] Loss: 2.9120
2026-02-21 09:40:45,361 - INFO -   Epoch [730/873] Loss: 1.5573
2026-02-21 09:40:49,120 - INFO -   Epoch [740/873] Loss: 1.2571
2026-02-21 09:40:52,881 - INFO -   Epoch [750/873] Loss: 1.8906
2026-02-21 09:40:56,641 - INFO -   Epoch [760/873] Loss: 1.7412
2026-02-21 09:41:00,384 - INFO -   Epoch [770/873] Loss: 1.7546
2026-02-21 09:41:04,135 - INFO -   Epoch [780/873] Loss: 1.6096
2026-02-21 09:41:07,896 - INFO -   Epoch [790/873] Loss: 1.5663
2026-02-21 09:41:11,654 - INFO -   Epoch [800/873] Loss: 1.6725
2026-02-21 09:41:15,414 - INFO -   Epoch [810/873] Loss: 1.8809
2026-02-21 09:41:19,174 - INFO -   Epoch [820/873] Loss: 1.8710
2026-02-21 09:41:22,932 - INFO -   Epoch [830/873] Loss: 1.7264
2026-02-21 09:41:26,690 - INFO -   Epoch [840/873] Loss: 1.9421
2026-02-21 09:41:30,431 - INFO -   Epoch [850/873] Loss: 1.7295
2026-02-21 09:41:34,178 - INFO -   Epoch [860/873] Loss: 1.9020
2026-02-21 09:41:37,941 - INFO -   Epoch [870/873] Loss: 2.3667
2026-02-21 09:41:57,673 - INFO -   Train Loss: 1.8232
2026-02-21 09:41:57,673 - INFO -   Train Accuracy: 32.19%
2026-02-21 09:41:57,673 - INFO -   Val Loss: 1.7689
2026-02-21 09:41:57,673 - INFO -   Val Accuracy: 39.35% | F1: 0.2553
2026-02-21 09:41:57,673 - INFO -   LR: 0.000125
2026-02-21 09:41:57,673 - INFO -   Patience: 9/15
2026-02-21 09:41:57,673 - INFO - 
Epoch 36/100
2026-02-21 09:42:01,372 - INFO -   Epoch [10/873] Loss: 2.0019
2026-02-21 09:42:05,070 - INFO -   Epoch [20/873] Loss: 1.8749
2026-02-21 09:42:08,830 - INFO -   Epoch [30/873] Loss: 1.8210
2026-02-21 09:42:12,594 - INFO -   Epoch [40/873] Loss: 1.9475
2026-02-21 09:42:16,355 - INFO -   Epoch [50/873] Loss: 2.6406
2026-02-21 09:42:20,118 - INFO -   Epoch [60/873] Loss: 1.8978
2026-02-21 09:42:23,879 - INFO -   Epoch [70/873] Loss: 1.8021
2026-02-21 09:42:27,639 - INFO -   Epoch [80/873] Loss: 1.6544
2026-02-21 09:42:31,402 - INFO -   Epoch [90/873] Loss: 1.6355
2026-02-21 09:42:35,164 - INFO -   Epoch [100/873] Loss: 2.6146
2026-02-21 09:42:38,923 - INFO -   Epoch [110/873] Loss: 2.1167
2026-02-21 09:42:42,645 - INFO -   Epoch [120/873] Loss: 1.8601
2026-02-21 09:42:46,394 - INFO -   Epoch [130/873] Loss: 1.1362
2026-02-21 09:42:50,153 - INFO -   Epoch [140/873] Loss: 1.5775
2026-02-21 09:42:53,915 - INFO -   Epoch [150/873] Loss: 1.8381
2026-02-21 09:42:57,670 - INFO -   Epoch [160/873] Loss: 1.5213
2026-02-21 09:43:01,432 - INFO -   Epoch [170/873] Loss: 2.1944
2026-02-21 09:43:05,198 - INFO -   Epoch [180/873] Loss: 2.6027
2026-02-21 09:43:08,962 - INFO -   Epoch [190/873] Loss: 1.8990
2026-02-21 09:43:12,714 - INFO -   Epoch [200/873] Loss: 2.0877
2026-02-21 09:43:16,469 - INFO -   Epoch [210/873] Loss: 1.5759
2026-02-21 09:43:20,218 - INFO -   Epoch [220/873] Loss: 1.8041
2026-02-21 09:43:23,968 - INFO -   Epoch [230/873] Loss: 1.8048
2026-02-21 09:43:27,727 - INFO -   Epoch [240/873] Loss: 1.6600
2026-02-21 09:43:31,489 - INFO -   Epoch [250/873] Loss: 1.7846
2026-02-21 09:43:35,241 - INFO -   Epoch [260/873] Loss: 1.6172
2026-02-21 09:43:38,994 - INFO -   Epoch [270/873] Loss: 1.7063
2026-02-21 09:43:42,718 - INFO -   Epoch [280/873] Loss: 1.7916
2026-02-21 09:43:46,468 - INFO -   Epoch [290/873] Loss: 1.7265
2026-02-21 09:43:50,223 - INFO -   Epoch [300/873] Loss: 1.9853
2026-02-21 09:43:53,974 - INFO -   Epoch [310/873] Loss: 1.6448
2026-02-21 09:43:57,727 - INFO -   Epoch [320/873] Loss: 1.3629
2026-02-21 09:44:01,460 - INFO -   Epoch [330/873] Loss: 1.6761
2026-02-21 09:44:05,211 - INFO -   Epoch [340/873] Loss: 1.8638
2026-02-21 09:44:08,961 - INFO -   Epoch [350/873] Loss: 1.5832
2026-02-21 09:44:12,693 - INFO -   Epoch [360/873] Loss: 1.8941
2026-02-21 09:44:16,449 - INFO -   Epoch [370/873] Loss: 1.7336
2026-02-21 09:44:20,191 - INFO -   Epoch [380/873] Loss: 1.7789
2026-02-21 09:44:23,923 - INFO -   Epoch [390/873] Loss: 1.6538
2026-02-21 09:44:27,676 - INFO -   Epoch [400/873] Loss: 1.4397
2026-02-21 09:44:31,403 - INFO -   Epoch [410/873] Loss: 1.8384
2026-02-21 09:44:35,154 - INFO -   Epoch [420/873] Loss: 1.9850
2026-02-21 09:44:38,902 - INFO -   Epoch [430/873] Loss: 1.6014
2026-02-21 09:44:42,654 - INFO -   Epoch [440/873] Loss: 1.4563
2026-02-21 09:44:46,408 - INFO -   Epoch [450/873] Loss: 1.8151
2026-02-21 09:44:50,155 - INFO -   Epoch [460/873] Loss: 2.0066
2026-02-21 09:44:53,905 - INFO -   Epoch [470/873] Loss: 1.7117
2026-02-21 09:44:57,658 - INFO -   Epoch [480/873] Loss: 1.6387
2026-02-21 09:45:01,401 - INFO -   Epoch [490/873] Loss: 1.7876
2026-02-21 09:45:05,151 - INFO -   Epoch [500/873] Loss: 1.6045
2026-02-21 09:45:08,898 - INFO -   Epoch [510/873] Loss: 1.8760
2026-02-21 09:45:12,640 - INFO -   Epoch [520/873] Loss: 1.4389
2026-02-21 09:45:16,393 - INFO -   Epoch [530/873] Loss: 1.6762
2026-02-21 09:45:20,138 - INFO -   Epoch [540/873] Loss: 1.4941
2026-02-21 09:45:23,888 - INFO -   Epoch [550/873] Loss: 1.9219
2026-02-21 09:45:27,638 - INFO -   Epoch [560/873] Loss: 1.6426
2026-02-21 09:45:31,385 - INFO -   Epoch [570/873] Loss: 1.5892
2026-02-21 09:45:35,139 - INFO -   Epoch [580/873] Loss: 1.4606
2026-02-21 09:45:38,891 - INFO -   Epoch [590/873] Loss: 1.8080
2026-02-21 09:45:42,646 - INFO -   Epoch [600/873] Loss: 2.2703
2026-02-21 09:45:46,398 - INFO -   Epoch [610/873] Loss: 1.5991
2026-02-21 09:45:50,154 - INFO -   Epoch [620/873] Loss: 2.1837
2026-02-21 09:45:53,881 - INFO -   Epoch [630/873] Loss: 1.3481
2026-02-21 09:45:57,637 - INFO -   Epoch [640/873] Loss: 1.8019
2026-02-21 09:46:01,389 - INFO -   Epoch [650/873] Loss: 1.8204
2026-02-21 09:46:05,135 - INFO -   Epoch [660/873] Loss: 1.5627
2026-02-21 09:46:08,891 - INFO -   Epoch [670/873] Loss: 1.6604
2026-02-21 09:46:12,633 - INFO -   Epoch [680/873] Loss: 2.0319
2026-02-21 09:46:16,379 - INFO -   Epoch [690/873] Loss: 1.4166
2026-02-21 09:46:20,117 - INFO -   Epoch [700/873] Loss: 1.4739
2026-02-21 09:46:23,840 - INFO -   Epoch [710/873] Loss: 1.9319
2026-02-21 09:46:27,595 - INFO -   Epoch [720/873] Loss: 1.2921
2026-02-21 09:46:31,339 - INFO -   Epoch [730/873] Loss: 1.5867
2026-02-21 09:46:35,092 - INFO -   Epoch [740/873] Loss: 1.7899
2026-02-21 09:46:38,845 - INFO -   Epoch [750/873] Loss: 1.7552
2026-02-21 09:46:42,592 - INFO -   Epoch [760/873] Loss: 2.7973
2026-02-21 09:46:46,348 - INFO -   Epoch [770/873] Loss: 1.6311
2026-02-21 09:46:50,101 - INFO -   Epoch [780/873] Loss: 1.4521
2026-02-21 09:46:53,850 - INFO -   Epoch [790/873] Loss: 2.8010
2026-02-21 09:46:57,602 - INFO -   Epoch [800/873] Loss: 1.8955
2026-02-21 09:47:01,328 - INFO -   Epoch [810/873] Loss: 1.5251
2026-02-21 09:47:05,072 - INFO -   Epoch [820/873] Loss: 1.9469
2026-02-21 09:47:08,821 - INFO -   Epoch [830/873] Loss: 1.8902
2026-02-21 09:47:12,554 - INFO -   Epoch [840/873] Loss: 2.6521
2026-02-21 09:47:16,304 - INFO -   Epoch [850/873] Loss: 2.5411
2026-02-21 09:47:20,052 - INFO -   Epoch [860/873] Loss: 1.6393
2026-02-21 09:47:23,768 - INFO -   Epoch [870/873] Loss: 1.5466
2026-02-21 09:47:43,452 - INFO -   Train Loss: 1.8228
2026-02-21 09:47:43,453 - INFO -   Train Accuracy: 31.84%
2026-02-21 09:47:43,453 - INFO -   Val Loss: 1.7818
2026-02-21 09:47:43,453 - INFO -   Val Accuracy: 39.80% | F1: 0.2168
2026-02-21 09:47:43,453 - INFO -   LR: 0.000125
2026-02-21 09:47:43,453 - INFO -   Patience: 10/15
2026-02-21 09:47:43,453 - INFO - 
Epoch 37/100
2026-02-21 09:47:47,149 - INFO -   Epoch [10/873] Loss: 1.5921
2026-02-21 09:47:50,845 - INFO -   Epoch [20/873] Loss: 1.7745
2026-02-21 09:47:54,562 - INFO -   Epoch [30/873] Loss: 1.5770
2026-02-21 09:47:58,315 - INFO -   Epoch [40/873] Loss: 2.3849
2026-02-21 09:48:02,066 - INFO -   Epoch [50/873] Loss: 1.8607
2026-02-21 09:48:05,824 - INFO -   Epoch [60/873] Loss: 2.5213
2026-02-21 09:48:09,580 - INFO -   Epoch [70/873] Loss: 2.0843
2026-02-21 09:48:13,338 - INFO -   Epoch [80/873] Loss: 1.4002
2026-02-21 09:48:17,090 - INFO -   Epoch [90/873] Loss: 2.1356
2026-02-21 09:48:20,838 - INFO -   Epoch [100/873] Loss: 1.4883
2026-02-21 09:48:24,589 - INFO -   Epoch [110/873] Loss: 2.1298
2026-02-21 09:48:28,342 - INFO -   Epoch [120/873] Loss: 1.8371
2026-02-21 09:48:32,085 - INFO -   Epoch [130/873] Loss: 1.7987
2026-02-21 09:48:35,842 - INFO -   Epoch [140/873] Loss: 1.5565
2026-02-21 09:48:39,590 - INFO -   Epoch [150/873] Loss: 1.9003
2026-02-21 09:48:43,343 - INFO -   Epoch [160/873] Loss: 1.6807
2026-02-21 09:48:47,099 - INFO -   Epoch [170/873] Loss: 1.6837
2026-02-21 09:48:50,850 - INFO -   Epoch [180/873] Loss: 1.7550
2026-02-21 09:48:54,603 - INFO -   Epoch [190/873] Loss: 1.7626
2026-02-21 09:48:58,355 - INFO -   Epoch [200/873] Loss: 2.2940
2026-02-21 09:49:02,107 - INFO -   Epoch [210/873] Loss: 1.6314
2026-02-21 09:49:05,860 - INFO -   Epoch [220/873] Loss: 2.2426
2026-02-21 09:49:09,616 - INFO -   Epoch [230/873] Loss: 2.0190
2026-02-21 09:49:13,371 - INFO -   Epoch [240/873] Loss: 1.7401
2026-02-21 09:49:17,120 - INFO -   Epoch [250/873] Loss: 2.1117
2026-02-21 09:49:20,870 - INFO -   Epoch [260/873] Loss: 1.7940
2026-02-21 09:49:24,621 - INFO -   Epoch [270/873] Loss: 2.4228
2026-02-21 09:49:28,377 - INFO -   Epoch [280/873] Loss: 1.7586
2026-02-21 09:49:32,132 - INFO -   Epoch [290/873] Loss: 1.4542
2026-02-21 09:49:35,890 - INFO -   Epoch [300/873] Loss: 1.6111
2026-02-21 09:49:39,643 - INFO -   Epoch [310/873] Loss: 1.7251
2026-02-21 09:49:43,397 - INFO -   Epoch [320/873] Loss: 1.5553
2026-02-21 09:49:47,149 - INFO -   Epoch [330/873] Loss: 1.5977
2026-02-21 09:49:50,909 - INFO -   Epoch [340/873] Loss: 1.8348
2026-02-21 09:49:54,662 - INFO -   Epoch [350/873] Loss: 2.4366
2026-02-21 09:49:58,415 - INFO -   Epoch [360/873] Loss: 1.6345
2026-02-21 09:50:02,164 - INFO -   Epoch [370/873] Loss: 1.9922
2026-02-21 09:50:05,916 - INFO -   Epoch [380/873] Loss: 2.4073
2026-02-21 09:50:09,650 - INFO -   Epoch [390/873] Loss: 1.7577
2026-02-21 09:50:13,391 - INFO -   Epoch [400/873] Loss: 1.7148
2026-02-21 09:50:17,150 - INFO -   Epoch [410/873] Loss: 1.6781
2026-02-21 09:50:20,903 - INFO -   Epoch [420/873] Loss: 1.8564
2026-02-21 09:50:24,655 - INFO -   Epoch [430/873] Loss: 2.2067
2026-02-21 09:50:28,407 - INFO -   Epoch [440/873] Loss: 1.5638
2026-02-21 09:50:32,148 - INFO -   Epoch [450/873] Loss: 1.7145
2026-02-21 09:50:35,897 - INFO -   Epoch [460/873] Loss: 1.7927
2026-02-21 09:50:39,642 - INFO -   Epoch [470/873] Loss: 1.9132
2026-02-21 09:50:43,380 - INFO -   Epoch [480/873] Loss: 1.8324
2026-02-21 09:50:47,129 - INFO -   Epoch [490/873] Loss: 1.9641
2026-02-21 09:50:50,886 - INFO -   Epoch [500/873] Loss: 2.2023
2026-02-21 09:50:54,643 - INFO -   Epoch [510/873] Loss: 1.4345
2026-02-21 09:50:58,394 - INFO -   Epoch [520/873] Loss: 1.7457
2026-02-21 09:51:02,149 - INFO -   Epoch [530/873] Loss: 2.4262
2026-02-21 09:51:05,909 - INFO -   Epoch [540/873] Loss: 1.5753
2026-02-21 09:51:09,662 - INFO -   Epoch [550/873] Loss: 1.8029
2026-02-21 09:51:13,414 - INFO -   Epoch [560/873] Loss: 2.9950
2026-02-21 09:51:17,166 - INFO -   Epoch [570/873] Loss: 1.6804
2026-02-21 09:51:20,916 - INFO -   Epoch [580/873] Loss: 1.8876
2026-02-21 09:51:24,667 - INFO -   Epoch [590/873] Loss: 1.8879
2026-02-21 09:51:28,418 - INFO -   Epoch [600/873] Loss: 1.7789
2026-02-21 09:51:32,150 - INFO -   Epoch [610/873] Loss: 1.6060
2026-02-21 09:51:35,890 - INFO -   Epoch [620/873] Loss: 1.4326
2026-02-21 09:51:39,633 - INFO -   Epoch [630/873] Loss: 2.5356
2026-02-21 09:51:43,369 - INFO -   Epoch [640/873] Loss: 2.3044
2026-02-21 09:51:47,118 - INFO -   Epoch [650/873] Loss: 1.9430
2026-02-21 09:51:50,859 - INFO -   Epoch [660/873] Loss: 2.5660
2026-02-21 09:51:54,602 - INFO -   Epoch [670/873] Loss: 1.4364
2026-02-21 09:51:58,354 - INFO -   Epoch [680/873] Loss: 1.7352
2026-02-21 09:52:02,090 - INFO -   Epoch [690/873] Loss: 2.0269
2026-02-21 09:52:05,852 - INFO -   Epoch [700/873] Loss: 2.0705
2026-02-21 09:52:09,614 - INFO -   Epoch [710/873] Loss: 1.6287
2026-02-21 09:52:13,364 - INFO -   Epoch [720/873] Loss: 2.2234
2026-02-21 09:52:17,127 - INFO -   Epoch [730/873] Loss: 1.7778
2026-02-21 09:52:20,872 - INFO -   Epoch [740/873] Loss: 1.6128
2026-02-21 09:52:24,622 - INFO -   Epoch [750/873] Loss: 2.0577
2026-02-21 09:52:28,382 - INFO -   Epoch [760/873] Loss: 1.8593
2026-02-21 09:52:32,136 - INFO -   Epoch [770/873] Loss: 1.9029
2026-02-21 09:52:35,901 - INFO -   Epoch [780/873] Loss: 1.7303
2026-02-21 09:52:39,653 - INFO -   Epoch [790/873] Loss: 1.8035
2026-02-21 09:52:43,410 - INFO -   Epoch [800/873] Loss: 1.6180
2026-02-21 09:52:47,168 - INFO -   Epoch [810/873] Loss: 1.5049
2026-02-21 09:52:50,901 - INFO -   Epoch [820/873] Loss: 1.8833
2026-02-21 09:52:54,654 - INFO -   Epoch [830/873] Loss: 1.8437
2026-02-21 09:52:58,418 - INFO -   Epoch [840/873] Loss: 2.2291
2026-02-21 09:53:02,184 - INFO -   Epoch [850/873] Loss: 2.0145
2026-02-21 09:53:05,950 - INFO -   Epoch [860/873] Loss: 1.6990
2026-02-21 09:53:09,708 - INFO -   Epoch [870/873] Loss: 1.4056
2026-02-21 09:53:29,407 - INFO -   Train Loss: 1.8193
2026-02-21 09:53:29,408 - INFO -   Train Accuracy: 31.97%
2026-02-21 09:53:29,408 - INFO -   Val Loss: 1.7484
2026-02-21 09:53:29,408 - INFO -   Val Accuracy: 40.05% | F1: 0.2298
2026-02-21 09:53:29,408 - INFO -   LR: 0.000125
2026-02-21 09:53:29,408 - INFO -   Patience: 11/15
2026-02-21 09:53:29,408 - INFO - 
Epoch 38/100
2026-02-21 09:53:33,104 - INFO -   Epoch [10/873] Loss: 1.4443
2026-02-21 09:53:36,803 - INFO -   Epoch [20/873] Loss: 1.5645
2026-02-21 09:53:40,499 - INFO -   Epoch [30/873] Loss: 1.8776
2026-02-21 09:53:44,193 - INFO -   Epoch [40/873] Loss: 1.6544
2026-02-21 09:53:47,949 - INFO -   Epoch [50/873] Loss: 1.5402
2026-02-21 09:53:51,713 - INFO -   Epoch [60/873] Loss: 1.6672
2026-02-21 09:53:55,478 - INFO -   Epoch [70/873] Loss: 1.8204
2026-02-21 09:53:59,243 - INFO -   Epoch [80/873] Loss: 1.5731
2026-02-21 09:54:02,974 - INFO -   Epoch [90/873] Loss: 1.7332
2026-02-21 09:54:06,734 - INFO -   Epoch [100/873] Loss: 1.7465
2026-02-21 09:54:10,487 - INFO -   Epoch [110/873] Loss: 1.5085
2026-02-21 09:54:14,241 - INFO -   Epoch [120/873] Loss: 1.6489
2026-02-21 09:54:18,006 - INFO -   Epoch [130/873] Loss: 1.6964
2026-02-21 09:54:21,744 - INFO -   Epoch [140/873] Loss: 1.7021
2026-02-21 09:54:25,505 - INFO -   Epoch [150/873] Loss: 1.5571
2026-02-21 09:54:29,268 - INFO -   Epoch [160/873] Loss: 1.7634
2026-02-21 09:54:33,028 - INFO -   Epoch [170/873] Loss: 1.5056
2026-02-21 09:54:36,785 - INFO -   Epoch [180/873] Loss: 1.1337
2026-02-21 09:54:40,520 - INFO -   Epoch [190/873] Loss: 1.6251
2026-02-21 09:54:44,276 - INFO -   Epoch [200/873] Loss: 1.7966
2026-02-21 09:54:48,031 - INFO -   Epoch [210/873] Loss: 1.7097
2026-02-21 09:54:51,788 - INFO -   Epoch [220/873] Loss: 1.6506
2026-02-21 09:54:55,545 - INFO -   Epoch [230/873] Loss: 2.2013
2026-02-21 09:54:59,296 - INFO -   Epoch [240/873] Loss: 1.9079
2026-02-21 09:55:03,060 - INFO -   Epoch [250/873] Loss: 1.6494
2026-02-21 09:55:06,823 - INFO -   Epoch [260/873] Loss: 1.5411
2026-02-21 09:55:10,565 - INFO -   Epoch [270/873] Loss: 1.8859
2026-02-21 09:55:14,316 - INFO -   Epoch [280/873] Loss: 1.5055
2026-02-21 09:55:18,069 - INFO -   Epoch [290/873] Loss: 1.6829
2026-02-21 09:55:21,823 - INFO -   Epoch [300/873] Loss: 1.9979
2026-02-21 09:55:25,583 - INFO -   Epoch [310/873] Loss: 1.5361
2026-02-21 09:55:29,345 - INFO -   Epoch [320/873] Loss: 2.3210
2026-02-21 09:55:33,109 - INFO -   Epoch [330/873] Loss: 1.5502
2026-02-21 09:55:36,872 - INFO -   Epoch [340/873] Loss: 1.7286
2026-02-21 09:55:40,614 - INFO -   Epoch [350/873] Loss: 1.8651
2026-02-21 09:55:44,366 - INFO -   Epoch [360/873] Loss: 1.9210
2026-02-21 09:55:48,126 - INFO -   Epoch [370/873] Loss: 1.7804
2026-02-21 09:55:51,884 - INFO -   Epoch [380/873] Loss: 2.3879
2026-02-21 09:55:55,645 - INFO -   Epoch [390/873] Loss: 1.7092
2026-02-21 09:55:59,396 - INFO -   Epoch [400/873] Loss: 1.8651
2026-02-21 09:56:03,144 - INFO -   Epoch [410/873] Loss: 1.7946
2026-02-21 09:56:06,904 - INFO -   Epoch [420/873] Loss: 1.6508
2026-02-21 09:56:10,650 - INFO -   Epoch [430/873] Loss: 1.5170
2026-02-21 09:56:14,399 - INFO -   Epoch [440/873] Loss: 1.4668
2026-02-21 09:56:18,145 - INFO -   Epoch [450/873] Loss: 1.3407
2026-02-21 09:56:21,893 - INFO -   Epoch [460/873] Loss: 2.0849
2026-02-21 09:56:25,635 - INFO -   Epoch [470/873] Loss: 1.5664
2026-02-21 09:56:29,388 - INFO -   Epoch [480/873] Loss: 1.7100
2026-02-21 09:56:33,138 - INFO -   Epoch [490/873] Loss: 1.3725
2026-02-21 09:56:36,886 - INFO -   Epoch [500/873] Loss: 1.6536
2026-02-21 09:56:40,641 - INFO -   Epoch [510/873] Loss: 2.4776
2026-02-21 09:56:44,405 - INFO -   Epoch [520/873] Loss: 1.5888
2026-02-21 09:56:48,165 - INFO -   Epoch [530/873] Loss: 1.9509
2026-02-21 09:56:51,902 - INFO -   Epoch [540/873] Loss: 1.8566
2026-02-21 09:56:55,661 - INFO -   Epoch [550/873] Loss: 1.7578
2026-02-21 09:56:59,419 - INFO -   Epoch [560/873] Loss: 1.7974
2026-02-21 09:57:03,163 - INFO -   Epoch [570/873] Loss: 1.8398
2026-02-21 09:57:06,926 - INFO -   Epoch [580/873] Loss: 1.6391
2026-02-21 09:57:10,683 - INFO -   Epoch [590/873] Loss: 2.1236
2026-02-21 09:57:14,422 - INFO -   Epoch [600/873] Loss: 2.0975
2026-02-21 09:57:18,189 - INFO -   Epoch [610/873] Loss: 3.0724
2026-02-21 09:57:21,942 - INFO -   Epoch [620/873] Loss: 1.6955
2026-02-21 09:57:25,697 - INFO -   Epoch [630/873] Loss: 1.5321
2026-02-21 09:57:29,449 - INFO -   Epoch [640/873] Loss: 1.7308
2026-02-21 09:57:33,196 - INFO -   Epoch [650/873] Loss: 1.8054
2026-02-21 09:57:36,946 - INFO -   Epoch [660/873] Loss: 1.8758
2026-02-21 09:57:40,697 - INFO -   Epoch [670/873] Loss: 1.6844
2026-02-21 09:57:44,452 - INFO -   Epoch [680/873] Loss: 1.8908
2026-02-21 09:57:48,208 - INFO -   Epoch [690/873] Loss: 1.7424
2026-02-21 09:57:51,934 - INFO -   Epoch [700/873] Loss: 1.9474
2026-02-21 09:57:55,674 - INFO -   Epoch [710/873] Loss: 1.7820
2026-02-21 09:57:59,432 - INFO -   Epoch [720/873] Loss: 1.6876
2026-02-21 09:58:03,187 - INFO -   Epoch [730/873] Loss: 1.6815
2026-02-21 09:58:06,943 - INFO -   Epoch [740/873] Loss: 1.8622
2026-02-21 09:58:10,692 - INFO -   Epoch [750/873] Loss: 1.5769
2026-02-21 09:58:14,442 - INFO -   Epoch [760/873] Loss: 1.4109
2026-02-21 09:58:18,193 - INFO -   Epoch [770/873] Loss: 1.4730
2026-02-21 09:58:21,944 - INFO -   Epoch [780/873] Loss: 1.7008
2026-02-21 09:58:25,700 - INFO -   Epoch [790/873] Loss: 2.8114
2026-02-21 09:58:29,447 - INFO -   Epoch [800/873] Loss: 1.5358
2026-02-21 09:58:33,191 - INFO -   Epoch [810/873] Loss: 1.6546
2026-02-21 09:58:36,946 - INFO -   Epoch [820/873] Loss: 1.5270
2026-02-21 09:58:40,690 - INFO -   Epoch [830/873] Loss: 1.6716
2026-02-21 09:58:44,434 - INFO -   Epoch [840/873] Loss: 1.5998
2026-02-21 09:58:48,194 - INFO -   Epoch [850/873] Loss: 1.4106
2026-02-21 09:58:51,962 - INFO -   Epoch [860/873] Loss: 1.7705
2026-02-21 09:58:55,726 - INFO -   Epoch [870/873] Loss: 2.8176
2026-02-21 09:59:15,482 - INFO -   Train Loss: 1.8113
2026-02-21 09:59:15,482 - INFO -   Train Accuracy: 32.04%
2026-02-21 09:59:15,482 - INFO -   Val Loss: 1.8123
2026-02-21 09:59:15,482 - INFO -   Val Accuracy: 38.10% | F1: 0.2226
2026-02-21 09:59:15,482 - INFO -   LR: 0.000125
2026-02-21 09:59:15,482 - INFO -   Patience: 12/15
2026-02-21 09:59:15,482 - INFO - 
Epoch 39/100
2026-02-21 09:59:19,178 - INFO -   Epoch [10/873] Loss: 1.9547
2026-02-21 09:59:22,917 - INFO -   Epoch [20/873] Loss: 2.0265
2026-02-21 09:59:26,685 - INFO -   Epoch [30/873] Loss: 1.7773
2026-02-21 09:59:30,440 - INFO -   Epoch [40/873] Loss: 1.6721
2026-02-21 09:59:34,199 - INFO -   Epoch [50/873] Loss: 1.6632
2026-02-21 09:59:37,964 - INFO -   Epoch [60/873] Loss: 2.4376
2026-02-21 09:59:41,726 - INFO -   Epoch [70/873] Loss: 1.9780
2026-02-21 09:59:45,491 - INFO -   Epoch [80/873] Loss: 1.6660
2026-02-21 09:59:49,242 - INFO -   Epoch [90/873] Loss: 1.5614
2026-02-21 09:59:52,995 - INFO -   Epoch [100/873] Loss: 2.3429
2026-02-21 09:59:56,760 - INFO -   Epoch [110/873] Loss: 1.6283
2026-02-21 10:00:00,513 - INFO -   Epoch [120/873] Loss: 1.6919
2026-02-21 10:00:04,273 - INFO -   Epoch [130/873] Loss: 1.5448
2026-02-21 10:00:08,040 - INFO -   Epoch [140/873] Loss: 1.3791
2026-02-21 10:00:11,780 - INFO -   Epoch [150/873] Loss: 1.6065
2026-02-21 10:00:15,539 - INFO -   Epoch [160/873] Loss: 1.5190
2026-02-21 10:00:19,292 - INFO -   Epoch [170/873] Loss: 1.7203
2026-02-21 10:00:23,056 - INFO -   Epoch [180/873] Loss: 2.0099
2026-02-21 10:00:26,818 - INFO -   Epoch [190/873] Loss: 1.5209
2026-02-21 10:00:30,577 - INFO -   Epoch [200/873] Loss: 2.0170
2026-02-21 10:00:34,341 - INFO -   Epoch [210/873] Loss: 2.5515
2026-02-21 10:00:38,093 - INFO -   Epoch [220/873] Loss: 2.1492
2026-02-21 10:00:41,856 - INFO -   Epoch [230/873] Loss: 1.4532
2026-02-21 10:00:45,609 - INFO -   Epoch [240/873] Loss: 2.1886
2026-02-21 10:00:49,345 - INFO -   Epoch [250/873] Loss: 1.5166
2026-02-21 10:00:53,086 - INFO -   Epoch [260/873] Loss: 2.2441
2026-02-21 10:00:56,835 - INFO -   Epoch [270/873] Loss: 1.6007
2026-02-21 10:01:00,571 - INFO -   Epoch [280/873] Loss: 1.3860
2026-02-21 10:01:04,313 - INFO -   Epoch [290/873] Loss: 1.9317
2026-02-21 10:01:08,066 - INFO -   Epoch [300/873] Loss: 1.8356
2026-02-21 10:01:11,801 - INFO -   Epoch [310/873] Loss: 2.0052
2026-02-21 10:01:15,554 - INFO -   Epoch [320/873] Loss: 2.1553
2026-02-21 10:01:19,290 - INFO -   Epoch [330/873] Loss: 1.5331
2026-02-21 10:01:23,043 - INFO -   Epoch [340/873] Loss: 1.7224
2026-02-21 10:01:26,794 - INFO -   Epoch [350/873] Loss: 1.5829
2026-02-21 10:01:30,525 - INFO -   Epoch [360/873] Loss: 1.9215
2026-02-21 10:01:34,270 - INFO -   Epoch [370/873] Loss: 1.9397
2026-02-21 10:01:38,020 - INFO -   Epoch [380/873] Loss: 2.2492
2026-02-21 10:01:41,764 - INFO -   Epoch [390/873] Loss: 1.6046
2026-02-21 10:01:45,515 - INFO -   Epoch [400/873] Loss: 1.9641
2026-02-21 10:01:49,257 - INFO -   Epoch [410/873] Loss: 1.3351
2026-02-21 10:01:52,998 - INFO -   Epoch [420/873] Loss: 1.4729
2026-02-21 10:01:56,751 - INFO -   Epoch [430/873] Loss: 1.5600
2026-02-21 10:02:00,502 - INFO -   Epoch [440/873] Loss: 2.2702
2026-02-21 10:02:04,250 - INFO -   Epoch [450/873] Loss: 2.0741
2026-02-21 10:02:08,000 - INFO -   Epoch [460/873] Loss: 1.5830
2026-02-21 10:02:11,745 - INFO -   Epoch [470/873] Loss: 2.2302
2026-02-21 10:02:15,488 - INFO -   Epoch [480/873] Loss: 1.6845
2026-02-21 10:02:19,239 - INFO -   Epoch [490/873] Loss: 1.7669
2026-02-21 10:02:22,986 - INFO -   Epoch [500/873] Loss: 1.6815
2026-02-21 10:02:26,737 - INFO -   Epoch [510/873] Loss: 1.8442
2026-02-21 10:02:30,487 - INFO -   Epoch [520/873] Loss: 1.6280
2026-02-21 10:02:34,233 - INFO -   Epoch [530/873] Loss: 1.7270
2026-02-21 10:02:37,991 - INFO -   Epoch [540/873] Loss: 1.8682
2026-02-21 10:02:41,722 - INFO -   Epoch [550/873] Loss: 1.7899
2026-02-21 10:02:45,471 - INFO -   Epoch [560/873] Loss: 1.7601
2026-02-21 10:02:49,221 - INFO -   Epoch [570/873] Loss: 1.6480
2026-02-21 10:02:52,945 - INFO -   Epoch [580/873] Loss: 2.1103
2026-02-21 10:02:56,692 - INFO -   Epoch [590/873] Loss: 1.6310
2026-02-21 10:03:00,438 - INFO -   Epoch [600/873] Loss: 1.6850
2026-02-21 10:03:04,179 - INFO -   Epoch [610/873] Loss: 1.8941
2026-02-21 10:03:07,928 - INFO -   Epoch [620/873] Loss: 1.7495
2026-02-21 10:03:11,652 - INFO -   Epoch [630/873] Loss: 1.8524
2026-02-21 10:03:15,401 - INFO -   Epoch [640/873] Loss: 1.6410
2026-02-21 10:03:19,147 - INFO -   Epoch [650/873] Loss: 1.7707
2026-02-21 10:03:22,891 - INFO -   Epoch [660/873] Loss: 2.1920
2026-02-21 10:03:26,639 - INFO -   Epoch [670/873] Loss: 1.7110
2026-02-21 10:03:30,371 - INFO -   Epoch [680/873] Loss: 1.5538
2026-02-21 10:03:34,107 - INFO -   Epoch [690/873] Loss: 1.5243
2026-02-21 10:03:37,857 - INFO -   Epoch [700/873] Loss: 2.2132
2026-02-21 10:03:41,606 - INFO -   Epoch [710/873] Loss: 1.6026
2026-02-21 10:03:45,367 - INFO -   Epoch [720/873] Loss: 1.9435
2026-02-21 10:03:49,125 - INFO -   Epoch [730/873] Loss: 1.7153
2026-02-21 10:03:52,885 - INFO -   Epoch [740/873] Loss: 1.5923
2026-02-21 10:03:56,642 - INFO -   Epoch [750/873] Loss: 1.7016
2026-02-21 10:04:00,407 - INFO -   Epoch [760/873] Loss: 1.7168
2026-02-21 10:04:04,168 - INFO -   Epoch [770/873] Loss: 1.8854
2026-02-21 10:04:07,919 - INFO -   Epoch [780/873] Loss: 1.8965
2026-02-21 10:04:11,668 - INFO -   Epoch [790/873] Loss: 2.0205
2026-02-21 10:04:15,420 - INFO -   Epoch [800/873] Loss: 1.7616
2026-02-21 10:04:19,169 - INFO -   Epoch [810/873] Loss: 1.5261
2026-02-21 10:04:22,921 - INFO -   Epoch [820/873] Loss: 1.5521
2026-02-21 10:04:26,673 - INFO -   Epoch [830/873] Loss: 1.5641
2026-02-21 10:04:30,421 - INFO -   Epoch [840/873] Loss: 1.9180
2026-02-21 10:04:34,167 - INFO -   Epoch [850/873] Loss: 1.7796
2026-02-21 10:04:37,911 - INFO -   Epoch [860/873] Loss: 1.6303
2026-02-21 10:04:41,635 - INFO -   Epoch [870/873] Loss: 1.6118
2026-02-21 10:05:01,297 - INFO -   Train Loss: 1.7984
2026-02-21 10:05:01,297 - INFO -   Train Accuracy: 32.60%
2026-02-21 10:05:01,297 - INFO -   Val Loss: 1.7745
2026-02-21 10:05:01,297 - INFO -   Val Accuracy: 40.15% | F1: 0.2248
2026-02-21 10:05:01,297 - INFO -   LR: 0.000063
2026-02-21 10:05:01,297 - INFO -   Patience: 13/15
2026-02-21 10:05:01,297 - INFO - 
Epoch 40/100
2026-02-21 10:05:04,991 - INFO -   Epoch [10/873] Loss: 1.4972
2026-02-21 10:05:08,686 - INFO -   Epoch [20/873] Loss: 1.6255
2026-02-21 10:05:12,388 - INFO -   Epoch [30/873] Loss: 1.4565
2026-02-21 10:05:16,131 - INFO -   Epoch [40/873] Loss: 2.5593
2026-02-21 10:05:19,877 - INFO -   Epoch [50/873] Loss: 1.6415
2026-02-21 10:05:23,625 - INFO -   Epoch [60/873] Loss: 1.9174
2026-02-21 10:05:27,374 - INFO -   Epoch [70/873] Loss: 2.3931
2026-02-21 10:05:31,126 - INFO -   Epoch [80/873] Loss: 2.2137
2026-02-21 10:05:34,877 - INFO -   Epoch [90/873] Loss: 1.9736
2026-02-21 10:05:38,625 - INFO -   Epoch [100/873] Loss: 2.2180
2026-02-21 10:05:42,377 - INFO -   Epoch [110/873] Loss: 1.8015
2026-02-21 10:05:46,125 - INFO -   Epoch [120/873] Loss: 1.9288
2026-02-21 10:05:49,862 - INFO -   Epoch [130/873] Loss: 1.8382
2026-02-21 10:05:53,608 - INFO -   Epoch [140/873] Loss: 1.5866
2026-02-21 10:05:57,356 - INFO -   Epoch [150/873] Loss: 2.5605
2026-02-21 10:06:01,097 - INFO -   Epoch [160/873] Loss: 2.1887
2026-02-21 10:06:04,844 - INFO -   Epoch [170/873] Loss: 1.6254
2026-02-21 10:06:08,594 - INFO -   Epoch [180/873] Loss: 1.6394
2026-02-21 10:06:12,335 - INFO -   Epoch [190/873] Loss: 1.8589
2026-02-21 10:06:16,081 - INFO -   Epoch [200/873] Loss: 2.0506
2026-02-21 10:06:19,827 - INFO -   Epoch [210/873] Loss: 1.6838
2026-02-21 10:06:23,575 - INFO -   Epoch [220/873] Loss: 1.7365
2026-02-21 10:06:27,303 - INFO -   Epoch [230/873] Loss: 1.7199
2026-02-21 10:06:31,040 - INFO -   Epoch [240/873] Loss: 1.7939
2026-02-21 10:06:34,791 - INFO -   Epoch [250/873] Loss: 2.4592
2026-02-21 10:06:38,541 - INFO -   Epoch [260/873] Loss: 1.5579
2026-02-21 10:06:42,284 - INFO -   Epoch [270/873] Loss: 2.4564
2026-02-21 10:06:46,050 - INFO -   Epoch [280/873] Loss: 2.2640
2026-02-21 10:06:49,800 - INFO -   Epoch [290/873] Loss: 2.2567
2026-02-21 10:06:53,565 - INFO -   Epoch [300/873] Loss: 2.0941
2026-02-21 10:06:57,329 - INFO -   Epoch [310/873] Loss: 1.7590
2026-02-21 10:07:01,059 - INFO -   Epoch [320/873] Loss: 1.5972
2026-02-21 10:07:04,813 - INFO -   Epoch [330/873] Loss: 1.6768
2026-02-21 10:07:08,576 - INFO -   Epoch [340/873] Loss: 1.5730
2026-02-21 10:07:12,317 - INFO -   Epoch [350/873] Loss: 2.0408
2026-02-21 10:07:16,060 - INFO -   Epoch [360/873] Loss: 2.5187
2026-02-21 10:07:19,800 - INFO -   Epoch [370/873] Loss: 1.5406
2026-02-21 10:07:23,542 - INFO -   Epoch [380/873] Loss: 1.6498
2026-02-21 10:07:27,294 - INFO -   Epoch [390/873] Loss: 1.7108
2026-02-21 10:07:31,032 - INFO -   Epoch [400/873] Loss: 1.5051
2026-02-21 10:07:34,784 - INFO -   Epoch [410/873] Loss: 2.0397
2026-02-21 10:07:38,530 - INFO -   Epoch [420/873] Loss: 1.6869
2026-02-21 10:07:42,270 - INFO -   Epoch [430/873] Loss: 1.7791
2026-02-21 10:07:46,027 - INFO -   Epoch [440/873] Loss: 1.4858
2026-02-21 10:07:49,772 - INFO -   Epoch [450/873] Loss: 1.6705
2026-02-21 10:07:53,518 - INFO -   Epoch [460/873] Loss: 2.0084
2026-02-21 10:07:57,271 - INFO -   Epoch [470/873] Loss: 1.6545
2026-02-21 10:08:01,002 - INFO -   Epoch [480/873] Loss: 1.7570
2026-02-21 10:08:04,745 - INFO -   Epoch [490/873] Loss: 1.4274
2026-02-21 10:08:08,502 - INFO -   Epoch [500/873] Loss: 2.4486
2026-02-21 10:08:12,249 - INFO -   Epoch [510/873] Loss: 1.9102
2026-02-21 10:08:16,006 - INFO -   Epoch [520/873] Loss: 2.4430
2026-02-21 10:08:19,755 - INFO -   Epoch [530/873] Loss: 1.6207
2026-02-21 10:08:23,503 - INFO -   Epoch [540/873] Loss: 1.6602
2026-02-21 10:08:27,257 - INFO -   Epoch [550/873] Loss: 1.8004
2026-02-21 10:08:31,001 - INFO -   Epoch [560/873] Loss: 2.3592
2026-02-21 10:08:34,752 - INFO -   Epoch [570/873] Loss: 2.0247
2026-02-21 10:08:38,498 - INFO -   Epoch [580/873] Loss: 2.4104
2026-02-21 10:08:42,235 - INFO -   Epoch [590/873] Loss: 1.6957
2026-02-21 10:08:45,987 - INFO -   Epoch [600/873] Loss: 1.7730
2026-02-21 10:08:49,727 - INFO -   Epoch [610/873] Loss: 1.9892
2026-02-21 10:08:53,467 - INFO -   Epoch [620/873] Loss: 1.9659
2026-02-21 10:08:57,221 - INFO -   Epoch [630/873] Loss: 1.8850
2026-02-21 10:09:00,969 - INFO -   Epoch [640/873] Loss: 1.6469
2026-02-21 10:09:04,716 - INFO -   Epoch [650/873] Loss: 1.6499
2026-02-21 10:09:08,463 - INFO -   Epoch [660/873] Loss: 1.5306
2026-02-21 10:09:12,209 - INFO -   Epoch [670/873] Loss: 1.5944
2026-02-21 10:09:15,958 - INFO -   Epoch [680/873] Loss: 2.0922
2026-02-21 10:09:19,697 - INFO -   Epoch [690/873] Loss: 1.8000
2026-02-21 10:09:23,444 - INFO -   Epoch [700/873] Loss: 1.7639
2026-02-21 10:09:27,193 - INFO -   Epoch [710/873] Loss: 1.8346
2026-02-21 10:09:30,919 - INFO -   Epoch [720/873] Loss: 1.7878
2026-02-21 10:09:34,665 - INFO -   Epoch [730/873] Loss: 1.6777
2026-02-21 10:09:38,419 - INFO -   Epoch [740/873] Loss: 1.8008
2026-02-21 10:09:42,160 - INFO -   Epoch [750/873] Loss: 1.6229
2026-02-21 10:09:45,905 - INFO -   Epoch [760/873] Loss: 1.8176
2026-02-21 10:09:49,657 - INFO -   Epoch [770/873] Loss: 2.6617
2026-02-21 10:09:53,411 - INFO -   Epoch [780/873] Loss: 1.7588
2026-02-21 10:09:57,161 - INFO -   Epoch [790/873] Loss: 1.6401
2026-02-21 10:10:00,902 - INFO -   Epoch [800/873] Loss: 1.2982
2026-02-21 10:10:04,651 - INFO -   Epoch [810/873] Loss: 1.7013
2026-02-21 10:10:08,401 - INFO -   Epoch [820/873] Loss: 2.0300
2026-02-21 10:10:12,144 - INFO -   Epoch [830/873] Loss: 1.7061
2026-02-21 10:10:15,893 - INFO -   Epoch [840/873] Loss: 1.6718
2026-02-21 10:10:19,631 - INFO -   Epoch [850/873] Loss: 1.8036
2026-02-21 10:10:23,382 - INFO -   Epoch [860/873] Loss: 1.4236
2026-02-21 10:10:27,125 - INFO -   Epoch [870/873] Loss: 1.6662
2026-02-21 10:10:46,822 - INFO -   Train Loss: 1.8005
2026-02-21 10:10:46,823 - INFO -   Train Accuracy: 34.32%
2026-02-21 10:10:46,823 - INFO -   Val Loss: 1.7451
2026-02-21 10:10:46,823 - INFO -   Val Accuracy: 41.30% | F1: 0.2462
2026-02-21 10:10:46,823 - INFO -   LR: 0.000063
2026-02-21 10:10:46,823 - INFO -   Patience: 14/15
2026-02-21 10:10:46,823 - INFO - 
Epoch 41/100
2026-02-21 10:10:50,520 - INFO -   Epoch [10/873] Loss: 1.6492
2026-02-21 10:10:54,218 - INFO -   Epoch [20/873] Loss: 1.5408
2026-02-21 10:10:57,962 - INFO -   Epoch [30/873] Loss: 1.7197
2026-02-21 10:11:01,699 - INFO -   Epoch [40/873] Loss: 1.5063
2026-02-21 10:11:05,450 - INFO -   Epoch [50/873] Loss: 1.7115
2026-02-21 10:11:09,199 - INFO -   Epoch [60/873] Loss: 1.8150
2026-02-21 10:11:12,950 - INFO -   Epoch [70/873] Loss: 1.5529
2026-02-21 10:11:16,697 - INFO -   Epoch [80/873] Loss: 2.0758
2026-02-21 10:11:20,450 - INFO -   Epoch [90/873] Loss: 1.9134
2026-02-21 10:11:24,204 - INFO -   Epoch [100/873] Loss: 2.1522
2026-02-21 10:11:27,954 - INFO -   Epoch [110/873] Loss: 1.8352
2026-02-21 10:11:31,677 - INFO -   Epoch [120/873] Loss: 2.0852
2026-02-21 10:11:35,431 - INFO -   Epoch [130/873] Loss: 1.5226
2026-02-21 10:11:39,174 - INFO -   Epoch [140/873] Loss: 1.6925
2026-02-21 10:11:42,919 - INFO -   Epoch [150/873] Loss: 1.4703
2026-02-21 10:11:46,672 - INFO -   Epoch [160/873] Loss: 2.8242
2026-02-21 10:11:50,425 - INFO -   Epoch [170/873] Loss: 1.2642
2026-02-21 10:11:54,177 - INFO -   Epoch [180/873] Loss: 1.6270
2026-02-21 10:11:57,926 - INFO -   Epoch [190/873] Loss: 2.0529
2026-02-21 10:12:01,677 - INFO -   Epoch [200/873] Loss: 1.3563
2026-02-21 10:12:05,427 - INFO -   Epoch [210/873] Loss: 1.6910
2026-02-21 10:12:09,179 - INFO -   Epoch [220/873] Loss: 1.6641
2026-02-21 10:12:12,933 - INFO -   Epoch [230/873] Loss: 2.4754
2026-02-21 10:12:16,684 - INFO -   Epoch [240/873] Loss: 2.4403
2026-02-21 10:12:20,433 - INFO -   Epoch [250/873] Loss: 1.6778
2026-02-21 10:12:24,183 - INFO -   Epoch [260/873] Loss: 1.3159
2026-02-21 10:12:27,935 - INFO -   Epoch [270/873] Loss: 1.5565
2026-02-21 10:12:31,656 - INFO -   Epoch [280/873] Loss: 1.7731
2026-02-21 10:12:35,404 - INFO -   Epoch [290/873] Loss: 2.0952
2026-02-21 10:12:39,150 - INFO -   Epoch [300/873] Loss: 1.8341
2026-02-21 10:12:42,889 - INFO -   Epoch [310/873] Loss: 1.8830
2026-02-21 10:12:46,636 - INFO -   Epoch [320/873] Loss: 1.7941
2026-02-21 10:12:50,380 - INFO -   Epoch [330/873] Loss: 1.7507
2026-02-21 10:12:54,127 - INFO -   Epoch [340/873] Loss: 2.3445
2026-02-21 10:12:57,873 - INFO -   Epoch [350/873] Loss: 1.7133
2026-02-21 10:13:01,612 - INFO -   Epoch [360/873] Loss: 2.2503
2026-02-21 10:13:05,346 - INFO -   Epoch [370/873] Loss: 1.4919
2026-02-21 10:13:09,094 - INFO -   Epoch [380/873] Loss: 1.6790
2026-02-21 10:13:12,833 - INFO -   Epoch [390/873] Loss: 1.3474
2026-02-21 10:13:16,582 - INFO -   Epoch [400/873] Loss: 2.0304
2026-02-21 10:13:20,320 - INFO -   Epoch [410/873] Loss: 1.6732
2026-02-21 10:13:24,060 - INFO -   Epoch [420/873] Loss: 1.5810
2026-02-21 10:13:27,806 - INFO -   Epoch [430/873] Loss: 1.8410
2026-02-21 10:13:31,540 - INFO -   Epoch [440/873] Loss: 1.5274
2026-02-21 10:13:35,288 - INFO -   Epoch [450/873] Loss: 2.2766
2026-02-21 10:13:39,034 - INFO -   Epoch [460/873] Loss: 1.6497
2026-02-21 10:13:42,778 - INFO -   Epoch [470/873] Loss: 1.9786
2026-02-21 10:13:46,526 - INFO -   Epoch [480/873] Loss: 2.1819
2026-02-21 10:13:50,263 - INFO -   Epoch [490/873] Loss: 1.7033
2026-02-21 10:13:53,994 - INFO -   Epoch [500/873] Loss: 2.4158
2026-02-21 10:13:57,732 - INFO -   Epoch [510/873] Loss: 1.6611
2026-02-21 10:14:01,476 - INFO -   Epoch [520/873] Loss: 1.7303
2026-02-21 10:14:05,223 - INFO -   Epoch [530/873] Loss: 1.6039
2026-02-21 10:14:08,971 - INFO -   Epoch [540/873] Loss: 2.0655
2026-02-21 10:14:12,703 - INFO -   Epoch [550/873] Loss: 2.4019
2026-02-21 10:14:16,461 - INFO -   Epoch [560/873] Loss: 2.2121
2026-02-21 10:14:20,202 - INFO -   Epoch [570/873] Loss: 1.3604
2026-02-21 10:14:23,949 - INFO -   Epoch [580/873] Loss: 1.7336
2026-02-21 10:14:27,698 - INFO -   Epoch [590/873] Loss: 1.3943
2026-02-21 10:14:31,422 - INFO -   Epoch [600/873] Loss: 1.3639
2026-02-21 10:14:35,170 - INFO -   Epoch [610/873] Loss: 1.5012
2026-02-21 10:14:38,925 - INFO -   Epoch [620/873] Loss: 1.7557
2026-02-21 10:14:42,663 - INFO -   Epoch [630/873] Loss: 2.4729
2026-02-21 10:14:46,415 - INFO -   Epoch [640/873] Loss: 1.5283
2026-02-21 10:14:50,161 - INFO -   Epoch [650/873] Loss: 1.5955
2026-02-21 10:14:53,883 - INFO -   Epoch [660/873] Loss: 1.6463
2026-02-21 10:14:57,636 - INFO -   Epoch [670/873] Loss: 1.8910
2026-02-21 10:15:01,386 - INFO -   Epoch [680/873] Loss: 1.8252
2026-02-21 10:15:05,133 - INFO -   Epoch [690/873] Loss: 1.5054
2026-02-21 10:15:08,875 - INFO -   Epoch [700/873] Loss: 1.5477
2026-02-21 10:15:12,607 - INFO -   Epoch [710/873] Loss: 1.6250
2026-02-21 10:15:16,358 - INFO -   Epoch [720/873] Loss: 2.1334
2026-02-21 10:15:20,103 - INFO -   Epoch [730/873] Loss: 1.5535
2026-02-21 10:15:23,857 - INFO -   Epoch [740/873] Loss: 1.5484
2026-02-21 10:15:27,610 - INFO -   Epoch [750/873] Loss: 1.8597
2026-02-21 10:15:31,353 - INFO -   Epoch [760/873] Loss: 1.3242
2026-02-21 10:15:35,097 - INFO -   Epoch [770/873] Loss: 1.7134
2026-02-21 10:15:38,846 - INFO -   Epoch [780/873] Loss: 1.5949
2026-02-21 10:15:42,596 - INFO -   Epoch [790/873] Loss: 1.6717
2026-02-21 10:15:46,309 - INFO -   Epoch [800/873] Loss: 1.7723
2026-02-21 10:15:50,033 - INFO -   Epoch [810/873] Loss: 1.4943
2026-02-21 10:15:53,789 - INFO -   Epoch [820/873] Loss: 1.6284
2026-02-21 10:15:57,539 - INFO -   Epoch [830/873] Loss: 1.4879
2026-02-21 10:16:01,286 - INFO -   Epoch [840/873] Loss: 1.7523
2026-02-21 10:16:05,037 - INFO -   Epoch [850/873] Loss: 1.7233
2026-02-21 10:16:08,788 - INFO -   Epoch [860/873] Loss: 1.8634
2026-02-21 10:16:12,532 - INFO -   Epoch [870/873] Loss: 1.5101
2026-02-21 10:16:32,258 - INFO -   Train Loss: 1.7944
2026-02-21 10:16:32,258 - INFO -   Train Accuracy: 33.73%
2026-02-21 10:16:32,258 - INFO -   Val Loss: 1.7357
2026-02-21 10:16:32,258 - INFO -   Val Accuracy: 41.15% | F1: 0.2428
2026-02-21 10:16:32,258 - INFO -   LR: 0.000063
2026-02-21 10:16:32,258 - INFO -   Patience: 15/15
2026-02-21 10:16:32,258 - INFO - 
✓ Early stopping at epoch 41
2026-02-21 10:16:32,258 - INFO - 
✓ Training completed!
2026-02-21 10:16:32,258 - INFO -   Best Accuracy: 42.41%
2026-02-21 10:16:32,259 - INFO - 
================================================================================
2026-02-21 10:16:32,259 - INFO - Step 7: Testing
2026-02-21 10:16:32,259 - INFO - ================================================================================
2026-02-21 10:16:32,281 - INFO - ✓ Loaded best model from epoch 26
2026-02-21 10:17:09,327 - INFO - 
Test Results:
2026-02-21 10:17:09,327 - INFO -   - Accuracy: 41.52%
2026-02-21 10:17:09,327 - INFO -   - F1 Score: 0.2254
2026-02-21 10:17:09,337 - INFO - 
✓ All results saved to outputs/pure_graph_20260221_023808
2026-02-21 10:17:09,337 - INFO - ================================================================================
