2026-02-20 16:31:42,306 - INFO - Output directory: outputs/pure_graph_20260220_163142
2026-02-20 16:31:42,306 - INFO - Log file: outputs/pure_graph_20260220_163142/training.log
2026-02-20 16:31:42,306 - INFO - 
================================================================================
2026-02-20 16:31:42,306 - INFO - Step 1: Loading data
2026-02-20 16:31:42,306 - INFO - ================================================================================
2026-02-20 17:43:35,912 - INFO - ✓ Data loaded successfully
2026-02-20 17:43:35,913 - INFO -   - Total grids: 10113
2026-02-20 17:43:35,913 - INFO -   - Feature shape: (7, 2)
2026-02-20 17:43:35,913 - INFO -   - Graph 2021 edges: 250380
2026-02-20 17:43:35,913 - INFO -   - Graph 2024 edges: 84428
2026-02-20 17:43:35,913 - INFO - 
================================================================================
2026-02-20 17:43:35,913 - INFO - Step 2: Preparing temporal features
2026-02-20 17:43:35,913 - INFO - ================================================================================
2026-02-20 17:43:35,962 - INFO - ✓ Temporal features prepared
2026-02-20 17:43:35,962 - INFO -   - 2021 features: 10113 grids
2026-02-20 17:43:35,962 - INFO -   - 2024 features: 10113 grids
2026-02-20 17:43:35,962 - INFO - 
================================================================================
2026-02-20 17:43:35,962 - INFO - Step 3: Creating dataset
2026-02-20 17:43:35,962 - INFO - ================================================================================
2026-02-20 17:43:35,962 - INFO - ✓ Dataset created: 10113 samples
2026-02-20 17:43:35,963 - INFO -   - Train: 7079 samples
2026-02-20 17:43:35,963 - INFO -   - Val: 1011 samples
2026-02-20 17:43:35,963 - INFO -   - Test: 2023 samples
2026-02-20 17:43:36,173 - INFO - ✓ Data loaders created
2026-02-20 17:43:36,174 - INFO - 
================================================================================
2026-02-20 17:43:36,174 - INFO - Step 4: Creating model
2026-02-20 17:43:36,174 - INFO - ================================================================================
2026-02-20 17:43:36,174 - INFO - Using device: cuda
2026-02-20 17:43:36,537 - INFO - ✓ Model created
2026-02-20 17:43:36,537 - INFO -   - Total parameters: 1,262,601
2026-02-20 17:43:36,537 - INFO -   - Trainable parameters: 1,262,601
2026-02-20 17:43:36,538 - INFO -   - Model type: Pure Graph-Based Dual-Branch
2026-02-20 17:43:36,538 - INFO -   - Spatial branch: Uses only graph structure (no external node features)
2026-02-20 17:43:36,538 - INFO - 
================================================================================
2026-02-20 17:43:36,538 - INFO - Step 5: Setting up training
2026-02-20 17:43:36,538 - INFO - ================================================================================
2026-02-20 17:43:36,538 - INFO - ✓ Training setup complete
2026-02-20 17:43:36,538 - INFO -   - Optimizer: Adam (lr=0.001, wd=1e-05)
2026-02-20 17:43:36,538 - INFO -   - Scheduler: ReduceLROnPlateau (patience=5)
2026-02-20 17:43:36,539 - INFO -   - Loss: Single 9-class cross-entropy with class weights
2026-02-20 17:43:36,539 - INFO -   - Gradient accumulation: 4 steps
2026-02-20 17:43:36,539 - INFO - 
================================================================================
2026-02-20 17:43:36,539 - INFO - Step 6: Training
2026-02-20 17:43:36,539 - INFO - ================================================================================
2026-02-20 17:43:36,539 - INFO - 
Epoch 1/100
2026-02-20 17:43:37,941 - INFO -   Epoch [10/443] Loss: 2.2070
2026-02-20 17:43:39,023 - INFO -   Epoch [20/443] Loss: 2.1185
2026-02-20 17:43:40,106 - INFO -   Epoch [30/443] Loss: 2.2071
2026-02-20 17:43:41,184 - INFO -   Epoch [40/443] Loss: 2.1227
2026-02-20 17:43:42,274 - INFO -   Epoch [50/443] Loss: 2.5454
2026-02-20 17:43:43,345 - INFO -   Epoch [60/443] Loss: 2.2919
2026-02-20 17:43:44,411 - INFO -   Epoch [70/443] Loss: 2.2639
2026-02-20 17:43:45,517 - INFO -   Epoch [80/443] Loss: 2.1112
2026-02-20 17:43:46,642 - INFO -   Epoch [90/443] Loss: 2.1763
2026-02-20 17:43:47,777 - INFO -   Epoch [100/443] Loss: 2.1433
2026-02-20 17:43:48,910 - INFO -   Epoch [110/443] Loss: 2.1519
2026-02-20 17:43:50,043 - INFO -   Epoch [120/443] Loss: 2.0519
2026-02-20 17:43:51,183 - INFO -   Epoch [130/443] Loss: 1.8759
2026-02-20 17:43:52,315 - INFO -   Epoch [140/443] Loss: 2.0041
2026-02-20 17:43:53,441 - INFO -   Epoch [150/443] Loss: 1.8257
2026-02-20 17:43:54,575 - INFO -   Epoch [160/443] Loss: 1.9779
2026-02-20 17:43:55,710 - INFO -   Epoch [170/443] Loss: 1.7063
2026-02-20 17:43:56,841 - INFO -   Epoch [180/443] Loss: 1.7957
2026-02-20 17:43:57,973 - INFO -   Epoch [190/443] Loss: 1.4034
2026-02-20 17:43:59,109 - INFO -   Epoch [200/443] Loss: 2.3919
2026-02-20 17:44:00,235 - INFO -   Epoch [210/443] Loss: 2.0378
2026-02-20 17:44:01,363 - INFO -   Epoch [220/443] Loss: 1.9569
2026-02-20 17:44:02,488 - INFO -   Epoch [230/443] Loss: 2.1638
2026-02-20 17:44:03,616 - INFO -   Epoch [240/443] Loss: 1.9958
2026-02-20 17:44:04,741 - INFO -   Epoch [250/443] Loss: 1.9131
2026-02-20 17:44:05,871 - INFO -   Epoch [260/443] Loss: 1.7553
2026-02-20 17:44:06,999 - INFO -   Epoch [270/443] Loss: 2.1280
2026-02-20 17:44:08,133 - INFO -   Epoch [280/443] Loss: 1.7806
2026-02-20 17:44:09,267 - INFO -   Epoch [290/443] Loss: 1.7400
2026-02-20 17:44:10,398 - INFO -   Epoch [300/443] Loss: 2.8756
2026-02-20 17:44:11,537 - INFO -   Epoch [310/443] Loss: 2.7559
2026-02-20 17:44:12,666 - INFO -   Epoch [320/443] Loss: 1.6704
2026-02-20 17:44:13,791 - INFO -   Epoch [330/443] Loss: 2.0003
2026-02-20 17:44:14,925 - INFO -   Epoch [340/443] Loss: 1.8054
2026-02-20 17:44:16,058 - INFO -   Epoch [350/443] Loss: 1.8346
2026-02-20 17:44:17,184 - INFO -   Epoch [360/443] Loss: 2.0650
2026-02-20 17:44:18,315 - INFO -   Epoch [370/443] Loss: 2.4259
2026-02-20 17:44:19,447 - INFO -   Epoch [380/443] Loss: 1.7934
2026-02-20 17:44:20,577 - INFO -   Epoch [390/443] Loss: 1.9108
2026-02-20 17:44:21,715 - INFO -   Epoch [400/443] Loss: 2.4997
2026-02-20 17:44:22,847 - INFO -   Epoch [410/443] Loss: 1.9750
2026-02-20 17:44:23,976 - INFO -   Epoch [420/443] Loss: 1.9838
2026-02-20 17:44:25,077 - INFO -   Epoch [430/443] Loss: 2.0575
2026-02-20 17:44:26,204 - INFO -   Epoch [440/443] Loss: 1.9574
2026-02-20 17:44:29,491 - INFO -   Train Loss: 2.0641
2026-02-20 17:44:29,491 - INFO -   Train Accuracy: 23.56%
2026-02-20 17:44:29,491 - INFO -   Val Loss: 1.8585
2026-02-20 17:44:29,491 - INFO -   Val Accuracy: 28.09% | F1: 0.1680
2026-02-20 17:44:29,491 - INFO -   LR: 0.001000
2026-02-20 17:44:29,528 - INFO -   ✓ New best model saved!
2026-02-20 17:44:29,528 - INFO -   Patience: 0/15
2026-02-20 17:44:29,529 - INFO - 
Epoch 2/100
2026-02-20 17:44:30,658 - INFO -   Epoch [10/443] Loss: 1.9104
2026-02-20 17:44:31,792 - INFO -   Epoch [20/443] Loss: 1.7019
2026-02-20 17:44:32,917 - INFO -   Epoch [30/443] Loss: 2.6002
2026-02-20 17:44:34,032 - INFO -   Epoch [40/443] Loss: 2.0626
2026-02-20 17:44:35,162 - INFO -   Epoch [50/443] Loss: 1.5801
2026-02-20 17:44:36,272 - INFO -   Epoch [60/443] Loss: 1.9356
2026-02-20 17:44:37,378 - INFO -   Epoch [70/443] Loss: 1.8525
2026-02-20 17:44:38,503 - INFO -   Epoch [80/443] Loss: 2.3051
2026-02-20 17:44:39,633 - INFO -   Epoch [90/443] Loss: 1.8829
2026-02-20 17:44:40,763 - INFO -   Epoch [100/443] Loss: 2.0193
2026-02-20 17:44:41,892 - INFO -   Epoch [110/443] Loss: 2.1020
2026-02-20 17:44:43,014 - INFO -   Epoch [120/443] Loss: 1.7922
2026-02-20 17:44:44,139 - INFO -   Epoch [130/443] Loss: 1.8003
2026-02-20 17:44:45,263 - INFO -   Epoch [140/443] Loss: 1.9515
2026-02-20 17:44:46,385 - INFO -   Epoch [150/443] Loss: 1.6621
2026-02-20 17:44:47,512 - INFO -   Epoch [160/443] Loss: 2.0104
2026-02-20 17:44:48,642 - INFO -   Epoch [170/443] Loss: 2.3273
2026-02-20 17:44:49,775 - INFO -   Epoch [180/443] Loss: 2.0037
2026-02-20 17:44:50,897 - INFO -   Epoch [190/443] Loss: 2.0227
2026-02-20 17:44:52,024 - INFO -   Epoch [200/443] Loss: 1.8064
2026-02-20 17:44:53,154 - INFO -   Epoch [210/443] Loss: 2.0864
2026-02-20 17:44:54,282 - INFO -   Epoch [220/443] Loss: 2.0217
2026-02-20 17:44:55,410 - INFO -   Epoch [230/443] Loss: 2.4698
2026-02-20 17:44:56,536 - INFO -   Epoch [240/443] Loss: 2.0272
2026-02-20 17:44:57,664 - INFO -   Epoch [250/443] Loss: 2.0579
2026-02-20 17:44:58,793 - INFO -   Epoch [260/443] Loss: 2.1600
2026-02-20 17:44:59,924 - INFO -   Epoch [270/443] Loss: 2.1607
2026-02-20 17:45:01,049 - INFO -   Epoch [280/443] Loss: 1.9238
2026-02-20 17:45:02,173 - INFO -   Epoch [290/443] Loss: 2.2449
2026-02-20 17:45:03,300 - INFO -   Epoch [300/443] Loss: 1.7282
2026-02-20 17:45:04,434 - INFO -   Epoch [310/443] Loss: 1.9275
2026-02-20 17:45:05,542 - INFO -   Epoch [320/443] Loss: 1.9902
2026-02-20 17:45:06,670 - INFO -   Epoch [330/443] Loss: 1.8847
2026-02-20 17:45:07,796 - INFO -   Epoch [340/443] Loss: 2.1247
2026-02-20 17:45:08,923 - INFO -   Epoch [350/443] Loss: 2.0034
2026-02-20 17:45:10,050 - INFO -   Epoch [360/443] Loss: 2.5385
2026-02-20 17:45:11,180 - INFO -   Epoch [370/443] Loss: 1.8212
2026-02-20 17:45:12,308 - INFO -   Epoch [380/443] Loss: 1.7613
2026-02-20 17:45:13,436 - INFO -   Epoch [390/443] Loss: 1.7602
2026-02-20 17:45:14,563 - INFO -   Epoch [400/443] Loss: 1.8418
2026-02-20 17:45:15,696 - INFO -   Epoch [410/443] Loss: 1.9134
2026-02-20 17:45:16,825 - INFO -   Epoch [420/443] Loss: 1.8618
2026-02-20 17:45:17,958 - INFO -   Epoch [430/443] Loss: 2.9812
2026-02-20 17:45:19,086 - INFO -   Epoch [440/443] Loss: 1.7479
2026-02-20 17:45:22,389 - INFO -   Train Loss: 1.9852
2026-02-20 17:45:22,389 - INFO -   Train Accuracy: 24.90%
2026-02-20 17:45:22,390 - INFO -   Val Loss: 1.6636
2026-02-20 17:45:22,390 - INFO -   Val Accuracy: 44.21% | F1: 0.2362
2026-02-20 17:45:22,390 - INFO -   LR: 0.001000
2026-02-20 17:45:22,541 - INFO -   ✓ New best model saved!
2026-02-20 17:45:22,542 - INFO -   Patience: 0/15
2026-02-20 17:45:22,542 - INFO - 
Epoch 3/100
2026-02-20 17:45:23,674 - INFO -   Epoch [10/443] Loss: 1.6542
2026-02-20 17:45:24,805 - INFO -   Epoch [20/443] Loss: 2.0680
2026-02-20 17:45:25,937 - INFO -   Epoch [30/443] Loss: 2.0830
2026-02-20 17:45:27,069 - INFO -   Epoch [40/443] Loss: 1.4905
2026-02-20 17:45:28,194 - INFO -   Epoch [50/443] Loss: 2.1897
2026-02-20 17:45:29,322 - INFO -   Epoch [60/443] Loss: 2.3288
2026-02-20 17:45:30,449 - INFO -   Epoch [70/443] Loss: 1.8490
2026-02-20 17:45:31,576 - INFO -   Epoch [80/443] Loss: 2.2290
2026-02-20 17:45:32,702 - INFO -   Epoch [90/443] Loss: 1.6687
2026-02-20 17:45:33,837 - INFO -   Epoch [100/443] Loss: 1.8716
2026-02-20 17:45:34,961 - INFO -   Epoch [110/443] Loss: 1.8645
2026-02-20 17:45:36,091 - INFO -   Epoch [120/443] Loss: 1.9105
2026-02-20 17:45:37,219 - INFO -   Epoch [130/443] Loss: 1.8150
2026-02-20 17:45:38,344 - INFO -   Epoch [140/443] Loss: 1.7700
2026-02-20 17:45:39,471 - INFO -   Epoch [150/443] Loss: 1.6713
2026-02-20 17:45:40,600 - INFO -   Epoch [160/443] Loss: 1.5746
2026-02-20 17:45:41,725 - INFO -   Epoch [170/443] Loss: 1.9618
2026-02-20 17:45:42,851 - INFO -   Epoch [180/443] Loss: 2.3464
2026-02-20 17:45:43,974 - INFO -   Epoch [190/443] Loss: 2.2117
2026-02-20 17:45:45,095 - INFO -   Epoch [200/443] Loss: 1.7821
2026-02-20 17:45:46,197 - INFO -   Epoch [210/443] Loss: 1.4749
2026-02-20 17:45:47,311 - INFO -   Epoch [220/443] Loss: 2.2925
2026-02-20 17:45:48,431 - INFO -   Epoch [230/443] Loss: 1.6652
2026-02-20 17:45:49,556 - INFO -   Epoch [240/443] Loss: 2.3316
2026-02-20 17:45:50,677 - INFO -   Epoch [250/443] Loss: 2.2574
2026-02-20 17:45:51,804 - INFO -   Epoch [260/443] Loss: 1.4341
2026-02-20 17:45:52,928 - INFO -   Epoch [270/443] Loss: 1.4663
2026-02-20 17:45:54,054 - INFO -   Epoch [280/443] Loss: 1.9428
2026-02-20 17:45:55,185 - INFO -   Epoch [290/443] Loss: 1.8331
2026-02-20 17:45:56,308 - INFO -   Epoch [300/443] Loss: 1.6255
2026-02-20 17:45:57,432 - INFO -   Epoch [310/443] Loss: 1.7223
2026-02-20 17:45:58,557 - INFO -   Epoch [320/443] Loss: 1.8394
2026-02-20 17:45:59,684 - INFO -   Epoch [330/443] Loss: 1.8968
2026-02-20 17:46:00,811 - INFO -   Epoch [340/443] Loss: 1.6107
2026-02-20 17:46:01,941 - INFO -   Epoch [350/443] Loss: 1.7936
2026-02-20 17:46:03,072 - INFO -   Epoch [360/443] Loss: 1.6558
2026-02-20 17:46:04,196 - INFO -   Epoch [370/443] Loss: 1.6198
2026-02-20 17:46:05,321 - INFO -   Epoch [380/443] Loss: 1.5885
2026-02-20 17:46:06,445 - INFO -   Epoch [390/443] Loss: 1.3515
2026-02-20 17:46:07,572 - INFO -   Epoch [400/443] Loss: 1.8099
2026-02-20 17:46:08,698 - INFO -   Epoch [410/443] Loss: 1.4335
2026-02-20 17:46:09,826 - INFO -   Epoch [420/443] Loss: 1.9609
2026-02-20 17:46:10,951 - INFO -   Epoch [430/443] Loss: 2.1170
2026-02-20 17:46:12,082 - INFO -   Epoch [440/443] Loss: 1.3562
2026-02-20 17:46:15,379 - INFO -   Train Loss: 1.8291
2026-02-20 17:46:15,379 - INFO -   Train Accuracy: 31.35%
2026-02-20 17:46:15,379 - INFO -   Val Loss: 1.6136
2026-02-20 17:46:15,379 - INFO -   Val Accuracy: 42.83% | F1: 0.2145
2026-02-20 17:46:15,379 - INFO -   LR: 0.001000
2026-02-20 17:46:15,379 - INFO -   Patience: 1/15
2026-02-20 17:46:15,379 - INFO - 
Epoch 4/100
2026-02-20 17:46:16,500 - INFO -   Epoch [10/443] Loss: 1.9136
2026-02-20 17:46:17,628 - INFO -   Epoch [20/443] Loss: 1.4721
2026-02-20 17:46:18,760 - INFO -   Epoch [30/443] Loss: 1.8335
2026-02-20 17:46:19,891 - INFO -   Epoch [40/443] Loss: 1.2916
2026-02-20 17:46:21,021 - INFO -   Epoch [50/443] Loss: 1.5205
2026-02-20 17:46:22,147 - INFO -   Epoch [60/443] Loss: 1.4215
2026-02-20 17:46:23,273 - INFO -   Epoch [70/443] Loss: 1.7639
2026-02-20 17:46:24,388 - INFO -   Epoch [80/443] Loss: 1.5391
2026-02-20 17:46:25,517 - INFO -   Epoch [90/443] Loss: 1.4064
2026-02-20 17:46:26,647 - INFO -   Epoch [100/443] Loss: 2.1799
2026-02-20 17:46:27,764 - INFO -   Epoch [110/443] Loss: 1.6429
2026-02-20 17:46:28,891 - INFO -   Epoch [120/443] Loss: 1.7164
2026-02-20 17:46:30,021 - INFO -   Epoch [130/443] Loss: 1.6870
2026-02-20 17:46:31,158 - INFO -   Epoch [140/443] Loss: 1.6725
2026-02-20 17:46:32,297 - INFO -   Epoch [150/443] Loss: 2.2862
2026-02-20 17:46:33,433 - INFO -   Epoch [160/443] Loss: 1.6364
2026-02-20 17:46:34,560 - INFO -   Epoch [170/443] Loss: 1.6702
2026-02-20 17:46:35,698 - INFO -   Epoch [180/443] Loss: 1.6508
2026-02-20 17:46:36,830 - INFO -   Epoch [190/443] Loss: 1.6422
2026-02-20 17:46:37,963 - INFO -   Epoch [200/443] Loss: 2.1220
2026-02-20 17:46:39,102 - INFO -   Epoch [210/443] Loss: 2.0068
2026-02-20 17:46:40,241 - INFO -   Epoch [220/443] Loss: 2.1492
2026-02-20 17:46:41,376 - INFO -   Epoch [230/443] Loss: 1.8628
2026-02-20 17:46:42,507 - INFO -   Epoch [240/443] Loss: 1.3845
2026-02-20 17:46:43,639 - INFO -   Epoch [250/443] Loss: 1.5558
2026-02-20 17:46:44,768 - INFO -   Epoch [260/443] Loss: 1.6139
2026-02-20 17:46:45,897 - INFO -   Epoch [270/443] Loss: 1.7140
2026-02-20 17:46:47,018 - INFO -   Epoch [280/443] Loss: 1.7201
2026-02-20 17:46:48,143 - INFO -   Epoch [290/443] Loss: 1.4781
2026-02-20 17:46:49,267 - INFO -   Epoch [300/443] Loss: 1.7248
2026-02-20 17:46:50,398 - INFO -   Epoch [310/443] Loss: 1.6015
2026-02-20 17:46:51,527 - INFO -   Epoch [320/443] Loss: 1.8224
2026-02-20 17:46:52,651 - INFO -   Epoch [330/443] Loss: 1.4636
2026-02-20 17:46:53,782 - INFO -   Epoch [340/443] Loss: 1.6175
2026-02-20 17:46:54,910 - INFO -   Epoch [350/443] Loss: 2.0592
2026-02-20 17:46:56,037 - INFO -   Epoch [360/443] Loss: 1.4874
2026-02-20 17:46:57,162 - INFO -   Epoch [370/443] Loss: 1.6677
2026-02-20 17:46:58,293 - INFO -   Epoch [380/443] Loss: 1.9732
2026-02-20 17:46:59,427 - INFO -   Epoch [390/443] Loss: 1.6068
2026-02-20 17:47:00,561 - INFO -   Epoch [400/443] Loss: 1.8808
2026-02-20 17:47:01,689 - INFO -   Epoch [410/443] Loss: 2.6252
2026-02-20 17:47:02,820 - INFO -   Epoch [420/443] Loss: 1.4956
2026-02-20 17:47:03,944 - INFO -   Epoch [430/443] Loss: 1.7653
2026-02-20 17:47:05,071 - INFO -   Epoch [440/443] Loss: 1.6052
2026-02-20 17:47:08,345 - INFO -   Train Loss: 1.8032
2026-02-20 17:47:08,345 - INFO -   Train Accuracy: 30.87%
2026-02-20 17:47:08,345 - INFO -   Val Loss: 1.5981
2026-02-20 17:47:08,346 - INFO -   Val Accuracy: 38.28% | F1: 0.2126
2026-02-20 17:47:08,346 - INFO -   LR: 0.001000
2026-02-20 17:47:08,346 - INFO -   Patience: 2/15
2026-02-20 17:47:08,346 - INFO - 
Epoch 5/100
2026-02-20 17:47:09,467 - INFO -   Epoch [10/443] Loss: 1.6634
2026-02-20 17:47:10,603 - INFO -   Epoch [20/443] Loss: 2.1754
2026-02-20 17:47:11,740 - INFO -   Epoch [30/443] Loss: 2.2350
2026-02-20 17:47:12,873 - INFO -   Epoch [40/443] Loss: 1.6507
2026-02-20 17:47:14,006 - INFO -   Epoch [50/443] Loss: 1.7281
2026-02-20 17:47:15,144 - INFO -   Epoch [60/443] Loss: 2.2246
2026-02-20 17:47:16,263 - INFO -   Epoch [70/443] Loss: 1.6970
2026-02-20 17:47:17,390 - INFO -   Epoch [80/443] Loss: 1.7006
2026-02-20 17:47:18,515 - INFO -   Epoch [90/443] Loss: 1.8232
2026-02-20 17:47:19,641 - INFO -   Epoch [100/443] Loss: 2.7690
2026-02-20 17:47:20,770 - INFO -   Epoch [110/443] Loss: 2.1705
2026-02-20 17:47:21,897 - INFO -   Epoch [120/443] Loss: 1.3889
2026-02-20 17:47:23,027 - INFO -   Epoch [130/443] Loss: 2.0171
2026-02-20 17:47:24,154 - INFO -   Epoch [140/443] Loss: 1.7567
2026-02-20 17:47:25,282 - INFO -   Epoch [150/443] Loss: 1.6190
2026-02-20 17:47:26,409 - INFO -   Epoch [160/443] Loss: 1.9802
2026-02-20 17:47:27,543 - INFO -   Epoch [170/443] Loss: 2.4294
2026-02-20 17:47:28,671 - INFO -   Epoch [180/443] Loss: 1.7529
2026-02-20 17:47:29,799 - INFO -   Epoch [190/443] Loss: 1.5211
2026-02-20 17:47:30,927 - INFO -   Epoch [200/443] Loss: 1.5729
2026-02-20 17:47:32,057 - INFO -   Epoch [210/443] Loss: 2.9353
2026-02-20 17:47:33,180 - INFO -   Epoch [220/443] Loss: 2.0111
2026-02-20 17:47:34,294 - INFO -   Epoch [230/443] Loss: 1.6933
2026-02-20 17:47:35,404 - INFO -   Epoch [240/443] Loss: 1.9048
2026-02-20 17:47:36,532 - INFO -   Epoch [250/443] Loss: 1.5950
2026-02-20 17:47:37,644 - INFO -   Epoch [260/443] Loss: 1.8007
2026-02-20 17:47:38,746 - INFO -   Epoch [270/443] Loss: 1.3940
2026-02-20 17:47:39,879 - INFO -   Epoch [280/443] Loss: 1.8076
2026-02-20 17:47:41,001 - INFO -   Epoch [290/443] Loss: 1.6854
2026-02-20 17:47:42,134 - INFO -   Epoch [300/443] Loss: 1.3471
2026-02-20 17:47:43,261 - INFO -   Epoch [310/443] Loss: 1.5502
2026-02-20 17:47:44,391 - INFO -   Epoch [320/443] Loss: 1.7334
2026-02-20 17:47:45,522 - INFO -   Epoch [330/443] Loss: 1.3651
2026-02-20 17:47:46,653 - INFO -   Epoch [340/443] Loss: 1.3852
2026-02-20 17:47:47,788 - INFO -   Epoch [350/443] Loss: 1.4826
2026-02-20 17:47:48,916 - INFO -   Epoch [360/443] Loss: 1.7198
2026-02-20 17:47:50,043 - INFO -   Epoch [370/443] Loss: 1.6617
2026-02-20 17:47:51,167 - INFO -   Epoch [380/443] Loss: 1.9415
2026-02-20 17:47:52,297 - INFO -   Epoch [390/443] Loss: 1.6041
2026-02-20 17:47:53,432 - INFO -   Epoch [400/443] Loss: 1.7029
2026-02-20 17:47:54,557 - INFO -   Epoch [410/443] Loss: 1.8989
2026-02-20 17:47:55,686 - INFO -   Epoch [420/443] Loss: 1.9002
2026-02-20 17:47:56,825 - INFO -   Epoch [430/443] Loss: 1.1346
2026-02-20 17:47:57,962 - INFO -   Epoch [440/443] Loss: 1.8555
2026-02-20 17:48:01,305 - INFO -   Train Loss: 1.7515
2026-02-20 17:48:01,305 - INFO -   Train Accuracy: 31.19%
2026-02-20 17:48:01,305 - INFO -   Val Loss: 1.5707
2026-02-20 17:48:01,305 - INFO -   Val Accuracy: 38.38% | F1: 0.2555
2026-02-20 17:48:01,305 - INFO -   LR: 0.001000
2026-02-20 17:48:01,305 - INFO -   Patience: 3/15
2026-02-20 17:48:01,305 - INFO - 
Epoch 6/100
2026-02-20 17:48:02,436 - INFO -   Epoch [10/443] Loss: 2.1532
2026-02-20 17:48:03,568 - INFO -   Epoch [20/443] Loss: 1.8535
2026-02-20 17:48:04,691 - INFO -   Epoch [30/443] Loss: 2.0477
2026-02-20 17:48:05,808 - INFO -   Epoch [40/443] Loss: 1.4734
2026-02-20 17:48:06,914 - INFO -   Epoch [50/443] Loss: 1.7142
2026-02-20 17:48:08,042 - INFO -   Epoch [60/443] Loss: 2.1532
2026-02-20 17:48:09,173 - INFO -   Epoch [70/443] Loss: 1.7502
2026-02-20 17:48:10,304 - INFO -   Epoch [80/443] Loss: 1.5744
2026-02-20 17:48:11,431 - INFO -   Epoch [90/443] Loss: 2.1085
2026-02-20 17:48:12,560 - INFO -   Epoch [100/443] Loss: 1.7964
2026-02-20 17:48:13,687 - INFO -   Epoch [110/443] Loss: 1.3942
2026-02-20 17:48:14,809 - INFO -   Epoch [120/443] Loss: 1.5881
2026-02-20 17:48:15,927 - INFO -   Epoch [130/443] Loss: 1.8490
2026-02-20 17:48:17,037 - INFO -   Epoch [140/443] Loss: 1.7295
2026-02-20 17:48:18,162 - INFO -   Epoch [150/443] Loss: 1.4423
2026-02-20 17:48:19,280 - INFO -   Epoch [160/443] Loss: 1.4528
2026-02-20 17:48:20,421 - INFO -   Epoch [170/443] Loss: 1.7384
2026-02-20 17:48:21,560 - INFO -   Epoch [180/443] Loss: 1.7077
2026-02-20 17:48:22,693 - INFO -   Epoch [190/443] Loss: 1.6896
2026-02-20 17:48:23,818 - INFO -   Epoch [200/443] Loss: 1.3994
2026-02-20 17:48:24,926 - INFO -   Epoch [210/443] Loss: 1.6459
2026-02-20 17:48:26,040 - INFO -   Epoch [220/443] Loss: 1.4985
2026-02-20 17:48:27,158 - INFO -   Epoch [230/443] Loss: 2.0242
2026-02-20 17:48:28,271 - INFO -   Epoch [240/443] Loss: 1.4761
2026-02-20 17:48:29,408 - INFO -   Epoch [250/443] Loss: 1.8005
2026-02-20 17:48:30,537 - INFO -   Epoch [260/443] Loss: 1.6686
2026-02-20 17:48:31,671 - INFO -   Epoch [270/443] Loss: 1.7864
2026-02-20 17:48:32,800 - INFO -   Epoch [280/443] Loss: 1.7796
2026-02-20 17:48:33,929 - INFO -   Epoch [290/443] Loss: 2.0258
2026-02-20 17:48:35,064 - INFO -   Epoch [300/443] Loss: 1.3890
2026-02-20 17:48:36,194 - INFO -   Epoch [310/443] Loss: 1.8897
2026-02-20 17:48:37,324 - INFO -   Epoch [320/443] Loss: 2.1770
2026-02-20 17:48:38,453 - INFO -   Epoch [330/443] Loss: 1.5165
2026-02-20 17:48:39,587 - INFO -   Epoch [340/443] Loss: 1.7197
2026-02-20 17:48:40,718 - INFO -   Epoch [350/443] Loss: 1.3988
2026-02-20 17:48:41,851 - INFO -   Epoch [360/443] Loss: 1.6293
2026-02-20 17:48:42,984 - INFO -   Epoch [370/443] Loss: 2.5960
2026-02-20 17:48:44,099 - INFO -   Epoch [380/443] Loss: 1.6709
2026-02-20 17:48:45,219 - INFO -   Epoch [390/443] Loss: 1.5859
2026-02-20 17:48:46,303 - INFO -   Epoch [400/443] Loss: 1.5881
2026-02-20 17:48:47,418 - INFO -   Epoch [410/443] Loss: 2.0618
2026-02-20 17:48:48,555 - INFO -   Epoch [420/443] Loss: 1.6935
2026-02-20 17:48:49,673 - INFO -   Epoch [430/443] Loss: 1.7431
2026-02-20 17:48:50,802 - INFO -   Epoch [440/443] Loss: 2.1740
2026-02-20 17:48:54,120 - INFO -   Train Loss: 1.7849
2026-02-20 17:48:54,120 - INFO -   Train Accuracy: 31.13%
2026-02-20 17:48:54,120 - INFO -   Val Loss: 1.6020
2026-02-20 17:48:54,120 - INFO -   Val Accuracy: 38.18% | F1: 0.2532
2026-02-20 17:48:54,120 - INFO -   LR: 0.001000
2026-02-20 17:48:54,121 - INFO -   Patience: 4/15
2026-02-20 17:48:54,121 - INFO - 
Epoch 7/100
2026-02-20 17:48:55,254 - INFO -   Epoch [10/443] Loss: 1.4455
2026-02-20 17:48:56,387 - INFO -   Epoch [20/443] Loss: 1.5557
2026-02-20 17:48:57,528 - INFO -   Epoch [30/443] Loss: 2.0870
2026-02-20 17:48:58,664 - INFO -   Epoch [40/443] Loss: 1.7799
2026-02-20 17:48:59,799 - INFO -   Epoch [50/443] Loss: 2.0564
2026-02-20 17:49:00,932 - INFO -   Epoch [60/443] Loss: 1.8022
2026-02-20 17:49:02,070 - INFO -   Epoch [70/443] Loss: 1.5965
2026-02-20 17:49:03,209 - INFO -   Epoch [80/443] Loss: 1.8584
2026-02-20 17:49:04,337 - INFO -   Epoch [90/443] Loss: 1.8362
2026-02-20 17:49:05,447 - INFO -   Epoch [100/443] Loss: 1.3871
2026-02-20 17:49:06,565 - INFO -   Epoch [110/443] Loss: 1.6112
2026-02-20 17:49:07,691 - INFO -   Epoch [120/443] Loss: 1.8942
2026-02-20 17:49:08,808 - INFO -   Epoch [130/443] Loss: 1.6768
2026-02-20 17:49:09,939 - INFO -   Epoch [140/443] Loss: 1.6495
2026-02-20 17:49:11,066 - INFO -   Epoch [150/443] Loss: 1.6400
2026-02-20 17:49:12,204 - INFO -   Epoch [160/443] Loss: 1.5968
2026-02-20 17:49:13,341 - INFO -   Epoch [170/443] Loss: 1.7981
2026-02-20 17:49:14,486 - INFO -   Epoch [180/443] Loss: 1.7694
2026-02-20 17:49:15,627 - INFO -   Epoch [190/443] Loss: 1.6732
2026-02-20 17:49:16,762 - INFO -   Epoch [200/443] Loss: 1.9650
2026-02-20 17:49:17,896 - INFO -   Epoch [210/443] Loss: 1.3807
2026-02-20 17:49:19,033 - INFO -   Epoch [220/443] Loss: 1.7250
2026-02-20 17:49:20,170 - INFO -   Epoch [230/443] Loss: 1.7277
2026-02-20 17:49:21,305 - INFO -   Epoch [240/443] Loss: 1.9298
2026-02-20 17:49:22,444 - INFO -   Epoch [250/443] Loss: 1.9718
2026-02-20 17:49:23,579 - INFO -   Epoch [260/443] Loss: 1.7068
2026-02-20 17:49:24,693 - INFO -   Epoch [270/443] Loss: 1.6352
2026-02-20 17:49:25,804 - INFO -   Epoch [280/443] Loss: 2.3107
2026-02-20 17:49:26,931 - INFO -   Epoch [290/443] Loss: 1.9377
2026-02-20 17:49:28,042 - INFO -   Epoch [300/443] Loss: 2.0255
2026-02-20 17:49:29,173 - INFO -   Epoch [310/443] Loss: 1.5364
2026-02-20 17:49:30,308 - INFO -   Epoch [320/443] Loss: 1.6784
2026-02-20 17:49:31,445 - INFO -   Epoch [330/443] Loss: 1.6720
2026-02-20 17:49:32,579 - INFO -   Epoch [340/443] Loss: 1.2937
2026-02-20 17:49:33,710 - INFO -   Epoch [350/443] Loss: 2.1338
2026-02-20 17:49:34,838 - INFO -   Epoch [360/443] Loss: 1.6532
2026-02-20 17:49:35,951 - INFO -   Epoch [370/443] Loss: 2.5797
2026-02-20 17:49:37,095 - INFO -   Epoch [380/443] Loss: 2.2515
2026-02-20 17:49:38,228 - INFO -   Epoch [390/443] Loss: 1.4615
2026-02-20 17:49:39,363 - INFO -   Epoch [400/443] Loss: 1.4909
2026-02-20 17:49:40,501 - INFO -   Epoch [410/443] Loss: 1.3243
2026-02-20 17:49:41,639 - INFO -   Epoch [420/443] Loss: 1.5086
2026-02-20 17:49:42,775 - INFO -   Epoch [430/443] Loss: 1.7243
2026-02-20 17:49:43,889 - INFO -   Epoch [440/443] Loss: 1.7192
2026-02-20 17:49:47,173 - INFO -   Train Loss: 1.7772
2026-02-20 17:49:47,173 - INFO -   Train Accuracy: 32.29%
2026-02-20 17:49:47,173 - INFO -   Val Loss: 1.6121
2026-02-20 17:49:47,173 - INFO -   Val Accuracy: 32.54% | F1: 0.2266
2026-02-20 17:49:47,173 - INFO -   LR: 0.001000
2026-02-20 17:49:47,173 - INFO -   Patience: 5/15
2026-02-20 17:49:47,173 - INFO - 
Epoch 8/100
2026-02-20 17:49:48,310 - INFO -   Epoch [10/443] Loss: 1.5246
2026-02-20 17:49:49,446 - INFO -   Epoch [20/443] Loss: 1.7116
2026-02-20 17:49:50,582 - INFO -   Epoch [30/443] Loss: 2.5390
2026-02-20 17:49:51,719 - INFO -   Epoch [40/443] Loss: 1.7279
2026-02-20 17:49:52,860 - INFO -   Epoch [50/443] Loss: 2.0556
2026-02-20 17:49:54,001 - INFO -   Epoch [60/443] Loss: 1.5475
2026-02-20 17:49:55,144 - INFO -   Epoch [70/443] Loss: 2.4641
2026-02-20 17:49:56,281 - INFO -   Epoch [80/443] Loss: 1.5162
2026-02-20 17:49:57,418 - INFO -   Epoch [90/443] Loss: 2.4144
2026-02-20 17:49:58,558 - INFO -   Epoch [100/443] Loss: 2.1399
2026-02-20 17:49:59,692 - INFO -   Epoch [110/443] Loss: 1.8986
2026-02-20 17:50:00,826 - INFO -   Epoch [120/443] Loss: 1.7161
2026-02-20 17:50:01,959 - INFO -   Epoch [130/443] Loss: 1.3881
2026-02-20 17:50:03,098 - INFO -   Epoch [140/443] Loss: 1.7006
2026-02-20 17:50:04,232 - INFO -   Epoch [150/443] Loss: 1.8416
2026-02-20 17:50:05,368 - INFO -   Epoch [160/443] Loss: 1.9656
2026-02-20 17:50:06,503 - INFO -   Epoch [170/443] Loss: 1.7993
2026-02-20 17:50:07,636 - INFO -   Epoch [180/443] Loss: 1.6278
2026-02-20 17:50:08,762 - INFO -   Epoch [190/443] Loss: 1.8265
2026-02-20 17:50:09,893 - INFO -   Epoch [200/443] Loss: 1.6745
2026-02-20 17:50:11,028 - INFO -   Epoch [210/443] Loss: 1.8818
2026-02-20 17:50:12,163 - INFO -   Epoch [220/443] Loss: 1.7796
2026-02-20 17:50:13,295 - INFO -   Epoch [230/443] Loss: 1.6400
2026-02-20 17:50:14,425 - INFO -   Epoch [240/443] Loss: 1.9961
2026-02-20 17:50:15,556 - INFO -   Epoch [250/443] Loss: 2.1795
2026-02-20 17:50:16,686 - INFO -   Epoch [260/443] Loss: 1.4372
2026-02-20 17:50:17,801 - INFO -   Epoch [270/443] Loss: 1.5776
2026-02-20 17:50:18,920 - INFO -   Epoch [280/443] Loss: 1.4778
2026-02-20 17:50:20,054 - INFO -   Epoch [290/443] Loss: 1.6566
2026-02-20 17:50:21,200 - INFO -   Epoch [300/443] Loss: 1.3207
2026-02-20 17:50:22,338 - INFO -   Epoch [310/443] Loss: 1.8395
2026-02-20 17:50:23,477 - INFO -   Epoch [320/443] Loss: 1.3016
2026-02-20 17:50:24,618 - INFO -   Epoch [330/443] Loss: 1.7319
2026-02-20 17:50:25,759 - INFO -   Epoch [340/443] Loss: 2.4429
2026-02-20 17:50:26,887 - INFO -   Epoch [350/443] Loss: 1.4149
2026-02-20 17:50:28,024 - INFO -   Epoch [360/443] Loss: 1.7311
2026-02-20 17:50:29,153 - INFO -   Epoch [370/443] Loss: 1.7264
2026-02-20 17:50:30,283 - INFO -   Epoch [380/443] Loss: 1.4434
2026-02-20 17:50:31,418 - INFO -   Epoch [390/443] Loss: 1.7745
2026-02-20 17:50:32,550 - INFO -   Epoch [400/443] Loss: 1.7041
2026-02-20 17:50:33,686 - INFO -   Epoch [410/443] Loss: 1.3446
2026-02-20 17:50:34,822 - INFO -   Epoch [420/443] Loss: 1.3935
2026-02-20 17:50:35,953 - INFO -   Epoch [430/443] Loss: 1.3947
2026-02-20 17:50:37,087 - INFO -   Epoch [440/443] Loss: 1.9253
2026-02-20 17:50:40,415 - INFO -   Train Loss: 1.7625
2026-02-20 17:50:40,416 - INFO -   Train Accuracy: 32.70%
2026-02-20 17:50:40,416 - INFO -   Val Loss: 1.6269
2026-02-20 17:50:40,416 - INFO -   Val Accuracy: 27.50% | F1: 0.1601
2026-02-20 17:50:40,416 - INFO -   LR: 0.001000
2026-02-20 17:50:40,416 - INFO -   Patience: 6/15
2026-02-20 17:50:40,416 - INFO - 
Epoch 9/100
2026-02-20 17:50:41,547 - INFO -   Epoch [10/443] Loss: 1.7206
2026-02-20 17:50:42,687 - INFO -   Epoch [20/443] Loss: 1.2556
2026-02-20 17:50:43,821 - INFO -   Epoch [30/443] Loss: 1.4924
2026-02-20 17:50:44,955 - INFO -   Epoch [40/443] Loss: 1.4130
2026-02-20 17:50:46,094 - INFO -   Epoch [50/443] Loss: 1.5075
2026-02-20 17:50:47,224 - INFO -   Epoch [60/443] Loss: 1.9295
2026-02-20 17:50:48,362 - INFO -   Epoch [70/443] Loss: 2.0068
2026-02-20 17:50:49,497 - INFO -   Epoch [80/443] Loss: 1.7699
2026-02-20 17:50:50,633 - INFO -   Epoch [90/443] Loss: 1.2875
2026-02-20 17:50:51,776 - INFO -   Epoch [100/443] Loss: 1.4024
2026-02-20 17:50:52,916 - INFO -   Epoch [110/443] Loss: 1.4447
2026-02-20 17:50:54,046 - INFO -   Epoch [120/443] Loss: 1.4437
2026-02-20 17:50:55,167 - INFO -   Epoch [130/443] Loss: 1.3221
2026-02-20 17:50:56,280 - INFO -   Epoch [140/443] Loss: 1.8269
2026-02-20 17:50:57,415 - INFO -   Epoch [150/443] Loss: 1.8523
2026-02-20 17:50:58,545 - INFO -   Epoch [160/443] Loss: 1.2084
2026-02-20 17:50:59,680 - INFO -   Epoch [170/443] Loss: 1.9096
2026-02-20 17:51:00,802 - INFO -   Epoch [180/443] Loss: 1.7826
2026-02-20 17:51:01,929 - INFO -   Epoch [190/443] Loss: 1.5436
2026-02-20 17:51:03,057 - INFO -   Epoch [200/443] Loss: 1.5320
2026-02-20 17:51:04,193 - INFO -   Epoch [210/443] Loss: 1.5288
2026-02-20 17:51:05,328 - INFO -   Epoch [220/443] Loss: 1.6890
2026-02-20 17:51:06,458 - INFO -   Epoch [230/443] Loss: 1.4870
2026-02-20 17:51:07,585 - INFO -   Epoch [240/443] Loss: 1.4097
2026-02-20 17:51:08,707 - INFO -   Epoch [250/443] Loss: 1.9931
2026-02-20 17:51:09,831 - INFO -   Epoch [260/443] Loss: 1.4874
2026-02-20 17:51:10,956 - INFO -   Epoch [270/443] Loss: 1.3472
2026-02-20 17:51:12,079 - INFO -   Epoch [280/443] Loss: 1.2911
2026-02-20 17:51:13,206 - INFO -   Epoch [290/443] Loss: 1.3278
2026-02-20 17:51:14,319 - INFO -   Epoch [300/443] Loss: 1.6786
2026-02-20 17:51:15,433 - INFO -   Epoch [310/443] Loss: 1.7338
2026-02-20 17:51:16,547 - INFO -   Epoch [320/443] Loss: 1.8436
2026-02-20 17:51:17,645 - INFO -   Epoch [330/443] Loss: 2.8030
2026-02-20 17:51:18,774 - INFO -   Epoch [340/443] Loss: 1.6741
2026-02-20 17:51:19,903 - INFO -   Epoch [350/443] Loss: 1.3909
2026-02-20 17:51:21,032 - INFO -   Epoch [360/443] Loss: 1.4016
2026-02-20 17:51:22,158 - INFO -   Epoch [370/443] Loss: 1.2031
2026-02-20 17:51:23,291 - INFO -   Epoch [380/443] Loss: 1.6616
2026-02-20 17:51:24,403 - INFO -   Epoch [390/443] Loss: 1.4546
2026-02-20 17:51:25,526 - INFO -   Epoch [400/443] Loss: 1.3365
2026-02-20 17:51:26,628 - INFO -   Epoch [410/443] Loss: 1.5478
2026-02-20 17:51:27,756 - INFO -   Epoch [420/443] Loss: 1.5296
2026-02-20 17:51:28,890 - INFO -   Epoch [430/443] Loss: 1.6079
2026-02-20 17:51:30,029 - INFO -   Epoch [440/443] Loss: 1.4334
2026-02-20 17:51:33,353 - INFO -   Train Loss: 1.6567
2026-02-20 17:51:33,353 - INFO -   Train Accuracy: 34.23%
2026-02-20 17:51:33,353 - INFO -   Val Loss: 1.4413
2026-02-20 17:51:33,353 - INFO -   Val Accuracy: 41.25% | F1: 0.2780
2026-02-20 17:51:33,353 - INFO -   LR: 0.000500
2026-02-20 17:51:33,354 - INFO -   Patience: 7/15
2026-02-20 17:51:33,354 - INFO - 
Epoch 10/100
2026-02-20 17:51:34,474 - INFO -   Epoch [10/443] Loss: 2.0620
2026-02-20 17:51:35,608 - INFO -   Epoch [20/443] Loss: 1.3227
2026-02-20 17:51:36,746 - INFO -   Epoch [30/443] Loss: 1.6153
2026-02-20 17:51:37,869 - INFO -   Epoch [40/443] Loss: 1.2793
2026-02-20 17:51:38,981 - INFO -   Epoch [50/443] Loss: 1.6635
2026-02-20 17:51:40,106 - INFO -   Epoch [60/443] Loss: 1.5079
2026-02-20 17:51:41,234 - INFO -   Epoch [70/443] Loss: 1.5873
2026-02-20 17:51:42,366 - INFO -   Epoch [80/443] Loss: 1.7846
2026-02-20 17:51:43,493 - INFO -   Epoch [90/443] Loss: 1.3703
2026-02-20 17:51:44,623 - INFO -   Epoch [100/443] Loss: 2.2767
2026-02-20 17:51:45,757 - INFO -   Epoch [110/443] Loss: 1.3890
2026-02-20 17:51:46,880 - INFO -   Epoch [120/443] Loss: 1.9787
2026-02-20 17:51:48,008 - INFO -   Epoch [130/443] Loss: 1.6694
2026-02-20 17:51:49,138 - INFO -   Epoch [140/443] Loss: 1.5352
2026-02-20 17:51:50,267 - INFO -   Epoch [150/443] Loss: 1.5335
2026-02-20 17:51:51,398 - INFO -   Epoch [160/443] Loss: 2.2493
2026-02-20 17:51:52,525 - INFO -   Epoch [170/443] Loss: 1.6532
2026-02-20 17:51:53,650 - INFO -   Epoch [180/443] Loss: 1.7235
2026-02-20 17:51:54,769 - INFO -   Epoch [190/443] Loss: 2.0924
2026-02-20 17:51:55,888 - INFO -   Epoch [200/443] Loss: 1.3186
2026-02-20 17:51:56,986 - INFO -   Epoch [210/443] Loss: 1.5094
2026-02-20 17:51:58,088 - INFO -   Epoch [220/443] Loss: 1.3813
2026-02-20 17:51:59,217 - INFO -   Epoch [230/443] Loss: 1.3461
2026-02-20 17:52:00,344 - INFO -   Epoch [240/443] Loss: 1.4703
2026-02-20 17:52:01,476 - INFO -   Epoch [250/443] Loss: 1.3812
2026-02-20 17:52:02,607 - INFO -   Epoch [260/443] Loss: 2.4599
2026-02-20 17:52:03,732 - INFO -   Epoch [270/443] Loss: 1.3981
2026-02-20 17:52:04,861 - INFO -   Epoch [280/443] Loss: 2.0058
2026-02-20 17:52:05,975 - INFO -   Epoch [290/443] Loss: 1.6890
2026-02-20 17:52:07,096 - INFO -   Epoch [300/443] Loss: 1.9478
2026-02-20 17:52:08,222 - INFO -   Epoch [310/443] Loss: 1.2587
2026-02-20 17:52:09,353 - INFO -   Epoch [320/443] Loss: 1.4302
2026-02-20 17:52:10,482 - INFO -   Epoch [330/443] Loss: 1.4012
2026-02-20 17:52:11,613 - INFO -   Epoch [340/443] Loss: 1.3430
2026-02-20 17:52:12,745 - INFO -   Epoch [350/443] Loss: 1.5589
2026-02-20 17:52:13,871 - INFO -   Epoch [360/443] Loss: 1.4661
2026-02-20 17:52:14,990 - INFO -   Epoch [370/443] Loss: 1.6767
2026-02-20 17:52:16,118 - INFO -   Epoch [380/443] Loss: 2.1924
2026-02-20 17:52:17,253 - INFO -   Epoch [390/443] Loss: 1.5787
2026-02-20 17:52:18,379 - INFO -   Epoch [400/443] Loss: 1.4719
2026-02-20 17:52:19,509 - INFO -   Epoch [410/443] Loss: 2.5452
2026-02-20 17:52:20,638 - INFO -   Epoch [420/443] Loss: 1.6879
2026-02-20 17:52:21,767 - INFO -   Epoch [430/443] Loss: 1.2455
2026-02-20 17:52:22,892 - INFO -   Epoch [440/443] Loss: 1.3689
2026-02-20 17:52:26,185 - INFO -   Train Loss: 1.6631
2026-02-20 17:52:26,185 - INFO -   Train Accuracy: 34.74%
2026-02-20 17:52:26,185 - INFO -   Val Loss: 1.4743
2026-02-20 17:52:26,185 - INFO -   Val Accuracy: 43.72% | F1: 0.2933
2026-02-20 17:52:26,185 - INFO -   LR: 0.000500
2026-02-20 17:52:26,185 - INFO -   Patience: 8/15
2026-02-20 17:52:26,185 - INFO - 
Epoch 11/100
2026-02-20 17:52:27,309 - INFO -   Epoch [10/443] Loss: 1.4079
2026-02-20 17:52:28,436 - INFO -   Epoch [20/443] Loss: 1.6060
2026-02-20 17:52:29,564 - INFO -   Epoch [30/443] Loss: 1.6826
2026-02-20 17:52:30,697 - INFO -   Epoch [40/443] Loss: 1.4950
2026-02-20 17:52:31,835 - INFO -   Epoch [50/443] Loss: 2.0297
2026-02-20 17:52:32,969 - INFO -   Epoch [60/443] Loss: 1.1867
2026-02-20 17:52:34,102 - INFO -   Epoch [70/443] Loss: 1.9302
2026-02-20 17:52:35,231 - INFO -   Epoch [80/443] Loss: 1.4972
2026-02-20 17:52:36,357 - INFO -   Epoch [90/443] Loss: 1.1230
2026-02-20 17:52:37,486 - INFO -   Epoch [100/443] Loss: 1.2627
2026-02-20 17:52:38,611 - INFO -   Epoch [110/443] Loss: 2.6712
2026-02-20 17:52:39,741 - INFO -   Epoch [120/443] Loss: 1.1286
2026-02-20 17:52:40,864 - INFO -   Epoch [130/443] Loss: 2.0522
2026-02-20 17:52:41,994 - INFO -   Epoch [140/443] Loss: 1.4426
2026-02-20 17:52:43,127 - INFO -   Epoch [150/443] Loss: 1.2639
2026-02-20 17:52:44,265 - INFO -   Epoch [160/443] Loss: 1.4792
2026-02-20 17:52:45,405 - INFO -   Epoch [170/443] Loss: 1.4742
2026-02-20 17:52:46,531 - INFO -   Epoch [180/443] Loss: 2.0575
2026-02-20 17:52:47,654 - INFO -   Epoch [190/443] Loss: 1.7233
2026-02-20 17:52:48,782 - INFO -   Epoch [200/443] Loss: 1.7373
2026-02-20 17:52:49,904 - INFO -   Epoch [210/443] Loss: 1.7514
2026-02-20 17:52:51,033 - INFO -   Epoch [220/443] Loss: 1.3554
2026-02-20 17:52:52,153 - INFO -   Epoch [230/443] Loss: 1.4618
2026-02-20 17:52:53,282 - INFO -   Epoch [240/443] Loss: 2.1819
2026-02-20 17:52:54,409 - INFO -   Epoch [250/443] Loss: 1.6255
2026-02-20 17:52:55,538 - INFO -   Epoch [260/443] Loss: 2.1266
2026-02-20 17:52:56,666 - INFO -   Epoch [270/443] Loss: 1.5330
2026-02-20 17:52:57,795 - INFO -   Epoch [280/443] Loss: 1.7032
2026-02-20 17:52:58,921 - INFO -   Epoch [290/443] Loss: 1.7727
2026-02-20 17:53:00,050 - INFO -   Epoch [300/443] Loss: 1.3764
2026-02-20 17:53:01,180 - INFO -   Epoch [310/443] Loss: 1.4838
2026-02-20 17:53:02,307 - INFO -   Epoch [320/443] Loss: 1.4587
2026-02-20 17:53:03,439 - INFO -   Epoch [330/443] Loss: 1.3804
2026-02-20 17:53:04,561 - INFO -   Epoch [340/443] Loss: 1.6380
2026-02-20 17:53:05,676 - INFO -   Epoch [350/443] Loss: 1.2259
2026-02-20 17:53:06,798 - INFO -   Epoch [360/443] Loss: 1.5035
2026-02-20 17:53:07,921 - INFO -   Epoch [370/443] Loss: 1.8309
2026-02-20 17:53:09,031 - INFO -   Epoch [380/443] Loss: 1.7140
2026-02-20 17:53:10,148 - INFO -   Epoch [390/443] Loss: 1.9594
2026-02-20 17:53:11,274 - INFO -   Epoch [400/443] Loss: 1.4398
2026-02-20 17:53:12,399 - INFO -   Epoch [410/443] Loss: 2.1729
2026-02-20 17:53:13,526 - INFO -   Epoch [420/443] Loss: 1.5806
2026-02-20 17:53:14,630 - INFO -   Epoch [430/443] Loss: 1.4044
2026-02-20 17:53:15,755 - INFO -   Epoch [440/443] Loss: 1.7403
2026-02-20 17:53:19,063 - INFO -   Train Loss: 1.6498
2026-02-20 17:53:19,064 - INFO -   Train Accuracy: 36.64%
2026-02-20 17:53:19,064 - INFO -   Val Loss: 1.5294
2026-02-20 17:53:19,064 - INFO -   Val Accuracy: 39.47% | F1: 0.2814
2026-02-20 17:53:19,064 - INFO -   LR: 0.000500
2026-02-20 17:53:19,064 - INFO -   Patience: 9/15
2026-02-20 17:53:19,064 - INFO - 
Epoch 12/100
2026-02-20 17:53:20,194 - INFO -   Epoch [10/443] Loss: 1.7356
2026-02-20 17:53:21,325 - INFO -   Epoch [20/443] Loss: 1.8367
2026-02-20 17:53:22,442 - INFO -   Epoch [30/443] Loss: 1.6612
2026-02-20 17:53:23,565 - INFO -   Epoch [40/443] Loss: 1.5606
2026-02-20 17:53:24,680 - INFO -   Epoch [50/443] Loss: 1.6737
2026-02-20 17:53:25,775 - INFO -   Epoch [60/443] Loss: 1.8922
2026-02-20 17:53:26,870 - INFO -   Epoch [70/443] Loss: 2.3703
2026-02-20 17:53:27,992 - INFO -   Epoch [80/443] Loss: 1.5932
2026-02-20 17:53:29,118 - INFO -   Epoch [90/443] Loss: 1.5503
2026-02-20 17:53:30,226 - INFO -   Epoch [100/443] Loss: 2.0182
2026-02-20 17:53:31,337 - INFO -   Epoch [110/443] Loss: 1.5149
2026-02-20 17:53:32,440 - INFO -   Epoch [120/443] Loss: 1.8902
2026-02-20 17:53:33,561 - INFO -   Epoch [130/443] Loss: 1.5476
2026-02-20 17:53:34,674 - INFO -   Epoch [140/443] Loss: 1.6853
2026-02-20 17:53:35,775 - INFO -   Epoch [150/443] Loss: 1.4344
2026-02-20 17:53:36,894 - INFO -   Epoch [160/443] Loss: 1.3257
2026-02-20 17:53:37,990 - INFO -   Epoch [170/443] Loss: 1.5534
2026-02-20 17:53:39,115 - INFO -   Epoch [180/443] Loss: 1.4612
2026-02-20 17:53:40,240 - INFO -   Epoch [190/443] Loss: 2.2341
2026-02-20 17:53:41,370 - INFO -   Epoch [200/443] Loss: 2.3439
2026-02-20 17:53:42,504 - INFO -   Epoch [210/443] Loss: 1.5269
2026-02-20 17:53:43,639 - INFO -   Epoch [220/443] Loss: 1.4123
2026-02-20 17:53:44,765 - INFO -   Epoch [230/443] Loss: 2.3055
2026-02-20 17:53:45,900 - INFO -   Epoch [240/443] Loss: 1.2619
2026-02-20 17:53:47,035 - INFO -   Epoch [250/443] Loss: 1.8215
2026-02-20 17:53:48,164 - INFO -   Epoch [260/443] Loss: 1.4212
2026-02-20 17:53:49,296 - INFO -   Epoch [270/443] Loss: 1.5607
2026-02-20 17:53:50,419 - INFO -   Epoch [280/443] Loss: 1.8791
2026-02-20 17:53:51,546 - INFO -   Epoch [290/443] Loss: 1.6226
2026-02-20 17:53:52,673 - INFO -   Epoch [300/443] Loss: 1.7618
2026-02-20 17:53:53,804 - INFO -   Epoch [310/443] Loss: 1.2995
2026-02-20 17:53:54,931 - INFO -   Epoch [320/443] Loss: 1.4732
2026-02-20 17:53:56,058 - INFO -   Epoch [330/443] Loss: 1.7914
2026-02-20 17:53:57,190 - INFO -   Epoch [340/443] Loss: 1.5807
2026-02-20 17:53:58,325 - INFO -   Epoch [350/443] Loss: 2.4334
2026-02-20 17:53:59,461 - INFO -   Epoch [360/443] Loss: 1.6665
2026-02-20 17:54:00,597 - INFO -   Epoch [370/443] Loss: 1.4346
2026-02-20 17:54:01,737 - INFO -   Epoch [380/443] Loss: 2.0052
2026-02-20 17:54:02,871 - INFO -   Epoch [390/443] Loss: 1.8596
2026-02-20 17:54:04,005 - INFO -   Epoch [400/443] Loss: 1.8491
2026-02-20 17:54:05,130 - INFO -   Epoch [410/443] Loss: 1.0718
2026-02-20 17:54:06,257 - INFO -   Epoch [420/443] Loss: 1.4117
2026-02-20 17:54:07,379 - INFO -   Epoch [430/443] Loss: 1.5273
2026-02-20 17:54:08,512 - INFO -   Epoch [440/443] Loss: 1.3829
2026-02-20 17:54:11,837 - INFO -   Train Loss: 1.6194
2026-02-20 17:54:11,837 - INFO -   Train Accuracy: 36.97%
2026-02-20 17:54:11,837 - INFO -   Val Loss: 1.4600
2026-02-20 17:54:11,837 - INFO -   Val Accuracy: 41.74% | F1: 0.2600
2026-02-20 17:54:11,837 - INFO -   LR: 0.000500
2026-02-20 17:54:11,838 - INFO -   Patience: 10/15
2026-02-20 17:54:11,838 - INFO - 
Epoch 13/100
2026-02-20 17:54:12,965 - INFO -   Epoch [10/443] Loss: 2.5019
2026-02-20 17:54:14,083 - INFO -   Epoch [20/443] Loss: 1.6556
2026-02-20 17:54:15,190 - INFO -   Epoch [30/443] Loss: 1.6056
2026-02-20 17:54:16,327 - INFO -   Epoch [40/443] Loss: 1.8881
2026-02-20 17:54:17,435 - INFO -   Epoch [50/443] Loss: 1.8000
2026-02-20 17:54:18,560 - INFO -   Epoch [60/443] Loss: 1.2134
2026-02-20 17:54:19,693 - INFO -   Epoch [70/443] Loss: 1.6469
2026-02-20 17:54:20,828 - INFO -   Epoch [80/443] Loss: 1.9393
2026-02-20 17:54:21,957 - INFO -   Epoch [90/443] Loss: 2.0405
2026-02-20 17:54:23,088 - INFO -   Epoch [100/443] Loss: 1.4161
2026-02-20 17:54:24,213 - INFO -   Epoch [110/443] Loss: 1.5234
2026-02-20 17:54:25,344 - INFO -   Epoch [120/443] Loss: 1.7014
2026-02-20 17:54:26,474 - INFO -   Epoch [130/443] Loss: 1.9085
2026-02-20 17:54:27,605 - INFO -   Epoch [140/443] Loss: 1.6825
2026-02-20 17:54:28,736 - INFO -   Epoch [150/443] Loss: 1.7121
2026-02-20 17:54:29,864 - INFO -   Epoch [160/443] Loss: 1.4644
2026-02-20 17:54:31,001 - INFO -   Epoch [170/443] Loss: 1.5141
2026-02-20 17:54:32,131 - INFO -   Epoch [180/443] Loss: 1.3755
2026-02-20 17:54:33,254 - INFO -   Epoch [190/443] Loss: 1.4922
2026-02-20 17:54:34,382 - INFO -   Epoch [200/443] Loss: 1.7740
2026-02-20 17:54:35,511 - INFO -   Epoch [210/443] Loss: 1.4646
2026-02-20 17:54:36,638 - INFO -   Epoch [220/443] Loss: 1.2864
2026-02-20 17:54:37,769 - INFO -   Epoch [230/443] Loss: 1.2209
2026-02-20 17:54:38,873 - INFO -   Epoch [240/443] Loss: 1.4530
2026-02-20 17:54:40,002 - INFO -   Epoch [250/443] Loss: 1.7903
2026-02-20 17:54:41,133 - INFO -   Epoch [260/443] Loss: 1.1497
2026-02-20 17:54:42,262 - INFO -   Epoch [270/443] Loss: 1.8891
2026-02-20 17:54:43,392 - INFO -   Epoch [280/443] Loss: 1.4603
2026-02-20 17:54:44,524 - INFO -   Epoch [290/443] Loss: 1.4751
2026-02-20 17:54:45,655 - INFO -   Epoch [300/443] Loss: 1.5421
2026-02-20 17:54:46,783 - INFO -   Epoch [310/443] Loss: 1.2799
2026-02-20 17:54:47,918 - INFO -   Epoch [320/443] Loss: 1.6473
2026-02-20 17:54:49,052 - INFO -   Epoch [330/443] Loss: 1.5474
2026-02-20 17:54:50,183 - INFO -   Epoch [340/443] Loss: 1.3782
2026-02-20 17:54:51,314 - INFO -   Epoch [350/443] Loss: 1.4890
2026-02-20 17:54:52,461 - INFO -   Epoch [360/443] Loss: 1.7186
2026-02-20 17:54:53,591 - INFO -   Epoch [370/443] Loss: 1.2140
2026-02-20 17:54:54,717 - INFO -   Epoch [380/443] Loss: 1.7564
2026-02-20 17:54:55,843 - INFO -   Epoch [390/443] Loss: 1.4154
2026-02-20 17:54:56,976 - INFO -   Epoch [400/443] Loss: 2.1349
2026-02-20 17:54:58,102 - INFO -   Epoch [410/443] Loss: 1.4618
2026-02-20 17:54:59,231 - INFO -   Epoch [420/443] Loss: 3.5520
2026-02-20 17:55:00,361 - INFO -   Epoch [430/443] Loss: 1.2292
2026-02-20 17:55:01,487 - INFO -   Epoch [440/443] Loss: 1.4132
2026-02-20 17:55:04,789 - INFO -   Train Loss: 1.5967
2026-02-20 17:55:04,789 - INFO -   Train Accuracy: 36.39%
2026-02-20 17:55:04,789 - INFO -   Val Loss: 1.4595
2026-02-20 17:55:04,789 - INFO -   Val Accuracy: 39.96% | F1: 0.2627
2026-02-20 17:55:04,789 - INFO -   LR: 0.000500
2026-02-20 17:55:04,789 - INFO -   Patience: 11/15
2026-02-20 17:55:04,789 - INFO - 
Epoch 14/100
2026-02-20 17:55:05,917 - INFO -   Epoch [10/443] Loss: 1.3136
2026-02-20 17:55:07,050 - INFO -   Epoch [20/443] Loss: 1.4898
2026-02-20 17:55:08,165 - INFO -   Epoch [30/443] Loss: 1.4647
2026-02-20 17:55:09,278 - INFO -   Epoch [40/443] Loss: 1.8606
2026-02-20 17:55:10,404 - INFO -   Epoch [50/443] Loss: 1.5973
2026-02-20 17:55:11,528 - INFO -   Epoch [60/443] Loss: 1.4562
2026-02-20 17:55:12,656 - INFO -   Epoch [70/443] Loss: 1.8046
2026-02-20 17:55:13,786 - INFO -   Epoch [80/443] Loss: 1.3230
2026-02-20 17:55:14,916 - INFO -   Epoch [90/443] Loss: 1.6054
2026-02-20 17:55:16,046 - INFO -   Epoch [100/443] Loss: 1.4880
2026-02-20 17:55:17,174 - INFO -   Epoch [110/443] Loss: 1.3556
2026-02-20 17:55:18,302 - INFO -   Epoch [120/443] Loss: 1.6280
2026-02-20 17:55:19,431 - INFO -   Epoch [130/443] Loss: 1.3994
2026-02-20 17:55:20,556 - INFO -   Epoch [140/443] Loss: 1.8609
2026-02-20 17:55:21,690 - INFO -   Epoch [150/443] Loss: 2.0967
2026-02-20 17:55:22,819 - INFO -   Epoch [160/443] Loss: 1.5298
2026-02-20 17:55:23,948 - INFO -   Epoch [170/443] Loss: 1.3973
2026-02-20 17:55:25,084 - INFO -   Epoch [180/443] Loss: 1.5929
2026-02-20 17:55:26,216 - INFO -   Epoch [190/443] Loss: 1.7696
2026-02-20 17:55:27,346 - INFO -   Epoch [200/443] Loss: 1.3809
2026-02-20 17:55:28,473 - INFO -   Epoch [210/443] Loss: 1.4118
2026-02-20 17:55:29,604 - INFO -   Epoch [220/443] Loss: 1.4735
2026-02-20 17:55:30,727 - INFO -   Epoch [230/443] Loss: 1.5363
2026-02-20 17:55:31,853 - INFO -   Epoch [240/443] Loss: 1.3023
2026-02-20 17:55:32,979 - INFO -   Epoch [250/443] Loss: 2.6496
2026-02-20 17:55:34,107 - INFO -   Epoch [260/443] Loss: 1.4652
2026-02-20 17:55:35,233 - INFO -   Epoch [270/443] Loss: 1.7758
2026-02-20 17:55:36,368 - INFO -   Epoch [280/443] Loss: 1.6748
2026-02-20 17:55:37,496 - INFO -   Epoch [290/443] Loss: 1.4974
2026-02-20 17:55:38,625 - INFO -   Epoch [300/443] Loss: 1.3214
2026-02-20 17:55:39,752 - INFO -   Epoch [310/443] Loss: 2.0826
2026-02-20 17:55:40,878 - INFO -   Epoch [320/443] Loss: 1.8065
2026-02-20 17:55:42,006 - INFO -   Epoch [330/443] Loss: 1.7667
2026-02-20 17:55:43,135 - INFO -   Epoch [340/443] Loss: 1.5889
2026-02-20 17:55:44,260 - INFO -   Epoch [350/443] Loss: 1.5184
2026-02-20 17:55:45,389 - INFO -   Epoch [360/443] Loss: 1.5379
2026-02-20 17:55:46,526 - INFO -   Epoch [370/443] Loss: 1.9857
2026-02-20 17:55:47,656 - INFO -   Epoch [380/443] Loss: 1.5708
2026-02-20 17:55:48,788 - INFO -   Epoch [390/443] Loss: 1.4001
2026-02-20 17:55:49,905 - INFO -   Epoch [400/443] Loss: 1.9631
2026-02-20 17:55:51,016 - INFO -   Epoch [410/443] Loss: 1.4126
2026-02-20 17:55:52,133 - INFO -   Epoch [420/443] Loss: 1.3256
2026-02-20 17:55:53,262 - INFO -   Epoch [430/443] Loss: 2.1240
2026-02-20 17:55:54,392 - INFO -   Epoch [440/443] Loss: 1.9063
2026-02-20 17:55:57,703 - INFO -   Train Loss: 1.6231
2026-02-20 17:55:57,703 - INFO -   Train Accuracy: 36.62%
2026-02-20 17:55:57,703 - INFO -   Val Loss: 1.4436
2026-02-20 17:55:57,703 - INFO -   Val Accuracy: 41.84% | F1: 0.2900
2026-02-20 17:55:57,703 - INFO -   LR: 0.000500
2026-02-20 17:55:57,703 - INFO -   Patience: 12/15
2026-02-20 17:55:57,704 - INFO - 
Epoch 15/100
2026-02-20 17:55:58,831 - INFO -   Epoch [10/443] Loss: 1.8105
2026-02-20 17:55:59,962 - INFO -   Epoch [20/443] Loss: 2.0010
2026-02-20 17:56:01,089 - INFO -   Epoch [30/443] Loss: 1.4171
2026-02-20 17:56:02,220 - INFO -   Epoch [40/443] Loss: 1.3603
2026-02-20 17:56:03,353 - INFO -   Epoch [50/443] Loss: 2.0294
2026-02-20 17:56:04,462 - INFO -   Epoch [60/443] Loss: 1.7782
2026-02-20 17:56:05,582 - INFO -   Epoch [70/443] Loss: 1.4866
2026-02-20 17:56:06,696 - INFO -   Epoch [80/443] Loss: 1.3479
2026-02-20 17:56:07,823 - INFO -   Epoch [90/443] Loss: 1.5213
2026-02-20 17:56:08,956 - INFO -   Epoch [100/443] Loss: 1.3602
2026-02-20 17:56:10,095 - INFO -   Epoch [110/443] Loss: 2.0386
2026-02-20 17:56:11,233 - INFO -   Epoch [120/443] Loss: 1.6345
2026-02-20 17:56:12,365 - INFO -   Epoch [130/443] Loss: 2.1747
2026-02-20 17:56:13,500 - INFO -   Epoch [140/443] Loss: 1.3400
2026-02-20 17:56:14,638 - INFO -   Epoch [150/443] Loss: 1.5603
2026-02-20 17:56:15,776 - INFO -   Epoch [160/443] Loss: 1.4631
2026-02-20 17:56:16,912 - INFO -   Epoch [170/443] Loss: 1.8535
2026-02-20 17:56:18,054 - INFO -   Epoch [180/443] Loss: 1.3875
2026-02-20 17:56:19,188 - INFO -   Epoch [190/443] Loss: 1.9652
2026-02-20 17:56:20,327 - INFO -   Epoch [200/443] Loss: 1.6868
2026-02-20 17:56:21,471 - INFO -   Epoch [210/443] Loss: 1.3120
2026-02-20 17:56:22,611 - INFO -   Epoch [220/443] Loss: 1.4625
2026-02-20 17:56:23,754 - INFO -   Epoch [230/443] Loss: 1.2891
2026-02-20 17:56:24,890 - INFO -   Epoch [240/443] Loss: 1.5125
2026-02-20 17:56:26,026 - INFO -   Epoch [250/443] Loss: 2.1679
2026-02-20 17:56:27,165 - INFO -   Epoch [260/443] Loss: 1.5275
2026-02-20 17:56:28,296 - INFO -   Epoch [270/443] Loss: 1.6229
2026-02-20 17:56:29,437 - INFO -   Epoch [280/443] Loss: 1.7236
2026-02-20 17:56:30,581 - INFO -   Epoch [290/443] Loss: 1.3390
2026-02-20 17:56:31,719 - INFO -   Epoch [300/443] Loss: 1.6227
2026-02-20 17:56:32,856 - INFO -   Epoch [310/443] Loss: 1.6489
2026-02-20 17:56:33,985 - INFO -   Epoch [320/443] Loss: 1.4821
2026-02-20 17:56:35,117 - INFO -   Epoch [330/443] Loss: 1.3922
2026-02-20 17:56:36,250 - INFO -   Epoch [340/443] Loss: 1.3538
2026-02-20 17:56:37,384 - INFO -   Epoch [350/443] Loss: 1.8242
2026-02-20 17:56:38,521 - INFO -   Epoch [360/443] Loss: 1.6478
2026-02-20 17:56:39,656 - INFO -   Epoch [370/443] Loss: 1.3321
2026-02-20 17:56:40,791 - INFO -   Epoch [380/443] Loss: 1.7254
2026-02-20 17:56:41,920 - INFO -   Epoch [390/443] Loss: 2.0533
2026-02-20 17:56:43,053 - INFO -   Epoch [400/443] Loss: 1.3922
2026-02-20 17:56:44,184 - INFO -   Epoch [410/443] Loss: 1.9308
2026-02-20 17:56:45,311 - INFO -   Epoch [420/443] Loss: 1.4463
2026-02-20 17:56:46,445 - INFO -   Epoch [430/443] Loss: 1.2288
2026-02-20 17:56:47,576 - INFO -   Epoch [440/443] Loss: 1.3493
2026-02-20 17:56:50,904 - INFO -   Train Loss: 1.5966
2026-02-20 17:56:50,905 - INFO -   Train Accuracy: 36.84%
2026-02-20 17:56:50,905 - INFO -   Val Loss: 1.4543
2026-02-20 17:56:50,905 - INFO -   Val Accuracy: 46.29% | F1: 0.3160
2026-02-20 17:56:50,905 - INFO -   LR: 0.000250
2026-02-20 17:56:50,994 - INFO -   ✓ New best model saved!
2026-02-20 17:56:50,994 - INFO -   Patience: 0/15
2026-02-20 17:56:50,995 - INFO - 
Epoch 16/100
2026-02-20 17:56:52,139 - INFO -   Epoch [10/443] Loss: 1.4874
2026-02-20 17:56:53,275 - INFO -   Epoch [20/443] Loss: 1.6367
2026-02-20 17:56:54,412 - INFO -   Epoch [30/443] Loss: 1.6897
2026-02-20 17:56:55,544 - INFO -   Epoch [40/443] Loss: 1.3390
2026-02-20 17:56:56,680 - INFO -   Epoch [50/443] Loss: 1.3464
2026-02-20 17:56:57,815 - INFO -   Epoch [60/443] Loss: 1.2728
2026-02-20 17:56:58,948 - INFO -   Epoch [70/443] Loss: 1.7067
2026-02-20 17:57:00,081 - INFO -   Epoch [80/443] Loss: 1.4363
2026-02-20 17:57:01,218 - INFO -   Epoch [90/443] Loss: 1.4098
2026-02-20 17:57:02,356 - INFO -   Epoch [100/443] Loss: 1.5081
2026-02-20 17:57:03,500 - INFO -   Epoch [110/443] Loss: 1.5338
2026-02-20 17:57:04,628 - INFO -   Epoch [120/443] Loss: 1.3790
2026-02-20 17:57:05,754 - INFO -   Epoch [130/443] Loss: 1.3043
2026-02-20 17:57:06,873 - INFO -   Epoch [140/443] Loss: 1.6659
2026-02-20 17:57:07,987 - INFO -   Epoch [150/443] Loss: 1.3081
2026-02-20 17:57:09,092 - INFO -   Epoch [160/443] Loss: 1.8251
2026-02-20 17:57:10,213 - INFO -   Epoch [170/443] Loss: 1.4865
2026-02-20 17:57:11,349 - INFO -   Epoch [180/443] Loss: 1.5999
2026-02-20 17:57:12,482 - INFO -   Epoch [190/443] Loss: 1.9069
2026-02-20 17:57:13,618 - INFO -   Epoch [200/443] Loss: 1.3788
2026-02-20 17:57:14,759 - INFO -   Epoch [210/443] Loss: 1.5532
2026-02-20 17:57:15,900 - INFO -   Epoch [220/443] Loss: 2.1559
2026-02-20 17:57:17,034 - INFO -   Epoch [230/443] Loss: 1.6615
2026-02-20 17:57:18,172 - INFO -   Epoch [240/443] Loss: 1.5878
2026-02-20 17:57:19,309 - INFO -   Epoch [250/443] Loss: 1.8826
2026-02-20 17:57:20,448 - INFO -   Epoch [260/443] Loss: 1.6045
2026-02-20 17:57:21,581 - INFO -   Epoch [270/443] Loss: 1.4705
2026-02-20 17:57:22,717 - INFO -   Epoch [280/443] Loss: 1.4268
2026-02-20 17:57:23,857 - INFO -   Epoch [290/443] Loss: 1.3245
2026-02-20 17:57:24,994 - INFO -   Epoch [300/443] Loss: 1.6802
2026-02-20 17:57:26,133 - INFO -   Epoch [310/443] Loss: 1.4781
2026-02-20 17:57:27,270 - INFO -   Epoch [320/443] Loss: 1.3202
2026-02-20 17:57:28,402 - INFO -   Epoch [330/443] Loss: 1.3940
2026-02-20 17:57:29,540 - INFO -   Epoch [340/443] Loss: 1.5723
2026-02-20 17:57:30,678 - INFO -   Epoch [350/443] Loss: 1.6478
2026-02-20 17:57:31,818 - INFO -   Epoch [360/443] Loss: 1.4774
2026-02-20 17:57:32,931 - INFO -   Epoch [370/443] Loss: 2.6386
2026-02-20 17:57:34,035 - INFO -   Epoch [380/443] Loss: 1.5403
2026-02-20 17:57:35,139 - INFO -   Epoch [390/443] Loss: 1.4648
2026-02-20 17:57:36,256 - INFO -   Epoch [400/443] Loss: 1.3278
2026-02-20 17:57:37,388 - INFO -   Epoch [410/443] Loss: 1.6043
2026-02-20 17:57:38,517 - INFO -   Epoch [420/443] Loss: 1.2779
2026-02-20 17:57:39,654 - INFO -   Epoch [430/443] Loss: 1.8404
2026-02-20 17:57:40,797 - INFO -   Epoch [440/443] Loss: 1.4143
2026-02-20 17:57:44,169 - INFO -   Train Loss: 1.5913
2026-02-20 17:57:44,169 - INFO -   Train Accuracy: 39.19%
2026-02-20 17:57:44,169 - INFO -   Val Loss: 1.4130
2026-02-20 17:57:44,169 - INFO -   Val Accuracy: 44.11% | F1: 0.3101
2026-02-20 17:57:44,170 - INFO -   LR: 0.000250
2026-02-20 17:57:44,170 - INFO -   Patience: 1/15
2026-02-20 17:57:44,170 - INFO - 
Epoch 17/100
2026-02-20 17:57:45,308 - INFO -   Epoch [10/443] Loss: 1.6571
2026-02-20 17:57:46,450 - INFO -   Epoch [20/443] Loss: 1.5943
2026-02-20 17:57:47,585 - INFO -   Epoch [30/443] Loss: 1.4261
2026-02-20 17:57:48,719 - INFO -   Epoch [40/443] Loss: 1.4292
2026-02-20 17:57:49,853 - INFO -   Epoch [50/443] Loss: 1.3286
2026-02-20 17:57:50,982 - INFO -   Epoch [60/443] Loss: 1.3278
2026-02-20 17:57:52,115 - INFO -   Epoch [70/443] Loss: 1.7698
2026-02-20 17:57:53,247 - INFO -   Epoch [80/443] Loss: 1.1063
2026-02-20 17:57:54,384 - INFO -   Epoch [90/443] Loss: 1.6696
2026-02-20 17:57:55,523 - INFO -   Epoch [100/443] Loss: 1.1590
2026-02-20 17:57:56,651 - INFO -   Epoch [110/443] Loss: 1.3436
2026-02-20 17:57:57,796 - INFO -   Epoch [120/443] Loss: 1.5399
2026-02-20 17:57:58,933 - INFO -   Epoch [130/443] Loss: 1.1251
2026-02-20 17:58:00,070 - INFO -   Epoch [140/443] Loss: 1.3486
2026-02-20 17:58:01,206 - INFO -   Epoch [150/443] Loss: 1.2450
2026-02-20 17:58:02,344 - INFO -   Epoch [160/443] Loss: 1.1551
2026-02-20 17:58:03,487 - INFO -   Epoch [170/443] Loss: 2.7930
2026-02-20 17:58:04,634 - INFO -   Epoch [180/443] Loss: 2.3100
2026-02-20 17:58:05,769 - INFO -   Epoch [190/443] Loss: 1.3485
2026-02-20 17:58:06,904 - INFO -   Epoch [200/443] Loss: 1.3813
2026-02-20 17:58:08,043 - INFO -   Epoch [210/443] Loss: 1.2831
2026-02-20 17:58:09,184 - INFO -   Epoch [220/443] Loss: 1.3863
2026-02-20 17:58:10,311 - INFO -   Epoch [230/443] Loss: 1.4156
2026-02-20 17:58:11,447 - INFO -   Epoch [240/443] Loss: 1.4145
2026-02-20 17:58:12,578 - INFO -   Epoch [250/443] Loss: 1.4365
2026-02-20 17:58:13,706 - INFO -   Epoch [260/443] Loss: 1.3737
2026-02-20 17:58:14,839 - INFO -   Epoch [270/443] Loss: 1.0969
2026-02-20 17:58:15,969 - INFO -   Epoch [280/443] Loss: 1.5760
2026-02-20 17:58:17,100 - INFO -   Epoch [290/443] Loss: 1.3882
2026-02-20 17:58:18,242 - INFO -   Epoch [300/443] Loss: 1.4133
2026-02-20 17:58:19,381 - INFO -   Epoch [310/443] Loss: 1.2319
2026-02-20 17:58:20,510 - INFO -   Epoch [320/443] Loss: 1.4678
2026-02-20 17:58:21,636 - INFO -   Epoch [330/443] Loss: 1.9800
2026-02-20 17:58:22,762 - INFO -   Epoch [340/443] Loss: 1.8341
2026-02-20 17:58:23,878 - INFO -   Epoch [350/443] Loss: 1.4766
2026-02-20 17:58:25,004 - INFO -   Epoch [360/443] Loss: 2.2029
2026-02-20 17:58:26,126 - INFO -   Epoch [370/443] Loss: 1.7809
2026-02-20 17:58:27,254 - INFO -   Epoch [380/443] Loss: 1.3157
2026-02-20 17:58:28,372 - INFO -   Epoch [390/443] Loss: 1.7770
2026-02-20 17:58:29,494 - INFO -   Epoch [400/443] Loss: 1.7923
2026-02-20 17:58:30,633 - INFO -   Epoch [410/443] Loss: 1.5130
2026-02-20 17:58:31,763 - INFO -   Epoch [420/443] Loss: 1.3471
2026-02-20 17:58:32,888 - INFO -   Epoch [430/443] Loss: 1.1060
2026-02-20 17:58:34,022 - INFO -   Epoch [440/443] Loss: 1.6315
2026-02-20 17:58:37,324 - INFO -   Train Loss: 1.5610
2026-02-20 17:58:37,324 - INFO -   Train Accuracy: 39.07%
2026-02-20 17:58:37,324 - INFO -   Val Loss: 1.3859
2026-02-20 17:58:37,324 - INFO -   Val Accuracy: 41.44% | F1: 0.2980
2026-02-20 17:58:37,325 - INFO -   LR: 0.000250
2026-02-20 17:58:37,325 - INFO -   Patience: 2/15
2026-02-20 17:58:37,325 - INFO - 
Epoch 18/100
2026-02-20 17:58:38,456 - INFO -   Epoch [10/443] Loss: 1.2177
2026-02-20 17:58:39,591 - INFO -   Epoch [20/443] Loss: 1.1832
2026-02-20 17:58:40,722 - INFO -   Epoch [30/443] Loss: 1.7580
2026-02-20 17:58:41,850 - INFO -   Epoch [40/443] Loss: 1.4597
2026-02-20 17:58:42,981 - INFO -   Epoch [50/443] Loss: 1.5936
2026-02-20 17:58:44,110 - INFO -   Epoch [60/443] Loss: 1.4531
2026-02-20 17:58:45,239 - INFO -   Epoch [70/443] Loss: 1.2956
2026-02-20 17:58:46,365 - INFO -   Epoch [80/443] Loss: 1.4374
2026-02-20 17:58:47,492 - INFO -   Epoch [90/443] Loss: 1.1841
2026-02-20 17:58:48,624 - INFO -   Epoch [100/443] Loss: 1.3925
2026-02-20 17:58:49,751 - INFO -   Epoch [110/443] Loss: 1.5783
2026-02-20 17:58:50,879 - INFO -   Epoch [120/443] Loss: 1.6655
2026-02-20 17:58:52,010 - INFO -   Epoch [130/443] Loss: 1.4553
2026-02-20 17:58:53,139 - INFO -   Epoch [140/443] Loss: 1.4616
2026-02-20 17:58:54,253 - INFO -   Epoch [150/443] Loss: 1.5978
2026-02-20 17:58:55,350 - INFO -   Epoch [160/443] Loss: 1.3831
2026-02-20 17:58:56,471 - INFO -   Epoch [170/443] Loss: 1.5839
2026-02-20 17:58:57,569 - INFO -   Epoch [180/443] Loss: 1.5253
2026-02-20 17:58:58,690 - INFO -   Epoch [190/443] Loss: 1.4409
2026-02-20 17:58:59,819 - INFO -   Epoch [200/443] Loss: 1.5678
2026-02-20 17:59:00,951 - INFO -   Epoch [210/443] Loss: 2.6345
2026-02-20 17:59:02,084 - INFO -   Epoch [220/443] Loss: 1.1735
2026-02-20 17:59:03,222 - INFO -   Epoch [230/443] Loss: 1.5590
2026-02-20 17:59:04,361 - INFO -   Epoch [240/443] Loss: 2.7726
2026-02-20 17:59:05,502 - INFO -   Epoch [250/443] Loss: 1.9288
2026-02-20 17:59:06,629 - INFO -   Epoch [260/443] Loss: 1.6560
2026-02-20 17:59:07,727 - INFO -   Epoch [270/443] Loss: 1.5162
2026-02-20 17:59:08,839 - INFO -   Epoch [280/443] Loss: 2.1784
2026-02-20 17:59:09,967 - INFO -   Epoch [290/443] Loss: 1.9974
2026-02-20 17:59:11,094 - INFO -   Epoch [300/443] Loss: 1.4160
2026-02-20 17:59:12,225 - INFO -   Epoch [310/443] Loss: 1.8741
2026-02-20 17:59:13,354 - INFO -   Epoch [320/443] Loss: 1.0522
2026-02-20 17:59:14,480 - INFO -   Epoch [330/443] Loss: 1.8612
2026-02-20 17:59:15,594 - INFO -   Epoch [340/443] Loss: 1.6061
2026-02-20 17:59:16,700 - INFO -   Epoch [350/443] Loss: 1.3855
2026-02-20 17:59:17,824 - INFO -   Epoch [360/443] Loss: 1.5090
2026-02-20 17:59:18,950 - INFO -   Epoch [370/443] Loss: 1.7187
2026-02-20 17:59:20,079 - INFO -   Epoch [380/443] Loss: 1.3393
2026-02-20 17:59:21,208 - INFO -   Epoch [390/443] Loss: 1.7148
2026-02-20 17:59:22,343 - INFO -   Epoch [400/443] Loss: 1.8265
2026-02-20 17:59:23,476 - INFO -   Epoch [410/443] Loss: 1.8953
2026-02-20 17:59:24,610 - INFO -   Epoch [420/443] Loss: 1.7010
2026-02-20 17:59:25,742 - INFO -   Epoch [430/443] Loss: 1.3178
2026-02-20 17:59:26,874 - INFO -   Epoch [440/443] Loss: 1.5701
2026-02-20 17:59:30,176 - INFO -   Train Loss: 1.5643
2026-02-20 17:59:30,176 - INFO -   Train Accuracy: 36.28%
2026-02-20 17:59:30,176 - INFO -   Val Loss: 1.4271
2026-02-20 17:59:30,176 - INFO -   Val Accuracy: 42.93% | F1: 0.2969
2026-02-20 17:59:30,176 - INFO -   LR: 0.000250
2026-02-20 17:59:30,177 - INFO -   Patience: 3/15
2026-02-20 17:59:30,177 - INFO - 
Epoch 19/100
2026-02-20 17:59:31,303 - INFO -   Epoch [10/443] Loss: 1.5171
2026-02-20 17:59:32,433 - INFO -   Epoch [20/443] Loss: 1.2495
2026-02-20 17:59:33,557 - INFO -   Epoch [30/443] Loss: 1.3633
2026-02-20 17:59:34,689 - INFO -   Epoch [40/443] Loss: 1.3894
2026-02-20 17:59:35,820 - INFO -   Epoch [50/443] Loss: 1.3926
2026-02-20 17:59:36,949 - INFO -   Epoch [60/443] Loss: 1.1963
2026-02-20 17:59:38,072 - INFO -   Epoch [70/443] Loss: 1.6586
2026-02-20 17:59:39,211 - INFO -   Epoch [80/443] Loss: 1.2685
2026-02-20 17:59:40,340 - INFO -   Epoch [90/443] Loss: 1.3929
2026-02-20 17:59:41,468 - INFO -   Epoch [100/443] Loss: 1.9464
2026-02-20 17:59:42,597 - INFO -   Epoch [110/443] Loss: 1.9339
2026-02-20 17:59:43,724 - INFO -   Epoch [120/443] Loss: 1.3473
2026-02-20 17:59:44,850 - INFO -   Epoch [130/443] Loss: 1.2387
2026-02-20 17:59:45,979 - INFO -   Epoch [140/443] Loss: 1.8557
2026-02-20 17:59:47,103 - INFO -   Epoch [150/443] Loss: 1.3738
2026-02-20 17:59:48,236 - INFO -   Epoch [160/443] Loss: 1.4182
2026-02-20 17:59:49,362 - INFO -   Epoch [170/443] Loss: 3.2100
2026-02-20 17:59:50,490 - INFO -   Epoch [180/443] Loss: 1.4827
2026-02-20 17:59:51,619 - INFO -   Epoch [190/443] Loss: 1.4624
2026-02-20 17:59:52,751 - INFO -   Epoch [200/443] Loss: 1.5932
2026-02-20 17:59:53,877 - INFO -   Epoch [210/443] Loss: 1.2654
2026-02-20 17:59:55,002 - INFO -   Epoch [220/443] Loss: 2.1907
2026-02-20 17:59:56,131 - INFO -   Epoch [230/443] Loss: 1.5704
2026-02-20 17:59:57,260 - INFO -   Epoch [240/443] Loss: 2.7781
2026-02-20 17:59:58,387 - INFO -   Epoch [250/443] Loss: 1.4890
2026-02-20 17:59:59,517 - INFO -   Epoch [260/443] Loss: 1.6002
2026-02-20 18:00:00,651 - INFO -   Epoch [270/443] Loss: 1.5567
2026-02-20 18:00:01,788 - INFO -   Epoch [280/443] Loss: 1.3426
2026-02-20 18:00:02,924 - INFO -   Epoch [290/443] Loss: 1.3081
2026-02-20 18:00:04,060 - INFO -   Epoch [300/443] Loss: 1.3925
2026-02-20 18:00:05,194 - INFO -   Epoch [310/443] Loss: 2.0008
2026-02-20 18:00:06,326 - INFO -   Epoch [320/443] Loss: 1.1937
2026-02-20 18:00:07,454 - INFO -   Epoch [330/443] Loss: 1.3236
2026-02-20 18:00:08,590 - INFO -   Epoch [340/443] Loss: 1.7606
2026-02-20 18:00:09,719 - INFO -   Epoch [350/443] Loss: 1.1609
2026-02-20 18:00:10,849 - INFO -   Epoch [360/443] Loss: 1.6042
2026-02-20 18:00:11,975 - INFO -   Epoch [370/443] Loss: 1.2867
2026-02-20 18:00:13,106 - INFO -   Epoch [380/443] Loss: 1.4248
2026-02-20 18:00:14,237 - INFO -   Epoch [390/443] Loss: 1.5836
2026-02-20 18:00:15,363 - INFO -   Epoch [400/443] Loss: 1.3613
2026-02-20 18:00:16,496 - INFO -   Epoch [410/443] Loss: 1.8275
2026-02-20 18:00:17,632 - INFO -   Epoch [420/443] Loss: 1.7237
2026-02-20 18:00:18,761 - INFO -   Epoch [430/443] Loss: 1.6022
2026-02-20 18:00:19,898 - INFO -   Epoch [440/443] Loss: 2.0790
2026-02-20 18:00:23,201 - INFO -   Train Loss: 1.5385
2026-02-20 18:00:23,201 - INFO -   Train Accuracy: 39.47%
2026-02-20 18:00:23,201 - INFO -   Val Loss: 1.3891
2026-02-20 18:00:23,201 - INFO -   Val Accuracy: 41.94% | F1: 0.2810
2026-02-20 18:00:23,201 - INFO -   LR: 0.000250
2026-02-20 18:00:23,201 - INFO -   Patience: 4/15
2026-02-20 18:00:23,201 - INFO - 
Epoch 20/100
2026-02-20 18:00:24,326 - INFO -   Epoch [10/443] Loss: 1.2535
2026-02-20 18:00:25,454 - INFO -   Epoch [20/443] Loss: 1.7463
2026-02-20 18:00:26,578 - INFO -   Epoch [30/443] Loss: 1.0441
2026-02-20 18:00:27,708 - INFO -   Epoch [40/443] Loss: 1.3518
2026-02-20 18:00:28,833 - INFO -   Epoch [50/443] Loss: 1.3340
2026-02-20 18:00:29,965 - INFO -   Epoch [60/443] Loss: 1.5743
2026-02-20 18:00:31,101 - INFO -   Epoch [70/443] Loss: 1.2464
2026-02-20 18:00:32,232 - INFO -   Epoch [80/443] Loss: 1.4648
2026-02-20 18:00:33,360 - INFO -   Epoch [90/443] Loss: 1.4000
2026-02-20 18:00:34,487 - INFO -   Epoch [100/443] Loss: 1.4921
2026-02-20 18:00:35,600 - INFO -   Epoch [110/443] Loss: 1.2379
2026-02-20 18:00:36,726 - INFO -   Epoch [120/443] Loss: 1.4589
2026-02-20 18:00:37,861 - INFO -   Epoch [130/443] Loss: 1.3244
2026-02-20 18:00:38,976 - INFO -   Epoch [140/443] Loss: 1.4766
2026-02-20 18:00:40,106 - INFO -   Epoch [150/443] Loss: 1.5405
2026-02-20 18:00:41,239 - INFO -   Epoch [160/443] Loss: 1.5043
2026-02-20 18:00:42,359 - INFO -   Epoch [170/443] Loss: 1.3562
2026-02-20 18:00:43,483 - INFO -   Epoch [180/443] Loss: 1.3438
2026-02-20 18:00:44,604 - INFO -   Epoch [190/443] Loss: 1.4232
2026-02-20 18:00:45,730 - INFO -   Epoch [200/443] Loss: 1.4431
2026-02-20 18:00:46,859 - INFO -   Epoch [210/443] Loss: 1.8111
2026-02-20 18:00:47,989 - INFO -   Epoch [220/443] Loss: 1.4101
2026-02-20 18:00:49,117 - INFO -   Epoch [230/443] Loss: 1.4383
2026-02-20 18:00:50,246 - INFO -   Epoch [240/443] Loss: 1.5661
2026-02-20 18:00:51,379 - INFO -   Epoch [250/443] Loss: 2.7631
2026-02-20 18:00:52,518 - INFO -   Epoch [260/443] Loss: 1.3588
2026-02-20 18:00:53,644 - INFO -   Epoch [270/443] Loss: 1.5909
2026-02-20 18:00:54,769 - INFO -   Epoch [280/443] Loss: 1.5752
2026-02-20 18:00:55,896 - INFO -   Epoch [290/443] Loss: 1.2395
2026-02-20 18:00:57,024 - INFO -   Epoch [300/443] Loss: 1.4785
2026-02-20 18:00:58,148 - INFO -   Epoch [310/443] Loss: 1.3849
2026-02-20 18:00:59,278 - INFO -   Epoch [320/443] Loss: 2.0181
2026-02-20 18:01:00,407 - INFO -   Epoch [330/443] Loss: 1.6699
2026-02-20 18:01:01,533 - INFO -   Epoch [340/443] Loss: 1.3758
2026-02-20 18:01:02,662 - INFO -   Epoch [350/443] Loss: 1.7549
2026-02-20 18:01:03,792 - INFO -   Epoch [360/443] Loss: 1.3917
2026-02-20 18:01:04,918 - INFO -   Epoch [370/443] Loss: 1.7971
2026-02-20 18:01:06,047 - INFO -   Epoch [380/443] Loss: 1.2129
2026-02-20 18:01:07,171 - INFO -   Epoch [390/443] Loss: 1.7223
2026-02-20 18:01:08,298 - INFO -   Epoch [400/443] Loss: 1.4138
2026-02-20 18:01:09,424 - INFO -   Epoch [410/443] Loss: 1.5550
2026-02-20 18:01:10,548 - INFO -   Epoch [420/443] Loss: 1.4098
2026-02-20 18:01:11,677 - INFO -   Epoch [430/443] Loss: 1.4253
2026-02-20 18:01:12,808 - INFO -   Epoch [440/443] Loss: 1.7250
2026-02-20 18:01:16,114 - INFO -   Train Loss: 1.5230
2026-02-20 18:01:16,114 - INFO -   Train Accuracy: 39.37%
2026-02-20 18:01:16,114 - INFO -   Val Loss: 1.3800
2026-02-20 18:01:16,114 - INFO -   Val Accuracy: 43.22% | F1: 0.2912
2026-02-20 18:01:16,114 - INFO -   LR: 0.000250
2026-02-20 18:01:16,115 - INFO -   Patience: 5/15
2026-02-20 18:01:16,115 - INFO - 
Epoch 21/100
2026-02-20 18:01:17,230 - INFO -   Epoch [10/443] Loss: 1.3112
2026-02-20 18:01:18,346 - INFO -   Epoch [20/443] Loss: 1.4341
2026-02-20 18:01:19,464 - INFO -   Epoch [30/443] Loss: 1.6112
2026-02-20 18:01:20,592 - INFO -   Epoch [40/443] Loss: 1.8102
2026-02-20 18:01:21,723 - INFO -   Epoch [50/443] Loss: 1.4302
2026-02-20 18:01:22,852 - INFO -   Epoch [60/443] Loss: 1.1417
2026-02-20 18:01:23,982 - INFO -   Epoch [70/443] Loss: 1.3839
2026-02-20 18:01:25,109 - INFO -   Epoch [80/443] Loss: 1.3405
2026-02-20 18:01:26,234 - INFO -   Epoch [90/443] Loss: 1.7263
2026-02-20 18:01:27,361 - INFO -   Epoch [100/443] Loss: 1.3575
2026-02-20 18:01:28,487 - INFO -   Epoch [110/443] Loss: 1.2289
2026-02-20 18:01:29,618 - INFO -   Epoch [120/443] Loss: 1.1703
2026-02-20 18:01:30,758 - INFO -   Epoch [130/443] Loss: 1.2862
2026-02-20 18:01:31,894 - INFO -   Epoch [140/443] Loss: 1.5540
2026-02-20 18:01:33,025 - INFO -   Epoch [150/443] Loss: 1.2934
2026-02-20 18:01:34,141 - INFO -   Epoch [160/443] Loss: 1.1524
2026-02-20 18:01:35,256 - INFO -   Epoch [170/443] Loss: 1.3561
2026-02-20 18:01:36,362 - INFO -   Epoch [180/443] Loss: 1.4622
2026-02-20 18:01:37,493 - INFO -   Epoch [190/443] Loss: 1.2943
2026-02-20 18:01:38,628 - INFO -   Epoch [200/443] Loss: 1.5040
2026-02-20 18:01:39,752 - INFO -   Epoch [210/443] Loss: 1.2819
2026-02-20 18:01:40,879 - INFO -   Epoch [220/443] Loss: 1.3207
2026-02-20 18:01:42,005 - INFO -   Epoch [230/443] Loss: 1.9258
2026-02-20 18:01:43,133 - INFO -   Epoch [240/443] Loss: 1.2699
2026-02-20 18:01:44,261 - INFO -   Epoch [250/443] Loss: 1.3039
2026-02-20 18:01:45,387 - INFO -   Epoch [260/443] Loss: 1.4304
2026-02-20 18:01:46,520 - INFO -   Epoch [270/443] Loss: 1.8083
2026-02-20 18:01:47,652 - INFO -   Epoch [280/443] Loss: 1.3059
2026-02-20 18:01:48,778 - INFO -   Epoch [290/443] Loss: 1.6850
2026-02-20 18:01:49,906 - INFO -   Epoch [300/443] Loss: 1.2927
2026-02-20 18:01:51,032 - INFO -   Epoch [310/443] Loss: 1.6847
2026-02-20 18:01:52,161 - INFO -   Epoch [320/443] Loss: 1.7973
2026-02-20 18:01:53,288 - INFO -   Epoch [330/443] Loss: 1.5788
2026-02-20 18:01:54,415 - INFO -   Epoch [340/443] Loss: 1.4908
2026-02-20 18:01:55,541 - INFO -   Epoch [350/443] Loss: 1.1119
2026-02-20 18:01:56,672 - INFO -   Epoch [360/443] Loss: 1.0914
2026-02-20 18:01:57,808 - INFO -   Epoch [370/443] Loss: 1.6275
2026-02-20 18:01:58,940 - INFO -   Epoch [380/443] Loss: 1.5839
2026-02-20 18:02:00,072 - INFO -   Epoch [390/443] Loss: 1.4142
2026-02-20 18:02:01,202 - INFO -   Epoch [400/443] Loss: 1.6977
2026-02-20 18:02:02,332 - INFO -   Epoch [410/443] Loss: 1.3625
2026-02-20 18:02:03,466 - INFO -   Epoch [420/443] Loss: 1.6035
2026-02-20 18:02:04,585 - INFO -   Epoch [430/443] Loss: 1.5868
2026-02-20 18:02:05,716 - INFO -   Epoch [440/443] Loss: 1.3614
2026-02-20 18:02:08,946 - INFO -   Train Loss: 1.5372
2026-02-20 18:02:08,946 - INFO -   Train Accuracy: 41.26%
2026-02-20 18:02:08,946 - INFO -   Val Loss: 1.3969
2026-02-20 18:02:08,947 - INFO -   Val Accuracy: 41.94% | F1: 0.2762
2026-02-20 18:02:08,947 - INFO -   LR: 0.000250
2026-02-20 18:02:08,947 - INFO -   Patience: 6/15
2026-02-20 18:02:08,947 - INFO - 
Epoch 22/100
2026-02-20 18:02:10,075 - INFO -   Epoch [10/443] Loss: 1.4365
2026-02-20 18:02:11,203 - INFO -   Epoch [20/443] Loss: 1.3000
2026-02-20 18:02:12,330 - INFO -   Epoch [30/443] Loss: 1.1942
2026-02-20 18:02:13,459 - INFO -   Epoch [40/443] Loss: 1.4976
2026-02-20 18:02:14,563 - INFO -   Epoch [50/443] Loss: 1.4152
2026-02-20 18:02:15,663 - INFO -   Epoch [60/443] Loss: 2.8116
2026-02-20 18:02:16,766 - INFO -   Epoch [70/443] Loss: 1.2243
2026-02-20 18:02:17,893 - INFO -   Epoch [80/443] Loss: 1.3271
2026-02-20 18:02:19,022 - INFO -   Epoch [90/443] Loss: 1.3013
2026-02-20 18:02:20,158 - INFO -   Epoch [100/443] Loss: 1.6567
2026-02-20 18:02:21,287 - INFO -   Epoch [110/443] Loss: 1.5196
2026-02-20 18:02:22,417 - INFO -   Epoch [120/443] Loss: 1.4691
2026-02-20 18:02:23,550 - INFO -   Epoch [130/443] Loss: 1.4470
2026-02-20 18:02:24,677 - INFO -   Epoch [140/443] Loss: 1.3493
2026-02-20 18:02:25,804 - INFO -   Epoch [150/443] Loss: 1.6784
2026-02-20 18:02:26,934 - INFO -   Epoch [160/443] Loss: 1.3443
2026-02-20 18:02:28,058 - INFO -   Epoch [170/443] Loss: 1.5190
2026-02-20 18:02:29,184 - INFO -   Epoch [180/443] Loss: 1.4134
2026-02-20 18:02:30,314 - INFO -   Epoch [190/443] Loss: 1.3600
2026-02-20 18:02:31,444 - INFO -   Epoch [200/443] Loss: 1.3474
2026-02-20 18:02:32,574 - INFO -   Epoch [210/443] Loss: 1.7445
2026-02-20 18:02:33,705 - INFO -   Epoch [220/443] Loss: 1.6030
2026-02-20 18:02:34,828 - INFO -   Epoch [230/443] Loss: 1.2456
2026-02-20 18:02:35,957 - INFO -   Epoch [240/443] Loss: 1.2965
2026-02-20 18:02:37,091 - INFO -   Epoch [250/443] Loss: 1.2092
2026-02-20 18:02:38,219 - INFO -   Epoch [260/443] Loss: 1.3988
2026-02-20 18:02:39,348 - INFO -   Epoch [270/443] Loss: 1.7279
2026-02-20 18:02:40,477 - INFO -   Epoch [280/443] Loss: 1.0401
2026-02-20 18:02:41,603 - INFO -   Epoch [290/443] Loss: 1.4307
2026-02-20 18:02:42,729 - INFO -   Epoch [300/443] Loss: 1.6837
2026-02-20 18:02:43,852 - INFO -   Epoch [310/443] Loss: 1.9738
2026-02-20 18:02:44,955 - INFO -   Epoch [320/443] Loss: 1.6735
2026-02-20 18:02:46,082 - INFO -   Epoch [330/443] Loss: 1.6378
2026-02-20 18:02:47,206 - INFO -   Epoch [340/443] Loss: 1.4979
2026-02-20 18:02:48,332 - INFO -   Epoch [350/443] Loss: 1.4943
2026-02-20 18:02:49,460 - INFO -   Epoch [360/443] Loss: 1.3409
2026-02-20 18:02:50,591 - INFO -   Epoch [370/443] Loss: 2.1574
2026-02-20 18:02:51,723 - INFO -   Epoch [380/443] Loss: 1.3499
2026-02-20 18:02:52,847 - INFO -   Epoch [390/443] Loss: 1.5485
2026-02-20 18:02:53,977 - INFO -   Epoch [400/443] Loss: 1.4709
2026-02-20 18:02:55,103 - INFO -   Epoch [410/443] Loss: 1.6411
2026-02-20 18:02:56,232 - INFO -   Epoch [420/443] Loss: 1.2655
2026-02-20 18:02:57,360 - INFO -   Epoch [430/443] Loss: 1.3933
2026-02-20 18:02:58,488 - INFO -   Epoch [440/443] Loss: 1.5598
2026-02-20 18:03:01,796 - INFO -   Train Loss: 1.5382
2026-02-20 18:03:01,797 - INFO -   Train Accuracy: 40.85%
2026-02-20 18:03:01,797 - INFO -   Val Loss: 1.3932
2026-02-20 18:03:01,797 - INFO -   Val Accuracy: 42.24% | F1: 0.2810
2026-02-20 18:03:01,797 - INFO -   LR: 0.000125
2026-02-20 18:03:01,797 - INFO -   Patience: 7/15
2026-02-20 18:03:01,797 - INFO - 
Epoch 23/100
2026-02-20 18:03:02,933 - INFO -   Epoch [10/443] Loss: 1.8659
2026-02-20 18:03:04,061 - INFO -   Epoch [20/443] Loss: 1.3825
2026-02-20 18:03:05,189 - INFO -   Epoch [30/443] Loss: 1.4846
2026-02-20 18:03:06,320 - INFO -   Epoch [40/443] Loss: 1.5621
2026-02-20 18:03:07,448 - INFO -   Epoch [50/443] Loss: 1.3296
2026-02-20 18:03:08,581 - INFO -   Epoch [60/443] Loss: 1.5861
2026-02-20 18:03:09,718 - INFO -   Epoch [70/443] Loss: 1.3187
2026-02-20 18:03:10,852 - INFO -   Epoch [80/443] Loss: 1.8319
2026-02-20 18:03:11,983 - INFO -   Epoch [90/443] Loss: 1.3396
2026-02-20 18:03:13,119 - INFO -   Epoch [100/443] Loss: 0.9393
2026-02-20 18:03:14,234 - INFO -   Epoch [110/443] Loss: 1.8856
2026-02-20 18:03:15,337 - INFO -   Epoch [120/443] Loss: 1.8809
2026-02-20 18:03:16,446 - INFO -   Epoch [130/443] Loss: 1.4617
2026-02-20 18:03:17,569 - INFO -   Epoch [140/443] Loss: 1.7852
2026-02-20 18:03:18,698 - INFO -   Epoch [150/443] Loss: 1.4249
2026-02-20 18:03:19,837 - INFO -   Epoch [160/443] Loss: 1.5503
2026-02-20 18:03:20,974 - INFO -   Epoch [170/443] Loss: 1.5834
2026-02-20 18:03:22,117 - INFO -   Epoch [180/443] Loss: 1.2833
2026-02-20 18:03:23,255 - INFO -   Epoch [190/443] Loss: 1.9084
2026-02-20 18:03:24,389 - INFO -   Epoch [200/443] Loss: 1.4871
2026-02-20 18:03:25,522 - INFO -   Epoch [210/443] Loss: 1.4257
2026-02-20 18:03:26,657 - INFO -   Epoch [220/443] Loss: 1.4592
2026-02-20 18:03:27,791 - INFO -   Epoch [230/443] Loss: 1.3743
2026-02-20 18:03:28,922 - INFO -   Epoch [240/443] Loss: 1.3483
2026-02-20 18:03:30,056 - INFO -   Epoch [250/443] Loss: 1.5661
2026-02-20 18:03:31,189 - INFO -   Epoch [260/443] Loss: 1.5248
2026-02-20 18:03:32,324 - INFO -   Epoch [270/443] Loss: 2.6802
2026-02-20 18:03:33,465 - INFO -   Epoch [280/443] Loss: 1.4546
2026-02-20 18:03:34,599 - INFO -   Epoch [290/443] Loss: 1.4994
2026-02-20 18:03:35,737 - INFO -   Epoch [300/443] Loss: 1.9244
2026-02-20 18:03:36,872 - INFO -   Epoch [310/443] Loss: 1.1268
2026-02-20 18:03:38,002 - INFO -   Epoch [320/443] Loss: 1.3252
2026-02-20 18:03:39,131 - INFO -   Epoch [330/443] Loss: 1.1160
2026-02-20 18:03:40,266 - INFO -   Epoch [340/443] Loss: 1.2907
2026-02-20 18:03:41,394 - INFO -   Epoch [350/443] Loss: 1.8655
2026-02-20 18:03:42,532 - INFO -   Epoch [360/443] Loss: 1.4314
2026-02-20 18:03:43,665 - INFO -   Epoch [370/443] Loss: 1.3998
2026-02-20 18:03:44,788 - INFO -   Epoch [380/443] Loss: 1.7882
2026-02-20 18:03:45,910 - INFO -   Epoch [390/443] Loss: 1.6571
2026-02-20 18:03:47,025 - INFO -   Epoch [400/443] Loss: 1.2784
2026-02-20 18:03:48,130 - INFO -   Epoch [410/443] Loss: 1.9071
2026-02-20 18:03:49,266 - INFO -   Epoch [420/443] Loss: 1.6915
2026-02-20 18:03:50,398 - INFO -   Epoch [430/443] Loss: 1.4274
2026-02-20 18:03:51,532 - INFO -   Epoch [440/443] Loss: 1.0957
2026-02-20 18:03:54,864 - INFO -   Train Loss: 1.5107
2026-02-20 18:03:54,864 - INFO -   Train Accuracy: 41.23%
2026-02-20 18:03:54,864 - INFO -   Val Loss: 1.3739
2026-02-20 18:03:54,864 - INFO -   Val Accuracy: 45.00% | F1: 0.3101
2026-02-20 18:03:54,865 - INFO -   LR: 0.000125
2026-02-20 18:03:54,865 - INFO -   Patience: 8/15
2026-02-20 18:03:54,865 - INFO - 
Epoch 24/100
2026-02-20 18:03:55,999 - INFO -   Epoch [10/443] Loss: 1.9135
2026-02-20 18:03:57,137 - INFO -   Epoch [20/443] Loss: 1.3070
2026-02-20 18:03:58,271 - INFO -   Epoch [30/443] Loss: 1.5730
2026-02-20 18:03:59,400 - INFO -   Epoch [40/443] Loss: 1.6734
2026-02-20 18:04:00,537 - INFO -   Epoch [50/443] Loss: 1.3357
2026-02-20 18:04:01,674 - INFO -   Epoch [60/443] Loss: 1.1577
2026-02-20 18:04:02,805 - INFO -   Epoch [70/443] Loss: 1.5883
2026-02-20 18:04:03,944 - INFO -   Epoch [80/443] Loss: 1.5329
2026-02-20 18:04:05,079 - INFO -   Epoch [90/443] Loss: 1.9425
2026-02-20 18:04:06,215 - INFO -   Epoch [100/443] Loss: 1.3152
2026-02-20 18:04:07,353 - INFO -   Epoch [110/443] Loss: 1.5069
2026-02-20 18:04:08,502 - INFO -   Epoch [120/443] Loss: 1.4814
2026-02-20 18:04:09,651 - INFO -   Epoch [130/443] Loss: 1.0429
2026-02-20 18:04:10,796 - INFO -   Epoch [140/443] Loss: 1.6311
2026-02-20 18:04:11,944 - INFO -   Epoch [150/443] Loss: 1.3619
2026-02-20 18:04:13,089 - INFO -   Epoch [160/443] Loss: 1.5003
2026-02-20 18:04:14,226 - INFO -   Epoch [170/443] Loss: 1.9029
2026-02-20 18:04:15,361 - INFO -   Epoch [180/443] Loss: 1.3305
2026-02-20 18:04:16,478 - INFO -   Epoch [190/443] Loss: 1.8617
2026-02-20 18:04:17,589 - INFO -   Epoch [200/443] Loss: 1.5220
2026-02-20 18:04:18,729 - INFO -   Epoch [210/443] Loss: 1.4065
2026-02-20 18:04:19,861 - INFO -   Epoch [220/443] Loss: 1.5914
2026-02-20 18:04:20,996 - INFO -   Epoch [230/443] Loss: 1.4644
2026-02-20 18:04:22,134 - INFO -   Epoch [240/443] Loss: 1.2550
2026-02-20 18:04:23,270 - INFO -   Epoch [250/443] Loss: 1.9763
2026-02-20 18:04:24,404 - INFO -   Epoch [260/443] Loss: 1.7310
2026-02-20 18:04:25,544 - INFO -   Epoch [270/443] Loss: 1.1728
2026-02-20 18:04:26,679 - INFO -   Epoch [280/443] Loss: 1.6110
2026-02-20 18:04:27,817 - INFO -   Epoch [290/443] Loss: 1.2500
2026-02-20 18:04:28,956 - INFO -   Epoch [300/443] Loss: 1.4287
2026-02-20 18:04:30,105 - INFO -   Epoch [310/443] Loss: 1.5193
2026-02-20 18:04:31,242 - INFO -   Epoch [320/443] Loss: 1.5404
2026-02-20 18:04:32,371 - INFO -   Epoch [330/443] Loss: 1.4170
2026-02-20 18:04:33,503 - INFO -   Epoch [340/443] Loss: 1.4517
2026-02-20 18:04:34,635 - INFO -   Epoch [350/443] Loss: 1.4398
2026-02-20 18:04:35,767 - INFO -   Epoch [360/443] Loss: 1.7914
2026-02-20 18:04:36,902 - INFO -   Epoch [370/443] Loss: 1.8537
2026-02-20 18:04:38,035 - INFO -   Epoch [380/443] Loss: 1.3546
2026-02-20 18:04:39,168 - INFO -   Epoch [390/443] Loss: 1.2234
2026-02-20 18:04:40,305 - INFO -   Epoch [400/443] Loss: 1.6575
2026-02-20 18:04:41,443 - INFO -   Epoch [410/443] Loss: 0.9029
2026-02-20 18:04:42,575 - INFO -   Epoch [420/443] Loss: 1.8426
2026-02-20 18:04:43,707 - INFO -   Epoch [430/443] Loss: 1.8046
2026-02-20 18:04:44,843 - INFO -   Epoch [440/443] Loss: 1.3853
2026-02-20 18:04:48,176 - INFO -   Train Loss: 1.5204
2026-02-20 18:04:48,176 - INFO -   Train Accuracy: 41.49%
2026-02-20 18:04:48,176 - INFO -   Val Loss: 1.3944
2026-02-20 18:04:48,176 - INFO -   Val Accuracy: 42.24% | F1: 0.2963
2026-02-20 18:04:48,176 - INFO -   LR: 0.000125
2026-02-20 18:04:48,176 - INFO -   Patience: 9/15
2026-02-20 18:04:48,176 - INFO - 
Epoch 25/100
2026-02-20 18:04:49,312 - INFO -   Epoch [10/443] Loss: 1.3694
2026-02-20 18:04:50,445 - INFO -   Epoch [20/443] Loss: 1.4000
2026-02-20 18:04:51,579 - INFO -   Epoch [30/443] Loss: 1.4191
2026-02-20 18:04:52,712 - INFO -   Epoch [40/443] Loss: 1.4960
2026-02-20 18:04:53,848 - INFO -   Epoch [50/443] Loss: 1.3883
2026-02-20 18:04:54,978 - INFO -   Epoch [60/443] Loss: 1.4910
2026-02-20 18:04:56,113 - INFO -   Epoch [70/443] Loss: 1.3327
2026-02-20 18:04:57,246 - INFO -   Epoch [80/443] Loss: 1.8035
2026-02-20 18:04:58,378 - INFO -   Epoch [90/443] Loss: 1.1828
2026-02-20 18:04:59,513 - INFO -   Epoch [100/443] Loss: 1.5035
2026-02-20 18:05:00,648 - INFO -   Epoch [110/443] Loss: 1.5565
2026-02-20 18:05:01,781 - INFO -   Epoch [120/443] Loss: 1.4429
2026-02-20 18:05:02,925 - INFO -   Epoch [130/443] Loss: 1.3622
2026-02-20 18:05:04,061 - INFO -   Epoch [140/443] Loss: 1.3963
2026-02-20 18:05:05,191 - INFO -   Epoch [150/443] Loss: 1.2989
2026-02-20 18:05:06,324 - INFO -   Epoch [160/443] Loss: 1.2577
2026-02-20 18:05:07,455 - INFO -   Epoch [170/443] Loss: 1.7484
2026-02-20 18:05:08,584 - INFO -   Epoch [180/443] Loss: 2.0529
2026-02-20 18:05:09,719 - INFO -   Epoch [190/443] Loss: 1.5865
2026-02-20 18:05:10,854 - INFO -   Epoch [200/443] Loss: 1.0079
2026-02-20 18:05:11,990 - INFO -   Epoch [210/443] Loss: 1.2312
2026-02-20 18:05:13,126 - INFO -   Epoch [220/443] Loss: 1.2846
2026-02-20 18:05:14,259 - INFO -   Epoch [230/443] Loss: 1.3737
2026-02-20 18:05:15,391 - INFO -   Epoch [240/443] Loss: 1.3619
2026-02-20 18:05:16,526 - INFO -   Epoch [250/443] Loss: 1.3252
2026-02-20 18:05:17,660 - INFO -   Epoch [260/443] Loss: 1.2959
2026-02-20 18:05:18,795 - INFO -   Epoch [270/443] Loss: 1.5449
2026-02-20 18:05:19,928 - INFO -   Epoch [280/443] Loss: 1.7093
2026-02-20 18:05:21,056 - INFO -   Epoch [290/443] Loss: 1.2594
2026-02-20 18:05:22,188 - INFO -   Epoch [300/443] Loss: 1.9046
2026-02-20 18:05:23,319 - INFO -   Epoch [310/443] Loss: 1.5056
2026-02-20 18:05:24,463 - INFO -   Epoch [320/443] Loss: 1.5407
2026-02-20 18:05:25,602 - INFO -   Epoch [330/443] Loss: 1.5963
2026-02-20 18:05:26,746 - INFO -   Epoch [340/443] Loss: 1.4837
2026-02-20 18:05:27,880 - INFO -   Epoch [350/443] Loss: 1.5164
2026-02-20 18:05:29,011 - INFO -   Epoch [360/443] Loss: 1.8629
2026-02-20 18:05:30,136 - INFO -   Epoch [370/443] Loss: 1.3746
2026-02-20 18:05:31,275 - INFO -   Epoch [380/443] Loss: 1.4013
2026-02-20 18:05:32,411 - INFO -   Epoch [390/443] Loss: 1.2068
2026-02-20 18:05:33,545 - INFO -   Epoch [400/443] Loss: 1.8531
2026-02-20 18:05:34,672 - INFO -   Epoch [410/443] Loss: 1.0839
2026-02-20 18:05:35,805 - INFO -   Epoch [420/443] Loss: 1.2818
2026-02-20 18:05:36,943 - INFO -   Epoch [430/443] Loss: 1.2058
2026-02-20 18:05:38,078 - INFO -   Epoch [440/443] Loss: 1.5916
2026-02-20 18:05:41,422 - INFO -   Train Loss: 1.5086
2026-02-20 18:05:41,422 - INFO -   Train Accuracy: 41.23%
2026-02-20 18:05:41,423 - INFO -   Val Loss: 1.3652
2026-02-20 18:05:41,423 - INFO -   Val Accuracy: 43.72% | F1: 0.3115
2026-02-20 18:05:41,423 - INFO -   LR: 0.000125
2026-02-20 18:05:41,423 - INFO -   Patience: 10/15
2026-02-20 18:05:41,423 - INFO - 
Epoch 26/100
2026-02-20 18:05:42,554 - INFO -   Epoch [10/443] Loss: 1.3474
2026-02-20 18:05:43,677 - INFO -   Epoch [20/443] Loss: 1.1063
2026-02-20 18:05:44,777 - INFO -   Epoch [30/443] Loss: 1.3344
2026-02-20 18:05:45,881 - INFO -   Epoch [40/443] Loss: 1.3103
2026-02-20 18:05:46,979 - INFO -   Epoch [50/443] Loss: 1.3475
2026-02-20 18:05:48,091 - INFO -   Epoch [60/443] Loss: 1.3668
2026-02-20 18:05:49,226 - INFO -   Epoch [70/443] Loss: 1.3462
2026-02-20 18:05:50,362 - INFO -   Epoch [80/443] Loss: 1.4670
2026-02-20 18:05:51,495 - INFO -   Epoch [90/443] Loss: 1.4978
2026-02-20 18:05:52,630 - INFO -   Epoch [100/443] Loss: 1.4860
2026-02-20 18:05:53,765 - INFO -   Epoch [110/443] Loss: 2.5370
2026-02-20 18:05:54,901 - INFO -   Epoch [120/443] Loss: 1.4532
2026-02-20 18:05:56,037 - INFO -   Epoch [130/443] Loss: 1.5809
2026-02-20 18:05:57,180 - INFO -   Epoch [140/443] Loss: 1.7715
2026-02-20 18:05:58,310 - INFO -   Epoch [150/443] Loss: 1.4768
2026-02-20 18:05:59,440 - INFO -   Epoch [160/443] Loss: 1.5571
2026-02-20 18:06:00,566 - INFO -   Epoch [170/443] Loss: 1.1992
2026-02-20 18:06:01,693 - INFO -   Epoch [180/443] Loss: 1.1088
2026-02-20 18:06:02,822 - INFO -   Epoch [190/443] Loss: 1.2585
2026-02-20 18:06:03,950 - INFO -   Epoch [200/443] Loss: 1.3537
2026-02-20 18:06:05,076 - INFO -   Epoch [210/443] Loss: 1.3825
2026-02-20 18:06:06,203 - INFO -   Epoch [220/443] Loss: 1.7924
2026-02-20 18:06:07,334 - INFO -   Epoch [230/443] Loss: 1.1019
2026-02-20 18:06:08,466 - INFO -   Epoch [240/443] Loss: 1.2418
2026-02-20 18:06:09,589 - INFO -   Epoch [250/443] Loss: 1.6686
2026-02-20 18:06:10,697 - INFO -   Epoch [260/443] Loss: 1.3956
2026-02-20 18:06:11,819 - INFO -   Epoch [270/443] Loss: 1.3494
2026-02-20 18:06:12,945 - INFO -   Epoch [280/443] Loss: 2.0958
2026-02-20 18:06:14,071 - INFO -   Epoch [290/443] Loss: 1.8537
2026-02-20 18:06:15,200 - INFO -   Epoch [300/443] Loss: 1.4002
2026-02-20 18:06:16,334 - INFO -   Epoch [310/443] Loss: 1.7801
2026-02-20 18:06:17,460 - INFO -   Epoch [320/443] Loss: 1.1727
2026-02-20 18:06:18,587 - INFO -   Epoch [330/443] Loss: 1.2179
2026-02-20 18:06:19,722 - INFO -   Epoch [340/443] Loss: 1.3021
2026-02-20 18:06:20,846 - INFO -   Epoch [350/443] Loss: 1.5814
2026-02-20 18:06:21,974 - INFO -   Epoch [360/443] Loss: 1.3861
2026-02-20 18:06:23,106 - INFO -   Epoch [370/443] Loss: 1.6155
2026-02-20 18:06:24,233 - INFO -   Epoch [380/443] Loss: 1.3105
2026-02-20 18:06:25,360 - INFO -   Epoch [390/443] Loss: 1.8141
2026-02-20 18:06:26,496 - INFO -   Epoch [400/443] Loss: 1.2994
2026-02-20 18:06:27,620 - INFO -   Epoch [410/443] Loss: 2.9342
2026-02-20 18:06:28,747 - INFO -   Epoch [420/443] Loss: 1.9509
2026-02-20 18:06:29,866 - INFO -   Epoch [430/443] Loss: 1.3216
2026-02-20 18:06:30,966 - INFO -   Epoch [440/443] Loss: 2.0073
2026-02-20 18:06:34,265 - INFO -   Train Loss: 1.5200
2026-02-20 18:06:34,265 - INFO -   Train Accuracy: 42.01%
2026-02-20 18:06:34,266 - INFO -   Val Loss: 1.3643
2026-02-20 18:06:34,266 - INFO -   Val Accuracy: 46.49% | F1: 0.3275
2026-02-20 18:06:34,266 - INFO -   LR: 0.000125
2026-02-20 18:06:34,398 - INFO -   ✓ New best model saved!
2026-02-20 18:06:34,399 - INFO -   Patience: 0/15
2026-02-20 18:06:34,399 - INFO - 
Epoch 27/100
2026-02-20 18:06:35,536 - INFO -   Epoch [10/443] Loss: 1.6652
2026-02-20 18:06:36,673 - INFO -   Epoch [20/443] Loss: 1.5453
2026-02-20 18:06:37,802 - INFO -   Epoch [30/443] Loss: 1.1397
2026-02-20 18:06:38,931 - INFO -   Epoch [40/443] Loss: 1.6423
2026-02-20 18:06:40,064 - INFO -   Epoch [50/443] Loss: 1.9824
2026-02-20 18:06:41,195 - INFO -   Epoch [60/443] Loss: 1.3353
2026-02-20 18:06:42,324 - INFO -   Epoch [70/443] Loss: 1.5171
2026-02-20 18:06:43,451 - INFO -   Epoch [80/443] Loss: 1.5148
2026-02-20 18:06:44,581 - INFO -   Epoch [90/443] Loss: 1.4399
2026-02-20 18:06:45,709 - INFO -   Epoch [100/443] Loss: 1.9851
2026-02-20 18:06:46,836 - INFO -   Epoch [110/443] Loss: 1.6250
2026-02-20 18:06:47,964 - INFO -   Epoch [120/443] Loss: 1.2602
2026-02-20 18:06:49,089 - INFO -   Epoch [130/443] Loss: 1.7323
2026-02-20 18:06:50,218 - INFO -   Epoch [140/443] Loss: 2.7494
2026-02-20 18:06:51,352 - INFO -   Epoch [150/443] Loss: 1.4715
2026-02-20 18:06:52,488 - INFO -   Epoch [160/443] Loss: 1.4185
2026-02-20 18:06:53,616 - INFO -   Epoch [170/443] Loss: 1.3622
2026-02-20 18:06:54,743 - INFO -   Epoch [180/443] Loss: 1.4995
2026-02-20 18:06:55,875 - INFO -   Epoch [190/443] Loss: 0.9843
2026-02-20 18:06:57,004 - INFO -   Epoch [200/443] Loss: 1.4919
2026-02-20 18:06:58,130 - INFO -   Epoch [210/443] Loss: 1.5700
2026-02-20 18:06:59,259 - INFO -   Epoch [220/443] Loss: 1.7197
2026-02-20 18:07:00,388 - INFO -   Epoch [230/443] Loss: 1.4929
2026-02-20 18:07:01,515 - INFO -   Epoch [240/443] Loss: 1.3357
2026-02-20 18:07:02,643 - INFO -   Epoch [250/443] Loss: 1.6586
2026-02-20 18:07:03,773 - INFO -   Epoch [260/443] Loss: 1.4035
2026-02-20 18:07:04,900 - INFO -   Epoch [270/443] Loss: 1.3567
2026-02-20 18:07:06,029 - INFO -   Epoch [280/443] Loss: 1.3381
2026-02-20 18:07:07,156 - INFO -   Epoch [290/443] Loss: 1.7816
2026-02-20 18:07:08,288 - INFO -   Epoch [300/443] Loss: 2.3943
2026-02-20 18:07:09,402 - INFO -   Epoch [310/443] Loss: 1.6678
2026-02-20 18:07:10,525 - INFO -   Epoch [320/443] Loss: 1.3995
2026-02-20 18:07:11,674 - INFO -   Epoch [330/443] Loss: 1.3672
2026-02-20 18:07:12,811 - INFO -   Epoch [340/443] Loss: 1.4850
2026-02-20 18:07:13,948 - INFO -   Epoch [350/443] Loss: 1.3193
2026-02-20 18:07:15,073 - INFO -   Epoch [360/443] Loss: 1.7233
2026-02-20 18:07:16,205 - INFO -   Epoch [370/443] Loss: 1.4489
2026-02-20 18:07:17,342 - INFO -   Epoch [380/443] Loss: 2.1658
2026-02-20 18:07:18,479 - INFO -   Epoch [390/443] Loss: 1.6993
2026-02-20 18:07:19,613 - INFO -   Epoch [400/443] Loss: 2.7792
2026-02-20 18:07:20,737 - INFO -   Epoch [410/443] Loss: 1.5004
2026-02-20 18:07:21,862 - INFO -   Epoch [420/443] Loss: 1.2654
2026-02-20 18:07:22,983 - INFO -   Epoch [430/443] Loss: 1.4442
2026-02-20 18:07:24,120 - INFO -   Epoch [440/443] Loss: 1.5913
2026-02-20 18:07:27,434 - INFO -   Train Loss: 1.5355
2026-02-20 18:07:27,434 - INFO -   Train Accuracy: 41.02%
2026-02-20 18:07:27,434 - INFO -   Val Loss: 1.3604
2026-02-20 18:07:27,434 - INFO -   Val Accuracy: 44.51% | F1: 0.3097
2026-02-20 18:07:27,434 - INFO -   LR: 0.000125
2026-02-20 18:07:27,434 - INFO -   Patience: 1/15
2026-02-20 18:07:27,434 - INFO - 
Epoch 28/100
2026-02-20 18:07:28,563 - INFO -   Epoch [10/443] Loss: 1.6329
2026-02-20 18:07:29,692 - INFO -   Epoch [20/443] Loss: 1.2492
2026-02-20 18:07:30,821 - INFO -   Epoch [30/443] Loss: 1.2969
2026-02-20 18:07:31,950 - INFO -   Epoch [40/443] Loss: 1.4121
2026-02-20 18:07:33,075 - INFO -   Epoch [50/443] Loss: 1.5063
2026-02-20 18:07:34,202 - INFO -   Epoch [60/443] Loss: 1.2700
2026-02-20 18:07:35,340 - INFO -   Epoch [70/443] Loss: 1.5357
2026-02-20 18:07:36,472 - INFO -   Epoch [80/443] Loss: 1.3105
2026-02-20 18:07:37,598 - INFO -   Epoch [90/443] Loss: 1.1929
2026-02-20 18:07:38,727 - INFO -   Epoch [100/443] Loss: 1.2060
2026-02-20 18:07:39,859 - INFO -   Epoch [110/443] Loss: 1.4115
2026-02-20 18:07:40,993 - INFO -   Epoch [120/443] Loss: 1.0735
2026-02-20 18:07:42,130 - INFO -   Epoch [130/443] Loss: 1.5950
2026-02-20 18:07:43,259 - INFO -   Epoch [140/443] Loss: 1.6996
2026-02-20 18:07:44,376 - INFO -   Epoch [150/443] Loss: 1.5729
2026-02-20 18:07:45,491 - INFO -   Epoch [160/443] Loss: 1.5204
2026-02-20 18:07:46,611 - INFO -   Epoch [170/443] Loss: 1.4627
2026-02-20 18:07:47,716 - INFO -   Epoch [180/443] Loss: 1.6517
2026-02-20 18:07:48,828 - INFO -   Epoch [190/443] Loss: 1.1304
2026-02-20 18:07:49,955 - INFO -   Epoch [200/443] Loss: 1.2995
2026-02-20 18:07:51,085 - INFO -   Epoch [210/443] Loss: 1.6291
2026-02-20 18:07:52,218 - INFO -   Epoch [220/443] Loss: 1.5493
2026-02-20 18:07:53,355 - INFO -   Epoch [230/443] Loss: 1.7048
2026-02-20 18:07:54,484 - INFO -   Epoch [240/443] Loss: 1.4587
2026-02-20 18:07:55,609 - INFO -   Epoch [250/443] Loss: 1.5895
2026-02-20 18:07:56,740 - INFO -   Epoch [260/443] Loss: 1.4323
2026-02-20 18:07:57,871 - INFO -   Epoch [270/443] Loss: 1.1105
2026-02-20 18:07:58,998 - INFO -   Epoch [280/443] Loss: 1.9303
2026-02-20 18:08:00,128 - INFO -   Epoch [290/443] Loss: 1.8332
2026-02-20 18:08:01,256 - INFO -   Epoch [300/443] Loss: 1.2810
2026-02-20 18:08:02,383 - INFO -   Epoch [310/443] Loss: 1.4205
2026-02-20 18:08:03,513 - INFO -   Epoch [320/443] Loss: 1.1370
2026-02-20 18:08:04,644 - INFO -   Epoch [330/443] Loss: 1.3163
2026-02-20 18:08:05,775 - INFO -   Epoch [340/443] Loss: 1.6947
2026-02-20 18:08:06,907 - INFO -   Epoch [350/443] Loss: 1.6243
2026-02-20 18:08:08,043 - INFO -   Epoch [360/443] Loss: 1.1599
2026-02-20 18:08:09,173 - INFO -   Epoch [370/443] Loss: 1.4532
2026-02-20 18:08:10,302 - INFO -   Epoch [380/443] Loss: 1.7266
2026-02-20 18:08:11,433 - INFO -   Epoch [390/443] Loss: 1.5746
2026-02-20 18:08:12,580 - INFO -   Epoch [400/443] Loss: 1.5412
2026-02-20 18:08:13,716 - INFO -   Epoch [410/443] Loss: 1.4099
2026-02-20 18:08:14,844 - INFO -   Epoch [420/443] Loss: 1.5142
2026-02-20 18:08:15,969 - INFO -   Epoch [430/443] Loss: 1.3077
2026-02-20 18:08:17,095 - INFO -   Epoch [440/443] Loss: 2.6183
2026-02-20 18:08:20,404 - INFO -   Train Loss: 1.5016
2026-02-20 18:08:20,405 - INFO -   Train Accuracy: 40.50%
2026-02-20 18:08:20,405 - INFO -   Val Loss: 1.3602
2026-02-20 18:08:20,405 - INFO -   Val Accuracy: 45.10% | F1: 0.3124
2026-02-20 18:08:20,405 - INFO -   LR: 0.000125
2026-02-20 18:08:20,405 - INFO -   Patience: 2/15
2026-02-20 18:08:20,405 - INFO - 
Epoch 29/100
2026-02-20 18:08:21,537 - INFO -   Epoch [10/443] Loss: 1.2603
2026-02-20 18:08:22,698 - INFO -   Epoch [20/443] Loss: 1.1887
2026-02-20 18:08:23,827 - INFO -   Epoch [30/443] Loss: 1.6156
2026-02-20 18:08:24,962 - INFO -   Epoch [40/443] Loss: 1.3601
2026-02-20 18:08:26,090 - INFO -   Epoch [50/443] Loss: 1.8184
2026-02-20 18:08:27,223 - INFO -   Epoch [60/443] Loss: 2.0839
2026-02-20 18:08:28,352 - INFO -   Epoch [70/443] Loss: 1.3892
2026-02-20 18:08:29,486 - INFO -   Epoch [80/443] Loss: 1.3160
2026-02-20 18:08:30,622 - INFO -   Epoch [90/443] Loss: 1.3827
2026-02-20 18:08:31,756 - INFO -   Epoch [100/443] Loss: 1.8648
2026-02-20 18:08:32,886 - INFO -   Epoch [110/443] Loss: 1.5088
2026-02-20 18:08:34,021 - INFO -   Epoch [120/443] Loss: 1.9184
2026-02-20 18:08:35,148 - INFO -   Epoch [130/443] Loss: 1.7167
2026-02-20 18:08:36,276 - INFO -   Epoch [140/443] Loss: 1.6361
2026-02-20 18:08:37,402 - INFO -   Epoch [150/443] Loss: 1.2879
2026-02-20 18:08:38,534 - INFO -   Epoch [160/443] Loss: 1.5274
2026-02-20 18:08:39,661 - INFO -   Epoch [170/443] Loss: 1.2487
2026-02-20 18:08:40,800 - INFO -   Epoch [180/443] Loss: 1.2835
2026-02-20 18:08:41,926 - INFO -   Epoch [190/443] Loss: 2.6213
2026-02-20 18:08:43,053 - INFO -   Epoch [200/443] Loss: 1.4687
2026-02-20 18:08:44,178 - INFO -   Epoch [210/443] Loss: 1.7536
2026-02-20 18:08:45,297 - INFO -   Epoch [220/443] Loss: 1.8774
2026-02-20 18:08:46,394 - INFO -   Epoch [230/443] Loss: 1.1976
2026-02-20 18:08:47,525 - INFO -   Epoch [240/443] Loss: 1.5407
2026-02-20 18:08:48,654 - INFO -   Epoch [250/443] Loss: 1.7553
2026-02-20 18:08:49,788 - INFO -   Epoch [260/443] Loss: 1.6914
2026-02-20 18:08:50,923 - INFO -   Epoch [270/443] Loss: 1.3123
2026-02-20 18:08:52,054 - INFO -   Epoch [280/443] Loss: 1.5901
2026-02-20 18:08:53,185 - INFO -   Epoch [290/443] Loss: 1.2582
2026-02-20 18:08:54,313 - INFO -   Epoch [300/443] Loss: 1.4745
2026-02-20 18:08:55,441 - INFO -   Epoch [310/443] Loss: 1.4850
2026-02-20 18:08:56,567 - INFO -   Epoch [320/443] Loss: 1.3620
2026-02-20 18:08:57,694 - INFO -   Epoch [330/443] Loss: 1.2603
2026-02-20 18:08:58,821 - INFO -   Epoch [340/443] Loss: 1.2574
2026-02-20 18:08:59,951 - INFO -   Epoch [350/443] Loss: 1.9459
2026-02-20 18:09:01,077 - INFO -   Epoch [360/443] Loss: 1.7230
2026-02-20 18:09:02,202 - INFO -   Epoch [370/443] Loss: 1.1141
2026-02-20 18:09:03,330 - INFO -   Epoch [380/443] Loss: 1.2090
2026-02-20 18:09:04,457 - INFO -   Epoch [390/443] Loss: 1.9996
2026-02-20 18:09:05,589 - INFO -   Epoch [400/443] Loss: 1.7296
2026-02-20 18:09:06,725 - INFO -   Epoch [410/443] Loss: 3.4607
2026-02-20 18:09:07,859 - INFO -   Epoch [420/443] Loss: 1.3633
2026-02-20 18:09:08,989 - INFO -   Epoch [430/443] Loss: 1.3557
2026-02-20 18:09:10,116 - INFO -   Epoch [440/443] Loss: 1.2296
2026-02-20 18:09:13,420 - INFO -   Train Loss: 1.4954
2026-02-20 18:09:13,420 - INFO -   Train Accuracy: 40.22%
2026-02-20 18:09:13,420 - INFO -   Val Loss: 1.3568
2026-02-20 18:09:13,420 - INFO -   Val Accuracy: 45.90% | F1: 0.3222
2026-02-20 18:09:13,420 - INFO -   LR: 0.000125
2026-02-20 18:09:13,420 - INFO -   Patience: 3/15
2026-02-20 18:09:13,421 - INFO - 
Epoch 30/100
2026-02-20 18:09:14,521 - INFO -   Epoch [10/443] Loss: 1.2724
2026-02-20 18:09:15,622 - INFO -   Epoch [20/443] Loss: 1.2911
2026-02-20 18:09:16,725 - INFO -   Epoch [30/443] Loss: 1.4766
2026-02-20 18:09:17,857 - INFO -   Epoch [40/443] Loss: 1.3279
2026-02-20 18:09:18,966 - INFO -   Epoch [50/443] Loss: 2.1698
2026-02-20 18:09:20,099 - INFO -   Epoch [60/443] Loss: 1.2771
2026-02-20 18:09:21,232 - INFO -   Epoch [70/443] Loss: 1.2756
2026-02-20 18:09:22,362 - INFO -   Epoch [80/443] Loss: 1.2309
2026-02-20 18:09:23,491 - INFO -   Epoch [90/443] Loss: 1.3613
2026-02-20 18:09:24,601 - INFO -   Epoch [100/443] Loss: 2.6971
2026-02-20 18:09:25,704 - INFO -   Epoch [110/443] Loss: 1.4442
2026-02-20 18:09:26,838 - INFO -   Epoch [120/443] Loss: 1.7138
2026-02-20 18:09:27,969 - INFO -   Epoch [130/443] Loss: 1.2358
2026-02-20 18:09:29,104 - INFO -   Epoch [140/443] Loss: 1.3110
2026-02-20 18:09:30,233 - INFO -   Epoch [150/443] Loss: 1.5745
2026-02-20 18:09:31,362 - INFO -   Epoch [160/443] Loss: 1.6460
2026-02-20 18:09:32,493 - INFO -   Epoch [170/443] Loss: 1.1486
2026-02-20 18:09:33,623 - INFO -   Epoch [180/443] Loss: 1.3706
2026-02-20 18:09:34,754 - INFO -   Epoch [190/443] Loss: 1.2455
2026-02-20 18:09:35,882 - INFO -   Epoch [200/443] Loss: 1.5382
2026-02-20 18:09:37,010 - INFO -   Epoch [210/443] Loss: 1.2957
2026-02-20 18:09:38,126 - INFO -   Epoch [220/443] Loss: 1.5815
2026-02-20 18:09:39,242 - INFO -   Epoch [230/443] Loss: 1.2529
2026-02-20 18:09:40,375 - INFO -   Epoch [240/443] Loss: 2.4611
2026-02-20 18:09:41,506 - INFO -   Epoch [250/443] Loss: 1.6829
2026-02-20 18:09:42,638 - INFO -   Epoch [260/443] Loss: 1.1940
2026-02-20 18:09:43,766 - INFO -   Epoch [270/443] Loss: 1.3598
2026-02-20 18:09:44,893 - INFO -   Epoch [280/443] Loss: 1.4822
2026-02-20 18:09:46,028 - INFO -   Epoch [290/443] Loss: 1.2040
2026-02-20 18:09:47,158 - INFO -   Epoch [300/443] Loss: 2.1927
2026-02-20 18:09:48,295 - INFO -   Epoch [310/443] Loss: 1.2205
2026-02-20 18:09:49,430 - INFO -   Epoch [320/443] Loss: 1.2570
2026-02-20 18:09:50,555 - INFO -   Epoch [330/443] Loss: 2.2753
2026-02-20 18:09:51,685 - INFO -   Epoch [340/443] Loss: 1.5981
2026-02-20 18:09:52,814 - INFO -   Epoch [350/443] Loss: 1.7579
2026-02-20 18:09:53,947 - INFO -   Epoch [360/443] Loss: 1.4300
2026-02-20 18:09:55,078 - INFO -   Epoch [370/443] Loss: 1.7801
2026-02-20 18:09:56,214 - INFO -   Epoch [380/443] Loss: 1.4469
2026-02-20 18:09:57,345 - INFO -   Epoch [390/443] Loss: 1.3628
2026-02-20 18:09:58,476 - INFO -   Epoch [400/443] Loss: 2.1225
2026-02-20 18:09:59,598 - INFO -   Epoch [410/443] Loss: 1.4381
2026-02-20 18:10:00,728 - INFO -   Epoch [420/443] Loss: 1.5688
2026-02-20 18:10:01,868 - INFO -   Epoch [430/443] Loss: 1.1710
2026-02-20 18:10:03,002 - INFO -   Epoch [440/443] Loss: 1.5057
2026-02-20 18:10:06,343 - INFO -   Train Loss: 1.5080
2026-02-20 18:10:06,343 - INFO -   Train Accuracy: 41.32%
2026-02-20 18:10:06,343 - INFO -   Val Loss: 1.3849
2026-02-20 18:10:06,343 - INFO -   Val Accuracy: 41.74% | F1: 0.2927
2026-02-20 18:10:06,343 - INFO -   LR: 0.000125
2026-02-20 18:10:06,343 - INFO -   Patience: 4/15
2026-02-20 18:10:06,343 - INFO - 
Epoch 31/100
2026-02-20 18:10:07,481 - INFO -   Epoch [10/443] Loss: 1.8431
2026-02-20 18:10:08,613 - INFO -   Epoch [20/443] Loss: 1.5326
2026-02-20 18:10:09,744 - INFO -   Epoch [30/443] Loss: 1.3750
2026-02-20 18:10:10,869 - INFO -   Epoch [40/443] Loss: 1.3708
2026-02-20 18:10:11,999 - INFO -   Epoch [50/443] Loss: 1.7274
2026-02-20 18:10:13,135 - INFO -   Epoch [60/443] Loss: 1.4825
2026-02-20 18:10:14,272 - INFO -   Epoch [70/443] Loss: 1.8799
2026-02-20 18:10:15,410 - INFO -   Epoch [80/443] Loss: 1.8448
2026-02-20 18:10:16,539 - INFO -   Epoch [90/443] Loss: 1.6903
2026-02-20 18:10:17,664 - INFO -   Epoch [100/443] Loss: 1.5051
2026-02-20 18:10:18,809 - INFO -   Epoch [110/443] Loss: 1.2586
2026-02-20 18:10:19,929 - INFO -   Epoch [120/443] Loss: 1.5139
2026-02-20 18:10:21,052 - INFO -   Epoch [130/443] Loss: 2.6186
2026-02-20 18:10:22,181 - INFO -   Epoch [140/443] Loss: 1.4067
2026-02-20 18:10:23,308 - INFO -   Epoch [150/443] Loss: 1.5715
2026-02-20 18:10:24,434 - INFO -   Epoch [160/443] Loss: 1.3746
2026-02-20 18:10:25,562 - INFO -   Epoch [170/443] Loss: 1.2012
2026-02-20 18:10:26,688 - INFO -   Epoch [180/443] Loss: 1.1419
2026-02-20 18:10:27,813 - INFO -   Epoch [190/443] Loss: 1.2506
2026-02-20 18:10:28,944 - INFO -   Epoch [200/443] Loss: 1.6581
2026-02-20 18:10:30,073 - INFO -   Epoch [210/443] Loss: 1.2132
2026-02-20 18:10:31,207 - INFO -   Epoch [220/443] Loss: 1.2209
2026-02-20 18:10:32,331 - INFO -   Epoch [230/443] Loss: 1.3021
2026-02-20 18:10:33,461 - INFO -   Epoch [240/443] Loss: 2.3873
2026-02-20 18:10:34,597 - INFO -   Epoch [250/443] Loss: 2.1324
2026-02-20 18:10:35,735 - INFO -   Epoch [260/443] Loss: 1.2100
2026-02-20 18:10:36,874 - INFO -   Epoch [270/443] Loss: 1.2233
2026-02-20 18:10:38,010 - INFO -   Epoch [280/443] Loss: 1.5063
2026-02-20 18:10:39,153 - INFO -   Epoch [290/443] Loss: 1.3327
2026-02-20 18:10:40,294 - INFO -   Epoch [300/443] Loss: 1.3446
2026-02-20 18:10:41,424 - INFO -   Epoch [310/443] Loss: 2.1450
2026-02-20 18:10:42,556 - INFO -   Epoch [320/443] Loss: 1.7378
2026-02-20 18:10:43,688 - INFO -   Epoch [330/443] Loss: 1.7639
2026-02-20 18:10:44,827 - INFO -   Epoch [340/443] Loss: 1.1534
2026-02-20 18:10:45,963 - INFO -   Epoch [350/443] Loss: 1.3371
2026-02-20 18:10:47,107 - INFO -   Epoch [360/443] Loss: 1.2698
2026-02-20 18:10:48,238 - INFO -   Epoch [370/443] Loss: 1.5734
2026-02-20 18:10:49,367 - INFO -   Epoch [380/443] Loss: 1.9697
2026-02-20 18:10:50,498 - INFO -   Epoch [390/443] Loss: 1.4616
2026-02-20 18:10:51,630 - INFO -   Epoch [400/443] Loss: 1.4677
2026-02-20 18:10:52,759 - INFO -   Epoch [410/443] Loss: 1.5885
2026-02-20 18:10:53,880 - INFO -   Epoch [420/443] Loss: 1.5636
2026-02-20 18:10:55,009 - INFO -   Epoch [430/443] Loss: 1.3004
2026-02-20 18:10:56,127 - INFO -   Epoch [440/443] Loss: 1.3454
2026-02-20 18:10:59,464 - INFO -   Train Loss: 1.4865
2026-02-20 18:10:59,464 - INFO -   Train Accuracy: 41.55%
2026-02-20 18:10:59,464 - INFO -   Val Loss: 1.3533
2026-02-20 18:10:59,464 - INFO -   Val Accuracy: 45.10% | F1: 0.3154
2026-02-20 18:10:59,464 - INFO -   LR: 0.000125
2026-02-20 18:10:59,464 - INFO -   Patience: 5/15
2026-02-20 18:10:59,464 - INFO - 
Epoch 32/100
2026-02-20 18:11:00,596 - INFO -   Epoch [10/443] Loss: 1.4003
2026-02-20 18:11:01,734 - INFO -   Epoch [20/443] Loss: 1.4845
2026-02-20 18:11:02,879 - INFO -   Epoch [30/443] Loss: 1.9577
2026-02-20 18:11:04,019 - INFO -   Epoch [40/443] Loss: 1.4914
2026-02-20 18:11:05,158 - INFO -   Epoch [50/443] Loss: 1.1695
2026-02-20 18:11:06,298 - INFO -   Epoch [60/443] Loss: 1.5209
2026-02-20 18:11:07,439 - INFO -   Epoch [70/443] Loss: 1.2624
2026-02-20 18:11:08,575 - INFO -   Epoch [80/443] Loss: 1.4168
2026-02-20 18:11:09,708 - INFO -   Epoch [90/443] Loss: 1.6753
2026-02-20 18:11:10,843 - INFO -   Epoch [100/443] Loss: 1.2861
2026-02-20 18:11:11,977 - INFO -   Epoch [110/443] Loss: 1.5539
2026-02-20 18:11:13,118 - INFO -   Epoch [120/443] Loss: 1.5292
2026-02-20 18:11:14,254 - INFO -   Epoch [130/443] Loss: 1.4204
2026-02-20 18:11:15,385 - INFO -   Epoch [140/443] Loss: 1.0449
2026-02-20 18:11:16,510 - INFO -   Epoch [150/443] Loss: 1.5003
2026-02-20 18:11:17,643 - INFO -   Epoch [160/443] Loss: 1.3449
2026-02-20 18:11:18,782 - INFO -   Epoch [170/443] Loss: 1.4679
2026-02-20 18:11:19,917 - INFO -   Epoch [180/443] Loss: 1.3284
2026-02-20 18:11:21,051 - INFO -   Epoch [190/443] Loss: 1.6512
2026-02-20 18:11:22,185 - INFO -   Epoch [200/443] Loss: 1.2118
2026-02-20 18:11:23,318 - INFO -   Epoch [210/443] Loss: 1.9659
2026-02-20 18:11:24,455 - INFO -   Epoch [220/443] Loss: 1.1894
2026-02-20 18:11:25,585 - INFO -   Epoch [230/443] Loss: 1.1043
2026-02-20 18:11:26,716 - INFO -   Epoch [240/443] Loss: 1.4646
2026-02-20 18:11:27,823 - INFO -   Epoch [250/443] Loss: 1.1727
2026-02-20 18:11:28,956 - INFO -   Epoch [260/443] Loss: 1.2683
2026-02-20 18:11:30,091 - INFO -   Epoch [270/443] Loss: 1.4253
2026-02-20 18:11:31,225 - INFO -   Epoch [280/443] Loss: 1.4090
2026-02-20 18:11:32,362 - INFO -   Epoch [290/443] Loss: 1.9836
2026-02-20 18:11:33,498 - INFO -   Epoch [300/443] Loss: 1.2676
2026-02-20 18:11:34,631 - INFO -   Epoch [310/443] Loss: 2.1020
2026-02-20 18:11:35,771 - INFO -   Epoch [320/443] Loss: 1.5544
2026-02-20 18:11:36,914 - INFO -   Epoch [330/443] Loss: 1.3676
2026-02-20 18:11:38,048 - INFO -   Epoch [340/443] Loss: 1.2740
2026-02-20 18:11:39,182 - INFO -   Epoch [350/443] Loss: 1.5527
2026-02-20 18:11:40,319 - INFO -   Epoch [360/443] Loss: 1.1939
2026-02-20 18:11:41,458 - INFO -   Epoch [370/443] Loss: 1.5788
2026-02-20 18:11:42,609 - INFO -   Epoch [380/443] Loss: 1.2578
2026-02-20 18:11:43,742 - INFO -   Epoch [390/443] Loss: 1.3965
2026-02-20 18:11:44,878 - INFO -   Epoch [400/443] Loss: 1.3311
2026-02-20 18:11:46,014 - INFO -   Epoch [410/443] Loss: 1.1290
2026-02-20 18:11:47,149 - INFO -   Epoch [420/443] Loss: 1.6518
2026-02-20 18:11:48,280 - INFO -   Epoch [430/443] Loss: 1.5057
2026-02-20 18:11:49,411 - INFO -   Epoch [440/443] Loss: 1.2303
2026-02-20 18:11:52,730 - INFO -   Train Loss: 1.4811
2026-02-20 18:11:52,730 - INFO -   Train Accuracy: 41.53%
2026-02-20 18:11:52,730 - INFO -   Val Loss: 1.3502
2026-02-20 18:11:52,730 - INFO -   Val Accuracy: 43.32% | F1: 0.3032
2026-02-20 18:11:52,730 - INFO -   LR: 0.000125
2026-02-20 18:11:52,730 - INFO -   Patience: 6/15
2026-02-20 18:11:52,730 - INFO - 
Epoch 33/100
2026-02-20 18:11:53,865 - INFO -   Epoch [10/443] Loss: 1.2775
2026-02-20 18:11:54,999 - INFO -   Epoch [20/443] Loss: 1.2686
2026-02-20 18:11:56,144 - INFO -   Epoch [30/443] Loss: 1.2532
2026-02-20 18:11:57,290 - INFO -   Epoch [40/443] Loss: 1.1875
2026-02-20 18:11:58,418 - INFO -   Epoch [50/443] Loss: 1.2270
2026-02-20 18:11:59,545 - INFO -   Epoch [60/443] Loss: 1.9410
2026-02-20 18:12:00,686 - INFO -   Epoch [70/443] Loss: 1.5742
2026-02-20 18:12:01,820 - INFO -   Epoch [80/443] Loss: 1.5036
2026-02-20 18:12:02,953 - INFO -   Epoch [90/443] Loss: 1.7564
2026-02-20 18:12:04,089 - INFO -   Epoch [100/443] Loss: 1.2788
2026-02-20 18:12:05,226 - INFO -   Epoch [110/443] Loss: 1.3538
2026-02-20 18:12:06,359 - INFO -   Epoch [120/443] Loss: 1.8743
2026-02-20 18:12:07,488 - INFO -   Epoch [130/443] Loss: 1.2812
2026-02-20 18:12:08,606 - INFO -   Epoch [140/443] Loss: 1.4071
2026-02-20 18:12:09,738 - INFO -   Epoch [150/443] Loss: 1.7050
2026-02-20 18:12:10,873 - INFO -   Epoch [160/443] Loss: 1.5219
2026-02-20 18:12:12,011 - INFO -   Epoch [170/443] Loss: 1.4527
2026-02-20 18:12:13,149 - INFO -   Epoch [180/443] Loss: 1.2871
2026-02-20 18:12:14,280 - INFO -   Epoch [190/443] Loss: 1.2721
2026-02-20 18:12:15,415 - INFO -   Epoch [200/443] Loss: 1.8352
2026-02-20 18:12:16,552 - INFO -   Epoch [210/443] Loss: 1.4415
2026-02-20 18:12:17,668 - INFO -   Epoch [220/443] Loss: 1.4305
2026-02-20 18:12:18,773 - INFO -   Epoch [230/443] Loss: 4.2518
2026-02-20 18:12:19,897 - INFO -   Epoch [240/443] Loss: 1.4439
2026-02-20 18:12:21,026 - INFO -   Epoch [250/443] Loss: 1.9760
2026-02-20 18:12:22,161 - INFO -   Epoch [260/443] Loss: 1.5454
2026-02-20 18:12:23,294 - INFO -   Epoch [270/443] Loss: 1.2068
2026-02-20 18:12:24,429 - INFO -   Epoch [280/443] Loss: 1.3857
2026-02-20 18:12:25,569 - INFO -   Epoch [290/443] Loss: 1.3037
2026-02-20 18:12:26,700 - INFO -   Epoch [300/443] Loss: 1.6051
2026-02-20 18:12:27,838 - INFO -   Epoch [310/443] Loss: 1.3861
2026-02-20 18:12:28,975 - INFO -   Epoch [320/443] Loss: 1.3318
2026-02-20 18:12:30,105 - INFO -   Epoch [330/443] Loss: 1.3663
2026-02-20 18:12:31,234 - INFO -   Epoch [340/443] Loss: 1.4718
2026-02-20 18:12:32,356 - INFO -   Epoch [350/443] Loss: 1.7070
2026-02-20 18:12:33,487 - INFO -   Epoch [360/443] Loss: 1.2071
2026-02-20 18:12:34,623 - INFO -   Epoch [370/443] Loss: 1.5230
2026-02-20 18:12:35,757 - INFO -   Epoch [380/443] Loss: 1.2079
2026-02-20 18:12:36,896 - INFO -   Epoch [390/443] Loss: 1.4325
2026-02-20 18:12:38,031 - INFO -   Epoch [400/443] Loss: 1.3228
2026-02-20 18:12:39,163 - INFO -   Epoch [410/443] Loss: 0.9672
2026-02-20 18:12:40,308 - INFO -   Epoch [420/443] Loss: 1.5911
2026-02-20 18:12:41,440 - INFO -   Epoch [430/443] Loss: 1.1458
2026-02-20 18:12:42,572 - INFO -   Epoch [440/443] Loss: 1.4883
2026-02-20 18:12:45,893 - INFO -   Train Loss: 1.4868
2026-02-20 18:12:45,893 - INFO -   Train Accuracy: 41.70%
2026-02-20 18:12:45,893 - INFO -   Val Loss: 1.3374
2026-02-20 18:12:45,893 - INFO -   Val Accuracy: 46.98% | F1: 0.3240
2026-02-20 18:12:45,893 - INFO -   LR: 0.000063
2026-02-20 18:12:45,993 - INFO -   ✓ New best model saved!
2026-02-20 18:12:45,993 - INFO -   Patience: 0/15
2026-02-20 18:12:45,993 - INFO - 
Epoch 34/100
2026-02-20 18:12:47,131 - INFO -   Epoch [10/443] Loss: 0.9598
2026-02-20 18:12:48,265 - INFO -   Epoch [20/443] Loss: 1.4306
2026-02-20 18:12:49,397 - INFO -   Epoch [30/443] Loss: 1.4805
2026-02-20 18:12:50,535 - INFO -   Epoch [40/443] Loss: 1.3700
2026-02-20 18:12:51,661 - INFO -   Epoch [50/443] Loss: 1.0795
2026-02-20 18:12:52,792 - INFO -   Epoch [60/443] Loss: 1.3309
2026-02-20 18:12:53,918 - INFO -   Epoch [70/443] Loss: 2.4726
2026-02-20 18:12:55,052 - INFO -   Epoch [80/443] Loss: 2.1409
2026-02-20 18:12:56,178 - INFO -   Epoch [90/443] Loss: 1.9055
2026-02-20 18:12:57,305 - INFO -   Epoch [100/443] Loss: 1.6356
2026-02-20 18:12:58,429 - INFO -   Epoch [110/443] Loss: 1.2536
2026-02-20 18:12:59,552 - INFO -   Epoch [120/443] Loss: 1.8129
2026-02-20 18:13:00,683 - INFO -   Epoch [130/443] Loss: 1.2366
2026-02-20 18:13:01,817 - INFO -   Epoch [140/443] Loss: 1.2718
2026-02-20 18:13:02,945 - INFO -   Epoch [150/443] Loss: 1.5290
2026-02-20 18:13:04,072 - INFO -   Epoch [160/443] Loss: 1.3021
2026-02-20 18:13:05,196 - INFO -   Epoch [170/443] Loss: 1.4620
2026-02-20 18:13:06,321 - INFO -   Epoch [180/443] Loss: 1.4473
2026-02-20 18:13:07,445 - INFO -   Epoch [190/443] Loss: 1.2939
2026-02-20 18:13:08,569 - INFO -   Epoch [200/443] Loss: 1.8010
2026-02-20 18:13:09,697 - INFO -   Epoch [210/443] Loss: 2.1385
2026-02-20 18:13:10,822 - INFO -   Epoch [220/443] Loss: 1.1615
2026-02-20 18:13:11,945 - INFO -   Epoch [230/443] Loss: 1.3489
2026-02-20 18:13:13,072 - INFO -   Epoch [240/443] Loss: 1.3943
2026-02-20 18:13:14,190 - INFO -   Epoch [250/443] Loss: 1.4321
2026-02-20 18:13:15,317 - INFO -   Epoch [260/443] Loss: 1.8621
2026-02-20 18:13:16,444 - INFO -   Epoch [270/443] Loss: 1.6045
2026-02-20 18:13:17,548 - INFO -   Epoch [280/443] Loss: 1.6218
2026-02-20 18:13:18,655 - INFO -   Epoch [290/443] Loss: 1.4035
2026-02-20 18:13:19,787 - INFO -   Epoch [300/443] Loss: 1.3073
2026-02-20 18:13:20,915 - INFO -   Epoch [310/443] Loss: 1.2347
2026-02-20 18:13:22,041 - INFO -   Epoch [320/443] Loss: 1.7018
2026-02-20 18:13:23,168 - INFO -   Epoch [330/443] Loss: 1.4380
2026-02-20 18:13:24,300 - INFO -   Epoch [340/443] Loss: 1.1697
2026-02-20 18:13:25,428 - INFO -   Epoch [350/443] Loss: 1.3481
2026-02-20 18:13:26,557 - INFO -   Epoch [360/443] Loss: 1.1609
2026-02-20 18:13:27,685 - INFO -   Epoch [370/443] Loss: 1.1680
2026-02-20 18:13:28,813 - INFO -   Epoch [380/443] Loss: 1.5992
2026-02-20 18:13:29,942 - INFO -   Epoch [390/443] Loss: 1.4881
2026-02-20 18:13:31,069 - INFO -   Epoch [400/443] Loss: 1.6661
2026-02-20 18:13:32,192 - INFO -   Epoch [410/443] Loss: 1.9703
2026-02-20 18:13:33,319 - INFO -   Epoch [420/443] Loss: 1.9444
2026-02-20 18:13:34,450 - INFO -   Epoch [430/443] Loss: 1.4780
2026-02-20 18:13:35,582 - INFO -   Epoch [440/443] Loss: 1.4892
2026-02-20 18:13:38,912 - INFO -   Train Loss: 1.4937
2026-02-20 18:13:38,913 - INFO -   Train Accuracy: 41.55%
2026-02-20 18:13:38,913 - INFO -   Val Loss: 1.3422
2026-02-20 18:13:38,913 - INFO -   Val Accuracy: 44.91% | F1: 0.3184
2026-02-20 18:13:38,913 - INFO -   LR: 0.000063
2026-02-20 18:13:38,913 - INFO -   Patience: 1/15
2026-02-20 18:13:38,913 - INFO - 
Epoch 35/100
2026-02-20 18:13:40,047 - INFO -   Epoch [10/443] Loss: 1.3046
2026-02-20 18:13:41,179 - INFO -   Epoch [20/443] Loss: 1.6871
2026-02-20 18:13:42,308 - INFO -   Epoch [30/443] Loss: 1.4513
2026-02-20 18:13:43,437 - INFO -   Epoch [40/443] Loss: 1.4623
2026-02-20 18:13:44,570 - INFO -   Epoch [50/443] Loss: 1.7408
2026-02-20 18:13:45,710 - INFO -   Epoch [60/443] Loss: 1.2997
2026-02-20 18:13:46,839 - INFO -   Epoch [70/443] Loss: 1.4197
2026-02-20 18:13:47,962 - INFO -   Epoch [80/443] Loss: 1.2853
2026-02-20 18:13:49,095 - INFO -   Epoch [90/443] Loss: 1.2243
2026-02-20 18:13:50,223 - INFO -   Epoch [100/443] Loss: 1.6067
2026-02-20 18:13:51,351 - INFO -   Epoch [110/443] Loss: 1.8386
2026-02-20 18:13:52,477 - INFO -   Epoch [120/443] Loss: 1.6883
2026-02-20 18:13:53,599 - INFO -   Epoch [130/443] Loss: 1.1808
2026-02-20 18:13:54,731 - INFO -   Epoch [140/443] Loss: 1.2511
2026-02-20 18:13:55,863 - INFO -   Epoch [150/443] Loss: 1.5851
2026-02-20 18:13:56,996 - INFO -   Epoch [160/443] Loss: 1.5936
2026-02-20 18:13:58,122 - INFO -   Epoch [170/443] Loss: 1.6784
2026-02-20 18:13:59,248 - INFO -   Epoch [180/443] Loss: 1.3069
2026-02-20 18:14:00,373 - INFO -   Epoch [190/443] Loss: 1.4341
2026-02-20 18:14:01,500 - INFO -   Epoch [200/443] Loss: 1.2077
2026-02-20 18:14:02,628 - INFO -   Epoch [210/443] Loss: 1.5492
2026-02-20 18:14:03,757 - INFO -   Epoch [220/443] Loss: 1.4091
2026-02-20 18:14:04,881 - INFO -   Epoch [230/443] Loss: 1.9251
2026-02-20 18:14:06,002 - INFO -   Epoch [240/443] Loss: 1.6130
2026-02-20 18:14:07,132 - INFO -   Epoch [250/443] Loss: 2.0192
2026-02-20 18:14:08,265 - INFO -   Epoch [260/443] Loss: 1.3295
2026-02-20 18:14:09,390 - INFO -   Epoch [270/443] Loss: 1.3768
2026-02-20 18:14:10,517 - INFO -   Epoch [280/443] Loss: 1.3733
2026-02-20 18:14:11,649 - INFO -   Epoch [290/443] Loss: 1.3378
2026-02-20 18:14:12,778 - INFO -   Epoch [300/443] Loss: 1.2612
2026-02-20 18:14:13,904 - INFO -   Epoch [310/443] Loss: 1.2883
2026-02-20 18:14:15,035 - INFO -   Epoch [320/443] Loss: 1.5765
2026-02-20 18:14:16,161 - INFO -   Epoch [330/443] Loss: 1.5378
2026-02-20 18:14:17,291 - INFO -   Epoch [340/443] Loss: 1.3944
2026-02-20 18:14:18,421 - INFO -   Epoch [350/443] Loss: 1.0655
2026-02-20 18:14:19,546 - INFO -   Epoch [360/443] Loss: 1.4947
2026-02-20 18:14:20,672 - INFO -   Epoch [370/443] Loss: 2.0026
2026-02-20 18:14:21,800 - INFO -   Epoch [380/443] Loss: 2.0854
2026-02-20 18:14:22,932 - INFO -   Epoch [390/443] Loss: 1.3353
2026-02-20 18:14:24,062 - INFO -   Epoch [400/443] Loss: 1.8246
2026-02-20 18:14:25,191 - INFO -   Epoch [410/443] Loss: 1.4360
2026-02-20 18:14:26,321 - INFO -   Epoch [420/443] Loss: 2.1469
2026-02-20 18:14:27,455 - INFO -   Epoch [430/443] Loss: 1.1379
2026-02-20 18:14:28,584 - INFO -   Epoch [440/443] Loss: 1.9917
2026-02-20 18:14:31,916 - INFO -   Train Loss: 1.4872
2026-02-20 18:14:31,916 - INFO -   Train Accuracy: 41.33%
2026-02-20 18:14:31,916 - INFO -   Val Loss: 1.3480
2026-02-20 18:14:31,916 - INFO -   Val Accuracy: 45.30% | F1: 0.3148
2026-02-20 18:14:31,916 - INFO -   LR: 0.000063
2026-02-20 18:14:31,917 - INFO -   Patience: 2/15
2026-02-20 18:14:31,917 - INFO - 
Epoch 36/100
2026-02-20 18:14:33,045 - INFO -   Epoch [10/443] Loss: 1.6902
2026-02-20 18:14:34,175 - INFO -   Epoch [20/443] Loss: 2.8965
2026-02-20 18:14:35,307 - INFO -   Epoch [30/443] Loss: 1.3785
2026-02-20 18:14:36,435 - INFO -   Epoch [40/443] Loss: 1.1066
2026-02-20 18:14:37,572 - INFO -   Epoch [50/443] Loss: 1.2449
2026-02-20 18:14:38,700 - INFO -   Epoch [60/443] Loss: 1.4947
2026-02-20 18:14:39,839 - INFO -   Epoch [70/443] Loss: 1.4518
2026-02-20 18:14:40,969 - INFO -   Epoch [80/443] Loss: 1.2635
2026-02-20 18:14:42,098 - INFO -   Epoch [90/443] Loss: 1.9987
2026-02-20 18:14:43,229 - INFO -   Epoch [100/443] Loss: 1.5403
2026-02-20 18:14:44,356 - INFO -   Epoch [110/443] Loss: 1.4081
2026-02-20 18:14:45,472 - INFO -   Epoch [120/443] Loss: 1.3426
2026-02-20 18:14:46,572 - INFO -   Epoch [130/443] Loss: 1.4966
2026-02-20 18:14:47,700 - INFO -   Epoch [140/443] Loss: 1.4835
2026-02-20 18:14:48,826 - INFO -   Epoch [150/443] Loss: 1.3034
2026-02-20 18:14:49,954 - INFO -   Epoch [160/443] Loss: 1.5197
2026-02-20 18:14:51,089 - INFO -   Epoch [170/443] Loss: 1.4873
2026-02-20 18:14:52,221 - INFO -   Epoch [180/443] Loss: 1.2158
2026-02-20 18:14:53,353 - INFO -   Epoch [190/443] Loss: 1.8291
2026-02-20 18:14:54,488 - INFO -   Epoch [200/443] Loss: 1.1573
2026-02-20 18:14:55,619 - INFO -   Epoch [210/443] Loss: 1.2702
2026-02-20 18:14:56,755 - INFO -   Epoch [220/443] Loss: 1.7113
2026-02-20 18:14:57,891 - INFO -   Epoch [230/443] Loss: 1.2681
2026-02-20 18:14:59,025 - INFO -   Epoch [240/443] Loss: 1.5211
2026-02-20 18:15:00,156 - INFO -   Epoch [250/443] Loss: 1.4862
2026-02-20 18:15:01,287 - INFO -   Epoch [260/443] Loss: 2.4081
2026-02-20 18:15:02,418 - INFO -   Epoch [270/443] Loss: 1.7084
2026-02-20 18:15:03,549 - INFO -   Epoch [280/443] Loss: 1.4767
2026-02-20 18:15:04,652 - INFO -   Epoch [290/443] Loss: 1.6007
2026-02-20 18:15:05,764 - INFO -   Epoch [300/443] Loss: 1.1901
2026-02-20 18:15:06,871 - INFO -   Epoch [310/443] Loss: 1.3958
2026-02-20 18:15:07,956 - INFO -   Epoch [320/443] Loss: 1.3569
2026-02-20 18:15:09,066 - INFO -   Epoch [330/443] Loss: 1.6011
2026-02-20 18:15:10,192 - INFO -   Epoch [340/443] Loss: 1.7537
2026-02-20 18:15:11,324 - INFO -   Epoch [350/443] Loss: 1.7059
2026-02-20 18:15:12,462 - INFO -   Epoch [360/443] Loss: 1.3314
2026-02-20 18:15:13,597 - INFO -   Epoch [370/443] Loss: 1.3229
2026-02-20 18:15:14,726 - INFO -   Epoch [380/443] Loss: 1.4584
2026-02-20 18:15:15,852 - INFO -   Epoch [390/443] Loss: 1.4939
2026-02-20 18:15:16,943 - INFO -   Epoch [400/443] Loss: 1.3995
2026-02-20 18:15:18,072 - INFO -   Epoch [410/443] Loss: 1.4379
2026-02-20 18:15:19,179 - INFO -   Epoch [420/443] Loss: 1.1687
2026-02-20 18:15:20,313 - INFO -   Epoch [430/443] Loss: 1.4819
2026-02-20 18:15:21,440 - INFO -   Epoch [440/443] Loss: 1.4669
2026-02-20 18:15:24,759 - INFO -   Train Loss: 1.4923
2026-02-20 18:15:24,759 - INFO -   Train Accuracy: 41.31%
2026-02-20 18:15:24,759 - INFO -   Val Loss: 1.3480
2026-02-20 18:15:24,759 - INFO -   Val Accuracy: 42.43% | F1: 0.2940
2026-02-20 18:15:24,759 - INFO -   LR: 0.000063
2026-02-20 18:15:24,759 - INFO -   Patience: 3/15
2026-02-20 18:15:24,759 - INFO - 
Epoch 37/100
2026-02-20 18:15:25,887 - INFO -   Epoch [10/443] Loss: 1.8810
2026-02-20 18:15:27,016 - INFO -   Epoch [20/443] Loss: 1.2120
2026-02-20 18:15:28,139 - INFO -   Epoch [30/443] Loss: 1.1875
2026-02-20 18:15:29,254 - INFO -   Epoch [40/443] Loss: 1.4196
2026-02-20 18:15:30,383 - INFO -   Epoch [50/443] Loss: 1.5905
2026-02-20 18:15:31,513 - INFO -   Epoch [60/443] Loss: 1.2917
2026-02-20 18:15:32,646 - INFO -   Epoch [70/443] Loss: 1.2331
2026-02-20 18:15:33,781 - INFO -   Epoch [80/443] Loss: 1.6415
2026-02-20 18:15:34,923 - INFO -   Epoch [90/443] Loss: 1.4612
2026-02-20 18:15:36,056 - INFO -   Epoch [100/443] Loss: 1.4406
2026-02-20 18:15:37,186 - INFO -   Epoch [110/443] Loss: 1.3609
2026-02-20 18:15:38,320 - INFO -   Epoch [120/443] Loss: 1.6790
2026-02-20 18:15:39,452 - INFO -   Epoch [130/443] Loss: 2.0246
2026-02-20 18:15:40,584 - INFO -   Epoch [140/443] Loss: 2.0842
2026-02-20 18:15:41,724 - INFO -   Epoch [150/443] Loss: 1.9137
2026-02-20 18:15:42,856 - INFO -   Epoch [160/443] Loss: 1.4559
2026-02-20 18:15:43,988 - INFO -   Epoch [170/443] Loss: 1.6263
2026-02-20 18:15:45,135 - INFO -   Epoch [180/443] Loss: 1.7185
2026-02-20 18:15:46,281 - INFO -   Epoch [190/443] Loss: 1.4152
2026-02-20 18:15:47,409 - INFO -   Epoch [200/443] Loss: 2.0486
2026-02-20 18:15:48,539 - INFO -   Epoch [210/443] Loss: 1.2886
2026-02-20 18:15:49,672 - INFO -   Epoch [220/443] Loss: 1.1568
2026-02-20 18:15:50,799 - INFO -   Epoch [230/443] Loss: 1.3058
2026-02-20 18:15:51,929 - INFO -   Epoch [240/443] Loss: 1.5063
2026-02-20 18:15:53,059 - INFO -   Epoch [250/443] Loss: 1.7410
2026-02-20 18:15:54,194 - INFO -   Epoch [260/443] Loss: 1.7445
2026-02-20 18:15:55,325 - INFO -   Epoch [270/443] Loss: 1.8952
2026-02-20 18:15:56,467 - INFO -   Epoch [280/443] Loss: 1.4742
2026-02-20 18:15:57,596 - INFO -   Epoch [290/443] Loss: 2.6774
2026-02-20 18:15:58,719 - INFO -   Epoch [300/443] Loss: 1.3297
2026-02-20 18:15:59,837 - INFO -   Epoch [310/443] Loss: 1.2979
2026-02-20 18:16:00,968 - INFO -   Epoch [320/443] Loss: 1.3103
2026-02-20 18:16:02,093 - INFO -   Epoch [330/443] Loss: 1.9964
2026-02-20 18:16:03,219 - INFO -   Epoch [340/443] Loss: 1.1946
2026-02-20 18:16:04,345 - INFO -   Epoch [350/443] Loss: 1.6659
2026-02-20 18:16:05,468 - INFO -   Epoch [360/443] Loss: 2.5384
2026-02-20 18:16:06,596 - INFO -   Epoch [370/443] Loss: 1.4400
2026-02-20 18:16:07,727 - INFO -   Epoch [380/443] Loss: 1.2116
2026-02-20 18:16:08,857 - INFO -   Epoch [390/443] Loss: 1.8249
2026-02-20 18:16:09,983 - INFO -   Epoch [400/443] Loss: 1.6403
2026-02-20 18:16:11,108 - INFO -   Epoch [410/443] Loss: 1.3509
2026-02-20 18:16:12,239 - INFO -   Epoch [420/443] Loss: 1.3119
2026-02-20 18:16:13,367 - INFO -   Epoch [430/443] Loss: 1.6458
2026-02-20 18:16:14,501 - INFO -   Epoch [440/443] Loss: 1.2398
2026-02-20 18:16:17,756 - INFO -   Train Loss: 1.4899
2026-02-20 18:16:17,757 - INFO -   Train Accuracy: 41.87%
2026-02-20 18:16:17,757 - INFO -   Val Loss: 1.3497
2026-02-20 18:16:17,757 - INFO -   Val Accuracy: 43.62% | F1: 0.3009
2026-02-20 18:16:17,757 - INFO -   LR: 0.000063
2026-02-20 18:16:17,757 - INFO -   Patience: 4/15
2026-02-20 18:16:17,757 - INFO - 
Epoch 38/100
2026-02-20 18:16:18,887 - INFO -   Epoch [10/443] Loss: 1.4268
2026-02-20 18:16:20,014 - INFO -   Epoch [20/443] Loss: 1.4438
2026-02-20 18:16:21,144 - INFO -   Epoch [30/443] Loss: 1.4122
2026-02-20 18:16:22,270 - INFO -   Epoch [40/443] Loss: 1.3311
2026-02-20 18:16:23,395 - INFO -   Epoch [50/443] Loss: 1.7734
2026-02-20 18:16:24,527 - INFO -   Epoch [60/443] Loss: 0.9617
2026-02-20 18:16:25,661 - INFO -   Epoch [70/443] Loss: 1.2906
2026-02-20 18:16:26,785 - INFO -   Epoch [80/443] Loss: 1.3860
2026-02-20 18:16:27,917 - INFO -   Epoch [90/443] Loss: 1.3895
2026-02-20 18:16:29,054 - INFO -   Epoch [100/443] Loss: 1.3955
2026-02-20 18:16:30,190 - INFO -   Epoch [110/443] Loss: 1.4689
2026-02-20 18:16:31,317 - INFO -   Epoch [120/443] Loss: 2.4346
2026-02-20 18:16:32,441 - INFO -   Epoch [130/443] Loss: 1.7717
2026-02-20 18:16:33,572 - INFO -   Epoch [140/443] Loss: 1.7229
2026-02-20 18:16:34,692 - INFO -   Epoch [150/443] Loss: 1.1747
2026-02-20 18:16:35,817 - INFO -   Epoch [160/443] Loss: 1.7776
2026-02-20 18:16:36,942 - INFO -   Epoch [170/443] Loss: 1.7542
2026-02-20 18:16:38,069 - INFO -   Epoch [180/443] Loss: 1.5355
2026-02-20 18:16:39,198 - INFO -   Epoch [190/443] Loss: 1.2535
2026-02-20 18:16:40,329 - INFO -   Epoch [200/443] Loss: 1.0589
2026-02-20 18:16:41,448 - INFO -   Epoch [210/443] Loss: 1.3673
2026-02-20 18:16:42,583 - INFO -   Epoch [220/443] Loss: 1.6616
2026-02-20 18:16:43,708 - INFO -   Epoch [230/443] Loss: 1.4202
2026-02-20 18:16:44,832 - INFO -   Epoch [240/443] Loss: 1.7494
2026-02-20 18:16:45,962 - INFO -   Epoch [250/443] Loss: 1.6014
2026-02-20 18:16:47,092 - INFO -   Epoch [260/443] Loss: 1.7043
2026-02-20 18:16:48,222 - INFO -   Epoch [270/443] Loss: 1.4571
2026-02-20 18:16:49,351 - INFO -   Epoch [280/443] Loss: 1.2612
2026-02-20 18:16:50,486 - INFO -   Epoch [290/443] Loss: 1.3709
2026-02-20 18:16:51,621 - INFO -   Epoch [300/443] Loss: 1.3045
2026-02-20 18:16:52,755 - INFO -   Epoch [310/443] Loss: 1.5154
2026-02-20 18:16:53,886 - INFO -   Epoch [320/443] Loss: 1.2166
2026-02-20 18:16:55,020 - INFO -   Epoch [330/443] Loss: 1.2665
2026-02-20 18:16:56,155 - INFO -   Epoch [340/443] Loss: 1.5968
2026-02-20 18:16:57,285 - INFO -   Epoch [350/443] Loss: 1.7341
2026-02-20 18:16:58,413 - INFO -   Epoch [360/443] Loss: 1.3226
2026-02-20 18:16:59,541 - INFO -   Epoch [370/443] Loss: 1.3504
2026-02-20 18:17:00,671 - INFO -   Epoch [380/443] Loss: 1.8931
2026-02-20 18:17:01,804 - INFO -   Epoch [390/443] Loss: 2.0257
2026-02-20 18:17:02,930 - INFO -   Epoch [400/443] Loss: 1.9368
2026-02-20 18:17:04,057 - INFO -   Epoch [410/443] Loss: 1.3945
2026-02-20 18:17:05,171 - INFO -   Epoch [420/443] Loss: 1.3118
2026-02-20 18:17:06,277 - INFO -   Epoch [430/443] Loss: 1.4095
2026-02-20 18:17:07,405 - INFO -   Epoch [440/443] Loss: 1.4012
2026-02-20 18:17:10,707 - INFO -   Train Loss: 1.4667
2026-02-20 18:17:10,708 - INFO -   Train Accuracy: 41.98%
2026-02-20 18:17:10,708 - INFO -   Val Loss: 1.3479
2026-02-20 18:17:10,708 - INFO -   Val Accuracy: 43.13% | F1: 0.3079
2026-02-20 18:17:10,708 - INFO -   LR: 0.000063
2026-02-20 18:17:10,708 - INFO -   Patience: 5/15
2026-02-20 18:17:10,708 - INFO - 
Epoch 39/100
2026-02-20 18:17:11,835 - INFO -   Epoch [10/443] Loss: 1.3410
2026-02-20 18:17:12,977 - INFO -   Epoch [20/443] Loss: 1.4488
2026-02-20 18:17:14,090 - INFO -   Epoch [30/443] Loss: 1.7674
2026-02-20 18:17:15,218 - INFO -   Epoch [40/443] Loss: 1.2937
2026-02-20 18:17:16,347 - INFO -   Epoch [50/443] Loss: 1.1240
2026-02-20 18:17:17,468 - INFO -   Epoch [60/443] Loss: 1.9600
2026-02-20 18:17:18,581 - INFO -   Epoch [70/443] Loss: 1.2969
2026-02-20 18:17:19,698 - INFO -   Epoch [80/443] Loss: 1.3570
2026-02-20 18:17:20,831 - INFO -   Epoch [90/443] Loss: 1.2957
2026-02-20 18:17:21,958 - INFO -   Epoch [100/443] Loss: 1.6919
2026-02-20 18:17:23,100 - INFO -   Epoch [110/443] Loss: 1.2420
2026-02-20 18:17:24,230 - INFO -   Epoch [120/443] Loss: 1.3725
2026-02-20 18:17:25,352 - INFO -   Epoch [130/443] Loss: 1.5004
2026-02-20 18:17:26,478 - INFO -   Epoch [140/443] Loss: 2.4829
2026-02-20 18:17:27,601 - INFO -   Epoch [150/443] Loss: 1.3779
2026-02-20 18:17:28,728 - INFO -   Epoch [160/443] Loss: 1.3347
2026-02-20 18:17:29,855 - INFO -   Epoch [170/443] Loss: 1.4474
2026-02-20 18:17:30,986 - INFO -   Epoch [180/443] Loss: 1.1729
2026-02-20 18:17:32,113 - INFO -   Epoch [190/443] Loss: 1.3466
2026-02-20 18:17:33,249 - INFO -   Epoch [200/443] Loss: 1.3316
2026-02-20 18:17:34,384 - INFO -   Epoch [210/443] Loss: 1.3266
2026-02-20 18:17:35,511 - INFO -   Epoch [220/443] Loss: 1.5782
2026-02-20 18:17:36,639 - INFO -   Epoch [230/443] Loss: 1.7272
2026-02-20 18:17:37,768 - INFO -   Epoch [240/443] Loss: 1.1498
2026-02-20 18:17:38,901 - INFO -   Epoch [250/443] Loss: 1.5629
2026-02-20 18:17:40,037 - INFO -   Epoch [260/443] Loss: 1.3793
2026-02-20 18:17:41,169 - INFO -   Epoch [270/443] Loss: 1.5444
2026-02-20 18:17:42,303 - INFO -   Epoch [280/443] Loss: 1.4185
2026-02-20 18:17:43,435 - INFO -   Epoch [290/443] Loss: 1.0876
2026-02-20 18:17:44,565 - INFO -   Epoch [300/443] Loss: 1.3324
2026-02-20 18:17:45,694 - INFO -   Epoch [310/443] Loss: 1.3804
2026-02-20 18:17:46,825 - INFO -   Epoch [320/443] Loss: 1.3581
2026-02-20 18:17:47,958 - INFO -   Epoch [330/443] Loss: 1.3291
2026-02-20 18:17:49,089 - INFO -   Epoch [340/443] Loss: 1.5071
2026-02-20 18:17:50,218 - INFO -   Epoch [350/443] Loss: 1.1168
2026-02-20 18:17:51,355 - INFO -   Epoch [360/443] Loss: 1.1201
2026-02-20 18:17:52,494 - INFO -   Epoch [370/443] Loss: 1.7936
2026-02-20 18:17:53,631 - INFO -   Epoch [380/443] Loss: 1.3259
2026-02-20 18:17:54,763 - INFO -   Epoch [390/443] Loss: 1.2060
2026-02-20 18:17:55,902 - INFO -   Epoch [400/443] Loss: 1.1647
2026-02-20 18:17:57,041 - INFO -   Epoch [410/443] Loss: 2.3253
2026-02-20 18:17:58,173 - INFO -   Epoch [420/443] Loss: 1.3314
2026-02-20 18:17:59,308 - INFO -   Epoch [430/443] Loss: 1.9337
2026-02-20 18:18:00,443 - INFO -   Epoch [440/443] Loss: 1.5069
2026-02-20 18:18:03,759 - INFO -   Train Loss: 1.4721
2026-02-20 18:18:03,759 - INFO -   Train Accuracy: 41.22%
2026-02-20 18:18:03,759 - INFO -   Val Loss: 1.3316
2026-02-20 18:18:03,759 - INFO -   Val Accuracy: 44.02% | F1: 0.3037
2026-02-20 18:18:03,759 - INFO -   LR: 0.000063
2026-02-20 18:18:03,759 - INFO -   Patience: 6/15
2026-02-20 18:18:03,759 - INFO - 
Epoch 40/100
2026-02-20 18:18:04,893 - INFO -   Epoch [10/443] Loss: 1.2178
2026-02-20 18:18:06,031 - INFO -   Epoch [20/443] Loss: 1.3980
2026-02-20 18:18:07,170 - INFO -   Epoch [30/443] Loss: 1.7319
2026-02-20 18:18:08,304 - INFO -   Epoch [40/443] Loss: 1.6920
2026-02-20 18:18:09,439 - INFO -   Epoch [50/443] Loss: 1.3948
2026-02-20 18:18:10,577 - INFO -   Epoch [60/443] Loss: 1.4843
2026-02-20 18:18:11,713 - INFO -   Epoch [70/443] Loss: 1.4691
2026-02-20 18:18:12,846 - INFO -   Epoch [80/443] Loss: 1.3981
2026-02-20 18:18:13,981 - INFO -   Epoch [90/443] Loss: 1.3651
2026-02-20 18:18:15,118 - INFO -   Epoch [100/443] Loss: 1.4138
2026-02-20 18:18:16,252 - INFO -   Epoch [110/443] Loss: 1.3411
2026-02-20 18:18:17,394 - INFO -   Epoch [120/443] Loss: 1.2911
2026-02-20 18:18:18,538 - INFO -   Epoch [130/443] Loss: 1.4000
2026-02-20 18:18:19,674 - INFO -   Epoch [140/443] Loss: 1.2858
2026-02-20 18:18:20,811 - INFO -   Epoch [150/443] Loss: 1.4127
2026-02-20 18:18:21,953 - INFO -   Epoch [160/443] Loss: 1.4169
2026-02-20 18:18:23,091 - INFO -   Epoch [170/443] Loss: 0.8797
2026-02-20 18:18:24,216 - INFO -   Epoch [180/443] Loss: 1.2976
2026-02-20 18:18:25,348 - INFO -   Epoch [190/443] Loss: 1.4928
2026-02-20 18:18:26,487 - INFO -   Epoch [200/443] Loss: 1.3965
2026-02-20 18:18:27,624 - INFO -   Epoch [210/443] Loss: 1.2104
2026-02-20 18:18:28,763 - INFO -   Epoch [220/443] Loss: 1.4963
2026-02-20 18:18:29,893 - INFO -   Epoch [230/443] Loss: 3.6892
2026-02-20 18:18:31,027 - INFO -   Epoch [240/443] Loss: 3.3169
2026-02-20 18:18:32,165 - INFO -   Epoch [250/443] Loss: 1.4752
2026-02-20 18:18:33,291 - INFO -   Epoch [260/443] Loss: 1.7422
2026-02-20 18:18:34,411 - INFO -   Epoch [270/443] Loss: 1.8709
2026-02-20 18:18:35,541 - INFO -   Epoch [280/443] Loss: 1.2990
2026-02-20 18:18:36,654 - INFO -   Epoch [290/443] Loss: 1.2390
2026-02-20 18:18:37,776 - INFO -   Epoch [300/443] Loss: 1.2843
2026-02-20 18:18:38,884 - INFO -   Epoch [310/443] Loss: 1.3249
2026-02-20 18:18:40,020 - INFO -   Epoch [320/443] Loss: 1.3086
2026-02-20 18:18:41,154 - INFO -   Epoch [330/443] Loss: 1.3858
2026-02-20 18:18:42,286 - INFO -   Epoch [340/443] Loss: 1.5824
2026-02-20 18:18:43,419 - INFO -   Epoch [350/443] Loss: 1.5071
2026-02-20 18:18:44,555 - INFO -   Epoch [360/443] Loss: 2.3586
2026-02-20 18:18:45,690 - INFO -   Epoch [370/443] Loss: 1.2306
2026-02-20 18:18:46,827 - INFO -   Epoch [380/443] Loss: 1.3292
2026-02-20 18:18:47,969 - INFO -   Epoch [390/443] Loss: 1.4747
2026-02-20 18:18:49,106 - INFO -   Epoch [400/443] Loss: 1.7091
2026-02-20 18:18:50,243 - INFO -   Epoch [410/443] Loss: 1.9345
2026-02-20 18:18:51,376 - INFO -   Epoch [420/443] Loss: 1.4234
2026-02-20 18:18:52,507 - INFO -   Epoch [430/443] Loss: 1.7605
2026-02-20 18:18:53,643 - INFO -   Epoch [440/443] Loss: 1.3325
2026-02-20 18:18:56,969 - INFO -   Train Loss: 1.4808
2026-02-20 18:18:56,969 - INFO -   Train Accuracy: 42.63%
2026-02-20 18:18:56,969 - INFO -   Val Loss: 1.3304
2026-02-20 18:18:56,969 - INFO -   Val Accuracy: 45.30% | F1: 0.3149
2026-02-20 18:18:56,969 - INFO -   LR: 0.000031
2026-02-20 18:18:56,969 - INFO -   Patience: 7/15
2026-02-20 18:18:56,969 - INFO - 
Epoch 41/100
2026-02-20 18:18:58,104 - INFO -   Epoch [10/443] Loss: 1.2348
2026-02-20 18:18:59,238 - INFO -   Epoch [20/443] Loss: 1.6574
2026-02-20 18:19:00,374 - INFO -   Epoch [30/443] Loss: 1.3312
2026-02-20 18:19:01,511 - INFO -   Epoch [40/443] Loss: 1.3336
2026-02-20 18:19:02,643 - INFO -   Epoch [50/443] Loss: 1.2533
2026-02-20 18:19:03,780 - INFO -   Epoch [60/443] Loss: 1.2382
2026-02-20 18:19:04,906 - INFO -   Epoch [70/443] Loss: 1.6240
2026-02-20 18:19:06,015 - INFO -   Epoch [80/443] Loss: 1.3873
2026-02-20 18:19:07,155 - INFO -   Epoch [90/443] Loss: 1.8039
2026-02-20 18:19:08,288 - INFO -   Epoch [100/443] Loss: 1.4706
2026-02-20 18:19:09,425 - INFO -   Epoch [110/443] Loss: 1.5654
2026-02-20 18:19:10,562 - INFO -   Epoch [120/443] Loss: 1.1784
2026-02-20 18:19:11,705 - INFO -   Epoch [130/443] Loss: 1.4267
2026-02-20 18:19:12,843 - INFO -   Epoch [140/443] Loss: 1.4700
2026-02-20 18:19:13,969 - INFO -   Epoch [150/443] Loss: 1.6333
2026-02-20 18:19:15,105 - INFO -   Epoch [160/443] Loss: 1.3243
2026-02-20 18:19:16,236 - INFO -   Epoch [170/443] Loss: 1.6154
2026-02-20 18:19:17,357 - INFO -   Epoch [180/443] Loss: 1.1823
2026-02-20 18:19:18,476 - INFO -   Epoch [190/443] Loss: 1.3217
2026-02-20 18:19:19,614 - INFO -   Epoch [200/443] Loss: 1.9958
2026-02-20 18:19:20,755 - INFO -   Epoch [210/443] Loss: 1.2963
2026-02-20 18:19:21,895 - INFO -   Epoch [220/443] Loss: 1.4051
2026-02-20 18:19:23,039 - INFO -   Epoch [230/443] Loss: 1.3596
2026-02-20 18:19:24,159 - INFO -   Epoch [240/443] Loss: 1.6046
2026-02-20 18:19:25,299 - INFO -   Epoch [250/443] Loss: 1.4880
2026-02-20 18:19:26,435 - INFO -   Epoch [260/443] Loss: 1.2460
2026-02-20 18:19:27,568 - INFO -   Epoch [270/443] Loss: 1.5631
2026-02-20 18:19:28,705 - INFO -   Epoch [280/443] Loss: 1.9420
2026-02-20 18:19:29,838 - INFO -   Epoch [290/443] Loss: 2.0302
2026-02-20 18:19:30,977 - INFO -   Epoch [300/443] Loss: 1.7011
2026-02-20 18:19:32,111 - INFO -   Epoch [310/443] Loss: 1.3326
2026-02-20 18:19:33,245 - INFO -   Epoch [320/443] Loss: 1.2565
2026-02-20 18:19:34,366 - INFO -   Epoch [330/443] Loss: 1.7320
2026-02-20 18:19:35,468 - INFO -   Epoch [340/443] Loss: 1.6330
2026-02-20 18:19:36,589 - INFO -   Epoch [350/443] Loss: 1.7273
2026-02-20 18:19:37,724 - INFO -   Epoch [360/443] Loss: 1.3059
2026-02-20 18:19:38,863 - INFO -   Epoch [370/443] Loss: 1.7250
2026-02-20 18:19:39,995 - INFO -   Epoch [380/443] Loss: 1.1867
2026-02-20 18:19:41,128 - INFO -   Epoch [390/443] Loss: 1.3547
2026-02-20 18:19:42,261 - INFO -   Epoch [400/443] Loss: 1.6649
2026-02-20 18:19:43,387 - INFO -   Epoch [410/443] Loss: 1.4524
2026-02-20 18:19:44,521 - INFO -   Epoch [420/443] Loss: 2.5168
2026-02-20 18:19:45,654 - INFO -   Epoch [430/443] Loss: 1.3742
2026-02-20 18:19:46,791 - INFO -   Epoch [440/443] Loss: 1.4165
2026-02-20 18:19:50,137 - INFO -   Train Loss: 1.4842
2026-02-20 18:19:50,138 - INFO -   Train Accuracy: 41.94%
2026-02-20 18:19:50,138 - INFO -   Val Loss: 1.3301
2026-02-20 18:19:50,138 - INFO -   Val Accuracy: 45.10% | F1: 0.3144
2026-02-20 18:19:50,138 - INFO -   LR: 0.000031
2026-02-20 18:19:50,138 - INFO -   Patience: 8/15
2026-02-20 18:19:50,138 - INFO - 
Epoch 42/100
2026-02-20 18:19:51,277 - INFO -   Epoch [10/443] Loss: 1.3899
2026-02-20 18:19:52,421 - INFO -   Epoch [20/443] Loss: 1.3257
2026-02-20 18:19:53,555 - INFO -   Epoch [30/443] Loss: 1.5331
2026-02-20 18:19:54,690 - INFO -   Epoch [40/443] Loss: 1.2772
2026-02-20 18:19:55,831 - INFO -   Epoch [50/443] Loss: 1.2044
2026-02-20 18:19:56,970 - INFO -   Epoch [60/443] Loss: 2.0253
2026-02-20 18:19:58,095 - INFO -   Epoch [70/443] Loss: 1.9357
2026-02-20 18:19:59,224 - INFO -   Epoch [80/443] Loss: 1.7156
2026-02-20 18:20:00,356 - INFO -   Epoch [90/443] Loss: 1.4148
2026-02-20 18:20:01,480 - INFO -   Epoch [100/443] Loss: 1.4700
2026-02-20 18:20:02,609 - INFO -   Epoch [110/443] Loss: 1.4140
2026-02-20 18:20:03,735 - INFO -   Epoch [120/443] Loss: 1.2534
2026-02-20 18:20:04,860 - INFO -   Epoch [130/443] Loss: 1.5582
2026-02-20 18:20:05,973 - INFO -   Epoch [140/443] Loss: 1.4508
2026-02-20 18:20:07,096 - INFO -   Epoch [150/443] Loss: 1.7451
2026-02-20 18:20:08,209 - INFO -   Epoch [160/443] Loss: 1.3554
2026-02-20 18:20:09,323 - INFO -   Epoch [170/443] Loss: 1.6740
2026-02-20 18:20:10,434 - INFO -   Epoch [180/443] Loss: 1.7085
2026-02-20 18:20:11,547 - INFO -   Epoch [190/443] Loss: 1.3508
2026-02-20 18:20:12,661 - INFO -   Epoch [200/443] Loss: 1.6948
2026-02-20 18:20:13,775 - INFO -   Epoch [210/443] Loss: 1.7894
2026-02-20 18:20:14,891 - INFO -   Epoch [220/443] Loss: 1.3145
2026-02-20 18:20:16,001 - INFO -   Epoch [230/443] Loss: 1.1946
2026-02-20 18:20:17,099 - INFO -   Epoch [240/443] Loss: 1.4285
2026-02-20 18:20:18,201 - INFO -   Epoch [250/443] Loss: 1.6359
2026-02-20 18:20:19,315 - INFO -   Epoch [260/443] Loss: 1.4135
2026-02-20 18:20:20,441 - INFO -   Epoch [270/443] Loss: 1.4490
2026-02-20 18:20:21,574 - INFO -   Epoch [280/443] Loss: 1.7968
2026-02-20 18:20:22,681 - INFO -   Epoch [290/443] Loss: 1.1593
2026-02-20 18:20:23,786 - INFO -   Epoch [300/443] Loss: 1.5431
2026-02-20 18:20:24,901 - INFO -   Epoch [310/443] Loss: 1.5855
2026-02-20 18:20:26,016 - INFO -   Epoch [320/443] Loss: 1.5522
2026-02-20 18:20:27,117 - INFO -   Epoch [330/443] Loss: 1.2047
2026-02-20 18:20:28,229 - INFO -   Epoch [340/443] Loss: 1.3321
2026-02-20 18:20:29,347 - INFO -   Epoch [350/443] Loss: 0.9776
2026-02-20 18:20:30,463 - INFO -   Epoch [360/443] Loss: 1.4489
2026-02-20 18:20:31,581 - INFO -   Epoch [370/443] Loss: 1.3068
2026-02-20 18:20:32,693 - INFO -   Epoch [380/443] Loss: 1.3435
2026-02-20 18:20:33,808 - INFO -   Epoch [390/443] Loss: 1.4404
2026-02-20 18:20:34,920 - INFO -   Epoch [400/443] Loss: 1.4567
2026-02-20 18:20:36,028 - INFO -   Epoch [410/443] Loss: 2.1191
2026-02-20 18:20:37,145 - INFO -   Epoch [420/443] Loss: 1.6707
2026-02-20 18:20:38,262 - INFO -   Epoch [430/443] Loss: 1.5029
2026-02-20 18:20:39,384 - INFO -   Epoch [440/443] Loss: 1.2196
2026-02-20 18:20:42,677 - INFO -   Train Loss: 1.4768
2026-02-20 18:20:42,677 - INFO -   Train Accuracy: 41.63%
2026-02-20 18:20:42,677 - INFO -   Val Loss: 1.3239
2026-02-20 18:20:42,677 - INFO -   Val Accuracy: 45.10% | F1: 0.3121
2026-02-20 18:20:42,677 - INFO -   LR: 0.000031
2026-02-20 18:20:42,678 - INFO -   Patience: 9/15
2026-02-20 18:20:42,678 - INFO - 
Epoch 43/100
2026-02-20 18:20:43,785 - INFO -   Epoch [10/443] Loss: 1.8282
2026-02-20 18:20:44,888 - INFO -   Epoch [20/443] Loss: 1.6839
2026-02-20 18:20:46,006 - INFO -   Epoch [30/443] Loss: 1.3425
2026-02-20 18:20:47,107 - INFO -   Epoch [40/443] Loss: 1.1924
2026-02-20 18:20:48,207 - INFO -   Epoch [50/443] Loss: 1.3898
2026-02-20 18:20:49,321 - INFO -   Epoch [60/443] Loss: 1.4525
2026-02-20 18:20:50,443 - INFO -   Epoch [70/443] Loss: 1.4973
2026-02-20 18:20:51,564 - INFO -   Epoch [80/443] Loss: 1.5491
2026-02-20 18:20:52,681 - INFO -   Epoch [90/443] Loss: 1.4850
2026-02-20 18:20:53,789 - INFO -   Epoch [100/443] Loss: 1.3610
2026-02-20 18:20:54,903 - INFO -   Epoch [110/443] Loss: 1.3052
2026-02-20 18:20:56,020 - INFO -   Epoch [120/443] Loss: 1.1774
2026-02-20 18:20:57,138 - INFO -   Epoch [130/443] Loss: 1.8844
2026-02-20 18:20:58,261 - INFO -   Epoch [140/443] Loss: 1.2827
2026-02-20 18:20:59,373 - INFO -   Epoch [150/443] Loss: 1.3568
2026-02-20 18:21:00,489 - INFO -   Epoch [160/443] Loss: 1.1350
2026-02-20 18:21:01,613 - INFO -   Epoch [170/443] Loss: 1.7023
2026-02-20 18:21:02,735 - INFO -   Epoch [180/443] Loss: 1.3138
2026-02-20 18:21:03,852 - INFO -   Epoch [190/443] Loss: 1.1506
2026-02-20 18:21:04,965 - INFO -   Epoch [200/443] Loss: 1.3639
2026-02-20 18:21:06,081 - INFO -   Epoch [210/443] Loss: 1.5657
2026-02-20 18:21:07,193 - INFO -   Epoch [220/443] Loss: 1.2547
2026-02-20 18:21:08,308 - INFO -   Epoch [230/443] Loss: 2.1184
2026-02-20 18:21:09,427 - INFO -   Epoch [240/443] Loss: 1.1872
2026-02-20 18:21:10,548 - INFO -   Epoch [250/443] Loss: 1.4239
2026-02-20 18:21:11,664 - INFO -   Epoch [260/443] Loss: 1.2136
2026-02-20 18:21:12,788 - INFO -   Epoch [270/443] Loss: 1.5868
2026-02-20 18:21:13,896 - INFO -   Epoch [280/443] Loss: 1.4194
2026-02-20 18:21:15,014 - INFO -   Epoch [290/443] Loss: 1.1465
2026-02-20 18:21:16,127 - INFO -   Epoch [300/443] Loss: 1.6694
2026-02-20 18:21:17,241 - INFO -   Epoch [310/443] Loss: 1.2347
2026-02-20 18:21:18,347 - INFO -   Epoch [320/443] Loss: 1.3507
2026-02-20 18:21:19,451 - INFO -   Epoch [330/443] Loss: 1.3345
2026-02-20 18:21:20,570 - INFO -   Epoch [340/443] Loss: 1.3210
2026-02-20 18:21:21,694 - INFO -   Epoch [350/443] Loss: 1.4377
2026-02-20 18:21:22,813 - INFO -   Epoch [360/443] Loss: 1.4865
2026-02-20 18:21:23,925 - INFO -   Epoch [370/443] Loss: 1.3233
2026-02-20 18:21:25,052 - INFO -   Epoch [380/443] Loss: 2.6525
2026-02-20 18:21:26,153 - INFO -   Epoch [390/443] Loss: 1.5969
2026-02-20 18:21:27,262 - INFO -   Epoch [400/443] Loss: 1.3692
2026-02-20 18:21:28,380 - INFO -   Epoch [410/443] Loss: 1.9659
2026-02-20 18:21:29,499 - INFO -   Epoch [420/443] Loss: 1.2128
2026-02-20 18:21:30,616 - INFO -   Epoch [430/443] Loss: 1.9341
2026-02-20 18:21:31,734 - INFO -   Epoch [440/443] Loss: 1.1760
2026-02-20 18:21:34,997 - INFO -   Train Loss: 1.4859
2026-02-20 18:21:34,997 - INFO -   Train Accuracy: 42.11%
2026-02-20 18:21:34,997 - INFO -   Val Loss: 1.3461
2026-02-20 18:21:34,997 - INFO -   Val Accuracy: 45.10% | F1: 0.3076
2026-02-20 18:21:34,997 - INFO -   LR: 0.000031
2026-02-20 18:21:34,997 - INFO -   Patience: 10/15
2026-02-20 18:21:34,997 - INFO - 
Epoch 44/100
2026-02-20 18:21:36,098 - INFO -   Epoch [10/443] Loss: 1.3500
2026-02-20 18:21:37,217 - INFO -   Epoch [20/443] Loss: 1.2432
2026-02-20 18:21:38,338 - INFO -   Epoch [30/443] Loss: 1.3410
2026-02-20 18:21:39,455 - INFO -   Epoch [40/443] Loss: 1.5611
2026-02-20 18:21:40,569 - INFO -   Epoch [50/443] Loss: 1.2158
2026-02-20 18:21:41,685 - INFO -   Epoch [60/443] Loss: 1.3960
2026-02-20 18:21:42,800 - INFO -   Epoch [70/443] Loss: 1.6594
2026-02-20 18:21:43,899 - INFO -   Epoch [80/443] Loss: 1.3579
2026-02-20 18:21:45,008 - INFO -   Epoch [90/443] Loss: 1.6467
2026-02-20 18:21:46,111 - INFO -   Epoch [100/443] Loss: 1.3999
2026-02-20 18:21:47,215 - INFO -   Epoch [110/443] Loss: 1.2603
2026-02-20 18:21:48,328 - INFO -   Epoch [120/443] Loss: 1.2094
2026-02-20 18:21:49,442 - INFO -   Epoch [130/443] Loss: 1.5433
2026-02-20 18:21:50,556 - INFO -   Epoch [140/443] Loss: 1.3796
2026-02-20 18:21:51,678 - INFO -   Epoch [150/443] Loss: 1.2672
2026-02-20 18:21:52,797 - INFO -   Epoch [160/443] Loss: 1.3047
2026-02-20 18:21:53,912 - INFO -   Epoch [170/443] Loss: 1.1999
2026-02-20 18:21:55,005 - INFO -   Epoch [180/443] Loss: 1.2332
2026-02-20 18:21:56,122 - INFO -   Epoch [190/443] Loss: 3.1435
2026-02-20 18:21:57,244 - INFO -   Epoch [200/443] Loss: 1.4253
2026-02-20 18:21:58,359 - INFO -   Epoch [210/443] Loss: 2.1706
2026-02-20 18:21:59,477 - INFO -   Epoch [220/443] Loss: 1.5776
2026-02-20 18:22:00,596 - INFO -   Epoch [230/443] Loss: 1.2804
2026-02-20 18:22:01,715 - INFO -   Epoch [240/443] Loss: 1.3634
2026-02-20 18:22:02,834 - INFO -   Epoch [250/443] Loss: 1.3052
2026-02-20 18:22:03,954 - INFO -   Epoch [260/443] Loss: 1.5356
2026-02-20 18:22:05,072 - INFO -   Epoch [270/443] Loss: 1.8338
2026-02-20 18:22:06,192 - INFO -   Epoch [280/443] Loss: 1.2921
2026-02-20 18:22:07,316 - INFO -   Epoch [290/443] Loss: 1.3377
2026-02-20 18:22:08,434 - INFO -   Epoch [300/443] Loss: 1.5221
2026-02-20 18:22:09,552 - INFO -   Epoch [310/443] Loss: 1.0200
2026-02-20 18:22:10,669 - INFO -   Epoch [320/443] Loss: 1.4766
2026-02-20 18:22:11,784 - INFO -   Epoch [330/443] Loss: 1.7822
2026-02-20 18:22:12,905 - INFO -   Epoch [340/443] Loss: 1.5318
2026-02-20 18:22:14,012 - INFO -   Epoch [350/443] Loss: 1.4593
2026-02-20 18:22:15,127 - INFO -   Epoch [360/443] Loss: 1.6455
2026-02-20 18:22:16,263 - INFO -   Epoch [370/443] Loss: 1.7241
2026-02-20 18:22:17,397 - INFO -   Epoch [380/443] Loss: 1.4481
2026-02-20 18:22:18,531 - INFO -   Epoch [390/443] Loss: 2.0605
2026-02-20 18:22:19,664 - INFO -   Epoch [400/443] Loss: 1.7453
2026-02-20 18:22:20,791 - INFO -   Epoch [410/443] Loss: 1.5341
2026-02-20 18:22:21,920 - INFO -   Epoch [420/443] Loss: 1.4875
2026-02-20 18:22:23,042 - INFO -   Epoch [430/443] Loss: 1.3026
2026-02-20 18:22:24,158 - INFO -   Epoch [440/443] Loss: 1.7521
2026-02-20 18:22:27,435 - INFO -   Train Loss: 1.4702
2026-02-20 18:22:27,435 - INFO -   Train Accuracy: 43.65%
2026-02-20 18:22:27,435 - INFO -   Val Loss: 1.3333
2026-02-20 18:22:27,435 - INFO -   Val Accuracy: 46.19% | F1: 0.3182
2026-02-20 18:22:27,435 - INFO -   LR: 0.000031
2026-02-20 18:22:27,435 - INFO -   Patience: 11/15
2026-02-20 18:22:27,435 - INFO - 
Epoch 45/100
2026-02-20 18:22:28,551 - INFO -   Epoch [10/443] Loss: 1.5100
2026-02-20 18:22:29,677 - INFO -   Epoch [20/443] Loss: 1.2919
2026-02-20 18:22:30,795 - INFO -   Epoch [30/443] Loss: 1.5510
2026-02-20 18:22:31,912 - INFO -   Epoch [40/443] Loss: 1.4508
2026-02-20 18:22:33,028 - INFO -   Epoch [50/443] Loss: 1.1284
2026-02-20 18:22:34,132 - INFO -   Epoch [60/443] Loss: 1.1280
2026-02-20 18:22:35,240 - INFO -   Epoch [70/443] Loss: 1.6555
2026-02-20 18:22:36,351 - INFO -   Epoch [80/443] Loss: 1.2710
2026-02-20 18:22:37,441 - INFO -   Epoch [90/443] Loss: 1.4982
2026-02-20 18:22:38,555 - INFO -   Epoch [100/443] Loss: 1.6113
2026-02-20 18:22:39,680 - INFO -   Epoch [110/443] Loss: 1.4961
2026-02-20 18:22:40,803 - INFO -   Epoch [120/443] Loss: 1.2682
2026-02-20 18:22:41,921 - INFO -   Epoch [130/443] Loss: 1.4596
2026-02-20 18:22:43,037 - INFO -   Epoch [140/443] Loss: 1.5976
2026-02-20 18:22:44,146 - INFO -   Epoch [150/443] Loss: 1.8858
2026-02-20 18:22:45,265 - INFO -   Epoch [160/443] Loss: 2.8438
2026-02-20 18:22:46,387 - INFO -   Epoch [170/443] Loss: 1.0670
2026-02-20 18:22:47,503 - INFO -   Epoch [180/443] Loss: 1.3772
2026-02-20 18:22:48,621 - INFO -   Epoch [190/443] Loss: 2.0791
2026-02-20 18:22:49,746 - INFO -   Epoch [200/443] Loss: 1.3575
2026-02-20 18:22:50,861 - INFO -   Epoch [210/443] Loss: 1.9937
2026-02-20 18:22:51,992 - INFO -   Epoch [220/443] Loss: 1.4716
2026-02-20 18:22:53,110 - INFO -   Epoch [230/443] Loss: 1.3231
2026-02-20 18:22:54,225 - INFO -   Epoch [240/443] Loss: 1.3949
2026-02-20 18:22:55,347 - INFO -   Epoch [250/443] Loss: 1.5517
2026-02-20 18:22:56,463 - INFO -   Epoch [260/443] Loss: 1.6990
2026-02-20 18:22:57,578 - INFO -   Epoch [270/443] Loss: 1.7977
2026-02-20 18:22:58,693 - INFO -   Epoch [280/443] Loss: 1.3627
2026-02-20 18:22:59,808 - INFO -   Epoch [290/443] Loss: 1.4198
2026-02-20 18:23:00,929 - INFO -   Epoch [300/443] Loss: 1.1968
2026-02-20 18:23:02,051 - INFO -   Epoch [310/443] Loss: 1.2573
2026-02-20 18:23:03,174 - INFO -   Epoch [320/443] Loss: 1.3461
2026-02-20 18:23:04,282 - INFO -   Epoch [330/443] Loss: 1.3384
2026-02-20 18:23:05,405 - INFO -   Epoch [340/443] Loss: 1.4276
2026-02-20 18:23:06,527 - INFO -   Epoch [350/443] Loss: 1.3439
2026-02-20 18:23:07,650 - INFO -   Epoch [360/443] Loss: 1.7809
2026-02-20 18:23:08,772 - INFO -   Epoch [370/443] Loss: 2.2701
2026-02-20 18:23:09,895 - INFO -   Epoch [380/443] Loss: 1.4836
2026-02-20 18:23:11,016 - INFO -   Epoch [390/443] Loss: 1.7298
2026-02-20 18:23:12,140 - INFO -   Epoch [400/443] Loss: 1.5728
2026-02-20 18:23:13,270 - INFO -   Epoch [410/443] Loss: 1.2475
2026-02-20 18:23:14,374 - INFO -   Epoch [420/443] Loss: 1.4226
2026-02-20 18:23:15,484 - INFO -   Epoch [430/443] Loss: 1.5028
2026-02-20 18:23:16,603 - INFO -   Epoch [440/443] Loss: 1.4282
2026-02-20 18:23:19,892 - INFO -   Train Loss: 1.4707
2026-02-20 18:23:19,893 - INFO -   Train Accuracy: 42.90%
2026-02-20 18:23:19,893 - INFO -   Val Loss: 1.3425
2026-02-20 18:23:19,893 - INFO -   Val Accuracy: 45.90% | F1: 0.3161
2026-02-20 18:23:19,893 - INFO -   LR: 0.000031
2026-02-20 18:23:19,893 - INFO -   Patience: 12/15
2026-02-20 18:23:19,893 - INFO - 
Epoch 46/100
2026-02-20 18:23:21,015 - INFO -   Epoch [10/443] Loss: 1.3532
2026-02-20 18:23:22,136 - INFO -   Epoch [20/443] Loss: 1.1755
2026-02-20 18:23:23,254 - INFO -   Epoch [30/443] Loss: 1.8391
2026-02-20 18:23:24,383 - INFO -   Epoch [40/443] Loss: 1.6929
2026-02-20 18:23:25,504 - INFO -   Epoch [50/443] Loss: 1.1591
2026-02-20 18:23:26,621 - INFO -   Epoch [60/443] Loss: 1.6007
2026-02-20 18:23:27,738 - INFO -   Epoch [70/443] Loss: 1.8083
2026-02-20 18:23:28,858 - INFO -   Epoch [80/443] Loss: 2.1639
2026-02-20 18:23:29,979 - INFO -   Epoch [90/443] Loss: 1.6083
2026-02-20 18:23:31,093 - INFO -   Epoch [100/443] Loss: 1.3764
2026-02-20 18:23:32,207 - INFO -   Epoch [110/443] Loss: 1.6943
2026-02-20 18:23:33,323 - INFO -   Epoch [120/443] Loss: 1.6497
2026-02-20 18:23:34,419 - INFO -   Epoch [130/443] Loss: 1.1471
2026-02-20 18:23:35,537 - INFO -   Epoch [140/443] Loss: 1.6789
2026-02-20 18:23:36,652 - INFO -   Epoch [150/443] Loss: 1.4335
2026-02-20 18:23:37,767 - INFO -   Epoch [160/443] Loss: 1.6133
2026-02-20 18:23:38,864 - INFO -   Epoch [170/443] Loss: 1.2541
2026-02-20 18:23:39,978 - INFO -   Epoch [180/443] Loss: 1.7598
2026-02-20 18:23:41,091 - INFO -   Epoch [190/443] Loss: 1.4321
2026-02-20 18:23:42,208 - INFO -   Epoch [200/443] Loss: 1.3579
2026-02-20 18:23:43,319 - INFO -   Epoch [210/443] Loss: 1.6909
2026-02-20 18:23:44,411 - INFO -   Epoch [220/443] Loss: 1.9451
2026-02-20 18:23:45,506 - INFO -   Epoch [230/443] Loss: 1.3285
2026-02-20 18:23:46,579 - INFO -   Epoch [240/443] Loss: 1.4579
2026-02-20 18:23:47,645 - INFO -   Epoch [250/443] Loss: 1.3458
2026-02-20 18:23:48,713 - INFO -   Epoch [260/443] Loss: 1.8190
2026-02-20 18:23:49,780 - INFO -   Epoch [270/443] Loss: 1.5782
2026-02-20 18:23:50,846 - INFO -   Epoch [280/443] Loss: 1.4716
2026-02-20 18:23:51,956 - INFO -   Epoch [290/443] Loss: 1.4373
2026-02-20 18:23:53,068 - INFO -   Epoch [300/443] Loss: 1.1855
2026-02-20 18:23:54,181 - INFO -   Epoch [310/443] Loss: 1.4130
2026-02-20 18:23:55,296 - INFO -   Epoch [320/443] Loss: 1.2472
2026-02-20 18:23:56,414 - INFO -   Epoch [330/443] Loss: 2.4119
2026-02-20 18:23:57,531 - INFO -   Epoch [340/443] Loss: 1.5083
2026-02-20 18:23:58,644 - INFO -   Epoch [350/443] Loss: 1.4911
2026-02-20 18:23:59,755 - INFO -   Epoch [360/443] Loss: 1.3287
2026-02-20 18:24:00,868 - INFO -   Epoch [370/443] Loss: 1.5552
2026-02-20 18:24:01,979 - INFO -   Epoch [380/443] Loss: 1.2587
2026-02-20 18:24:03,090 - INFO -   Epoch [390/443] Loss: 1.4479
2026-02-20 18:24:04,202 - INFO -   Epoch [400/443] Loss: 2.3228
2026-02-20 18:24:05,314 - INFO -   Epoch [410/443] Loss: 1.6171
2026-02-20 18:24:06,419 - INFO -   Epoch [420/443] Loss: 1.9367
2026-02-20 18:24:07,530 - INFO -   Epoch [430/443] Loss: 1.8616
2026-02-20 18:24:08,642 - INFO -   Epoch [440/443] Loss: 2.0566
2026-02-20 18:24:11,799 - INFO -   Train Loss: 1.4797
2026-02-20 18:24:11,799 - INFO -   Train Accuracy: 42.92%
2026-02-20 18:24:11,799 - INFO -   Val Loss: 1.3380
2026-02-20 18:24:11,799 - INFO -   Val Accuracy: 46.69% | F1: 0.3222
2026-02-20 18:24:11,799 - INFO -   LR: 0.000016
2026-02-20 18:24:11,799 - INFO -   Patience: 13/15
2026-02-20 18:24:11,799 - INFO - 
Epoch 47/100
2026-02-20 18:24:12,873 - INFO -   Epoch [10/443] Loss: 1.3806
2026-02-20 18:24:13,942 - INFO -   Epoch [20/443] Loss: 1.3268
2026-02-20 18:24:15,013 - INFO -   Epoch [30/443] Loss: 1.7757
2026-02-20 18:24:16,082 - INFO -   Epoch [40/443] Loss: 1.8775
2026-02-20 18:24:17,153 - INFO -   Epoch [50/443] Loss: 1.3071
2026-02-20 18:24:18,224 - INFO -   Epoch [60/443] Loss: 1.3150
2026-02-20 18:24:19,295 - INFO -   Epoch [70/443] Loss: 1.0714
2026-02-20 18:24:20,368 - INFO -   Epoch [80/443] Loss: 1.2602
2026-02-20 18:24:21,438 - INFO -   Epoch [90/443] Loss: 1.0595
2026-02-20 18:24:22,509 - INFO -   Epoch [100/443] Loss: 1.4615
2026-02-20 18:24:23,578 - INFO -   Epoch [110/443] Loss: 1.5957
2026-02-20 18:24:24,647 - INFO -   Epoch [120/443] Loss: 1.1402
2026-02-20 18:24:25,719 - INFO -   Epoch [130/443] Loss: 1.1629
2026-02-20 18:24:26,790 - INFO -   Epoch [140/443] Loss: 1.8912
2026-02-20 18:24:27,861 - INFO -   Epoch [150/443] Loss: 1.0985
2026-02-20 18:24:28,939 - INFO -   Epoch [160/443] Loss: 1.2073
2026-02-20 18:24:30,010 - INFO -   Epoch [170/443] Loss: 1.1743
2026-02-20 18:24:31,080 - INFO -   Epoch [180/443] Loss: 1.5281
2026-02-20 18:24:32,150 - INFO -   Epoch [190/443] Loss: 1.5479
2026-02-20 18:24:33,218 - INFO -   Epoch [200/443] Loss: 2.0458
2026-02-20 18:24:34,287 - INFO -   Epoch [210/443] Loss: 1.9779
2026-02-20 18:24:35,354 - INFO -   Epoch [220/443] Loss: 1.4816
2026-02-20 18:24:36,421 - INFO -   Epoch [230/443] Loss: 1.5721
2026-02-20 18:24:37,492 - INFO -   Epoch [240/443] Loss: 1.3293
2026-02-20 18:24:38,560 - INFO -   Epoch [250/443] Loss: 1.3826
2026-02-20 18:24:39,638 - INFO -   Epoch [260/443] Loss: 1.5521
2026-02-20 18:24:40,712 - INFO -   Epoch [270/443] Loss: 1.3224
2026-02-20 18:24:41,782 - INFO -   Epoch [280/443] Loss: 1.2521
2026-02-20 18:24:42,852 - INFO -   Epoch [290/443] Loss: 1.6665
2026-02-20 18:24:43,919 - INFO -   Epoch [300/443] Loss: 1.3083
2026-02-20 18:24:44,987 - INFO -   Epoch [310/443] Loss: 1.4242
2026-02-20 18:24:46,055 - INFO -   Epoch [320/443] Loss: 1.5758
2026-02-20 18:24:47,123 - INFO -   Epoch [330/443] Loss: 1.8365
2026-02-20 18:24:48,200 - INFO -   Epoch [340/443] Loss: 1.3686
2026-02-20 18:24:49,269 - INFO -   Epoch [350/443] Loss: 1.2894
2026-02-20 18:24:50,345 - INFO -   Epoch [360/443] Loss: 1.6423
2026-02-20 18:24:51,415 - INFO -   Epoch [370/443] Loss: 1.3504
2026-02-20 18:24:52,485 - INFO -   Epoch [380/443] Loss: 1.7099
2026-02-20 18:24:53,581 - INFO -   Epoch [390/443] Loss: 1.2845
2026-02-20 18:24:54,705 - INFO -   Epoch [400/443] Loss: 1.2687
2026-02-20 18:24:55,835 - INFO -   Epoch [410/443] Loss: 1.1708
2026-02-20 18:24:56,962 - INFO -   Epoch [420/443] Loss: 1.3804
2026-02-20 18:24:58,079 - INFO -   Epoch [430/443] Loss: 1.6037
2026-02-20 18:24:59,194 - INFO -   Epoch [440/443] Loss: 1.2641
2026-02-20 18:25:02,478 - INFO -   Train Loss: 1.4742
2026-02-20 18:25:02,478 - INFO -   Train Accuracy: 42.05%
2026-02-20 18:25:02,478 - INFO -   Val Loss: 1.3344
2026-02-20 18:25:02,478 - INFO -   Val Accuracy: 46.29% | F1: 0.3190
2026-02-20 18:25:02,478 - INFO -   LR: 0.000016
2026-02-20 18:25:02,478 - INFO -   Patience: 14/15
2026-02-20 18:25:02,478 - INFO - 
Epoch 48/100
2026-02-20 18:25:03,578 - INFO -   Epoch [10/443] Loss: 1.5366
2026-02-20 18:25:04,676 - INFO -   Epoch [20/443] Loss: 1.2422
2026-02-20 18:25:05,785 - INFO -   Epoch [30/443] Loss: 1.5014
2026-02-20 18:25:06,897 - INFO -   Epoch [40/443] Loss: 1.2687
2026-02-20 18:25:08,006 - INFO -   Epoch [50/443] Loss: 1.1955
2026-02-20 18:25:09,120 - INFO -   Epoch [60/443] Loss: 1.3345
2026-02-20 18:25:10,237 - INFO -   Epoch [70/443] Loss: 2.1961
2026-02-20 18:25:11,351 - INFO -   Epoch [80/443] Loss: 1.5553
2026-02-20 18:25:12,474 - INFO -   Epoch [90/443] Loss: 1.3464
2026-02-20 18:25:13,587 - INFO -   Epoch [100/443] Loss: 1.2909
2026-02-20 18:25:14,698 - INFO -   Epoch [110/443] Loss: 1.1917
2026-02-20 18:25:15,811 - INFO -   Epoch [120/443] Loss: 1.4256
2026-02-20 18:25:16,923 - INFO -   Epoch [130/443] Loss: 1.4799
2026-02-20 18:25:18,038 - INFO -   Epoch [140/443] Loss: 1.6989
2026-02-20 18:25:19,149 - INFO -   Epoch [150/443] Loss: 1.1586
2026-02-20 18:25:20,264 - INFO -   Epoch [160/443] Loss: 1.7935
2026-02-20 18:25:21,378 - INFO -   Epoch [170/443] Loss: 1.1778
2026-02-20 18:25:22,494 - INFO -   Epoch [180/443] Loss: 1.3631
2026-02-20 18:25:23,609 - INFO -   Epoch [190/443] Loss: 1.6975
2026-02-20 18:25:24,721 - INFO -   Epoch [200/443] Loss: 1.4286
2026-02-20 18:25:25,832 - INFO -   Epoch [210/443] Loss: 1.4943
2026-02-20 18:25:26,922 - INFO -   Epoch [220/443] Loss: 1.2792
2026-02-20 18:25:28,045 - INFO -   Epoch [230/443] Loss: 2.1368
2026-02-20 18:25:29,167 - INFO -   Epoch [240/443] Loss: 1.3155
2026-02-20 18:25:30,288 - INFO -   Epoch [250/443] Loss: 1.6859
2026-02-20 18:25:31,406 - INFO -   Epoch [260/443] Loss: 1.8983
2026-02-20 18:25:32,533 - INFO -   Epoch [270/443] Loss: 1.1820
2026-02-20 18:25:33,656 - INFO -   Epoch [280/443] Loss: 1.6366
2026-02-20 18:25:34,780 - INFO -   Epoch [290/443] Loss: 1.4427
2026-02-20 18:25:35,910 - INFO -   Epoch [300/443] Loss: 1.2458
2026-02-20 18:25:37,031 - INFO -   Epoch [310/443] Loss: 1.1362
2026-02-20 18:25:38,151 - INFO -   Epoch [320/443] Loss: 1.3428
2026-02-20 18:25:39,269 - INFO -   Epoch [330/443] Loss: 1.5549
2026-02-20 18:25:40,387 - INFO -   Epoch [340/443] Loss: 1.3690
2026-02-20 18:25:41,508 - INFO -   Epoch [350/443] Loss: 1.7477
2026-02-20 18:25:42,625 - INFO -   Epoch [360/443] Loss: 1.3633
2026-02-20 18:25:43,738 - INFO -   Epoch [370/443] Loss: 1.4522
2026-02-20 18:25:44,858 - INFO -   Epoch [380/443] Loss: 1.7215
2026-02-20 18:25:45,976 - INFO -   Epoch [390/443] Loss: 1.1807
2026-02-20 18:25:47,092 - INFO -   Epoch [400/443] Loss: 1.7123
2026-02-20 18:25:48,213 - INFO -   Epoch [410/443] Loss: 1.3501
2026-02-20 18:25:49,345 - INFO -   Epoch [420/443] Loss: 2.3201
2026-02-20 18:25:50,478 - INFO -   Epoch [430/443] Loss: 1.2354
2026-02-20 18:25:51,601 - INFO -   Epoch [440/443] Loss: 1.4568
2026-02-20 18:25:54,889 - INFO -   Train Loss: 1.4924
2026-02-20 18:25:54,889 - INFO -   Train Accuracy: 42.92%
2026-02-20 18:25:54,889 - INFO -   Val Loss: 1.3306
2026-02-20 18:25:54,889 - INFO -   Val Accuracy: 46.39% | F1: 0.3165
2026-02-20 18:25:54,889 - INFO -   LR: 0.000016
2026-02-20 18:25:54,889 - INFO -   Patience: 15/15
2026-02-20 18:25:54,889 - INFO - 
✓ Early stopping at epoch 48
2026-02-20 18:25:54,889 - INFO - 
✓ Training completed!
2026-02-20 18:25:54,889 - INFO -   Best Accuracy: 46.98%
2026-02-20 18:25:54,889 - INFO - 
================================================================================
2026-02-20 18:25:54,889 - INFO - Step 7: Testing
2026-02-20 18:25:54,889 - INFO - ================================================================================
2026-02-20 18:25:54,925 - INFO - ✓ Loaded best model from epoch 33
2026-02-20 18:26:00,491 - INFO - 
Test Results:
2026-02-20 18:26:00,491 - INFO -   - Accuracy: 45.28%
2026-02-20 18:26:00,491 - INFO -   - F1 Score: 0.3193
2026-02-20 18:26:00,499 - INFO - 
✓ All results saved to outputs/pure_graph_20260220_163142
2026-02-20 18:26:00,499 - INFO - ================================================================================
