{
  "train_loss": [
    1319.677554321289,
    73.3680369257927,
    17.4497004032135,
    2.1997968316078187,
    2.2569522738456724,
    2.198208099603653,
    2.198623353242874,
    2.1978902339935305,
    2.522350424528122,
    2.1975479423999786,
    2.1966866195201873
  ],
  "train_acc": [
    0.1492063492063492,
    0.12857142857142856,
    0.13333333333333333,
    0.10158730158730159,
    0.08888888888888889,
    0.10793650793650794,
    0.1126984126984127,
    0.1,
    0.10793650793650794,
    0.1111111111111111,
    0.10634920634920635
  ],
  "train_f1": [
    0.1433470771846457,
    0.09293824598222054,
    0.06800488008293952,
    0.020552344251766216,
    0.03232233647133456,
    0.02206001622060016,
    0.022507528926929782,
    0.03588097465648486,
    0.03307437694029688,
    0.022742040285899934,
    0.027382060532227186
  ],
  "val_loss": [
    65.35504150390625,
    4.461110909779866,
    2.1956867774327598,
    2.1972297032674155,
    2.198341687520345,
    2.1993541320165,
    2.1997108459472656,
    2.2004913489023843,
    2.2011998494466147,
    2.201738397280375,
    2.2021706104278564
  ],
  "val_acc": [
    0.13333333333333333,
    0.12222222222222222,
    0.1111111111111111,
    0.1111111111111111,
    0.1111111111111111,
    0.12222222222222222,
    0.12222222222222222,
    0.12222222222222222,
    0.1,
    0.12222222222222222,
    0.1
  ],
  "val_f1": [
    0.11015873015873015,
    0.05257936507936508,
    0.022222222222222223,
    0.022222222222222223,
    0.022222222222222223,
    0.0242024202420242,
    0.0242024202420242,
    0.0242024202420242,
    0.020202020202020204,
    0.0242024202420242,
    0.020202020202020204
  ]
}