2026-02-22 08:15:26,284 - INFO - Output directory: outputs/shenzhen_pure_graph_20260222_081526
2026-02-22 08:15:26,284 - INFO - Log file: outputs/shenzhen_pure_graph_20260222_081526/training.log
2026-02-22 08:15:26,284 - INFO - 
================================================================================
2026-02-22 08:15:26,284 - INFO - Step 1: Loading data
2026-02-22 08:15:26,284 - INFO - ================================================================================
2026-02-22 08:31:44,001 - INFO - ✓ Data loaded successfully
2026-02-22 08:31:44,001 - INFO -   - Total grids: 4000
2026-02-22 08:31:44,001 - INFO -   - Feature shape: (7, 2)
2026-02-22 08:31:44,002 - INFO -   - Graph 2021 edges: 73162
2026-02-22 08:31:44,002 - INFO -   - Graph 2024 edges: 96390
2026-02-22 08:31:44,002 - INFO - 
================================================================================
2026-02-22 08:31:44,002 - INFO - Step 2: Preparing temporal features
2026-02-22 08:31:44,002 - INFO - ================================================================================
2026-02-22 08:31:44,026 - INFO - ✓ Temporal features prepared
2026-02-22 08:31:44,026 - INFO -   - 2021 features: 4000 grids
2026-02-22 08:31:44,026 - INFO -   - 2024 features: 4000 grids
2026-02-22 08:31:44,026 - INFO - 
================================================================================
2026-02-22 08:31:44,026 - INFO - Step 3: Creating dataset
2026-02-22 08:31:44,026 - INFO - ================================================================================
2026-02-22 08:31:44,026 - INFO - ✓ Dataset created: 4000 samples
2026-02-22 08:31:44,027 - INFO -   - Train: 2800 samples
2026-02-22 08:31:44,027 - INFO -   - Val: 400 samples
2026-02-22 08:31:44,027 - INFO -   - Test: 800 samples
2026-02-22 08:31:44,126 - INFO - ✓ Data loaders created
2026-02-22 08:31:44,127 - INFO - 
================================================================================
2026-02-22 08:31:44,127 - INFO - Step 4: Creating model
2026-02-22 08:31:44,127 - INFO - ================================================================================
2026-02-22 08:31:44,127 - INFO - Using device: cuda
2026-02-22 08:31:44,491 - INFO - ✓ Model created
2026-02-22 08:31:44,491 - INFO -   - Total parameters: 1,262,601
2026-02-22 08:31:44,491 - INFO -   - Trainable parameters: 1,262,601
2026-02-22 08:31:44,491 - INFO -   - Model type: Pure Graph-Based Dual-Branch
2026-02-22 08:31:44,491 - INFO -   - Spatial branch: Uses only graph structure (no external node features)
2026-02-22 08:31:44,491 - INFO - 
================================================================================
2026-02-22 08:31:44,491 - INFO - Step 5: Setting up training
2026-02-22 08:31:44,491 - INFO - ================================================================================
2026-02-22 08:31:44,492 - INFO - ✓ Training setup complete
2026-02-22 08:31:44,492 - INFO -   - Optimizer: Adam (lr=0.001, wd=1e-05)
2026-02-22 08:31:44,492 - INFO -   - Scheduler: ReduceLROnPlateau (patience=5)
2026-02-22 08:31:44,492 - INFO -   - Loss: Single 9-class cross-entropy with class weights
2026-02-22 08:31:44,492 - INFO -   - Gradient accumulation: 4 steps
2026-02-22 08:31:44,492 - INFO - 
================================================================================
2026-02-22 08:31:44,492 - INFO - Step 6: Training
2026-02-22 08:31:44,492 - INFO - ================================================================================
2026-02-22 08:31:44,493 - INFO - 
Epoch 1/100
2026-02-22 08:31:45,437 - INFO -   Epoch [10/175] Loss: 2.1323
2026-02-22 08:31:46,037 - INFO -   Epoch [20/175] Loss: 2.4902
2026-02-22 08:31:46,638 - INFO -   Epoch [30/175] Loss: 1.9278
2026-02-22 08:31:47,244 - INFO -   Epoch [40/175] Loss: 2.2138
2026-02-22 08:31:47,847 - INFO -   Epoch [50/175] Loss: 2.2499
2026-02-22 08:31:48,449 - INFO -   Epoch [60/175] Loss: 1.6621
2026-02-22 08:31:49,052 - INFO -   Epoch [70/175] Loss: 1.9221
2026-02-22 08:31:49,656 - INFO -   Epoch [80/175] Loss: 2.4502
2026-02-22 08:31:50,259 - INFO -   Epoch [90/175] Loss: 2.2394
2026-02-22 08:31:50,864 - INFO -   Epoch [100/175] Loss: 2.3987
2026-02-22 08:31:51,457 - INFO -   Epoch [110/175] Loss: 2.2639
2026-02-22 08:31:52,050 - INFO -   Epoch [120/175] Loss: 2.2877
2026-02-22 08:31:52,648 - INFO -   Epoch [130/175] Loss: 2.1081
2026-02-22 08:31:53,250 - INFO -   Epoch [140/175] Loss: 1.8639
2026-02-22 08:31:53,848 - INFO -   Epoch [150/175] Loss: 1.8131
2026-02-22 08:31:54,448 - INFO -   Epoch [160/175] Loss: 1.8156
2026-02-22 08:31:55,047 - INFO -   Epoch [170/175] Loss: 1.9229
2026-02-22 08:31:55,981 - INFO -   Train Loss: 2.0358
2026-02-22 08:31:55,982 - INFO -   Train Accuracy: 18.79%
2026-02-22 08:31:55,982 - INFO -   Val Loss: 2.0928
2026-02-22 08:31:55,982 - INFO -   Val Accuracy: 26.75% | F1: 0.1717
2026-02-22 08:31:55,982 - INFO -   LR: 0.001000
2026-02-22 08:31:56,013 - INFO -   ✓ New best model saved!
2026-02-22 08:31:56,013 - INFO -   Patience: 0/15
2026-02-22 08:31:56,013 - INFO - 
Epoch 2/100
2026-02-22 08:31:56,614 - INFO -   Epoch [10/175] Loss: 2.7455
2026-02-22 08:31:57,217 - INFO -   Epoch [20/175] Loss: 2.0562
2026-02-22 08:31:57,814 - INFO -   Epoch [30/175] Loss: 1.7488
2026-02-22 08:31:58,413 - INFO -   Epoch [40/175] Loss: 1.8826
2026-02-22 08:31:59,012 - INFO -   Epoch [50/175] Loss: 2.2713
2026-02-22 08:31:59,613 - INFO -   Epoch [60/175] Loss: 1.7044
2026-02-22 08:32:00,211 - INFO -   Epoch [70/175] Loss: 1.7507
2026-02-22 08:32:00,812 - INFO -   Epoch [80/175] Loss: 1.9393
2026-02-22 08:32:01,412 - INFO -   Epoch [90/175] Loss: 2.1412
2026-02-22 08:32:02,013 - INFO -   Epoch [100/175] Loss: 1.8195
2026-02-22 08:32:02,612 - INFO -   Epoch [110/175] Loss: 1.8463
2026-02-22 08:32:03,212 - INFO -   Epoch [120/175] Loss: 1.6987
2026-02-22 08:32:03,815 - INFO -   Epoch [130/175] Loss: 1.9645
2026-02-22 08:32:04,419 - INFO -   Epoch [140/175] Loss: 1.8057
2026-02-22 08:32:05,026 - INFO -   Epoch [150/175] Loss: 1.6322
2026-02-22 08:32:05,630 - INFO -   Epoch [160/175] Loss: 1.5873
2026-02-22 08:32:06,233 - INFO -   Epoch [170/175] Loss: 2.2359
2026-02-22 08:32:07,168 - INFO -   Train Loss: 1.8873
2026-02-22 08:32:07,168 - INFO -   Train Accuracy: 23.75%
2026-02-22 08:32:07,168 - INFO -   Val Loss: 1.9641
2026-02-22 08:32:07,168 - INFO -   Val Accuracy: 20.75% | F1: 0.2032
2026-02-22 08:32:07,168 - INFO -   LR: 0.001000
2026-02-22 08:32:07,168 - INFO -   Patience: 1/15
2026-02-22 08:32:07,168 - INFO - 
Epoch 3/100
2026-02-22 08:32:07,769 - INFO -   Epoch [10/175] Loss: 1.5731
2026-02-22 08:32:08,368 - INFO -   Epoch [20/175] Loss: 2.0533
2026-02-22 08:32:08,968 - INFO -   Epoch [30/175] Loss: 1.7292
2026-02-22 08:32:09,568 - INFO -   Epoch [40/175] Loss: 1.7371
2026-02-22 08:32:10,171 - INFO -   Epoch [50/175] Loss: 1.2372
2026-02-22 08:32:10,775 - INFO -   Epoch [60/175] Loss: 1.4079
2026-02-22 08:32:11,374 - INFO -   Epoch [70/175] Loss: 1.9990
2026-02-22 08:32:11,975 - INFO -   Epoch [80/175] Loss: 1.8189
2026-02-22 08:32:12,576 - INFO -   Epoch [90/175] Loss: 1.4567
2026-02-22 08:32:13,178 - INFO -   Epoch [100/175] Loss: 1.5861
2026-02-22 08:32:13,777 - INFO -   Epoch [110/175] Loss: 1.8015
2026-02-22 08:32:14,377 - INFO -   Epoch [120/175] Loss: 1.7777
2026-02-22 08:32:14,975 - INFO -   Epoch [130/175] Loss: 1.9478
2026-02-22 08:32:15,576 - INFO -   Epoch [140/175] Loss: 1.5847
2026-02-22 08:32:16,176 - INFO -   Epoch [150/175] Loss: 1.5795
2026-02-22 08:32:16,775 - INFO -   Epoch [160/175] Loss: 1.6653
2026-02-22 08:32:17,380 - INFO -   Epoch [170/175] Loss: 1.9086
2026-02-22 08:32:18,301 - INFO -   Train Loss: 1.8190
2026-02-22 08:32:18,301 - INFO -   Train Accuracy: 25.25%
2026-02-22 08:32:18,301 - INFO -   Val Loss: 1.9040
2026-02-22 08:32:18,301 - INFO -   Val Accuracy: 12.75% | F1: 0.1240
2026-02-22 08:32:18,301 - INFO -   LR: 0.001000
2026-02-22 08:32:18,301 - INFO -   Patience: 2/15
2026-02-22 08:32:18,301 - INFO - 
Epoch 4/100
2026-02-22 08:32:18,897 - INFO -   Epoch [10/175] Loss: 1.7882
2026-02-22 08:32:19,498 - INFO -   Epoch [20/175] Loss: 1.8982
2026-02-22 08:32:20,094 - INFO -   Epoch [30/175] Loss: 1.6324
2026-02-22 08:32:20,690 - INFO -   Epoch [40/175] Loss: 1.3919
2026-02-22 08:32:21,290 - INFO -   Epoch [50/175] Loss: 1.5941
2026-02-22 08:32:21,887 - INFO -   Epoch [60/175] Loss: 1.5261
2026-02-22 08:32:22,480 - INFO -   Epoch [70/175] Loss: 1.3764
2026-02-22 08:32:23,083 - INFO -   Epoch [80/175] Loss: 1.3839
2026-02-22 08:32:23,683 - INFO -   Epoch [90/175] Loss: 1.8835
2026-02-22 08:32:24,281 - INFO -   Epoch [100/175] Loss: 1.7679
2026-02-22 08:32:24,876 - INFO -   Epoch [110/175] Loss: 1.6086
2026-02-22 08:32:25,470 - INFO -   Epoch [120/175] Loss: 1.2869
2026-02-22 08:32:26,059 - INFO -   Epoch [130/175] Loss: 2.3884
2026-02-22 08:32:26,652 - INFO -   Epoch [140/175] Loss: 1.7176
2026-02-22 08:32:27,246 - INFO -   Epoch [150/175] Loss: 1.9218
2026-02-22 08:32:27,845 - INFO -   Epoch [160/175] Loss: 1.7113
2026-02-22 08:32:28,441 - INFO -   Epoch [170/175] Loss: 2.2790
2026-02-22 08:32:29,357 - INFO -   Train Loss: 1.7593
2026-02-22 08:32:29,357 - INFO -   Train Accuracy: 25.18%
2026-02-22 08:32:29,357 - INFO -   Val Loss: 1.8714
2026-02-22 08:32:29,357 - INFO -   Val Accuracy: 21.75% | F1: 0.1909
2026-02-22 08:32:29,357 - INFO -   LR: 0.001000
2026-02-22 08:32:29,358 - INFO -   Patience: 3/15
2026-02-22 08:32:29,358 - INFO - 
Epoch 5/100
2026-02-22 08:32:29,955 - INFO -   Epoch [10/175] Loss: 1.4512
2026-02-22 08:32:30,552 - INFO -   Epoch [20/175] Loss: 2.1918
2026-02-22 08:32:31,151 - INFO -   Epoch [30/175] Loss: 1.1987
2026-02-22 08:32:31,754 - INFO -   Epoch [40/175] Loss: 1.9044
2026-02-22 08:32:32,352 - INFO -   Epoch [50/175] Loss: 1.8056
2026-02-22 08:32:32,954 - INFO -   Epoch [60/175] Loss: 1.6994
2026-02-22 08:32:33,552 - INFO -   Epoch [70/175] Loss: 1.4669
2026-02-22 08:32:34,147 - INFO -   Epoch [80/175] Loss: 1.3306
2026-02-22 08:32:34,740 - INFO -   Epoch [90/175] Loss: 1.7397
2026-02-22 08:32:35,334 - INFO -   Epoch [100/175] Loss: 1.5719
2026-02-22 08:32:35,928 - INFO -   Epoch [110/175] Loss: 1.2600
2026-02-22 08:32:36,525 - INFO -   Epoch [120/175] Loss: 1.5965
2026-02-22 08:32:37,117 - INFO -   Epoch [130/175] Loss: 2.0235
2026-02-22 08:32:37,717 - INFO -   Epoch [140/175] Loss: 2.1607
2026-02-22 08:32:38,318 - INFO -   Epoch [150/175] Loss: 1.5800
2026-02-22 08:32:38,915 - INFO -   Epoch [160/175] Loss: 1.7023
2026-02-22 08:32:39,510 - INFO -   Epoch [170/175] Loss: 1.3717
2026-02-22 08:32:40,427 - INFO -   Train Loss: 1.7254
2026-02-22 08:32:40,427 - INFO -   Train Accuracy: 27.14%
2026-02-22 08:32:40,427 - INFO -   Val Loss: 1.8032
2026-02-22 08:32:40,427 - INFO -   Val Accuracy: 27.25% | F1: 0.2549
2026-02-22 08:32:40,427 - INFO -   LR: 0.001000
2026-02-22 08:32:40,523 - INFO -   ✓ New best model saved!
2026-02-22 08:32:40,523 - INFO -   Patience: 0/15
2026-02-22 08:32:40,523 - INFO - 
Epoch 6/100
2026-02-22 08:32:41,128 - INFO -   Epoch [10/175] Loss: 1.6351
2026-02-22 08:32:41,723 - INFO -   Epoch [20/175] Loss: 1.6268
2026-02-22 08:32:42,316 - INFO -   Epoch [30/175] Loss: 1.5786
2026-02-22 08:32:42,912 - INFO -   Epoch [40/175] Loss: 1.5850
2026-02-22 08:32:43,507 - INFO -   Epoch [50/175] Loss: 1.8556
2026-02-22 08:32:44,111 - INFO -   Epoch [60/175] Loss: 1.4501
2026-02-22 08:32:44,705 - INFO -   Epoch [70/175] Loss: 1.8187
2026-02-22 08:32:45,302 - INFO -   Epoch [80/175] Loss: 2.1857
2026-02-22 08:32:45,898 - INFO -   Epoch [90/175] Loss: 1.4405
2026-02-22 08:32:46,490 - INFO -   Epoch [100/175] Loss: 2.6269
2026-02-22 08:32:47,080 - INFO -   Epoch [110/175] Loss: 1.7641
2026-02-22 08:32:47,686 - INFO -   Epoch [120/175] Loss: 1.6879
2026-02-22 08:32:48,303 - INFO -   Epoch [130/175] Loss: 1.9513
2026-02-22 08:32:48,926 - INFO -   Epoch [140/175] Loss: 2.1000
2026-02-22 08:32:49,553 - INFO -   Epoch [150/175] Loss: 1.5482
2026-02-22 08:32:50,177 - INFO -   Epoch [160/175] Loss: 1.3788
2026-02-22 08:32:50,799 - INFO -   Epoch [170/175] Loss: 1.8073
2026-02-22 08:32:51,747 - INFO -   Train Loss: 1.6972
2026-02-22 08:32:51,747 - INFO -   Train Accuracy: 28.54%
2026-02-22 08:32:51,747 - INFO -   Val Loss: 1.7900
2026-02-22 08:32:51,747 - INFO -   Val Accuracy: 30.00% | F1: 0.2585
2026-02-22 08:32:51,747 - INFO -   LR: 0.001000
2026-02-22 08:32:51,821 - INFO -   ✓ New best model saved!
2026-02-22 08:32:51,822 - INFO -   Patience: 0/15
2026-02-22 08:32:51,822 - INFO - 
Epoch 7/100
2026-02-22 08:32:52,445 - INFO -   Epoch [10/175] Loss: 1.5816
2026-02-22 08:32:53,063 - INFO -   Epoch [20/175] Loss: 1.5061
2026-02-22 08:32:53,683 - INFO -   Epoch [30/175] Loss: 1.5450
2026-02-22 08:32:54,300 - INFO -   Epoch [40/175] Loss: 1.6970
2026-02-22 08:32:54,916 - INFO -   Epoch [50/175] Loss: 2.1971
2026-02-22 08:32:55,532 - INFO -   Epoch [60/175] Loss: 1.5751
2026-02-22 08:32:56,148 - INFO -   Epoch [70/175] Loss: 1.7618
2026-02-22 08:32:56,756 - INFO -   Epoch [80/175] Loss: 1.8929
2026-02-22 08:32:57,372 - INFO -   Epoch [90/175] Loss: 1.1771
2026-02-22 08:32:57,988 - INFO -   Epoch [100/175] Loss: 1.3616
2026-02-22 08:32:58,608 - INFO -   Epoch [110/175] Loss: 1.4343
2026-02-22 08:32:59,228 - INFO -   Epoch [120/175] Loss: 1.5970
2026-02-22 08:32:59,847 - INFO -   Epoch [130/175] Loss: 1.5739
2026-02-22 08:33:00,465 - INFO -   Epoch [140/175] Loss: 1.3951
2026-02-22 08:33:01,085 - INFO -   Epoch [150/175] Loss: 1.4132
2026-02-22 08:33:01,702 - INFO -   Epoch [160/175] Loss: 1.8109
2026-02-22 08:33:02,321 - INFO -   Epoch [170/175] Loss: 1.5497
2026-02-22 08:33:03,287 - INFO -   Train Loss: 1.6634
2026-02-22 08:33:03,287 - INFO -   Train Accuracy: 31.50%
2026-02-22 08:33:03,287 - INFO -   Val Loss: 1.6567
2026-02-22 08:33:03,287 - INFO -   Val Accuracy: 41.25% | F1: 0.3336
2026-02-22 08:33:03,287 - INFO -   LR: 0.001000
2026-02-22 08:33:03,399 - INFO -   ✓ New best model saved!
2026-02-22 08:33:03,399 - INFO -   Patience: 0/15
2026-02-22 08:33:03,399 - INFO - 
Epoch 8/100
2026-02-22 08:33:04,030 - INFO -   Epoch [10/175] Loss: 1.6406
2026-02-22 08:33:04,657 - INFO -   Epoch [20/175] Loss: 1.3863
2026-02-22 08:33:05,273 - INFO -   Epoch [30/175] Loss: 1.7595
2026-02-22 08:33:05,890 - INFO -   Epoch [40/175] Loss: 1.7261
2026-02-22 08:33:06,483 - INFO -   Epoch [50/175] Loss: 1.5686
2026-02-22 08:33:07,091 - INFO -   Epoch [60/175] Loss: 1.1699
2026-02-22 08:33:07,708 - INFO -   Epoch [70/175] Loss: 1.9925
2026-02-22 08:33:08,329 - INFO -   Epoch [80/175] Loss: 1.9238
2026-02-22 08:33:08,945 - INFO -   Epoch [90/175] Loss: 1.7845
2026-02-22 08:33:09,563 - INFO -   Epoch [100/175] Loss: 1.5945
2026-02-22 08:33:10,182 - INFO -   Epoch [110/175] Loss: 1.5358
2026-02-22 08:33:10,802 - INFO -   Epoch [120/175] Loss: 1.5450
2026-02-22 08:33:11,426 - INFO -   Epoch [130/175] Loss: 2.8679
2026-02-22 08:33:12,044 - INFO -   Epoch [140/175] Loss: 1.1323
2026-02-22 08:33:12,663 - INFO -   Epoch [150/175] Loss: 1.3069
2026-02-22 08:33:13,282 - INFO -   Epoch [160/175] Loss: 1.3592
2026-02-22 08:33:13,901 - INFO -   Epoch [170/175] Loss: 1.1033
2026-02-22 08:33:14,884 - INFO -   Train Loss: 1.6641
2026-02-22 08:33:14,885 - INFO -   Train Accuracy: 33.71%
2026-02-22 08:33:14,885 - INFO -   Val Loss: 1.6932
2026-02-22 08:33:14,885 - INFO -   Val Accuracy: 33.50% | F1: 0.2555
2026-02-22 08:33:14,885 - INFO -   LR: 0.001000
2026-02-22 08:33:14,885 - INFO -   Patience: 1/15
2026-02-22 08:33:14,885 - INFO - 
Epoch 9/100
2026-02-22 08:33:15,518 - INFO -   Epoch [10/175] Loss: 1.7507
2026-02-22 08:33:16,142 - INFO -   Epoch [20/175] Loss: 1.4867
2026-02-22 08:33:16,741 - INFO -   Epoch [30/175] Loss: 1.4859
2026-02-22 08:33:17,359 - INFO -   Epoch [40/175] Loss: 1.5835
2026-02-22 08:33:17,984 - INFO -   Epoch [50/175] Loss: 1.3360
2026-02-22 08:33:18,608 - INFO -   Epoch [60/175] Loss: 1.5056
2026-02-22 08:33:19,236 - INFO -   Epoch [70/175] Loss: 2.2018
2026-02-22 08:33:19,844 - INFO -   Epoch [80/175] Loss: 1.5516
2026-02-22 08:33:20,447 - INFO -   Epoch [90/175] Loss: 2.3276
2026-02-22 08:33:21,070 - INFO -   Epoch [100/175] Loss: 1.1621
2026-02-22 08:33:21,696 - INFO -   Epoch [110/175] Loss: 1.6659
2026-02-22 08:33:22,320 - INFO -   Epoch [120/175] Loss: 2.8879
2026-02-22 08:33:22,945 - INFO -   Epoch [130/175] Loss: 1.4285
2026-02-22 08:33:23,572 - INFO -   Epoch [140/175] Loss: 1.5066
2026-02-22 08:33:24,200 - INFO -   Epoch [150/175] Loss: 1.6172
2026-02-22 08:33:24,817 - INFO -   Epoch [160/175] Loss: 2.0308
2026-02-22 08:33:25,434 - INFO -   Epoch [170/175] Loss: 1.6971
2026-02-22 08:33:26,388 - INFO -   Train Loss: 1.6122
2026-02-22 08:33:26,388 - INFO -   Train Accuracy: 30.32%
2026-02-22 08:33:26,388 - INFO -   Val Loss: 1.6333
2026-02-22 08:33:26,388 - INFO -   Val Accuracy: 37.75% | F1: 0.3145
2026-02-22 08:33:26,388 - INFO -   LR: 0.001000
2026-02-22 08:33:26,388 - INFO -   Patience: 2/15
2026-02-22 08:33:26,388 - INFO - 
Epoch 10/100
2026-02-22 08:33:27,002 - INFO -   Epoch [10/175] Loss: 1.3351
2026-02-22 08:33:27,610 - INFO -   Epoch [20/175] Loss: 1.6681
2026-02-22 08:33:28,207 - INFO -   Epoch [30/175] Loss: 1.4834
2026-02-22 08:33:28,811 - INFO -   Epoch [40/175] Loss: 1.4063
2026-02-22 08:33:29,432 - INFO -   Epoch [50/175] Loss: 1.4116
2026-02-22 08:33:30,048 - INFO -   Epoch [60/175] Loss: 1.4329
2026-02-22 08:33:30,668 - INFO -   Epoch [70/175] Loss: 1.4562
2026-02-22 08:33:31,287 - INFO -   Epoch [80/175] Loss: 1.8183
2026-02-22 08:33:31,906 - INFO -   Epoch [90/175] Loss: 1.3840
2026-02-22 08:33:32,528 - INFO -   Epoch [100/175] Loss: 1.5931
2026-02-22 08:33:33,145 - INFO -   Epoch [110/175] Loss: 2.6763
2026-02-22 08:33:33,764 - INFO -   Epoch [120/175] Loss: 1.5280
2026-02-22 08:33:34,380 - INFO -   Epoch [130/175] Loss: 1.2080
2026-02-22 08:33:34,998 - INFO -   Epoch [140/175] Loss: 1.5737
2026-02-22 08:33:35,616 - INFO -   Epoch [150/175] Loss: 2.3257
2026-02-22 08:33:36,216 - INFO -   Epoch [160/175] Loss: 1.2814
2026-02-22 08:33:36,826 - INFO -   Epoch [170/175] Loss: 2.1700
2026-02-22 08:33:37,765 - INFO -   Train Loss: 1.6321
2026-02-22 08:33:37,765 - INFO -   Train Accuracy: 31.57%
2026-02-22 08:33:37,765 - INFO -   Val Loss: 1.6026
2026-02-22 08:33:37,765 - INFO -   Val Accuracy: 38.00% | F1: 0.3211
2026-02-22 08:33:37,765 - INFO -   LR: 0.001000
2026-02-22 08:33:37,765 - INFO -   Patience: 3/15
2026-02-22 08:33:37,765 - INFO - 
Epoch 11/100
2026-02-22 08:33:38,384 - INFO -   Epoch [10/175] Loss: 1.0761
2026-02-22 08:33:39,002 - INFO -   Epoch [20/175] Loss: 1.3156
2026-02-22 08:33:39,629 - INFO -   Epoch [30/175] Loss: 1.9746
2026-02-22 08:33:40,248 - INFO -   Epoch [40/175] Loss: 1.2242
2026-02-22 08:33:40,867 - INFO -   Epoch [50/175] Loss: 1.6379
2026-02-22 08:33:41,482 - INFO -   Epoch [60/175] Loss: 1.1816
2026-02-22 08:33:42,083 - INFO -   Epoch [70/175] Loss: 1.3261
2026-02-22 08:33:42,691 - INFO -   Epoch [80/175] Loss: 2.2945
2026-02-22 08:33:43,306 - INFO -   Epoch [90/175] Loss: 1.7357
2026-02-22 08:33:43,917 - INFO -   Epoch [100/175] Loss: 1.7871
2026-02-22 08:33:44,530 - INFO -   Epoch [110/175] Loss: 1.5079
2026-02-22 08:33:45,143 - INFO -   Epoch [120/175] Loss: 1.6363
2026-02-22 08:33:45,759 - INFO -   Epoch [130/175] Loss: 1.7663
2026-02-22 08:33:46,353 - INFO -   Epoch [140/175] Loss: 2.4434
2026-02-22 08:33:46,964 - INFO -   Epoch [150/175] Loss: 1.2641
2026-02-22 08:33:47,583 - INFO -   Epoch [160/175] Loss: 1.8631
2026-02-22 08:33:48,207 - INFO -   Epoch [170/175] Loss: 1.3389
2026-02-22 08:33:49,174 - INFO -   Train Loss: 1.6023
2026-02-22 08:33:49,174 - INFO -   Train Accuracy: 33.29%
2026-02-22 08:33:49,174 - INFO -   Val Loss: 1.7165
2026-02-22 08:33:49,174 - INFO -   Val Accuracy: 38.25% | F1: 0.2995
2026-02-22 08:33:49,174 - INFO -   LR: 0.001000
2026-02-22 08:33:49,174 - INFO -   Patience: 4/15
2026-02-22 08:33:49,174 - INFO - 
Epoch 12/100
2026-02-22 08:33:49,774 - INFO -   Epoch [10/175] Loss: 1.4819
2026-02-22 08:33:50,388 - INFO -   Epoch [20/175] Loss: 2.0158
2026-02-22 08:33:50,999 - INFO -   Epoch [30/175] Loss: 1.3436
2026-02-22 08:33:51,614 - INFO -   Epoch [40/175] Loss: 1.7042
2026-02-22 08:33:52,226 - INFO -   Epoch [50/175] Loss: 1.8402
2026-02-22 08:33:52,839 - INFO -   Epoch [60/175] Loss: 1.3490
2026-02-22 08:33:53,453 - INFO -   Epoch [70/175] Loss: 2.0497
2026-02-22 08:33:54,074 - INFO -   Epoch [80/175] Loss: 2.4025
2026-02-22 08:33:54,685 - INFO -   Epoch [90/175] Loss: 1.3695
2026-02-22 08:33:55,280 - INFO -   Epoch [100/175] Loss: 1.2120
2026-02-22 08:33:55,896 - INFO -   Epoch [110/175] Loss: 1.8441
2026-02-22 08:33:56,511 - INFO -   Epoch [120/175] Loss: 1.4995
2026-02-22 08:33:57,122 - INFO -   Epoch [130/175] Loss: 2.0183
2026-02-22 08:33:57,740 - INFO -   Epoch [140/175] Loss: 1.8496
2026-02-22 08:33:58,359 - INFO -   Epoch [150/175] Loss: 1.6242
2026-02-22 08:33:58,978 - INFO -   Epoch [160/175] Loss: 1.0984
2026-02-22 08:33:59,593 - INFO -   Epoch [170/175] Loss: 1.2661
2026-02-22 08:34:00,550 - INFO -   Train Loss: 1.6132
2026-02-22 08:34:00,550 - INFO -   Train Accuracy: 34.25%
2026-02-22 08:34:00,550 - INFO -   Val Loss: 1.6348
2026-02-22 08:34:00,550 - INFO -   Val Accuracy: 40.25% | F1: 0.3293
2026-02-22 08:34:00,550 - INFO -   LR: 0.001000
2026-02-22 08:34:00,551 - INFO -   Patience: 5/15
2026-02-22 08:34:00,551 - INFO - 
Epoch 13/100
2026-02-22 08:34:01,164 - INFO -   Epoch [10/175] Loss: 1.3051
2026-02-22 08:34:01,783 - INFO -   Epoch [20/175] Loss: 1.0150
2026-02-22 08:34:02,398 - INFO -   Epoch [30/175] Loss: 1.3480
2026-02-22 08:34:03,012 - INFO -   Epoch [40/175] Loss: 1.7466
2026-02-22 08:34:03,636 - INFO -   Epoch [50/175] Loss: 2.6035
2026-02-22 08:34:04,257 - INFO -   Epoch [60/175] Loss: 1.7439
2026-02-22 08:34:04,876 - INFO -   Epoch [70/175] Loss: 2.2919
2026-02-22 08:34:05,494 - INFO -   Epoch [80/175] Loss: 1.3568
2026-02-22 08:34:06,097 - INFO -   Epoch [90/175] Loss: 1.2733
2026-02-22 08:34:06,688 - INFO -   Epoch [100/175] Loss: 1.6479
2026-02-22 08:34:07,281 - INFO -   Epoch [110/175] Loss: 1.6692
2026-02-22 08:34:07,895 - INFO -   Epoch [120/175] Loss: 1.4487
2026-02-22 08:34:08,508 - INFO -   Epoch [130/175] Loss: 1.6621
2026-02-22 08:34:09,123 - INFO -   Epoch [140/175] Loss: 1.5594
2026-02-22 08:34:09,748 - INFO -   Epoch [150/175] Loss: 1.8973
2026-02-22 08:34:10,366 - INFO -   Epoch [160/175] Loss: 1.5055
2026-02-22 08:34:10,984 - INFO -   Epoch [170/175] Loss: 1.6541
2026-02-22 08:34:11,945 - INFO -   Train Loss: 1.5723
2026-02-22 08:34:11,946 - INFO -   Train Accuracy: 36.57%
2026-02-22 08:34:11,946 - INFO -   Val Loss: 1.6688
2026-02-22 08:34:11,946 - INFO -   Val Accuracy: 31.00% | F1: 0.2935
2026-02-22 08:34:11,946 - INFO -   LR: 0.001000
2026-02-22 08:34:11,946 - INFO -   Patience: 6/15
2026-02-22 08:34:11,946 - INFO - 
Epoch 14/100
2026-02-22 08:34:12,566 - INFO -   Epoch [10/175] Loss: 1.4668
2026-02-22 08:34:13,180 - INFO -   Epoch [20/175] Loss: 1.3370
2026-02-22 08:34:13,793 - INFO -   Epoch [30/175] Loss: 1.8290
2026-02-22 08:34:14,407 - INFO -   Epoch [40/175] Loss: 1.5699
2026-02-22 08:34:15,019 - INFO -   Epoch [50/175] Loss: 1.1242
2026-02-22 08:34:15,634 - INFO -   Epoch [60/175] Loss: 1.7934
2026-02-22 08:34:16,243 - INFO -   Epoch [70/175] Loss: 3.1313
2026-02-22 08:34:16,852 - INFO -   Epoch [80/175] Loss: 1.3423
2026-02-22 08:34:17,463 - INFO -   Epoch [90/175] Loss: 1.1094
2026-02-22 08:34:18,077 - INFO -   Epoch [100/175] Loss: 1.0572
2026-02-22 08:34:18,690 - INFO -   Epoch [110/175] Loss: 1.3678
2026-02-22 08:34:19,301 - INFO -   Epoch [120/175] Loss: 1.4313
2026-02-22 08:34:19,916 - INFO -   Epoch [130/175] Loss: 3.2802
2026-02-22 08:34:20,537 - INFO -   Epoch [140/175] Loss: 1.5866
2026-02-22 08:34:21,153 - INFO -   Epoch [150/175] Loss: 1.9570
2026-02-22 08:34:21,758 - INFO -   Epoch [160/175] Loss: 1.3336
2026-02-22 08:34:22,369 - INFO -   Epoch [170/175] Loss: 1.4613
2026-02-22 08:34:23,333 - INFO -   Train Loss: 1.5567
2026-02-22 08:34:23,333 - INFO -   Train Accuracy: 33.96%
2026-02-22 08:34:23,334 - INFO -   Val Loss: 1.5773
2026-02-22 08:34:23,334 - INFO -   Val Accuracy: 44.00% | F1: 0.3253
2026-02-22 08:34:23,334 - INFO -   LR: 0.000500
2026-02-22 08:34:23,482 - INFO -   ✓ New best model saved!
2026-02-22 08:34:23,482 - INFO -   Patience: 0/15
2026-02-22 08:34:23,482 - INFO - 
Epoch 15/100
2026-02-22 08:34:24,105 - INFO -   Epoch [10/175] Loss: 1.5202
2026-02-22 08:34:24,722 - INFO -   Epoch [20/175] Loss: 1.3989
2026-02-22 08:34:25,339 - INFO -   Epoch [30/175] Loss: 1.3274
2026-02-22 08:34:25,956 - INFO -   Epoch [40/175] Loss: 1.7773
2026-02-22 08:34:26,548 - INFO -   Epoch [50/175] Loss: 1.7757
2026-02-22 08:34:27,138 - INFO -   Epoch [60/175] Loss: 1.3007
2026-02-22 08:34:27,745 - INFO -   Epoch [70/175] Loss: 1.2487
2026-02-22 08:34:28,362 - INFO -   Epoch [80/175] Loss: 2.2577
2026-02-22 08:34:28,979 - INFO -   Epoch [90/175] Loss: 1.4825
2026-02-22 08:34:29,594 - INFO -   Epoch [100/175] Loss: 1.2800
2026-02-22 08:34:30,209 - INFO -   Epoch [110/175] Loss: 1.9757
2026-02-22 08:34:30,831 - INFO -   Epoch [120/175] Loss: 1.4295
2026-02-22 08:34:31,453 - INFO -   Epoch [130/175] Loss: 1.6340
2026-02-22 08:34:32,074 - INFO -   Epoch [140/175] Loss: 1.4192
2026-02-22 08:34:32,694 - INFO -   Epoch [150/175] Loss: 2.2014
2026-02-22 08:34:33,318 - INFO -   Epoch [160/175] Loss: 1.4950
2026-02-22 08:34:33,939 - INFO -   Epoch [170/175] Loss: 2.0946
2026-02-22 08:34:34,902 - INFO -   Train Loss: 1.5305
2026-02-22 08:34:34,902 - INFO -   Train Accuracy: 36.75%
2026-02-22 08:34:34,902 - INFO -   Val Loss: 1.5358
2026-02-22 08:34:34,902 - INFO -   Val Accuracy: 41.25% | F1: 0.3633
2026-02-22 08:34:34,902 - INFO -   LR: 0.000500
2026-02-22 08:34:34,902 - INFO -   Patience: 1/15
2026-02-22 08:34:34,902 - INFO - 
Epoch 16/100
2026-02-22 08:34:35,523 - INFO -   Epoch [10/175] Loss: 1.2244
2026-02-22 08:34:36,144 - INFO -   Epoch [20/175] Loss: 1.0965
2026-02-22 08:34:36,754 - INFO -   Epoch [30/175] Loss: 1.5836
2026-02-22 08:34:37,375 - INFO -   Epoch [40/175] Loss: 3.3785
2026-02-22 08:34:37,995 - INFO -   Epoch [50/175] Loss: 1.4414
2026-02-22 08:34:38,613 - INFO -   Epoch [60/175] Loss: 1.8656
2026-02-22 08:34:39,226 - INFO -   Epoch [70/175] Loss: 1.8027
2026-02-22 08:34:39,848 - INFO -   Epoch [80/175] Loss: 1.5405
2026-02-22 08:34:40,464 - INFO -   Epoch [90/175] Loss: 1.4127
2026-02-22 08:34:41,084 - INFO -   Epoch [100/175] Loss: 1.2930
2026-02-22 08:34:41,705 - INFO -   Epoch [110/175] Loss: 1.8549
2026-02-22 08:34:42,331 - INFO -   Epoch [120/175] Loss: 1.6117
2026-02-22 08:34:42,970 - INFO -   Epoch [130/175] Loss: 1.2964
2026-02-22 08:34:43,585 - INFO -   Epoch [140/175] Loss: 1.5933
2026-02-22 08:34:44,200 - INFO -   Epoch [150/175] Loss: 1.2699
2026-02-22 08:34:44,817 - INFO -   Epoch [160/175] Loss: 1.8638
2026-02-22 08:34:45,432 - INFO -   Epoch [170/175] Loss: 1.3382
2026-02-22 08:34:46,360 - INFO -   Train Loss: 1.5408
2026-02-22 08:34:46,360 - INFO -   Train Accuracy: 33.93%
2026-02-22 08:34:46,360 - INFO -   Val Loss: 1.5326
2026-02-22 08:34:46,360 - INFO -   Val Accuracy: 43.00% | F1: 0.3301
2026-02-22 08:34:46,360 - INFO -   LR: 0.000500
2026-02-22 08:34:46,361 - INFO -   Patience: 2/15
2026-02-22 08:34:46,361 - INFO - 
Epoch 17/100
2026-02-22 08:34:46,976 - INFO -   Epoch [10/175] Loss: 1.2867
2026-02-22 08:34:47,588 - INFO -   Epoch [20/175] Loss: 1.7761
2026-02-22 08:34:48,182 - INFO -   Epoch [30/175] Loss: 1.3491
2026-02-22 08:34:48,784 - INFO -   Epoch [40/175] Loss: 1.5728
2026-02-22 08:34:49,378 - INFO -   Epoch [50/175] Loss: 2.3720
2026-02-22 08:34:49,979 - INFO -   Epoch [60/175] Loss: 1.5335
2026-02-22 08:34:50,586 - INFO -   Epoch [70/175] Loss: 1.5972
2026-02-22 08:34:51,184 - INFO -   Epoch [80/175] Loss: 0.9178
2026-02-22 08:34:51,798 - INFO -   Epoch [90/175] Loss: 1.0190
2026-02-22 08:34:52,414 - INFO -   Epoch [100/175] Loss: 1.8281
2026-02-22 08:34:53,034 - INFO -   Epoch [110/175] Loss: 1.4753
2026-02-22 08:34:53,655 - INFO -   Epoch [120/175] Loss: 1.5753
2026-02-22 08:34:54,269 - INFO -   Epoch [130/175] Loss: 1.3804
2026-02-22 08:34:54,888 - INFO -   Epoch [140/175] Loss: 1.3352
2026-02-22 08:34:55,503 - INFO -   Epoch [150/175] Loss: 0.8073
2026-02-22 08:34:56,118 - INFO -   Epoch [160/175] Loss: 2.8372
2026-02-22 08:34:56,716 - INFO -   Epoch [170/175] Loss: 1.5671
2026-02-22 08:34:57,641 - INFO -   Train Loss: 1.5461
2026-02-22 08:34:57,641 - INFO -   Train Accuracy: 37.18%
2026-02-22 08:34:57,641 - INFO -   Val Loss: 1.5465
2026-02-22 08:34:57,641 - INFO -   Val Accuracy: 45.00% | F1: 0.3468
2026-02-22 08:34:57,641 - INFO -   LR: 0.000500
2026-02-22 08:34:57,747 - INFO -   ✓ New best model saved!
2026-02-22 08:34:57,748 - INFO -   Patience: 0/15
2026-02-22 08:34:57,748 - INFO - 
Epoch 18/100
2026-02-22 08:34:58,372 - INFO -   Epoch [10/175] Loss: 1.2264
2026-02-22 08:34:58,990 - INFO -   Epoch [20/175] Loss: 1.3056
2026-02-22 08:34:59,603 - INFO -   Epoch [30/175] Loss: 1.7372
2026-02-22 08:35:00,217 - INFO -   Epoch [40/175] Loss: 1.3306
2026-02-22 08:35:00,842 - INFO -   Epoch [50/175] Loss: 1.2471
2026-02-22 08:35:01,462 - INFO -   Epoch [60/175] Loss: 1.5089
2026-02-22 08:35:02,081 - INFO -   Epoch [70/175] Loss: 1.8484
2026-02-22 08:35:02,696 - INFO -   Epoch [80/175] Loss: 2.0108
2026-02-22 08:35:03,310 - INFO -   Epoch [90/175] Loss: 2.1884
2026-02-22 08:35:03,934 - INFO -   Epoch [100/175] Loss: 1.3080
2026-02-22 08:35:04,557 - INFO -   Epoch [110/175] Loss: 1.9745
2026-02-22 08:35:05,173 - INFO -   Epoch [120/175] Loss: 1.4548
2026-02-22 08:35:05,793 - INFO -   Epoch [130/175] Loss: 1.3473
2026-02-22 08:35:06,413 - INFO -   Epoch [140/175] Loss: 2.6313
2026-02-22 08:35:07,030 - INFO -   Epoch [150/175] Loss: 1.6218
2026-02-22 08:35:07,643 - INFO -   Epoch [160/175] Loss: 1.6991
2026-02-22 08:35:08,268 - INFO -   Epoch [170/175] Loss: 1.6193
2026-02-22 08:35:09,227 - INFO -   Train Loss: 1.5257
2026-02-22 08:35:09,227 - INFO -   Train Accuracy: 36.29%
2026-02-22 08:35:09,227 - INFO -   Val Loss: 1.5610
2026-02-22 08:35:09,227 - INFO -   Val Accuracy: 43.50% | F1: 0.3296
2026-02-22 08:35:09,227 - INFO -   LR: 0.000500
2026-02-22 08:35:09,227 - INFO -   Patience: 1/15
2026-02-22 08:35:09,227 - INFO - 
Epoch 19/100
2026-02-22 08:35:09,847 - INFO -   Epoch [10/175] Loss: 1.6605
2026-02-22 08:35:10,465 - INFO -   Epoch [20/175] Loss: 2.1537
2026-02-22 08:35:11,081 - INFO -   Epoch [30/175] Loss: 1.2947
2026-02-22 08:35:11,696 - INFO -   Epoch [40/175] Loss: 1.1547
2026-02-22 08:35:12,314 - INFO -   Epoch [50/175] Loss: 1.1203
2026-02-22 08:35:12,928 - INFO -   Epoch [60/175] Loss: 1.9196
2026-02-22 08:35:13,544 - INFO -   Epoch [70/175] Loss: 1.5339
2026-02-22 08:35:14,166 - INFO -   Epoch [80/175] Loss: 1.7008
2026-02-22 08:35:14,784 - INFO -   Epoch [90/175] Loss: 1.5364
2026-02-22 08:35:15,405 - INFO -   Epoch [100/175] Loss: 1.7174
2026-02-22 08:35:16,004 - INFO -   Epoch [110/175] Loss: 1.3777
2026-02-22 08:35:16,600 - INFO -   Epoch [120/175] Loss: 1.4034
2026-02-22 08:35:17,204 - INFO -   Epoch [130/175] Loss: 1.5397
2026-02-22 08:35:17,793 - INFO -   Epoch [140/175] Loss: 1.4415
2026-02-22 08:35:18,383 - INFO -   Epoch [150/175] Loss: 1.6970
2026-02-22 08:35:18,973 - INFO -   Epoch [160/175] Loss: 1.5876
2026-02-22 08:35:19,582 - INFO -   Epoch [170/175] Loss: 1.3962
2026-02-22 08:35:20,538 - INFO -   Train Loss: 1.5068
2026-02-22 08:35:20,538 - INFO -   Train Accuracy: 38.25%
2026-02-22 08:35:20,538 - INFO -   Val Loss: 1.6141
2026-02-22 08:35:20,538 - INFO -   Val Accuracy: 46.00% | F1: 0.3326
2026-02-22 08:35:20,538 - INFO -   LR: 0.000500
2026-02-22 08:35:20,640 - INFO -   ✓ New best model saved!
2026-02-22 08:35:20,641 - INFO -   Patience: 0/15
2026-02-22 08:35:20,641 - INFO - 
Epoch 20/100
2026-02-22 08:35:21,266 - INFO -   Epoch [10/175] Loss: 1.7114
2026-02-22 08:35:21,888 - INFO -   Epoch [20/175] Loss: 1.1286
2026-02-22 08:35:22,505 - INFO -   Epoch [30/175] Loss: 1.2464
2026-02-22 08:35:23,119 - INFO -   Epoch [40/175] Loss: 1.8604
2026-02-22 08:35:23,732 - INFO -   Epoch [50/175] Loss: 1.8651
2026-02-22 08:35:24,348 - INFO -   Epoch [60/175] Loss: 1.1760
2026-02-22 08:35:24,968 - INFO -   Epoch [70/175] Loss: 2.1919
2026-02-22 08:35:25,603 - INFO -   Epoch [80/175] Loss: 1.2313
2026-02-22 08:35:26,229 - INFO -   Epoch [90/175] Loss: 1.0267
2026-02-22 08:35:26,848 - INFO -   Epoch [100/175] Loss: 1.1063
2026-02-22 08:35:27,468 - INFO -   Epoch [110/175] Loss: 1.2776
2026-02-22 08:35:28,088 - INFO -   Epoch [120/175] Loss: 1.2966
2026-02-22 08:35:28,702 - INFO -   Epoch [130/175] Loss: 1.9749
2026-02-22 08:35:29,322 - INFO -   Epoch [140/175] Loss: 1.1778
2026-02-22 08:35:29,937 - INFO -   Epoch [150/175] Loss: 1.1387
2026-02-22 08:35:30,563 - INFO -   Epoch [160/175] Loss: 1.4273
2026-02-22 08:35:31,183 - INFO -   Epoch [170/175] Loss: 1.2097
2026-02-22 08:35:32,143 - INFO -   Train Loss: 1.4755
2026-02-22 08:35:32,144 - INFO -   Train Accuracy: 39.00%
2026-02-22 08:35:32,144 - INFO -   Val Loss: 1.5589
2026-02-22 08:35:32,144 - INFO -   Val Accuracy: 40.50% | F1: 0.3294
2026-02-22 08:35:32,144 - INFO -   LR: 0.000500
2026-02-22 08:35:32,144 - INFO -   Patience: 1/15
2026-02-22 08:35:32,144 - INFO - 
Epoch 21/100
2026-02-22 08:35:32,757 - INFO -   Epoch [10/175] Loss: 1.8336
2026-02-22 08:35:33,372 - INFO -   Epoch [20/175] Loss: 1.7066
2026-02-22 08:35:33,986 - INFO -   Epoch [30/175] Loss: 2.4919
2026-02-22 08:35:34,600 - INFO -   Epoch [40/175] Loss: 1.7094
2026-02-22 08:35:35,213 - INFO -   Epoch [50/175] Loss: 1.4795
2026-02-22 08:35:35,820 - INFO -   Epoch [60/175] Loss: 2.6347
2026-02-22 08:35:36,412 - INFO -   Epoch [70/175] Loss: 1.3890
2026-02-22 08:35:37,007 - INFO -   Epoch [80/175] Loss: 1.1866
2026-02-22 08:35:37,601 - INFO -   Epoch [90/175] Loss: 1.6919
2026-02-22 08:35:38,217 - INFO -   Epoch [100/175] Loss: 1.4269
2026-02-22 08:35:38,832 - INFO -   Epoch [110/175] Loss: 1.1611
2026-02-22 08:35:39,445 - INFO -   Epoch [120/175] Loss: 1.5027
2026-02-22 08:35:40,046 - INFO -   Epoch [130/175] Loss: 1.3307
2026-02-22 08:35:40,653 - INFO -   Epoch [140/175] Loss: 4.3103
2026-02-22 08:35:41,269 - INFO -   Epoch [150/175] Loss: 1.5981
2026-02-22 08:35:41,886 - INFO -   Epoch [160/175] Loss: 1.2280
2026-02-22 08:35:42,501 - INFO -   Epoch [170/175] Loss: 1.3934
2026-02-22 08:35:43,469 - INFO -   Train Loss: 1.4904
2026-02-22 08:35:43,469 - INFO -   Train Accuracy: 38.75%
2026-02-22 08:35:43,469 - INFO -   Val Loss: 1.5235
2026-02-22 08:35:43,469 - INFO -   Val Accuracy: 37.00% | F1: 0.3150
2026-02-22 08:35:43,469 - INFO -   LR: 0.000500
2026-02-22 08:35:43,469 - INFO -   Patience: 2/15
2026-02-22 08:35:43,469 - INFO - 
Epoch 22/100
2026-02-22 08:35:44,086 - INFO -   Epoch [10/175] Loss: 1.6063
2026-02-22 08:35:44,701 - INFO -   Epoch [20/175] Loss: 1.4863
2026-02-22 08:35:45,319 - INFO -   Epoch [30/175] Loss: 1.3542
2026-02-22 08:35:45,928 - INFO -   Epoch [40/175] Loss: 1.2065
2026-02-22 08:35:46,527 - INFO -   Epoch [50/175] Loss: 1.1906
2026-02-22 08:35:47,144 - INFO -   Epoch [60/175] Loss: 1.5071
2026-02-22 08:35:47,762 - INFO -   Epoch [70/175] Loss: 1.2759
2026-02-22 08:35:48,380 - INFO -   Epoch [80/175] Loss: 1.7053
2026-02-22 08:35:48,992 - INFO -   Epoch [90/175] Loss: 1.4342
2026-02-22 08:35:49,605 - INFO -   Epoch [100/175] Loss: 1.6866
2026-02-22 08:35:50,218 - INFO -   Epoch [110/175] Loss: 1.7662
2026-02-22 08:35:50,831 - INFO -   Epoch [120/175] Loss: 1.4473
2026-02-22 08:35:51,448 - INFO -   Epoch [130/175] Loss: 0.8188
2026-02-22 08:35:52,069 - INFO -   Epoch [140/175] Loss: 1.5474
2026-02-22 08:35:52,686 - INFO -   Epoch [150/175] Loss: 1.6985
2026-02-22 08:35:53,301 - INFO -   Epoch [160/175] Loss: 1.3248
2026-02-22 08:35:53,915 - INFO -   Epoch [170/175] Loss: 0.9818
2026-02-22 08:35:54,882 - INFO -   Train Loss: 1.4858
2026-02-22 08:35:54,882 - INFO -   Train Accuracy: 36.18%
2026-02-22 08:35:54,882 - INFO -   Val Loss: 1.5481
2026-02-22 08:35:54,882 - INFO -   Val Accuracy: 31.00% | F1: 0.2778
2026-02-22 08:35:54,883 - INFO -   LR: 0.000500
2026-02-22 08:35:54,883 - INFO -   Patience: 3/15
2026-02-22 08:35:54,883 - INFO - 
Epoch 23/100
2026-02-22 08:35:55,500 - INFO -   Epoch [10/175] Loss: 1.3658
2026-02-22 08:35:56,119 - INFO -   Epoch [20/175] Loss: 1.2042
2026-02-22 08:35:56,736 - INFO -   Epoch [30/175] Loss: 1.5983
2026-02-22 08:35:57,351 - INFO -   Epoch [40/175] Loss: 1.6204
2026-02-22 08:35:57,965 - INFO -   Epoch [50/175] Loss: 1.1635
2026-02-22 08:35:58,587 - INFO -   Epoch [60/175] Loss: 1.4773
2026-02-22 08:35:59,204 - INFO -   Epoch [70/175] Loss: 1.9934
2026-02-22 08:35:59,818 - INFO -   Epoch [80/175] Loss: 1.2454
2026-02-22 08:36:00,436 - INFO -   Epoch [90/175] Loss: 1.2471
2026-02-22 08:36:01,056 - INFO -   Epoch [100/175] Loss: 1.0011
2026-02-22 08:36:01,672 - INFO -   Epoch [110/175] Loss: 1.3615
2026-02-22 08:36:02,286 - INFO -   Epoch [120/175] Loss: 1.2382
2026-02-22 08:36:02,899 - INFO -   Epoch [130/175] Loss: 1.6522
2026-02-22 08:36:03,517 - INFO -   Epoch [140/175] Loss: 1.2357
2026-02-22 08:36:04,136 - INFO -   Epoch [150/175] Loss: 1.9527
2026-02-22 08:36:04,753 - INFO -   Epoch [160/175] Loss: 1.2895
2026-02-22 08:36:05,369 - INFO -   Epoch [170/175] Loss: 1.5496
2026-02-22 08:36:06,324 - INFO -   Train Loss: 1.4598
2026-02-22 08:36:06,324 - INFO -   Train Accuracy: 35.96%
2026-02-22 08:36:06,324 - INFO -   Val Loss: 1.4884
2026-02-22 08:36:06,324 - INFO -   Val Accuracy: 43.50% | F1: 0.3490
2026-02-22 08:36:06,324 - INFO -   LR: 0.000500
2026-02-22 08:36:06,324 - INFO -   Patience: 4/15
2026-02-22 08:36:06,324 - INFO - 
Epoch 24/100
2026-02-22 08:36:06,917 - INFO -   Epoch [10/175] Loss: 1.1978
2026-02-22 08:36:07,511 - INFO -   Epoch [20/175] Loss: 1.4057
2026-02-22 08:36:08,102 - INFO -   Epoch [30/175] Loss: 1.2409
2026-02-22 08:36:08,694 - INFO -   Epoch [40/175] Loss: 1.4711
2026-02-22 08:36:09,288 - INFO -   Epoch [50/175] Loss: 1.4473
2026-02-22 08:36:09,866 - INFO -   Epoch [60/175] Loss: 1.4881
2026-02-22 08:36:10,438 - INFO -   Epoch [70/175] Loss: 1.5560
2026-02-22 08:36:11,009 - INFO -   Epoch [80/175] Loss: 1.5390
2026-02-22 08:36:11,580 - INFO -   Epoch [90/175] Loss: 1.0070
2026-02-22 08:36:12,152 - INFO -   Epoch [100/175] Loss: 1.8922
2026-02-22 08:36:12,735 - INFO -   Epoch [110/175] Loss: 1.6630
2026-02-22 08:36:13,331 - INFO -   Epoch [120/175] Loss: 1.5461
2026-02-22 08:36:13,928 - INFO -   Epoch [130/175] Loss: 1.7205
2026-02-22 08:36:14,524 - INFO -   Epoch [140/175] Loss: 1.3034
2026-02-22 08:36:15,119 - INFO -   Epoch [150/175] Loss: 2.5390
2026-02-22 08:36:15,735 - INFO -   Epoch [160/175] Loss: 3.1948
2026-02-22 08:36:16,336 - INFO -   Epoch [170/175] Loss: 1.1012
2026-02-22 08:36:17,287 - INFO -   Train Loss: 1.4734
2026-02-22 08:36:17,287 - INFO -   Train Accuracy: 38.82%
2026-02-22 08:36:17,287 - INFO -   Val Loss: 1.6049
2026-02-22 08:36:17,287 - INFO -   Val Accuracy: 47.50% | F1: 0.3392
2026-02-22 08:36:17,287 - INFO -   LR: 0.000500
2026-02-22 08:36:17,428 - INFO -   ✓ New best model saved!
2026-02-22 08:36:17,429 - INFO -   Patience: 0/15
2026-02-22 08:36:17,429 - INFO - 
Epoch 25/100
2026-02-22 08:36:18,050 - INFO -   Epoch [10/175] Loss: 1.7566
2026-02-22 08:36:18,666 - INFO -   Epoch [20/175] Loss: 1.5733
2026-02-22 08:36:19,280 - INFO -   Epoch [30/175] Loss: 2.0387
2026-02-22 08:36:19,903 - INFO -   Epoch [40/175] Loss: 1.2701
2026-02-22 08:36:20,529 - INFO -   Epoch [50/175] Loss: 1.8266
2026-02-22 08:36:21,152 - INFO -   Epoch [60/175] Loss: 1.0208
2026-02-22 08:36:21,770 - INFO -   Epoch [70/175] Loss: 1.1602
2026-02-22 08:36:22,386 - INFO -   Epoch [80/175] Loss: 1.6547
2026-02-22 08:36:23,001 - INFO -   Epoch [90/175] Loss: 1.1194
2026-02-22 08:36:23,615 - INFO -   Epoch [100/175] Loss: 1.3046
2026-02-22 08:36:24,232 - INFO -   Epoch [110/175] Loss: 1.5122
2026-02-22 08:36:24,848 - INFO -   Epoch [120/175] Loss: 1.3353
2026-02-22 08:36:25,465 - INFO -   Epoch [130/175] Loss: 1.2480
2026-02-22 08:36:26,082 - INFO -   Epoch [140/175] Loss: 1.3277
2026-02-22 08:36:26,696 - INFO -   Epoch [150/175] Loss: 1.5757
2026-02-22 08:36:27,310 - INFO -   Epoch [160/175] Loss: 1.7958
2026-02-22 08:36:27,919 - INFO -   Epoch [170/175] Loss: 1.4595
2026-02-22 08:36:28,873 - INFO -   Train Loss: 1.5068
2026-02-22 08:36:28,873 - INFO -   Train Accuracy: 40.29%
2026-02-22 08:36:28,873 - INFO -   Val Loss: 1.5637
2026-02-22 08:36:28,874 - INFO -   Val Accuracy: 48.50% | F1: 0.3920
2026-02-22 08:36:28,874 - INFO -   LR: 0.000500
2026-02-22 08:36:28,979 - INFO -   ✓ New best model saved!
2026-02-22 08:36:28,979 - INFO -   Patience: 0/15
2026-02-22 08:36:28,979 - INFO - 
Epoch 26/100
2026-02-22 08:36:29,603 - INFO -   Epoch [10/175] Loss: 1.4106
2026-02-22 08:36:30,221 - INFO -   Epoch [20/175] Loss: 1.5874
2026-02-22 08:36:30,844 - INFO -   Epoch [30/175] Loss: 1.0631
2026-02-22 08:36:31,463 - INFO -   Epoch [40/175] Loss: 2.4321
2026-02-22 08:36:32,076 - INFO -   Epoch [50/175] Loss: 1.8351
2026-02-22 08:36:32,689 - INFO -   Epoch [60/175] Loss: 2.0683
2026-02-22 08:36:33,301 - INFO -   Epoch [70/175] Loss: 1.2517
2026-02-22 08:36:33,922 - INFO -   Epoch [80/175] Loss: 1.3607
2026-02-22 08:36:34,535 - INFO -   Epoch [90/175] Loss: 1.0864
2026-02-22 08:36:35,150 - INFO -   Epoch [100/175] Loss: 0.9259
2026-02-22 08:36:35,763 - INFO -   Epoch [110/175] Loss: 1.3275
2026-02-22 08:36:36,381 - INFO -   Epoch [120/175] Loss: 1.3079
2026-02-22 08:36:36,989 - INFO -   Epoch [130/175] Loss: 1.5968
2026-02-22 08:36:37,602 - INFO -   Epoch [140/175] Loss: 1.1937
2026-02-22 08:36:38,214 - INFO -   Epoch [150/175] Loss: 1.2738
2026-02-22 08:36:38,830 - INFO -   Epoch [160/175] Loss: 1.4867
2026-02-22 08:36:39,445 - INFO -   Epoch [170/175] Loss: 1.5751
2026-02-22 08:36:40,414 - INFO -   Train Loss: 1.5067
2026-02-22 08:36:40,414 - INFO -   Train Accuracy: 39.39%
2026-02-22 08:36:40,415 - INFO -   Val Loss: 1.5303
2026-02-22 08:36:40,415 - INFO -   Val Accuracy: 45.25% | F1: 0.3644
2026-02-22 08:36:40,415 - INFO -   LR: 0.000500
2026-02-22 08:36:40,415 - INFO -   Patience: 1/15
2026-02-22 08:36:40,415 - INFO - 
Epoch 27/100
2026-02-22 08:36:41,028 - INFO -   Epoch [10/175] Loss: 1.6374
2026-02-22 08:36:41,647 - INFO -   Epoch [20/175] Loss: 1.1080
2026-02-22 08:36:42,274 - INFO -   Epoch [30/175] Loss: 1.4719
2026-02-22 08:36:42,899 - INFO -   Epoch [40/175] Loss: 1.5819
2026-02-22 08:36:43,523 - INFO -   Epoch [50/175] Loss: 1.0630
2026-02-22 08:36:44,140 - INFO -   Epoch [60/175] Loss: 1.5916
2026-02-22 08:36:44,756 - INFO -   Epoch [70/175] Loss: 1.5970
2026-02-22 08:36:45,376 - INFO -   Epoch [80/175] Loss: 1.5066
2026-02-22 08:36:45,985 - INFO -   Epoch [90/175] Loss: 1.2076
2026-02-22 08:36:46,593 - INFO -   Epoch [100/175] Loss: 1.3417
2026-02-22 08:36:47,208 - INFO -   Epoch [110/175] Loss: 1.2273
2026-02-22 08:36:47,824 - INFO -   Epoch [120/175] Loss: 0.9931
2026-02-22 08:36:48,435 - INFO -   Epoch [130/175] Loss: 1.2365
2026-02-22 08:36:49,027 - INFO -   Epoch [140/175] Loss: 1.7846
2026-02-22 08:36:49,623 - INFO -   Epoch [150/175] Loss: 1.3369
2026-02-22 08:36:50,245 - INFO -   Epoch [160/175] Loss: 1.0908
2026-02-22 08:36:50,864 - INFO -   Epoch [170/175] Loss: 1.1629
2026-02-22 08:36:51,833 - INFO -   Train Loss: 1.4764
2026-02-22 08:36:51,833 - INFO -   Train Accuracy: 41.07%
2026-02-22 08:36:51,833 - INFO -   Val Loss: 1.5178
2026-02-22 08:36:51,833 - INFO -   Val Accuracy: 45.50% | F1: 0.3380
2026-02-22 08:36:51,833 - INFO -   LR: 0.000500
2026-02-22 08:36:51,833 - INFO -   Patience: 2/15
2026-02-22 08:36:51,833 - INFO - 
Epoch 28/100
2026-02-22 08:36:52,449 - INFO -   Epoch [10/175] Loss: 1.2873
2026-02-22 08:36:53,069 - INFO -   Epoch [20/175] Loss: 1.3478
2026-02-22 08:36:53,686 - INFO -   Epoch [30/175] Loss: 1.3789
2026-02-22 08:36:54,298 - INFO -   Epoch [40/175] Loss: 1.7398
2026-02-22 08:36:54,914 - INFO -   Epoch [50/175] Loss: 1.4959
2026-02-22 08:36:55,532 - INFO -   Epoch [60/175] Loss: 1.6312
2026-02-22 08:36:56,140 - INFO -   Epoch [70/175] Loss: 1.4470
2026-02-22 08:36:56,746 - INFO -   Epoch [80/175] Loss: 1.7511
2026-02-22 08:36:57,363 - INFO -   Epoch [90/175] Loss: 1.6289
2026-02-22 08:36:57,980 - INFO -   Epoch [100/175] Loss: 1.3764
2026-02-22 08:36:58,595 - INFO -   Epoch [110/175] Loss: 0.9258
2026-02-22 08:36:59,209 - INFO -   Epoch [120/175] Loss: 1.3487
2026-02-22 08:36:59,829 - INFO -   Epoch [130/175] Loss: 1.6082
2026-02-22 08:37:00,447 - INFO -   Epoch [140/175] Loss: 1.4795
2026-02-22 08:37:01,064 - INFO -   Epoch [150/175] Loss: 0.9830
2026-02-22 08:37:01,682 - INFO -   Epoch [160/175] Loss: 1.7327
2026-02-22 08:37:02,296 - INFO -   Epoch [170/175] Loss: 2.2374
2026-02-22 08:37:03,259 - INFO -   Train Loss: 1.4515
2026-02-22 08:37:03,259 - INFO -   Train Accuracy: 40.79%
2026-02-22 08:37:03,259 - INFO -   Val Loss: 1.4980
2026-02-22 08:37:03,259 - INFO -   Val Accuracy: 52.50% | F1: 0.3992
2026-02-22 08:37:03,259 - INFO -   LR: 0.000500
2026-02-22 08:37:03,378 - INFO -   ✓ New best model saved!
2026-02-22 08:37:03,378 - INFO -   Patience: 0/15
2026-02-22 08:37:03,379 - INFO - 
Epoch 29/100
2026-02-22 08:37:04,016 - INFO -   Epoch [10/175] Loss: 1.3858
2026-02-22 08:37:04,640 - INFO -   Epoch [20/175] Loss: 1.3006
2026-02-22 08:37:05,258 - INFO -   Epoch [30/175] Loss: 0.9324
2026-02-22 08:37:05,879 - INFO -   Epoch [40/175] Loss: 1.2869
2026-02-22 08:37:06,484 - INFO -   Epoch [50/175] Loss: 1.2286
2026-02-22 08:37:07,098 - INFO -   Epoch [60/175] Loss: 1.8629
2026-02-22 08:37:07,713 - INFO -   Epoch [70/175] Loss: 1.7015
2026-02-22 08:37:08,327 - INFO -   Epoch [80/175] Loss: 1.3039
2026-02-22 08:37:08,944 - INFO -   Epoch [90/175] Loss: 1.3853
2026-02-22 08:37:09,559 - INFO -   Epoch [100/175] Loss: 1.4964
2026-02-22 08:37:10,171 - INFO -   Epoch [110/175] Loss: 1.7754
2026-02-22 08:37:10,789 - INFO -   Epoch [120/175] Loss: 1.5602
2026-02-22 08:37:11,405 - INFO -   Epoch [130/175] Loss: 1.4209
2026-02-22 08:37:12,019 - INFO -   Epoch [140/175] Loss: 1.7709
2026-02-22 08:37:12,640 - INFO -   Epoch [150/175] Loss: 1.8382
2026-02-22 08:37:13,264 - INFO -   Epoch [160/175] Loss: 1.6856
2026-02-22 08:37:13,882 - INFO -   Epoch [170/175] Loss: 1.7674
2026-02-22 08:37:14,845 - INFO -   Train Loss: 1.4920
2026-02-22 08:37:14,846 - INFO -   Train Accuracy: 42.75%
2026-02-22 08:37:14,846 - INFO -   Val Loss: 1.4523
2026-02-22 08:37:14,846 - INFO -   Val Accuracy: 49.75% | F1: 0.3868
2026-02-22 08:37:14,846 - INFO -   LR: 0.000500
2026-02-22 08:37:14,846 - INFO -   Patience: 1/15
2026-02-22 08:37:14,846 - INFO - 
Epoch 30/100
2026-02-22 08:37:15,464 - INFO -   Epoch [10/175] Loss: 1.6326
2026-02-22 08:37:16,079 - INFO -   Epoch [20/175] Loss: 1.4318
2026-02-22 08:37:16,684 - INFO -   Epoch [30/175] Loss: 1.0916
2026-02-22 08:37:17,279 - INFO -   Epoch [40/175] Loss: 1.7803
2026-02-22 08:37:17,875 - INFO -   Epoch [50/175] Loss: 1.2708
2026-02-22 08:37:18,503 - INFO -   Epoch [60/175] Loss: 1.1227
2026-02-22 08:37:19,117 - INFO -   Epoch [70/175] Loss: 1.3997
2026-02-22 08:37:19,736 - INFO -   Epoch [80/175] Loss: 1.8921
2026-02-22 08:37:20,351 - INFO -   Epoch [90/175] Loss: 1.2939
2026-02-22 08:37:20,952 - INFO -   Epoch [100/175] Loss: 1.3185
2026-02-22 08:37:21,572 - INFO -   Epoch [110/175] Loss: 1.4327
2026-02-22 08:37:22,186 - INFO -   Epoch [120/175] Loss: 1.8854
2026-02-22 08:37:22,802 - INFO -   Epoch [130/175] Loss: 1.6421
2026-02-22 08:37:23,415 - INFO -   Epoch [140/175] Loss: 0.8425
2026-02-22 08:37:24,036 - INFO -   Epoch [150/175] Loss: 1.1722
2026-02-22 08:37:24,655 - INFO -   Epoch [160/175] Loss: 1.3403
2026-02-22 08:37:25,279 - INFO -   Epoch [170/175] Loss: 0.8641
2026-02-22 08:37:26,229 - INFO -   Train Loss: 1.4547
2026-02-22 08:37:26,230 - INFO -   Train Accuracy: 42.39%
2026-02-22 08:37:26,230 - INFO -   Val Loss: 1.4480
2026-02-22 08:37:26,230 - INFO -   Val Accuracy: 51.00% | F1: 0.3689
2026-02-22 08:37:26,230 - INFO -   LR: 0.000500
2026-02-22 08:37:26,230 - INFO -   Patience: 2/15
2026-02-22 08:37:26,230 - INFO - 
Epoch 31/100
2026-02-22 08:37:26,821 - INFO -   Epoch [10/175] Loss: 1.7796
2026-02-22 08:37:27,422 - INFO -   Epoch [20/175] Loss: 0.9519
2026-02-22 08:37:28,045 - INFO -   Epoch [30/175] Loss: 1.1573
2026-02-22 08:37:28,664 - INFO -   Epoch [40/175] Loss: 1.5761
2026-02-22 08:37:29,278 - INFO -   Epoch [50/175] Loss: 1.9755
2026-02-22 08:37:29,894 - INFO -   Epoch [60/175] Loss: 0.9471
2026-02-22 08:37:30,503 - INFO -   Epoch [70/175] Loss: 1.8165
2026-02-22 08:37:31,093 - INFO -   Epoch [80/175] Loss: 1.5299
2026-02-22 08:37:31,709 - INFO -   Epoch [90/175] Loss: 1.3787
2026-02-22 08:37:32,331 - INFO -   Epoch [100/175] Loss: 1.4405
2026-02-22 08:37:32,953 - INFO -   Epoch [110/175] Loss: 1.4275
2026-02-22 08:37:33,573 - INFO -   Epoch [120/175] Loss: 1.9690
2026-02-22 08:37:34,188 - INFO -   Epoch [130/175] Loss: 1.7392
2026-02-22 08:37:34,811 - INFO -   Epoch [140/175] Loss: 2.2731
2026-02-22 08:37:35,432 - INFO -   Epoch [150/175] Loss: 1.9081
2026-02-22 08:37:36,054 - INFO -   Epoch [160/175] Loss: 1.0238
2026-02-22 08:37:36,680 - INFO -   Epoch [170/175] Loss: 1.6566
2026-02-22 08:37:37,641 - INFO -   Train Loss: 1.4725
2026-02-22 08:37:37,642 - INFO -   Train Accuracy: 39.07%
2026-02-22 08:37:37,642 - INFO -   Val Loss: 1.4588
2026-02-22 08:37:37,642 - INFO -   Val Accuracy: 49.75% | F1: 0.3820
2026-02-22 08:37:37,642 - INFO -   LR: 0.000500
2026-02-22 08:37:37,642 - INFO -   Patience: 3/15
2026-02-22 08:37:37,642 - INFO - 
Epoch 32/100
2026-02-22 08:37:38,258 - INFO -   Epoch [10/175] Loss: 1.8575
2026-02-22 08:37:38,875 - INFO -   Epoch [20/175] Loss: 2.0176
2026-02-22 08:37:39,490 - INFO -   Epoch [30/175] Loss: 1.1584
2026-02-22 08:37:40,115 - INFO -   Epoch [40/175] Loss: 1.0810
2026-02-22 08:37:40,737 - INFO -   Epoch [50/175] Loss: 1.3483
2026-02-22 08:37:41,356 - INFO -   Epoch [60/175] Loss: 1.4860
2026-02-22 08:37:41,978 - INFO -   Epoch [70/175] Loss: 1.2513
2026-02-22 08:37:42,597 - INFO -   Epoch [80/175] Loss: 1.4826
2026-02-22 08:37:43,221 - INFO -   Epoch [90/175] Loss: 1.0158
2026-02-22 08:37:43,837 - INFO -   Epoch [100/175] Loss: 1.3875
2026-02-22 08:37:44,451 - INFO -   Epoch [110/175] Loss: 1.8610
2026-02-22 08:37:45,066 - INFO -   Epoch [120/175] Loss: 1.2631
2026-02-22 08:37:45,687 - INFO -   Epoch [130/175] Loss: 1.1532
2026-02-22 08:37:46,297 - INFO -   Epoch [140/175] Loss: 1.2400
2026-02-22 08:37:46,889 - INFO -   Epoch [150/175] Loss: 0.7996
2026-02-22 08:37:47,468 - INFO -   Epoch [160/175] Loss: 3.1308
2026-02-22 08:37:48,041 - INFO -   Epoch [170/175] Loss: 1.4343
2026-02-22 08:37:48,972 - INFO -   Train Loss: 1.4517
2026-02-22 08:37:48,972 - INFO -   Train Accuracy: 41.64%
2026-02-22 08:37:48,972 - INFO -   Val Loss: 1.5185
2026-02-22 08:37:48,972 - INFO -   Val Accuracy: 46.50% | F1: 0.3630
2026-02-22 08:37:48,973 - INFO -   LR: 0.000500
2026-02-22 08:37:48,973 - INFO -   Patience: 4/15
2026-02-22 08:37:48,973 - INFO - 
Epoch 33/100
2026-02-22 08:37:49,570 - INFO -   Epoch [10/175] Loss: 1.7129
2026-02-22 08:37:50,170 - INFO -   Epoch [20/175] Loss: 1.5488
2026-02-22 08:37:50,767 - INFO -   Epoch [30/175] Loss: 1.6530
2026-02-22 08:37:51,366 - INFO -   Epoch [40/175] Loss: 1.1665
2026-02-22 08:37:51,961 - INFO -   Epoch [50/175] Loss: 1.1462
2026-02-22 08:37:52,561 - INFO -   Epoch [60/175] Loss: 1.8003
2026-02-22 08:37:53,158 - INFO -   Epoch [70/175] Loss: 1.3879
2026-02-22 08:37:53,752 - INFO -   Epoch [80/175] Loss: 1.1195
2026-02-22 08:37:54,351 - INFO -   Epoch [90/175] Loss: 1.4348
2026-02-22 08:37:54,947 - INFO -   Epoch [100/175] Loss: 1.4961
2026-02-22 08:37:55,545 - INFO -   Epoch [110/175] Loss: 1.6693
2026-02-22 08:37:56,133 - INFO -   Epoch [120/175] Loss: 1.3119
2026-02-22 08:37:56,724 - INFO -   Epoch [130/175] Loss: 1.4284
2026-02-22 08:37:57,347 - INFO -   Epoch [140/175] Loss: 1.2633
2026-02-22 08:37:57,968 - INFO -   Epoch [150/175] Loss: 1.4070
2026-02-22 08:37:58,590 - INFO -   Epoch [160/175] Loss: 1.4754
2026-02-22 08:37:59,212 - INFO -   Epoch [170/175] Loss: 1.0104
2026-02-22 08:38:00,178 - INFO -   Train Loss: 1.4389
2026-02-22 08:38:00,178 - INFO -   Train Accuracy: 41.07%
2026-02-22 08:38:00,178 - INFO -   Val Loss: 1.4463
2026-02-22 08:38:00,178 - INFO -   Val Accuracy: 48.75% | F1: 0.3686
2026-02-22 08:38:00,178 - INFO -   LR: 0.000500
2026-02-22 08:38:00,178 - INFO -   Patience: 5/15
2026-02-22 08:38:00,178 - INFO - 
Epoch 34/100
2026-02-22 08:38:00,796 - INFO -   Epoch [10/175] Loss: 0.9803
2026-02-22 08:38:01,415 - INFO -   Epoch [20/175] Loss: 1.0549
2026-02-22 08:38:02,041 - INFO -   Epoch [30/175] Loss: 0.7792
2026-02-22 08:38:02,660 - INFO -   Epoch [40/175] Loss: 1.1033
2026-02-22 08:38:03,279 - INFO -   Epoch [50/175] Loss: 1.2652
2026-02-22 08:38:03,897 - INFO -   Epoch [60/175] Loss: 1.6217
2026-02-22 08:38:04,513 - INFO -   Epoch [70/175] Loss: 1.7473
2026-02-22 08:38:05,134 - INFO -   Epoch [80/175] Loss: 1.4567
2026-02-22 08:38:05,752 - INFO -   Epoch [90/175] Loss: 1.5464
2026-02-22 08:38:06,362 - INFO -   Epoch [100/175] Loss: 1.4041
2026-02-22 08:38:06,974 - INFO -   Epoch [110/175] Loss: 1.5918
2026-02-22 08:38:07,595 - INFO -   Epoch [120/175] Loss: 1.8019
2026-02-22 08:38:08,216 - INFO -   Epoch [130/175] Loss: 2.1254
2026-02-22 08:38:08,839 - INFO -   Epoch [140/175] Loss: 1.4071
2026-02-22 08:38:09,467 - INFO -   Epoch [150/175] Loss: 1.5055
2026-02-22 08:38:10,088 - INFO -   Epoch [160/175] Loss: 1.2579
2026-02-22 08:38:10,707 - INFO -   Epoch [170/175] Loss: 0.9729
2026-02-22 08:38:11,671 - INFO -   Train Loss: 1.4577
2026-02-22 08:38:11,671 - INFO -   Train Accuracy: 40.68%
2026-02-22 08:38:11,671 - INFO -   Val Loss: 1.5280
2026-02-22 08:38:11,671 - INFO -   Val Accuracy: 50.00% | F1: 0.3692
2026-02-22 08:38:11,671 - INFO -   LR: 0.000500
2026-02-22 08:38:11,671 - INFO -   Patience: 6/15
2026-02-22 08:38:11,671 - INFO - 
Epoch 35/100
2026-02-22 08:38:12,291 - INFO -   Epoch [10/175] Loss: 1.8347
2026-02-22 08:38:12,915 - INFO -   Epoch [20/175] Loss: 1.5148
2026-02-22 08:38:13,531 - INFO -   Epoch [30/175] Loss: 1.4412
2026-02-22 08:38:14,147 - INFO -   Epoch [40/175] Loss: 1.5863
2026-02-22 08:38:14,760 - INFO -   Epoch [50/175] Loss: 0.9189
2026-02-22 08:38:15,379 - INFO -   Epoch [60/175] Loss: 1.4375
2026-02-22 08:38:15,998 - INFO -   Epoch [70/175] Loss: 1.0829
2026-02-22 08:38:16,606 - INFO -   Epoch [80/175] Loss: 2.0060
2026-02-22 08:38:17,222 - INFO -   Epoch [90/175] Loss: 1.3562
2026-02-22 08:38:17,843 - INFO -   Epoch [100/175] Loss: 1.2420
2026-02-22 08:38:18,462 - INFO -   Epoch [110/175] Loss: 1.2861
2026-02-22 08:38:19,079 - INFO -   Epoch [120/175] Loss: 1.4925
2026-02-22 08:38:19,698 - INFO -   Epoch [130/175] Loss: 1.1386
2026-02-22 08:38:20,324 - INFO -   Epoch [140/175] Loss: 0.9841
2026-02-22 08:38:20,950 - INFO -   Epoch [150/175] Loss: 1.2465
2026-02-22 08:38:21,573 - INFO -   Epoch [160/175] Loss: 1.1757
2026-02-22 08:38:22,201 - INFO -   Epoch [170/175] Loss: 1.3082
2026-02-22 08:38:23,180 - INFO -   Train Loss: 1.4627
2026-02-22 08:38:23,180 - INFO -   Train Accuracy: 39.64%
2026-02-22 08:38:23,180 - INFO -   Val Loss: 1.4833
2026-02-22 08:38:23,180 - INFO -   Val Accuracy: 53.00% | F1: 0.3971
2026-02-22 08:38:23,180 - INFO -   LR: 0.000250
2026-02-22 08:38:23,275 - INFO -   ✓ New best model saved!
2026-02-22 08:38:23,276 - INFO -   Patience: 0/15
2026-02-22 08:38:23,276 - INFO - 
Epoch 36/100
2026-02-22 08:38:23,905 - INFO -   Epoch [10/175] Loss: 1.2006
2026-02-22 08:38:24,528 - INFO -   Epoch [20/175] Loss: 1.1385
2026-02-22 08:38:25,144 - INFO -   Epoch [30/175] Loss: 1.7202
2026-02-22 08:38:25,762 - INFO -   Epoch [40/175] Loss: 1.3538
2026-02-22 08:38:26,377 - INFO -   Epoch [50/175] Loss: 1.3325
2026-02-22 08:38:26,997 - INFO -   Epoch [60/175] Loss: 1.4308
2026-02-22 08:38:27,614 - INFO -   Epoch [70/175] Loss: 1.4483
2026-02-22 08:38:28,231 - INFO -   Epoch [80/175] Loss: 1.1613
2026-02-22 08:38:28,847 - INFO -   Epoch [90/175] Loss: 1.9291
2026-02-22 08:38:29,463 - INFO -   Epoch [100/175] Loss: 1.1128
2026-02-22 08:38:30,077 - INFO -   Epoch [110/175] Loss: 1.4354
2026-02-22 08:38:30,705 - INFO -   Epoch [120/175] Loss: 1.5774
2026-02-22 08:38:31,333 - INFO -   Epoch [130/175] Loss: 1.3765
2026-02-22 08:38:31,956 - INFO -   Epoch [140/175] Loss: 2.1063
2026-02-22 08:38:32,574 - INFO -   Epoch [150/175] Loss: 1.2120
2026-02-22 08:38:33,196 - INFO -   Epoch [160/175] Loss: 1.2405
2026-02-22 08:38:33,814 - INFO -   Epoch [170/175] Loss: 1.2837
2026-02-22 08:38:34,785 - INFO -   Train Loss: 1.4431
2026-02-22 08:38:34,785 - INFO -   Train Accuracy: 39.75%
2026-02-22 08:38:34,785 - INFO -   Val Loss: 1.4305
2026-02-22 08:38:34,785 - INFO -   Val Accuracy: 48.50% | F1: 0.3701
2026-02-22 08:38:34,785 - INFO -   LR: 0.000250
2026-02-22 08:38:34,785 - INFO -   Patience: 1/15
2026-02-22 08:38:34,785 - INFO - 
Epoch 37/100
2026-02-22 08:38:35,404 - INFO -   Epoch [10/175] Loss: 1.4900
2026-02-22 08:38:36,025 - INFO -   Epoch [20/175] Loss: 1.0874
2026-02-22 08:38:36,647 - INFO -   Epoch [30/175] Loss: 1.4753
2026-02-22 08:38:37,276 - INFO -   Epoch [40/175] Loss: 1.1866
2026-02-22 08:38:37,895 - INFO -   Epoch [50/175] Loss: 1.4606
2026-02-22 08:38:38,515 - INFO -   Epoch [60/175] Loss: 1.2243
2026-02-22 08:38:39,133 - INFO -   Epoch [70/175] Loss: 0.9250
2026-02-22 08:38:39,752 - INFO -   Epoch [80/175] Loss: 1.0245
2026-02-22 08:38:40,372 - INFO -   Epoch [90/175] Loss: 1.8040
2026-02-22 08:38:40,994 - INFO -   Epoch [100/175] Loss: 1.6913
2026-02-22 08:38:41,616 - INFO -   Epoch [110/175] Loss: 1.1651
2026-02-22 08:38:42,244 - INFO -   Epoch [120/175] Loss: 0.9637
2026-02-22 08:38:42,863 - INFO -   Epoch [130/175] Loss: 1.2856
2026-02-22 08:38:43,481 - INFO -   Epoch [140/175] Loss: 1.3998
2026-02-22 08:38:44,098 - INFO -   Epoch [150/175] Loss: 1.5843
2026-02-22 08:38:44,724 - INFO -   Epoch [160/175] Loss: 1.3061
2026-02-22 08:38:45,346 - INFO -   Epoch [170/175] Loss: 2.7880
2026-02-22 08:38:46,294 - INFO -   Train Loss: 1.4510
2026-02-22 08:38:46,294 - INFO -   Train Accuracy: 40.54%
2026-02-22 08:38:46,294 - INFO -   Val Loss: 1.4328
2026-02-22 08:38:46,294 - INFO -   Val Accuracy: 51.00% | F1: 0.3913
2026-02-22 08:38:46,294 - INFO -   LR: 0.000250
2026-02-22 08:38:46,294 - INFO -   Patience: 2/15
2026-02-22 08:38:46,294 - INFO - 
Epoch 38/100
2026-02-22 08:38:46,906 - INFO -   Epoch [10/175] Loss: 1.0323
2026-02-22 08:38:47,531 - INFO -   Epoch [20/175] Loss: 1.4212
2026-02-22 08:38:48,152 - INFO -   Epoch [30/175] Loss: 1.3473
2026-02-22 08:38:48,775 - INFO -   Epoch [40/175] Loss: 1.4854
2026-02-22 08:38:49,382 - INFO -   Epoch [50/175] Loss: 1.2414
2026-02-22 08:38:49,994 - INFO -   Epoch [60/175] Loss: 1.3440
2026-02-22 08:38:50,614 - INFO -   Epoch [70/175] Loss: 1.0538
2026-02-22 08:38:51,242 - INFO -   Epoch [80/175] Loss: 1.3353
2026-02-22 08:38:51,868 - INFO -   Epoch [90/175] Loss: 1.3953
2026-02-22 08:38:52,496 - INFO -   Epoch [100/175] Loss: 1.2754
2026-02-22 08:38:53,119 - INFO -   Epoch [110/175] Loss: 1.6528
2026-02-22 08:38:53,741 - INFO -   Epoch [120/175] Loss: 1.0891
2026-02-22 08:38:54,364 - INFO -   Epoch [130/175] Loss: 1.3999
2026-02-22 08:38:54,985 - INFO -   Epoch [140/175] Loss: 1.2764
2026-02-22 08:38:55,606 - INFO -   Epoch [150/175] Loss: 1.5269
2026-02-22 08:38:56,229 - INFO -   Epoch [160/175] Loss: 1.6977
2026-02-22 08:38:56,836 - INFO -   Epoch [170/175] Loss: 1.8264
2026-02-22 08:38:57,815 - INFO -   Train Loss: 1.4256
2026-02-22 08:38:57,815 - INFO -   Train Accuracy: 40.68%
2026-02-22 08:38:57,815 - INFO -   Val Loss: 1.4440
2026-02-22 08:38:57,815 - INFO -   Val Accuracy: 53.50% | F1: 0.4261
2026-02-22 08:38:57,815 - INFO -   LR: 0.000250
2026-02-22 08:38:57,927 - INFO -   ✓ New best model saved!
2026-02-22 08:38:57,928 - INFO -   Patience: 0/15
2026-02-22 08:38:57,928 - INFO - 
Epoch 39/100
2026-02-22 08:38:58,562 - INFO -   Epoch [10/175] Loss: 1.4137
2026-02-22 08:38:59,184 - INFO -   Epoch [20/175] Loss: 1.4301
2026-02-22 08:38:59,808 - INFO -   Epoch [30/175] Loss: 1.7728
2026-02-22 08:39:00,431 - INFO -   Epoch [40/175] Loss: 1.1258
2026-02-22 08:39:01,032 - INFO -   Epoch [50/175] Loss: 1.3969
2026-02-22 08:39:01,631 - INFO -   Epoch [60/175] Loss: 2.1458
2026-02-22 08:39:02,259 - INFO -   Epoch [70/175] Loss: 1.2028
2026-02-22 08:39:02,888 - INFO -   Epoch [80/175] Loss: 0.9937
2026-02-22 08:39:03,521 - INFO -   Epoch [90/175] Loss: 1.3012
2026-02-22 08:39:04,148 - INFO -   Epoch [100/175] Loss: 1.1090
2026-02-22 08:39:04,776 - INFO -   Epoch [110/175] Loss: 1.8775
2026-02-22 08:39:05,407 - INFO -   Epoch [120/175] Loss: 1.4175
2026-02-22 08:39:06,037 - INFO -   Epoch [130/175] Loss: 1.8189
2026-02-22 08:39:06,652 - INFO -   Epoch [140/175] Loss: 1.2686
2026-02-22 08:39:07,272 - INFO -   Epoch [150/175] Loss: 1.7058
2026-02-22 08:39:07,877 - INFO -   Epoch [160/175] Loss: 1.6106
2026-02-22 08:39:08,485 - INFO -   Epoch [170/175] Loss: 1.2001
2026-02-22 08:39:09,402 - INFO -   Train Loss: 1.4250
2026-02-22 08:39:09,403 - INFO -   Train Accuracy: 43.29%
2026-02-22 08:39:09,403 - INFO -   Val Loss: 1.4227
2026-02-22 08:39:09,403 - INFO -   Val Accuracy: 51.25% | F1: 0.3782
2026-02-22 08:39:09,403 - INFO -   LR: 0.000250
2026-02-22 08:39:09,403 - INFO -   Patience: 1/15
2026-02-22 08:39:09,403 - INFO - 
Epoch 40/100
2026-02-22 08:39:10,022 - INFO -   Epoch [10/175] Loss: 1.5834
2026-02-22 08:39:10,651 - INFO -   Epoch [20/175] Loss: 1.3366
2026-02-22 08:39:11,245 - INFO -   Epoch [30/175] Loss: 1.2885
2026-02-22 08:39:11,853 - INFO -   Epoch [40/175] Loss: 1.1156
2026-02-22 08:39:12,474 - INFO -   Epoch [50/175] Loss: 1.2061
2026-02-22 08:39:13,103 - INFO -   Epoch [60/175] Loss: 1.2529
2026-02-22 08:39:13,730 - INFO -   Epoch [70/175] Loss: 1.3254
2026-02-22 08:39:14,355 - INFO -   Epoch [80/175] Loss: 1.4408
2026-02-22 08:39:14,982 - INFO -   Epoch [90/175] Loss: 0.9515
2026-02-22 08:39:15,608 - INFO -   Epoch [100/175] Loss: 1.4346
2026-02-22 08:39:16,231 - INFO -   Epoch [110/175] Loss: 1.3390
2026-02-22 08:39:16,851 - INFO -   Epoch [120/175] Loss: 0.8420
2026-02-22 08:39:17,469 - INFO -   Epoch [130/175] Loss: 1.2560
2026-02-22 08:39:18,088 - INFO -   Epoch [140/175] Loss: 2.6458
2026-02-22 08:39:18,709 - INFO -   Epoch [150/175] Loss: 1.1162
2026-02-22 08:39:19,327 - INFO -   Epoch [160/175] Loss: 1.3555
2026-02-22 08:39:19,948 - INFO -   Epoch [170/175] Loss: 1.4962
2026-02-22 08:39:20,922 - INFO -   Train Loss: 1.4134
2026-02-22 08:39:20,922 - INFO -   Train Accuracy: 42.86%
2026-02-22 08:39:20,922 - INFO -   Val Loss: 1.4590
2026-02-22 08:39:20,922 - INFO -   Val Accuracy: 50.50% | F1: 0.3928
2026-02-22 08:39:20,922 - INFO -   LR: 0.000250
2026-02-22 08:39:20,922 - INFO -   Patience: 2/15
2026-02-22 08:39:20,922 - INFO - 
Epoch 41/100
2026-02-22 08:39:21,545 - INFO -   Epoch [10/175] Loss: 1.3219
2026-02-22 08:39:22,165 - INFO -   Epoch [20/175] Loss: 1.4312
2026-02-22 08:39:22,772 - INFO -   Epoch [30/175] Loss: 1.3986
2026-02-22 08:39:23,370 - INFO -   Epoch [40/175] Loss: 1.0869
2026-02-22 08:39:23,965 - INFO -   Epoch [50/175] Loss: 0.8207
2026-02-22 08:39:24,572 - INFO -   Epoch [60/175] Loss: 0.9301
2026-02-22 08:39:25,188 - INFO -   Epoch [70/175] Loss: 1.5671
2026-02-22 08:39:25,820 - INFO -   Epoch [80/175] Loss: 2.0946
2026-02-22 08:39:26,447 - INFO -   Epoch [90/175] Loss: 1.7311
2026-02-22 08:39:27,069 - INFO -   Epoch [100/175] Loss: 1.4627
2026-02-22 08:39:27,692 - INFO -   Epoch [110/175] Loss: 1.5769
2026-02-22 08:39:28,313 - INFO -   Epoch [120/175] Loss: 1.2760
2026-02-22 08:39:28,932 - INFO -   Epoch [130/175] Loss: 1.0827
2026-02-22 08:39:29,551 - INFO -   Epoch [140/175] Loss: 1.4181
2026-02-22 08:39:30,166 - INFO -   Epoch [150/175] Loss: 1.5519
2026-02-22 08:39:30,793 - INFO -   Epoch [160/175] Loss: 1.2745
2026-02-22 08:39:31,415 - INFO -   Epoch [170/175] Loss: 1.2694
2026-02-22 08:39:32,384 - INFO -   Train Loss: 1.4385
2026-02-22 08:39:32,384 - INFO -   Train Accuracy: 40.11%
2026-02-22 08:39:32,384 - INFO -   Val Loss: 1.4986
2026-02-22 08:39:32,384 - INFO -   Val Accuracy: 49.50% | F1: 0.4006
2026-02-22 08:39:32,384 - INFO -   LR: 0.000250
2026-02-22 08:39:32,385 - INFO -   Patience: 3/15
2026-02-22 08:39:32,385 - INFO - 
Epoch 42/100
2026-02-22 08:39:33,006 - INFO -   Epoch [10/175] Loss: 1.4340
2026-02-22 08:39:33,615 - INFO -   Epoch [20/175] Loss: 1.2490
2026-02-22 08:39:34,212 - INFO -   Epoch [30/175] Loss: 1.2913
2026-02-22 08:39:34,807 - INFO -   Epoch [40/175] Loss: 1.0672
2026-02-22 08:39:35,399 - INFO -   Epoch [50/175] Loss: 1.3008
2026-02-22 08:39:35,988 - INFO -   Epoch [60/175] Loss: 1.2111
2026-02-22 08:39:36,607 - INFO -   Epoch [70/175] Loss: 1.4656
2026-02-22 08:39:37,233 - INFO -   Epoch [80/175] Loss: 1.5089
2026-02-22 08:39:37,862 - INFO -   Epoch [90/175] Loss: 1.1543
2026-02-22 08:39:38,494 - INFO -   Epoch [100/175] Loss: 2.1726
2026-02-22 08:39:39,112 - INFO -   Epoch [110/175] Loss: 1.5358
2026-02-22 08:39:39,737 - INFO -   Epoch [120/175] Loss: 1.7241
2026-02-22 08:39:40,362 - INFO -   Epoch [130/175] Loss: 1.4948
2026-02-22 08:39:40,986 - INFO -   Epoch [140/175] Loss: 0.9763
2026-02-22 08:39:41,609 - INFO -   Epoch [150/175] Loss: 1.7261
2026-02-22 08:39:42,230 - INFO -   Epoch [160/175] Loss: 1.3788
2026-02-22 08:39:42,848 - INFO -   Epoch [170/175] Loss: 1.4133
2026-02-22 08:39:43,820 - INFO -   Train Loss: 1.4390
2026-02-22 08:39:43,820 - INFO -   Train Accuracy: 41.07%
2026-02-22 08:39:43,820 - INFO -   Val Loss: 1.4767
2026-02-22 08:39:43,820 - INFO -   Val Accuracy: 49.50% | F1: 0.3605
2026-02-22 08:39:43,820 - INFO -   LR: 0.000250
2026-02-22 08:39:43,820 - INFO -   Patience: 4/15
2026-02-22 08:39:43,820 - INFO - 
Epoch 43/100
2026-02-22 08:39:44,437 - INFO -   Epoch [10/175] Loss: 1.4346
2026-02-22 08:39:45,056 - INFO -   Epoch [20/175] Loss: 1.4369
2026-02-22 08:39:45,677 - INFO -   Epoch [30/175] Loss: 1.2319
2026-02-22 08:39:46,293 - INFO -   Epoch [40/175] Loss: 1.2884
2026-02-22 08:39:46,921 - INFO -   Epoch [50/175] Loss: 1.7229
2026-02-22 08:39:47,549 - INFO -   Epoch [60/175] Loss: 1.4796
2026-02-22 08:39:48,178 - INFO -   Epoch [70/175] Loss: 1.5472
2026-02-22 08:39:48,806 - INFO -   Epoch [80/175] Loss: 1.0543
2026-02-22 08:39:49,431 - INFO -   Epoch [90/175] Loss: 1.1587
2026-02-22 08:39:50,049 - INFO -   Epoch [100/175] Loss: 1.2314
2026-02-22 08:39:50,672 - INFO -   Epoch [110/175] Loss: 1.1489
2026-02-22 08:39:51,295 - INFO -   Epoch [120/175] Loss: 1.5357
2026-02-22 08:39:51,917 - INFO -   Epoch [130/175] Loss: 1.8848
2026-02-22 08:39:52,539 - INFO -   Epoch [140/175] Loss: 1.3677
2026-02-22 08:39:53,157 - INFO -   Epoch [150/175] Loss: 2.1294
2026-02-22 08:39:53,779 - INFO -   Epoch [160/175] Loss: 1.6553
2026-02-22 08:39:54,401 - INFO -   Epoch [170/175] Loss: 1.4384
2026-02-22 08:39:55,374 - INFO -   Train Loss: 1.4321
2026-02-22 08:39:55,374 - INFO -   Train Accuracy: 41.32%
2026-02-22 08:39:55,374 - INFO -   Val Loss: 1.4412
2026-02-22 08:39:55,374 - INFO -   Val Accuracy: 51.75% | F1: 0.4170
2026-02-22 08:39:55,374 - INFO -   LR: 0.000250
2026-02-22 08:39:55,374 - INFO -   Patience: 5/15
2026-02-22 08:39:55,375 - INFO - 
Epoch 44/100
2026-02-22 08:39:55,987 - INFO -   Epoch [10/175] Loss: 1.5102
2026-02-22 08:39:56,592 - INFO -   Epoch [20/175] Loss: 1.0591
2026-02-22 08:39:57,216 - INFO -   Epoch [30/175] Loss: 1.3847
2026-02-22 08:39:57,826 - INFO -   Epoch [40/175] Loss: 1.5066
2026-02-22 08:39:58,437 - INFO -   Epoch [50/175] Loss: 1.3000
2026-02-22 08:39:59,060 - INFO -   Epoch [60/175] Loss: 1.5217
2026-02-22 08:39:59,682 - INFO -   Epoch [70/175] Loss: 0.7721
2026-02-22 08:40:00,304 - INFO -   Epoch [80/175] Loss: 0.8560
2026-02-22 08:40:00,928 - INFO -   Epoch [90/175] Loss: 1.2926
2026-02-22 08:40:01,550 - INFO -   Epoch [100/175] Loss: 1.9404
2026-02-22 08:40:02,175 - INFO -   Epoch [110/175] Loss: 1.7697
2026-02-22 08:40:02,804 - INFO -   Epoch [120/175] Loss: 1.0868
2026-02-22 08:40:03,433 - INFO -   Epoch [130/175] Loss: 1.1044
2026-02-22 08:40:04,068 - INFO -   Epoch [140/175] Loss: 2.0830
2026-02-22 08:40:04,693 - INFO -   Epoch [150/175] Loss: 1.4702
2026-02-22 08:40:05,315 - INFO -   Epoch [160/175] Loss: 1.3722
2026-02-22 08:40:05,936 - INFO -   Epoch [170/175] Loss: 3.0411
2026-02-22 08:40:06,914 - INFO -   Train Loss: 1.4097
2026-02-22 08:40:06,914 - INFO -   Train Accuracy: 40.82%
2026-02-22 08:40:06,914 - INFO -   Val Loss: 1.4394
2026-02-22 08:40:06,914 - INFO -   Val Accuracy: 52.25% | F1: 0.3950
2026-02-22 08:40:06,914 - INFO -   LR: 0.000250
2026-02-22 08:40:06,915 - INFO -   Patience: 6/15
2026-02-22 08:40:06,915 - INFO - 
Epoch 45/100
2026-02-22 08:40:07,538 - INFO -   Epoch [10/175] Loss: 1.1456
2026-02-22 08:40:08,164 - INFO -   Epoch [20/175] Loss: 1.0973
2026-02-22 08:40:08,790 - INFO -   Epoch [30/175] Loss: 1.5285
2026-02-22 08:40:09,417 - INFO -   Epoch [40/175] Loss: 1.2359
2026-02-22 08:40:10,037 - INFO -   Epoch [50/175] Loss: 1.4747
2026-02-22 08:40:10,663 - INFO -   Epoch [60/175] Loss: 1.0371
2026-02-22 08:40:11,284 - INFO -   Epoch [70/175] Loss: 1.8452
2026-02-22 08:40:11,909 - INFO -   Epoch [80/175] Loss: 1.4569
2026-02-22 08:40:12,535 - INFO -   Epoch [90/175] Loss: 1.4793
2026-02-22 08:40:13,160 - INFO -   Epoch [100/175] Loss: 0.9796
2026-02-22 08:40:13,786 - INFO -   Epoch [110/175] Loss: 1.1139
2026-02-22 08:40:14,415 - INFO -   Epoch [120/175] Loss: 1.4317
2026-02-22 08:40:15,045 - INFO -   Epoch [130/175] Loss: 1.3764
2026-02-22 08:40:15,674 - INFO -   Epoch [140/175] Loss: 1.2080
2026-02-22 08:40:16,298 - INFO -   Epoch [150/175] Loss: 1.4332
2026-02-22 08:40:16,922 - INFO -   Epoch [160/175] Loss: 1.6930
2026-02-22 08:40:17,546 - INFO -   Epoch [170/175] Loss: 1.5769
2026-02-22 08:40:18,526 - INFO -   Train Loss: 1.4083
2026-02-22 08:40:18,526 - INFO -   Train Accuracy: 43.14%
2026-02-22 08:40:18,526 - INFO -   Val Loss: 1.4445
2026-02-22 08:40:18,527 - INFO -   Val Accuracy: 51.75% | F1: 0.3876
2026-02-22 08:40:18,527 - INFO -   LR: 0.000125
2026-02-22 08:40:18,527 - INFO -   Patience: 7/15
2026-02-22 08:40:18,527 - INFO - 
Epoch 46/100
2026-02-22 08:40:19,156 - INFO -   Epoch [10/175] Loss: 1.0463
2026-02-22 08:40:19,783 - INFO -   Epoch [20/175] Loss: 1.7581
2026-02-22 08:40:20,408 - INFO -   Epoch [30/175] Loss: 1.5258
2026-02-22 08:40:21,036 - INFO -   Epoch [40/175] Loss: 1.5797
2026-02-22 08:40:21,660 - INFO -   Epoch [50/175] Loss: 1.3214
2026-02-22 08:40:22,282 - INFO -   Epoch [60/175] Loss: 1.0220
2026-02-22 08:40:22,903 - INFO -   Epoch [70/175] Loss: 1.7465
2026-02-22 08:40:23,524 - INFO -   Epoch [80/175] Loss: 1.6779
2026-02-22 08:40:24,142 - INFO -   Epoch [90/175] Loss: 1.2645
2026-02-22 08:40:24,767 - INFO -   Epoch [100/175] Loss: 1.6403
2026-02-22 08:40:25,393 - INFO -   Epoch [110/175] Loss: 1.2056
2026-02-22 08:40:26,021 - INFO -   Epoch [120/175] Loss: 0.8542
2026-02-22 08:40:26,642 - INFO -   Epoch [130/175] Loss: 1.5450
2026-02-22 08:40:27,266 - INFO -   Epoch [140/175] Loss: 1.1499
2026-02-22 08:40:27,891 - INFO -   Epoch [150/175] Loss: 1.8346
2026-02-22 08:40:28,514 - INFO -   Epoch [160/175] Loss: 0.8819
2026-02-22 08:40:29,134 - INFO -   Epoch [170/175] Loss: 1.4018
2026-02-22 08:40:30,112 - INFO -   Train Loss: 1.4126
2026-02-22 08:40:30,112 - INFO -   Train Accuracy: 42.71%
2026-02-22 08:40:30,112 - INFO -   Val Loss: 1.4574
2026-02-22 08:40:30,112 - INFO -   Val Accuracy: 53.00% | F1: 0.4113
2026-02-22 08:40:30,112 - INFO -   LR: 0.000125
2026-02-22 08:40:30,112 - INFO -   Patience: 8/15
2026-02-22 08:40:30,112 - INFO - 
Epoch 47/100
2026-02-22 08:40:30,740 - INFO -   Epoch [10/175] Loss: 1.1580
2026-02-22 08:40:31,369 - INFO -   Epoch [20/175] Loss: 1.5771
2026-02-22 08:40:31,996 - INFO -   Epoch [30/175] Loss: 1.4495
2026-02-22 08:40:32,619 - INFO -   Epoch [40/175] Loss: 1.0885
2026-02-22 08:40:33,241 - INFO -   Epoch [50/175] Loss: 1.6675
2026-02-22 08:40:33,873 - INFO -   Epoch [60/175] Loss: 2.0877
2026-02-22 08:40:34,501 - INFO -   Epoch [70/175] Loss: 1.1881
2026-02-22 08:40:35,129 - INFO -   Epoch [80/175] Loss: 1.1582
2026-02-22 08:40:35,757 - INFO -   Epoch [90/175] Loss: 1.5367
2026-02-22 08:40:36,384 - INFO -   Epoch [100/175] Loss: 1.2920
2026-02-22 08:40:37,004 - INFO -   Epoch [110/175] Loss: 1.8576
2026-02-22 08:40:37,625 - INFO -   Epoch [120/175] Loss: 1.5626
2026-02-22 08:40:38,242 - INFO -   Epoch [130/175] Loss: 1.2383
2026-02-22 08:40:38,866 - INFO -   Epoch [140/175] Loss: 1.6121
2026-02-22 08:40:39,487 - INFO -   Epoch [150/175] Loss: 1.5483
2026-02-22 08:40:40,107 - INFO -   Epoch [160/175] Loss: 1.1693
2026-02-22 08:40:40,726 - INFO -   Epoch [170/175] Loss: 1.2316
2026-02-22 08:40:41,700 - INFO -   Train Loss: 1.3917
2026-02-22 08:40:41,700 - INFO -   Train Accuracy: 43.00%
2026-02-22 08:40:41,700 - INFO -   Val Loss: 1.4478
2026-02-22 08:40:41,700 - INFO -   Val Accuracy: 52.00% | F1: 0.3797
2026-02-22 08:40:41,700 - INFO -   LR: 0.000125
2026-02-22 08:40:41,700 - INFO -   Patience: 9/15
2026-02-22 08:40:41,701 - INFO - 
Epoch 48/100
2026-02-22 08:40:42,329 - INFO -   Epoch [10/175] Loss: 1.4561
2026-02-22 08:40:42,948 - INFO -   Epoch [20/175] Loss: 1.2443
2026-02-22 08:40:43,573 - INFO -   Epoch [30/175] Loss: 1.5905
2026-02-22 08:40:44,196 - INFO -   Epoch [40/175] Loss: 1.0372
2026-02-22 08:40:44,817 - INFO -   Epoch [50/175] Loss: 1.8455
2026-02-22 08:40:45,440 - INFO -   Epoch [60/175] Loss: 1.4330
2026-02-22 08:40:46,068 - INFO -   Epoch [70/175] Loss: 1.6439
2026-02-22 08:40:46,695 - INFO -   Epoch [80/175] Loss: 1.3411
2026-02-22 08:40:47,319 - INFO -   Epoch [90/175] Loss: 1.5214
2026-02-22 08:40:47,943 - INFO -   Epoch [100/175] Loss: 1.4535
2026-02-22 08:40:48,565 - INFO -   Epoch [110/175] Loss: 0.9303
2026-02-22 08:40:49,183 - INFO -   Epoch [120/175] Loss: 2.0521
2026-02-22 08:40:49,804 - INFO -   Epoch [130/175] Loss: 1.2579
2026-02-22 08:40:50,424 - INFO -   Epoch [140/175] Loss: 2.1792
2026-02-22 08:40:51,048 - INFO -   Epoch [150/175] Loss: 1.1740
2026-02-22 08:40:51,674 - INFO -   Epoch [160/175] Loss: 1.0379
2026-02-22 08:40:52,295 - INFO -   Epoch [170/175] Loss: 1.2664
2026-02-22 08:40:53,270 - INFO -   Train Loss: 1.4053
2026-02-22 08:40:53,270 - INFO -   Train Accuracy: 43.61%
2026-02-22 08:40:53,270 - INFO -   Val Loss: 1.4557
2026-02-22 08:40:53,270 - INFO -   Val Accuracy: 51.75% | F1: 0.3775
2026-02-22 08:40:53,270 - INFO -   LR: 0.000125
2026-02-22 08:40:53,270 - INFO -   Patience: 10/15
2026-02-22 08:40:53,270 - INFO - 
Epoch 49/100
2026-02-22 08:40:53,890 - INFO -   Epoch [10/175] Loss: 1.2578
2026-02-22 08:40:54,510 - INFO -   Epoch [20/175] Loss: 1.7892
2026-02-22 08:40:55,132 - INFO -   Epoch [30/175] Loss: 1.2914
2026-02-22 08:40:55,757 - INFO -   Epoch [40/175] Loss: 1.1765
2026-02-22 08:40:56,378 - INFO -   Epoch [50/175] Loss: 1.4836
2026-02-22 08:40:56,982 - INFO -   Epoch [60/175] Loss: 1.7503
2026-02-22 08:40:57,593 - INFO -   Epoch [70/175] Loss: 1.6818
2026-02-22 08:40:58,216 - INFO -   Epoch [80/175] Loss: 1.7799
2026-02-22 08:40:58,847 - INFO -   Epoch [90/175] Loss: 0.9147
2026-02-22 08:40:59,472 - INFO -   Epoch [100/175] Loss: 2.1194
2026-02-22 08:41:00,093 - INFO -   Epoch [110/175] Loss: 1.0032
2026-02-22 08:41:00,723 - INFO -   Epoch [120/175] Loss: 1.2935
2026-02-22 08:41:01,348 - INFO -   Epoch [130/175] Loss: 1.1301
2026-02-22 08:41:01,978 - INFO -   Epoch [140/175] Loss: 1.1888
2026-02-22 08:41:02,610 - INFO -   Epoch [150/175] Loss: 1.2124
2026-02-22 08:41:03,241 - INFO -   Epoch [160/175] Loss: 1.3925
2026-02-22 08:41:03,871 - INFO -   Epoch [170/175] Loss: 1.8009
2026-02-22 08:41:04,863 - INFO -   Train Loss: 1.4234
2026-02-22 08:41:04,863 - INFO -   Train Accuracy: 43.36%
2026-02-22 08:41:04,863 - INFO -   Val Loss: 1.4435
2026-02-22 08:41:04,863 - INFO -   Val Accuracy: 52.00% | F1: 0.3686
2026-02-22 08:41:04,863 - INFO -   LR: 0.000125
2026-02-22 08:41:04,864 - INFO -   Patience: 11/15
2026-02-22 08:41:04,864 - INFO - 
Epoch 50/100
2026-02-22 08:41:05,493 - INFO -   Epoch [10/175] Loss: 1.4982
2026-02-22 08:41:06,122 - INFO -   Epoch [20/175] Loss: 1.5897
2026-02-22 08:41:06,748 - INFO -   Epoch [30/175] Loss: 1.2938
2026-02-22 08:41:07,367 - INFO -   Epoch [40/175] Loss: 1.3668
2026-02-22 08:41:07,987 - INFO -   Epoch [50/175] Loss: 1.3628
2026-02-22 08:41:08,607 - INFO -   Epoch [60/175] Loss: 1.1275
2026-02-22 08:41:09,228 - INFO -   Epoch [70/175] Loss: 1.4840
2026-02-22 08:41:09,848 - INFO -   Epoch [80/175] Loss: 1.2022
2026-02-22 08:41:10,476 - INFO -   Epoch [90/175] Loss: 1.2677
2026-02-22 08:41:11,099 - INFO -   Epoch [100/175] Loss: 1.0513
2026-02-22 08:41:11,719 - INFO -   Epoch [110/175] Loss: 0.9474
2026-02-22 08:41:12,341 - INFO -   Epoch [120/175] Loss: 1.3471
2026-02-22 08:41:12,959 - INFO -   Epoch [130/175] Loss: 0.9938
2026-02-22 08:41:13,579 - INFO -   Epoch [140/175] Loss: 1.5972
2026-02-22 08:41:14,199 - INFO -   Epoch [150/175] Loss: 1.2339
2026-02-22 08:41:14,826 - INFO -   Epoch [160/175] Loss: 1.5552
2026-02-22 08:41:15,454 - INFO -   Epoch [170/175] Loss: 0.9417
2026-02-22 08:41:16,434 - INFO -   Train Loss: 1.4053
2026-02-22 08:41:16,435 - INFO -   Train Accuracy: 45.61%
2026-02-22 08:41:16,435 - INFO -   Val Loss: 1.4549
2026-02-22 08:41:16,435 - INFO -   Val Accuracy: 53.25% | F1: 0.3988
2026-02-22 08:41:16,435 - INFO -   LR: 0.000125
2026-02-22 08:41:16,435 - INFO -   Patience: 12/15
2026-02-22 08:41:16,435 - INFO - 
Epoch 51/100
2026-02-22 08:41:17,056 - INFO -   Epoch [10/175] Loss: 1.3761
2026-02-22 08:41:17,676 - INFO -   Epoch [20/175] Loss: 1.5055
2026-02-22 08:41:18,294 - INFO -   Epoch [30/175] Loss: 1.7419
2026-02-22 08:41:18,913 - INFO -   Epoch [40/175] Loss: 1.0568
2026-02-22 08:41:19,533 - INFO -   Epoch [50/175] Loss: 1.0733
2026-02-22 08:41:20,154 - INFO -   Epoch [60/175] Loss: 1.6288
2026-02-22 08:41:20,775 - INFO -   Epoch [70/175] Loss: 2.0343
2026-02-22 08:41:21,400 - INFO -   Epoch [80/175] Loss: 1.6115
2026-02-22 08:41:22,019 - INFO -   Epoch [90/175] Loss: 0.9583
2026-02-22 08:41:22,641 - INFO -   Epoch [100/175] Loss: 1.9438
2026-02-22 08:41:23,265 - INFO -   Epoch [110/175] Loss: 2.4112
2026-02-22 08:41:23,892 - INFO -   Epoch [120/175] Loss: 1.3086
2026-02-22 08:41:24,520 - INFO -   Epoch [130/175] Loss: 1.8666
2026-02-22 08:41:25,138 - INFO -   Epoch [140/175] Loss: 1.5044
2026-02-22 08:41:25,763 - INFO -   Epoch [150/175] Loss: 1.3697
2026-02-22 08:41:26,383 - INFO -   Epoch [160/175] Loss: 1.2277
2026-02-22 08:41:27,000 - INFO -   Epoch [170/175] Loss: 1.3658
2026-02-22 08:41:27,964 - INFO -   Train Loss: 1.4071
2026-02-22 08:41:27,965 - INFO -   Train Accuracy: 44.11%
2026-02-22 08:41:27,965 - INFO -   Val Loss: 1.4404
2026-02-22 08:41:27,965 - INFO -   Val Accuracy: 54.00% | F1: 0.4051
2026-02-22 08:41:27,965 - INFO -   LR: 0.000063
2026-02-22 08:41:28,048 - INFO -   ✓ New best model saved!
2026-02-22 08:41:28,048 - INFO -   Patience: 0/15
2026-02-22 08:41:28,048 - INFO - 
Epoch 52/100
2026-02-22 08:41:28,665 - INFO -   Epoch [10/175] Loss: 0.9474
2026-02-22 08:41:29,282 - INFO -   Epoch [20/175] Loss: 1.4541
2026-02-22 08:41:29,896 - INFO -   Epoch [30/175] Loss: 1.2865
2026-02-22 08:41:30,514 - INFO -   Epoch [40/175] Loss: 1.2006
2026-02-22 08:41:31,138 - INFO -   Epoch [50/175] Loss: 2.5853
2026-02-22 08:41:31,755 - INFO -   Epoch [60/175] Loss: 1.0777
2026-02-22 08:41:32,373 - INFO -   Epoch [70/175] Loss: 1.8609
2026-02-22 08:41:32,989 - INFO -   Epoch [80/175] Loss: 1.1328
2026-02-22 08:41:33,611 - INFO -   Epoch [90/175] Loss: 1.2472
2026-02-22 08:41:34,229 - INFO -   Epoch [100/175] Loss: 1.0396
2026-02-22 08:41:34,844 - INFO -   Epoch [110/175] Loss: 1.7193
2026-02-22 08:41:35,462 - INFO -   Epoch [120/175] Loss: 0.8765
2026-02-22 08:41:36,079 - INFO -   Epoch [130/175] Loss: 0.9050
2026-02-22 08:41:36,697 - INFO -   Epoch [140/175] Loss: 1.2328
2026-02-22 08:41:37,314 - INFO -   Epoch [150/175] Loss: 1.0521
2026-02-22 08:41:37,929 - INFO -   Epoch [160/175] Loss: 1.9309
2026-02-22 08:41:38,545 - INFO -   Epoch [170/175] Loss: 1.2602
2026-02-22 08:41:39,506 - INFO -   Train Loss: 1.3837
2026-02-22 08:41:39,506 - INFO -   Train Accuracy: 44.21%
2026-02-22 08:41:39,506 - INFO -   Val Loss: 1.4389
2026-02-22 08:41:39,506 - INFO -   Val Accuracy: 52.75% | F1: 0.3881
2026-02-22 08:41:39,506 - INFO -   LR: 0.000063
2026-02-22 08:41:39,506 - INFO -   Patience: 1/15
2026-02-22 08:41:39,506 - INFO - 
Epoch 53/100
2026-02-22 08:41:40,119 - INFO -   Epoch [10/175] Loss: 1.1332
2026-02-22 08:41:40,738 - INFO -   Epoch [20/175] Loss: 1.3291
2026-02-22 08:41:41,345 - INFO -   Epoch [30/175] Loss: 1.5322
2026-02-22 08:41:41,957 - INFO -   Epoch [40/175] Loss: 1.6975
2026-02-22 08:41:42,574 - INFO -   Epoch [50/175] Loss: 1.7280
2026-02-22 08:41:43,196 - INFO -   Epoch [60/175] Loss: 1.0808
2026-02-22 08:41:43,812 - INFO -   Epoch [70/175] Loss: 1.0749
2026-02-22 08:41:44,428 - INFO -   Epoch [80/175] Loss: 1.2266
2026-02-22 08:41:45,041 - INFO -   Epoch [90/175] Loss: 1.6384
2026-02-22 08:41:45,662 - INFO -   Epoch [100/175] Loss: 1.7692
2026-02-22 08:41:46,281 - INFO -   Epoch [110/175] Loss: 1.1234
2026-02-22 08:41:46,875 - INFO -   Epoch [120/175] Loss: 2.1922
2026-02-22 08:41:47,484 - INFO -   Epoch [130/175] Loss: 1.1756
2026-02-22 08:41:48,103 - INFO -   Epoch [140/175] Loss: 1.5087
2026-02-22 08:41:48,720 - INFO -   Epoch [150/175] Loss: 1.6829
2026-02-22 08:41:49,335 - INFO -   Epoch [160/175] Loss: 1.4430
2026-02-22 08:41:49,952 - INFO -   Epoch [170/175] Loss: 1.0500
2026-02-22 08:41:50,921 - INFO -   Train Loss: 1.4061
2026-02-22 08:41:50,922 - INFO -   Train Accuracy: 42.68%
2026-02-22 08:41:50,922 - INFO -   Val Loss: 1.4306
2026-02-22 08:41:50,922 - INFO -   Val Accuracy: 53.50% | F1: 0.3891
2026-02-22 08:41:50,922 - INFO -   LR: 0.000063
2026-02-22 08:41:50,922 - INFO -   Patience: 2/15
2026-02-22 08:41:50,922 - INFO - 
Epoch 54/100
2026-02-22 08:41:51,539 - INFO -   Epoch [10/175] Loss: 1.1168
2026-02-22 08:41:52,154 - INFO -   Epoch [20/175] Loss: 1.4939
2026-02-22 08:41:52,771 - INFO -   Epoch [30/175] Loss: 1.2286
2026-02-22 08:41:53,388 - INFO -   Epoch [40/175] Loss: 1.2418
2026-02-22 08:41:54,002 - INFO -   Epoch [50/175] Loss: 1.3338
2026-02-22 08:41:54,622 - INFO -   Epoch [60/175] Loss: 1.3797
2026-02-22 08:41:55,237 - INFO -   Epoch [70/175] Loss: 1.2179
2026-02-22 08:41:55,859 - INFO -   Epoch [80/175] Loss: 1.7571
2026-02-22 08:41:56,458 - INFO -   Epoch [90/175] Loss: 1.6987
2026-02-22 08:41:57,081 - INFO -   Epoch [100/175] Loss: 1.5806
2026-02-22 08:41:57,701 - INFO -   Epoch [110/175] Loss: 0.8684
2026-02-22 08:41:58,323 - INFO -   Epoch [120/175] Loss: 2.5129
2026-02-22 08:41:58,942 - INFO -   Epoch [130/175] Loss: 1.2092
2026-02-22 08:41:59,561 - INFO -   Epoch [140/175] Loss: 1.3037
2026-02-22 08:42:00,175 - INFO -   Epoch [150/175] Loss: 1.1890
2026-02-22 08:42:00,794 - INFO -   Epoch [160/175] Loss: 1.2157
2026-02-22 08:42:01,384 - INFO -   Epoch [170/175] Loss: 1.4378
2026-02-22 08:42:02,348 - INFO -   Train Loss: 1.4018
2026-02-22 08:42:02,348 - INFO -   Train Accuracy: 42.93%
2026-02-22 08:42:02,348 - INFO -   Val Loss: 1.4340
2026-02-22 08:42:02,349 - INFO -   Val Accuracy: 52.25% | F1: 0.3754
2026-02-22 08:42:02,349 - INFO -   LR: 0.000063
2026-02-22 08:42:02,349 - INFO -   Patience: 3/15
2026-02-22 08:42:02,349 - INFO - 
Epoch 55/100
2026-02-22 08:42:02,969 - INFO -   Epoch [10/175] Loss: 1.2455
2026-02-22 08:42:03,589 - INFO -   Epoch [20/175] Loss: 1.0516
2026-02-22 08:42:04,208 - INFO -   Epoch [30/175] Loss: 1.3041
2026-02-22 08:42:04,828 - INFO -   Epoch [40/175] Loss: 1.1415
2026-02-22 08:42:05,446 - INFO -   Epoch [50/175] Loss: 0.9137
2026-02-22 08:42:06,067 - INFO -   Epoch [60/175] Loss: 1.0958
2026-02-22 08:42:06,685 - INFO -   Epoch [70/175] Loss: 1.5606
2026-02-22 08:42:07,300 - INFO -   Epoch [80/175] Loss: 1.0263
2026-02-22 08:42:07,917 - INFO -   Epoch [90/175] Loss: 0.9867
2026-02-22 08:42:08,535 - INFO -   Epoch [100/175] Loss: 1.6832
2026-02-22 08:42:09,158 - INFO -   Epoch [110/175] Loss: 1.7272
2026-02-22 08:42:09,784 - INFO -   Epoch [120/175] Loss: 1.4026
2026-02-22 08:42:10,404 - INFO -   Epoch [130/175] Loss: 1.8897
2026-02-22 08:42:11,021 - INFO -   Epoch [140/175] Loss: 1.0041
2026-02-22 08:42:11,636 - INFO -   Epoch [150/175] Loss: 1.6083
2026-02-22 08:42:12,252 - INFO -   Epoch [160/175] Loss: 1.7106
2026-02-22 08:42:12,866 - INFO -   Epoch [170/175] Loss: 1.2689
2026-02-22 08:42:13,822 - INFO -   Train Loss: 1.3889
2026-02-22 08:42:13,823 - INFO -   Train Accuracy: 43.50%
2026-02-22 08:42:13,823 - INFO -   Val Loss: 1.4639
2026-02-22 08:42:13,823 - INFO -   Val Accuracy: 52.50% | F1: 0.3900
2026-02-22 08:42:13,823 - INFO -   LR: 0.000063
2026-02-22 08:42:13,823 - INFO -   Patience: 4/15
2026-02-22 08:42:13,823 - INFO - 
Epoch 56/100
2026-02-22 08:42:14,435 - INFO -   Epoch [10/175] Loss: 1.3543
2026-02-22 08:42:15,046 - INFO -   Epoch [20/175] Loss: 1.5961
2026-02-22 08:42:15,665 - INFO -   Epoch [30/175] Loss: 1.1839
2026-02-22 08:42:16,286 - INFO -   Epoch [40/175] Loss: 1.2030
2026-02-22 08:42:16,906 - INFO -   Epoch [50/175] Loss: 1.5038
2026-02-22 08:42:17,524 - INFO -   Epoch [60/175] Loss: 1.0682
2026-02-22 08:42:18,143 - INFO -   Epoch [70/175] Loss: 1.2477
2026-02-22 08:42:18,758 - INFO -   Epoch [80/175] Loss: 1.6755
2026-02-22 08:42:19,369 - INFO -   Epoch [90/175] Loss: 1.9908
2026-02-22 08:42:19,986 - INFO -   Epoch [100/175] Loss: 1.4149
2026-02-22 08:42:20,605 - INFO -   Epoch [110/175] Loss: 1.1167
2026-02-22 08:42:21,218 - INFO -   Epoch [120/175] Loss: 2.6422
2026-02-22 08:42:21,834 - INFO -   Epoch [130/175] Loss: 1.3490
2026-02-22 08:42:22,449 - INFO -   Epoch [140/175] Loss: 1.5172
2026-02-22 08:42:23,064 - INFO -   Epoch [150/175] Loss: 0.9339
2026-02-22 08:42:23,686 - INFO -   Epoch [160/175] Loss: 1.3764
2026-02-22 08:42:24,302 - INFO -   Epoch [170/175] Loss: 0.9393
2026-02-22 08:42:25,263 - INFO -   Train Loss: 1.4050
2026-02-22 08:42:25,263 - INFO -   Train Accuracy: 43.79%
2026-02-22 08:42:25,263 - INFO -   Val Loss: 1.4328
2026-02-22 08:42:25,263 - INFO -   Val Accuracy: 52.25% | F1: 0.3674
2026-02-22 08:42:25,263 - INFO -   LR: 0.000063
2026-02-22 08:42:25,263 - INFO -   Patience: 5/15
2026-02-22 08:42:25,263 - INFO - 
Epoch 57/100
2026-02-22 08:42:25,879 - INFO -   Epoch [10/175] Loss: 1.0237
2026-02-22 08:42:26,495 - INFO -   Epoch [20/175] Loss: 1.1818
2026-02-22 08:42:27,108 - INFO -   Epoch [30/175] Loss: 1.4943
2026-02-22 08:42:27,728 - INFO -   Epoch [40/175] Loss: 1.1651
2026-02-22 08:42:28,351 - INFO -   Epoch [50/175] Loss: 0.8976
2026-02-22 08:42:28,968 - INFO -   Epoch [60/175] Loss: 1.3541
2026-02-22 08:42:29,582 - INFO -   Epoch [70/175] Loss: 1.0440
2026-02-22 08:42:30,195 - INFO -   Epoch [80/175] Loss: 1.2349
2026-02-22 08:42:30,821 - INFO -   Epoch [90/175] Loss: 1.6596
2026-02-22 08:42:31,443 - INFO -   Epoch [100/175] Loss: 1.3345
2026-02-22 08:42:32,063 - INFO -   Epoch [110/175] Loss: 1.6774
2026-02-22 08:42:32,679 - INFO -   Epoch [120/175] Loss: 1.5112
2026-02-22 08:42:33,293 - INFO -   Epoch [130/175] Loss: 2.8253
2026-02-22 08:42:33,912 - INFO -   Epoch [140/175] Loss: 1.2105
2026-02-22 08:42:34,528 - INFO -   Epoch [150/175] Loss: 0.6743
2026-02-22 08:42:35,145 - INFO -   Epoch [160/175] Loss: 1.4910
2026-02-22 08:42:35,761 - INFO -   Epoch [170/175] Loss: 1.2908
2026-02-22 08:42:36,708 - INFO -   Train Loss: 1.3796
2026-02-22 08:42:36,708 - INFO -   Train Accuracy: 44.18%
2026-02-22 08:42:36,709 - INFO -   Val Loss: 1.4345
2026-02-22 08:42:36,709 - INFO -   Val Accuracy: 52.75% | F1: 0.3867
2026-02-22 08:42:36,709 - INFO -   LR: 0.000063
2026-02-22 08:42:36,709 - INFO -   Patience: 6/15
2026-02-22 08:42:36,709 - INFO - 
Epoch 58/100
2026-02-22 08:42:37,328 - INFO -   Epoch [10/175] Loss: 1.3453
2026-02-22 08:42:37,935 - INFO -   Epoch [20/175] Loss: 1.1796
2026-02-22 08:42:38,552 - INFO -   Epoch [30/175] Loss: 1.7350
2026-02-22 08:42:39,171 - INFO -   Epoch [40/175] Loss: 1.4404
2026-02-22 08:42:39,789 - INFO -   Epoch [50/175] Loss: 1.5508
2026-02-22 08:42:40,405 - INFO -   Epoch [60/175] Loss: 1.4478
2026-02-22 08:42:41,021 - INFO -   Epoch [70/175] Loss: 1.3466
2026-02-22 08:42:41,623 - INFO -   Epoch [80/175] Loss: 0.9669
2026-02-22 08:42:42,241 - INFO -   Epoch [90/175] Loss: 1.6156
2026-02-22 08:42:42,865 - INFO -   Epoch [100/175] Loss: 1.1093
2026-02-22 08:42:43,497 - INFO -   Epoch [110/175] Loss: 1.1752
2026-02-22 08:42:44,127 - INFO -   Epoch [120/175] Loss: 1.7150
2026-02-22 08:42:44,743 - INFO -   Epoch [130/175] Loss: 1.7143
2026-02-22 08:42:45,359 - INFO -   Epoch [140/175] Loss: 1.2481
2026-02-22 08:42:45,955 - INFO -   Epoch [150/175] Loss: 1.5930
2026-02-22 08:42:46,546 - INFO -   Epoch [160/175] Loss: 1.5066
2026-02-22 08:42:47,143 - INFO -   Epoch [170/175] Loss: 0.7868
2026-02-22 08:42:48,103 - INFO -   Train Loss: 1.3744
2026-02-22 08:42:48,103 - INFO -   Train Accuracy: 43.04%
2026-02-22 08:42:48,104 - INFO -   Val Loss: 1.4300
2026-02-22 08:42:48,104 - INFO -   Val Accuracy: 53.50% | F1: 0.3889
2026-02-22 08:42:48,104 - INFO -   LR: 0.000031
2026-02-22 08:42:48,104 - INFO -   Patience: 7/15
2026-02-22 08:42:48,104 - INFO - 
Epoch 59/100
2026-02-22 08:42:48,716 - INFO -   Epoch [10/175] Loss: 1.5140
2026-02-22 08:42:49,333 - INFO -   Epoch [20/175] Loss: 1.7226
2026-02-22 08:42:49,950 - INFO -   Epoch [30/175] Loss: 1.1803
2026-02-22 08:42:50,565 - INFO -   Epoch [40/175] Loss: 1.3200
2026-02-22 08:42:51,182 - INFO -   Epoch [50/175] Loss: 1.5919
2026-02-22 08:42:51,802 - INFO -   Epoch [60/175] Loss: 1.2186
2026-02-22 08:42:52,405 - INFO -   Epoch [70/175] Loss: 1.2813
2026-02-22 08:42:53,027 - INFO -   Epoch [80/175] Loss: 1.2935
2026-02-22 08:42:53,647 - INFO -   Epoch [90/175] Loss: 1.2101
2026-02-22 08:42:54,261 - INFO -   Epoch [100/175] Loss: 0.7775
2026-02-22 08:42:54,881 - INFO -   Epoch [110/175] Loss: 2.3660
2026-02-22 08:42:55,499 - INFO -   Epoch [120/175] Loss: 1.1714
2026-02-22 08:42:56,101 - INFO -   Epoch [130/175] Loss: 1.6091
2026-02-22 08:42:56,700 - INFO -   Epoch [140/175] Loss: 1.2132
2026-02-22 08:42:57,312 - INFO -   Epoch [150/175] Loss: 1.6726
2026-02-22 08:42:57,931 - INFO -   Epoch [160/175] Loss: 0.9700
2026-02-22 08:42:58,550 - INFO -   Epoch [170/175] Loss: 1.7639
2026-02-22 08:42:59,521 - INFO -   Train Loss: 1.3773
2026-02-22 08:42:59,521 - INFO -   Train Accuracy: 44.64%
2026-02-22 08:42:59,521 - INFO -   Val Loss: 1.4344
2026-02-22 08:42:59,521 - INFO -   Val Accuracy: 52.75% | F1: 0.3849
2026-02-22 08:42:59,521 - INFO -   LR: 0.000031
2026-02-22 08:42:59,521 - INFO -   Patience: 8/15
2026-02-22 08:42:59,521 - INFO - 
Epoch 60/100
2026-02-22 08:43:00,140 - INFO -   Epoch [10/175] Loss: 1.1689
2026-02-22 08:43:00,760 - INFO -   Epoch [20/175] Loss: 1.5928
2026-02-22 08:43:01,374 - INFO -   Epoch [30/175] Loss: 1.0187
2026-02-22 08:43:01,992 - INFO -   Epoch [40/175] Loss: 0.9778
2026-02-22 08:43:02,608 - INFO -   Epoch [50/175] Loss: 1.2036
2026-02-22 08:43:03,232 - INFO -   Epoch [60/175] Loss: 1.3257
2026-02-22 08:43:03,850 - INFO -   Epoch [70/175] Loss: 0.9058
2026-02-22 08:43:04,471 - INFO -   Epoch [80/175] Loss: 1.5484
2026-02-22 08:43:05,087 - INFO -   Epoch [90/175] Loss: 1.0077
2026-02-22 08:43:05,704 - INFO -   Epoch [100/175] Loss: 1.1650
2026-02-22 08:43:06,293 - INFO -   Epoch [110/175] Loss: 1.3270
2026-02-22 08:43:06,907 - INFO -   Epoch [120/175] Loss: 1.4087
2026-02-22 08:43:07,524 - INFO -   Epoch [130/175] Loss: 1.8192
2026-02-22 08:43:08,144 - INFO -   Epoch [140/175] Loss: 0.9886
2026-02-22 08:43:08,760 - INFO -   Epoch [150/175] Loss: 3.7917
2026-02-22 08:43:09,374 - INFO -   Epoch [160/175] Loss: 1.7597
2026-02-22 08:43:09,988 - INFO -   Epoch [170/175] Loss: 1.1360
2026-02-22 08:43:10,948 - INFO -   Train Loss: 1.3778
2026-02-22 08:43:10,948 - INFO -   Train Accuracy: 45.18%
2026-02-22 08:43:10,948 - INFO -   Val Loss: 1.4380
2026-02-22 08:43:10,948 - INFO -   Val Accuracy: 53.25% | F1: 0.3914
2026-02-22 08:43:10,949 - INFO -   LR: 0.000031
2026-02-22 08:43:10,949 - INFO -   Patience: 9/15
2026-02-22 08:43:10,949 - INFO - 
Epoch 61/100
2026-02-22 08:43:11,564 - INFO -   Epoch [10/175] Loss: 1.2482
2026-02-22 08:43:12,180 - INFO -   Epoch [20/175] Loss: 0.8404
2026-02-22 08:43:12,795 - INFO -   Epoch [30/175] Loss: 1.0916
2026-02-22 08:43:13,410 - INFO -   Epoch [40/175] Loss: 1.5447
2026-02-22 08:43:14,029 - INFO -   Epoch [50/175] Loss: 1.0654
2026-02-22 08:43:14,650 - INFO -   Epoch [60/175] Loss: 1.4248
2026-02-22 08:43:15,273 - INFO -   Epoch [70/175] Loss: 1.4919
2026-02-22 08:43:15,892 - INFO -   Epoch [80/175] Loss: 1.1218
2026-02-22 08:43:16,507 - INFO -   Epoch [90/175] Loss: 1.3931
2026-02-22 08:43:17,119 - INFO -   Epoch [100/175] Loss: 1.4184
2026-02-22 08:43:17,732 - INFO -   Epoch [110/175] Loss: 1.4238
2026-02-22 08:43:18,345 - INFO -   Epoch [120/175] Loss: 1.0316
2026-02-22 08:43:18,965 - INFO -   Epoch [130/175] Loss: 1.6251
2026-02-22 08:43:19,581 - INFO -   Epoch [140/175] Loss: 1.2422
2026-02-22 08:43:20,196 - INFO -   Epoch [150/175] Loss: 1.5996
2026-02-22 08:43:20,808 - INFO -   Epoch [160/175] Loss: 1.2643
2026-02-22 08:43:21,423 - INFO -   Epoch [170/175] Loss: 1.5209
2026-02-22 08:43:22,383 - INFO -   Train Loss: 1.3779
2026-02-22 08:43:22,383 - INFO -   Train Accuracy: 45.21%
2026-02-22 08:43:22,383 - INFO -   Val Loss: 1.4244
2026-02-22 08:43:22,383 - INFO -   Val Accuracy: 53.00% | F1: 0.3905
2026-02-22 08:43:22,383 - INFO -   LR: 0.000031
2026-02-22 08:43:22,383 - INFO -   Patience: 10/15
2026-02-22 08:43:22,383 - INFO - 
Epoch 62/100
2026-02-22 08:43:23,005 - INFO -   Epoch [10/175] Loss: 1.6624
2026-02-22 08:43:23,618 - INFO -   Epoch [20/175] Loss: 1.5120
2026-02-22 08:43:24,234 - INFO -   Epoch [30/175] Loss: 1.0995
2026-02-22 08:43:24,855 - INFO -   Epoch [40/175] Loss: 1.1723
2026-02-22 08:43:25,479 - INFO -   Epoch [50/175] Loss: 1.3003
2026-02-22 08:43:26,084 - INFO -   Epoch [60/175] Loss: 1.4840
2026-02-22 08:43:26,694 - INFO -   Epoch [70/175] Loss: 1.2435
2026-02-22 08:43:27,313 - INFO -   Epoch [80/175] Loss: 1.2070
2026-02-22 08:43:27,929 - INFO -   Epoch [90/175] Loss: 1.1593
2026-02-22 08:43:28,535 - INFO -   Epoch [100/175] Loss: 1.4560
2026-02-22 08:43:29,146 - INFO -   Epoch [110/175] Loss: 1.6599
2026-02-22 08:43:29,759 - INFO -   Epoch [120/175] Loss: 1.5810
2026-02-22 08:43:30,376 - INFO -   Epoch [130/175] Loss: 1.4723
2026-02-22 08:43:31,003 - INFO -   Epoch [140/175] Loss: 1.0332
2026-02-22 08:43:31,623 - INFO -   Epoch [150/175] Loss: 1.5915
2026-02-22 08:43:32,240 - INFO -   Epoch [160/175] Loss: 1.7774
2026-02-22 08:43:32,856 - INFO -   Epoch [170/175] Loss: 4.4648
2026-02-22 08:43:33,814 - INFO -   Train Loss: 1.3738
2026-02-22 08:43:33,815 - INFO -   Train Accuracy: 45.86%
2026-02-22 08:43:33,815 - INFO -   Val Loss: 1.4361
2026-02-22 08:43:33,815 - INFO -   Val Accuracy: 52.25% | F1: 0.3899
2026-02-22 08:43:33,815 - INFO -   LR: 0.000031
2026-02-22 08:43:33,815 - INFO -   Patience: 11/15
2026-02-22 08:43:33,815 - INFO - 
Epoch 63/100
2026-02-22 08:43:34,430 - INFO -   Epoch [10/175] Loss: 1.3514
2026-02-22 08:43:35,045 - INFO -   Epoch [20/175] Loss: 1.4665
2026-02-22 08:43:35,659 - INFO -   Epoch [30/175] Loss: 1.1410
2026-02-22 08:43:36,273 - INFO -   Epoch [40/175] Loss: 1.0222
2026-02-22 08:43:36,895 - INFO -   Epoch [50/175] Loss: 1.3300
2026-02-22 08:43:37,518 - INFO -   Epoch [60/175] Loss: 2.9445
2026-02-22 08:43:38,137 - INFO -   Epoch [70/175] Loss: 1.3182
2026-02-22 08:43:38,759 - INFO -   Epoch [80/175] Loss: 1.7888
2026-02-22 08:43:39,378 - INFO -   Epoch [90/175] Loss: 1.4486
2026-02-22 08:43:39,991 - INFO -   Epoch [100/175] Loss: 1.1643
2026-02-22 08:43:40,603 - INFO -   Epoch [110/175] Loss: 1.9117
2026-02-22 08:43:41,217 - INFO -   Epoch [120/175] Loss: 1.6292
2026-02-22 08:43:41,832 - INFO -   Epoch [130/175] Loss: 1.4093
2026-02-22 08:43:42,449 - INFO -   Epoch [140/175] Loss: 1.6364
2026-02-22 08:43:43,068 - INFO -   Epoch [150/175] Loss: 1.1244
2026-02-22 08:43:43,693 - INFO -   Epoch [160/175] Loss: 1.6294
2026-02-22 08:43:44,318 - INFO -   Epoch [170/175] Loss: 1.2108
2026-02-22 08:43:45,280 - INFO -   Train Loss: 1.3724
2026-02-22 08:43:45,280 - INFO -   Train Accuracy: 44.29%
2026-02-22 08:43:45,280 - INFO -   Val Loss: 1.4400
2026-02-22 08:43:45,280 - INFO -   Val Accuracy: 51.50% | F1: 0.3827
2026-02-22 08:43:45,281 - INFO -   LR: 0.000031
2026-02-22 08:43:45,281 - INFO -   Patience: 12/15
2026-02-22 08:43:45,281 - INFO - 
Epoch 64/100
2026-02-22 08:43:45,906 - INFO -   Epoch [10/175] Loss: 1.4193
2026-02-22 08:43:46,505 - INFO -   Epoch [20/175] Loss: 1.2814
2026-02-22 08:43:47,122 - INFO -   Epoch [30/175] Loss: 1.6972
2026-02-22 08:43:47,750 - INFO -   Epoch [40/175] Loss: 1.6210
2026-02-22 08:43:48,369 - INFO -   Epoch [50/175] Loss: 1.6782
2026-02-22 08:43:48,985 - INFO -   Epoch [60/175] Loss: 1.5275
2026-02-22 08:43:49,599 - INFO -   Epoch [70/175] Loss: 1.3100
2026-02-22 08:43:50,209 - INFO -   Epoch [80/175] Loss: 1.1621
2026-02-22 08:43:50,829 - INFO -   Epoch [90/175] Loss: 1.4058
2026-02-22 08:43:51,444 - INFO -   Epoch [100/175] Loss: 1.6170
2026-02-22 08:43:52,050 - INFO -   Epoch [110/175] Loss: 1.0466
2026-02-22 08:43:52,666 - INFO -   Epoch [120/175] Loss: 1.0155
2026-02-22 08:43:53,287 - INFO -   Epoch [130/175] Loss: 1.4385
2026-02-22 08:43:53,906 - INFO -   Epoch [140/175] Loss: 0.8471
2026-02-22 08:43:54,525 - INFO -   Epoch [150/175] Loss: 1.1869
2026-02-22 08:43:55,140 - INFO -   Epoch [160/175] Loss: 0.8295
2026-02-22 08:43:55,750 - INFO -   Epoch [170/175] Loss: 1.4199
2026-02-22 08:43:56,680 - INFO -   Train Loss: 1.3647
2026-02-22 08:43:56,680 - INFO -   Train Accuracy: 44.93%
2026-02-22 08:43:56,680 - INFO -   Val Loss: 1.4365
2026-02-22 08:43:56,680 - INFO -   Val Accuracy: 52.25% | F1: 0.3865
2026-02-22 08:43:56,680 - INFO -   LR: 0.000016
2026-02-22 08:43:56,681 - INFO -   Patience: 13/15
2026-02-22 08:43:56,681 - INFO - 
Epoch 65/100
2026-02-22 08:43:57,293 - INFO -   Epoch [10/175] Loss: 1.3505
2026-02-22 08:43:57,914 - INFO -   Epoch [20/175] Loss: 1.6102
2026-02-22 08:43:58,538 - INFO -   Epoch [30/175] Loss: 1.7321
2026-02-22 08:43:59,157 - INFO -   Epoch [40/175] Loss: 1.2563
2026-02-22 08:43:59,770 - INFO -   Epoch [50/175] Loss: 1.3417
2026-02-22 08:44:00,376 - INFO -   Epoch [60/175] Loss: 1.0209
2026-02-22 08:44:00,992 - INFO -   Epoch [70/175] Loss: 2.0498
2026-02-22 08:44:01,607 - INFO -   Epoch [80/175] Loss: 1.2280
2026-02-22 08:44:02,222 - INFO -   Epoch [90/175] Loss: 0.8802
2026-02-22 08:44:02,836 - INFO -   Epoch [100/175] Loss: 1.1613
2026-02-22 08:44:03,466 - INFO -   Epoch [110/175] Loss: 1.1384
2026-02-22 08:44:04,094 - INFO -   Epoch [120/175] Loss: 1.1486
2026-02-22 08:44:04,717 - INFO -   Epoch [130/175] Loss: 1.7490
2026-02-22 08:44:05,337 - INFO -   Epoch [140/175] Loss: 1.0384
2026-02-22 08:44:05,945 - INFO -   Epoch [150/175] Loss: 1.0530
2026-02-22 08:44:06,544 - INFO -   Epoch [160/175] Loss: 1.1215
2026-02-22 08:44:07,172 - INFO -   Epoch [170/175] Loss: 1.8205
2026-02-22 08:44:08,152 - INFO -   Train Loss: 1.3867
2026-02-22 08:44:08,152 - INFO -   Train Accuracy: 45.14%
2026-02-22 08:44:08,152 - INFO -   Val Loss: 1.4333
2026-02-22 08:44:08,152 - INFO -   Val Accuracy: 52.25% | F1: 0.3907
2026-02-22 08:44:08,152 - INFO -   LR: 0.000016
2026-02-22 08:44:08,153 - INFO -   Patience: 14/15
2026-02-22 08:44:08,153 - INFO - 
Epoch 66/100
2026-02-22 08:44:08,776 - INFO -   Epoch [10/175] Loss: 1.2865
2026-02-22 08:44:09,404 - INFO -   Epoch [20/175] Loss: 1.5189
2026-02-22 08:44:10,046 - INFO -   Epoch [30/175] Loss: 1.4429
2026-02-22 08:44:10,667 - INFO -   Epoch [40/175] Loss: 1.1676
2026-02-22 08:44:11,296 - INFO -   Epoch [50/175] Loss: 1.6541
2026-02-22 08:44:11,920 - INFO -   Epoch [60/175] Loss: 1.5799
2026-02-22 08:44:12,546 - INFO -   Epoch [70/175] Loss: 1.6253
2026-02-22 08:44:13,164 - INFO -   Epoch [80/175] Loss: 1.3927
2026-02-22 08:44:13,784 - INFO -   Epoch [90/175] Loss: 2.0207
2026-02-22 08:44:14,408 - INFO -   Epoch [100/175] Loss: 1.1055
2026-02-22 08:44:15,026 - INFO -   Epoch [110/175] Loss: 1.0353
2026-02-22 08:44:15,663 - INFO -   Epoch [120/175] Loss: 1.3557
2026-02-22 08:44:16,271 - INFO -   Epoch [130/175] Loss: 0.8967
2026-02-22 08:44:16,871 - INFO -   Epoch [140/175] Loss: 1.8884
2026-02-22 08:44:17,493 - INFO -   Epoch [150/175] Loss: 1.6560
2026-02-22 08:44:18,111 - INFO -   Epoch [160/175] Loss: 1.4233
2026-02-22 08:44:18,730 - INFO -   Epoch [170/175] Loss: 1.5227
2026-02-22 08:44:19,700 - INFO -   Train Loss: 1.3657
2026-02-22 08:44:19,700 - INFO -   Train Accuracy: 44.57%
2026-02-22 08:44:19,700 - INFO -   Val Loss: 1.4395
2026-02-22 08:44:19,700 - INFO -   Val Accuracy: 52.25% | F1: 0.3907
2026-02-22 08:44:19,700 - INFO -   LR: 0.000016
2026-02-22 08:44:19,700 - INFO -   Patience: 15/15
2026-02-22 08:44:19,700 - INFO - 
✓ Early stopping at epoch 66
2026-02-22 08:44:19,700 - INFO - 
✓ Training completed!
2026-02-22 08:44:19,700 - INFO -   Best Accuracy: 54.00%
2026-02-22 08:44:19,700 - INFO - 
================================================================================
2026-02-22 08:44:19,700 - INFO - Step 7: Testing
2026-02-22 08:44:19,700 - INFO - ================================================================================
2026-02-22 08:44:19,733 - INFO - ✓ Loaded best model from epoch 51
2026-02-22 08:44:21,031 - INFO - 
Test Results:
2026-02-22 08:44:21,031 - INFO -   - Accuracy: 50.38%
2026-02-22 08:44:21,031 - INFO -   - F1 Score: 0.3713
2026-02-22 08:44:21,041 - INFO - 
✓ All results saved to outputs/shenzhen_pure_graph_20260222_081526
2026-02-22 08:44:21,041 - INFO - ================================================================================
2026-02-22 08:44:21,041 - INFO - 
================================================================================
2026-02-22 08:44:21,041 - INFO - Training Time Statistics
2026-02-22 08:44:21,041 - INFO - ================================================================================
2026-02-22 08:44:21,041 - INFO - Start time:    2026-02-22 08:15:26
2026-02-22 08:44:21,041 - INFO - End time:      2026-02-22 08:44:21
2026-02-22 08:44:21,041 - INFO - Total time:    00:28:54 (1734.76 seconds)
2026-02-22 08:44:21,041 - INFO -                (28.91 minutes, 0.48 hours)
2026-02-22 08:44:21,041 - INFO - ================================================================================
2026-02-22 08:44:21,041 - INFO - ✓ Timing info saved to outputs/shenzhen_pure_graph_20260222_081526/metrics/timing_info.json
2026-02-22 08:44:21,041 - INFO - ================================================================================
