2026-04-05 20:00:02,603 - INFO - ================================================================================
2026-04-05 20:00:02,603 - INFO - Multi-Scale Temporal Branch Training
2026-04-05 20:00:02,603 - INFO - ================================================================================
2026-04-05 20:00:02,603 - INFO - Training started at: 2026-04-05 20:00:02
2026-04-05 20:00:02,603 - INFO - 
Improvement: Multi-Scale Temporal Branch (hourly + daily + weekly)
2026-04-05 20:00:02,603 - INFO - Dataset: data/labels_sgh_entropy_0.05_per_450.csv with flow threshold 0.0 and 168 time steps
2026-04-05 20:00:02,603 - INFO - Runtime overrides | spatial_model=GINE, samples_per_class=None, epochs=300, batch_size=12, lr=0.0001, grad_accum=4, early_stop=30, use_cache=True
2026-04-05 20:00:02,603 - INFO - Temporal override | temporal_model=LSTM
2026-04-05 20:00:02,603 - INFO - Temporal layer override | layers=3
2026-04-05 20:00:02,603 - INFO - Graph overrides | topk_out=20, topk_in=20, topk_enabled=True
2026-04-05 20:00:02,603 - INFO - Graph temporal mode | mode=static
2026-04-05 20:00:02,603 - INFO - Seed override | random_seed=202
2026-04-05 20:00:02,603 - INFO - Spatial node feature mode | mode=raw_temporal_mean
2026-04-05 20:00:02,603 - INFO - GINE edge feature mode | mode=flow_distance_direction
2026-04-05 20:00:02,603 - INFO - Temporal feature mode | mode=inflow_outflow
2026-04-05 20:00:02,603 - INFO - Split manifest | load=None, export=None
2026-04-05 20:00:02,603 - INFO - Branch ablation mode | mode=full
2026-04-05 20:00:02,603 - INFO - Fusion ablation mode | mode=gated
2026-04-05 20:00:02,603 - INFO - 
Output directory: outputs/multiscale_temporal_20260405_200002_labels_sgh_entropy_0.05_per_450_comparison_B1_lstm
2026-04-05 20:00:02,603 - INFO - Log file: outputs/multiscale_temporal_20260405_200002_labels_sgh_entropy_0.05_per_450_comparison_B1_lstm/training.log
2026-04-05 20:00:02,604 - INFO - 
================================================================================
2026-04-05 20:00:02,604 - INFO - Step 1: Loading data
2026-04-05 20:00:02,604 - INFO - ================================================================================
2026-04-05 20:00:02,605 - INFO - ================================================================================
2026-04-05 20:00:02,605 - INFO - Dual-Year Experiment Data Preparation
2026-04-05 20:00:02,605 - INFO - ================================================================================
2026-04-05 20:00:02,605 - INFO - Label file: data/labels_sgh_entropy_0.05_per_450.csv
2026-04-05 20:00:02,605 - INFO - Samples per class: ALL
2026-04-05 20:00:02,605 - INFO - 
2026-04-05 20:00:02,605 - INFO - Loading grid metadata...
2026-04-05 20:00:02,605 - INFO - Loading grid metadata from data/grid_metadata/sgh_grid_metadata.csv
2026-04-05 20:00:02,669 - INFO - Loaded 65049 valid grid cells
2026-04-05 20:00:02,675 - INFO - ================================================================================
2026-04-05 20:00:02,675 - INFO - Loading Feature Cache (Level-1)
2026-04-05 20:00:02,675 - INFO - ================================================================================
2026-04-05 20:00:02,675 - INFO - Feature cache file: data/cache/features/dual_year_features_cb92786c4c45.pkl
/opt/conda/lib/python3.11/site-packages/torch/storage.py:414: FutureWarning: You are using `torch.load` with `weights_only=False` (the current default value), which uses the default pickle module implicitly. It is possible to construct malicious pickle data which will execute arbitrary code during unpickling (See https://github.com/pytorch/pytorch/blob/main/SECURITY.md#untrusted-models for more details). In a future release, the default value for `weights_only` will be flipped to `True`. This limits the functions that could be executed during unpickling. Arbitrary objects will no longer be allowed to be loaded via this mode unless they are explicitly allowlisted by the user via `torch.serialization.add_safe_globals`. We recommend you start setting `weights_only=True` for any use case where you don't have full control of the loaded file. Please open an issue on GitHub for any issues related to this experimental feature.
  return torch.load(io.BytesIO(b))
2026-04-05 20:00:02,748 - INFO - ✓ Feature cache hit
2026-04-05 20:00:02,748 - INFO -   - Total labeled grids: 4050
2026-04-05 20:00:02,748 - INFO - Building/loading spatial graphs...
2026-04-05 20:00:02,748 - INFO - CRITICAL FIX: Using GLOBAL metadata (all 65049 grids)
2026-04-05 20:00:02,853 - INFO - ================================================================================
2026-04-05 20:00:02,853 - INFO - Loading Graph Cache (Level-2 variant)
2026-04-05 20:00:02,853 - INFO - ================================================================================
2026-04-05 20:00:02,853 - INFO - Graph cache file: data/cache/graphs/dual_year_graph_variant_0e1f7f20f21e.pkl
2026-04-05 20:00:02,913 - INFO - ✓ Graph variant cache hit
2026-04-05 20:00:02,913 - INFO - 
✓ CRITICAL FIX APPLIED:
2026-04-05 20:00:02,913 - INFO -   - Global graph nodes: 65049 (from 65049 metadata)
2026-04-05 20:00:02,913 - INFO -   - Labeled nodes for training: 4050
2026-04-05 20:00:02,913 - INFO -   - Unlabeled nodes in graph: 60999
2026-04-05 20:00:02,913 - INFO -   - Graph temporal mode: static
2026-04-05 20:00:02,913 - INFO -   - Graph edge feature mode: flow_distance_direction
2026-04-05 20:00:02,913 - INFO -   - Graph snapshots per year: 1
2026-04-05 20:00:02,913 - INFO -   - Graph 2021 edges (snapshot0): 1034676
2026-04-05 20:00:02,913 - INFO -   - Graph 2024 edges (snapshot0): 1179275
2026-04-05 20:00:02,913 - INFO - 
Architecture:
2026-04-05 20:00:02,913 - INFO -   - Temporal Branch (LSTM): Uses 4050 labeled nodes with (168, 2) features
2026-04-05 20:00:02,913 - INFO -   - Spatial Branch (GCN/SAGE): Uses 65049 nodes with all-1 features
2026-04-05 20:00:02,914 - INFO -   - Feature dimension per labeled node: (168, 4)
2026-04-05 20:00:02,914 - INFO - 
Two-level cache summary:
2026-04-05 20:00:02,914 - INFO -   - Feature cache: data/cache/features/dual_year_features_cb92786c4c45.pkl
2026-04-05 20:00:02,914 - INFO -   - Graph base cache: data/cache/graphs/dual_year_graph_base_d4d046bfdc14.pkl
2026-04-05 20:00:02,914 - INFO -   - Graph variant cache: data/cache/graphs/dual_year_graph_variant_0e1f7f20f21e.pkl
2026-04-05 20:00:02,921 - INFO - ✓ Data loaded successfully
2026-04-05 20:00:02,921 - INFO -   - Total grids: 4050
2026-04-05 20:00:02,921 - INFO -   - Feature shape: (168, 4)
2026-04-05 20:00:02,921 - INFO -   - Graph 2021 edges: 1034676
2026-04-05 20:00:02,922 - INFO -   - Graph 2024 edges: 1179275
2026-04-05 20:00:02,922 - INFO -   - Graph edge feature mode: flow_distance_direction
2026-04-05 20:00:02,922 - INFO - 
================================================================================
2026-04-05 20:00:02,922 - INFO - Step 2: Preparing temporal features
2026-04-05 20:00:02,922 - INFO - ================================================================================
2026-04-05 20:00:02,963 - INFO - ✓ Temporal features prepared
2026-04-05 20:00:02,964 - INFO - 
================================================================================
2026-04-05 20:00:02,964 - INFO - Step 3: Creating dataset
2026-04-05 20:00:02,964 - INFO - ================================================================================
2026-04-05 20:00:02,964 - INFO - ✓ Dataset created: 4050 samples
2026-04-05 20:00:02,968 - INFO -   - Split Source: seeded_random_split
2026-04-05 20:00:02,968 - INFO -   - Wrote Split Manifest: outputs/multiscale_temporal_20260405_200002_labels_sgh_entropy_0.05_per_450_comparison_B1_lstm/metrics/split_manifest.json
2026-04-05 20:00:02,968 - INFO -   - Train: 2835 samples
2026-04-05 20:00:02,968 - INFO -   - Val: 405 samples
2026-04-05 20:00:02,968 - INFO -   - Test: 810 samples
2026-04-05 20:00:03,282 - INFO - ✓ Data loaders created
2026-04-05 20:00:03,282 - INFO - 
================================================================================
2026-04-05 20:00:03,282 - INFO - Step 4: Creating Enhanced Model
2026-04-05 20:00:03,283 - INFO - ================================================================================
2026-04-05 20:00:03,283 - INFO - Using device: cuda
2026-04-05 20:00:03,283 - INFO - Spatial model: GINE
2026-04-05 20:00:03,283 - INFO - Temporal model: LSTM
2026-04-05 20:00:05,146 - INFO -   - Registered spatial coordinates for GINE node features (torch.Size([65049, 2]))
2026-04-05 20:00:05,450 - INFO - ✓ Enhanced model created
2026-04-05 20:00:05,450 - INFO -   - Total parameters: 4,844,942
2026-04-05 20:00:05,450 - INFO -   - Trainable parameters: 4,844,942
2026-04-05 20:00:05,450 - INFO -   - Multi-scale temporal: Hourly + Daily + Weekly
2026-04-05 20:00:05,451 - INFO -   - Temporal branch model: LSTM
2026-04-05 20:00:05,451 - INFO -   - Spatial branch: GINE
2026-04-05 20:00:05,451 - INFO -   - Laplacian PE dimension: 8
2026-04-05 20:00:05,451 - INFO -   - Branch ablation mode: full
2026-04-05 20:00:05,451 - INFO -   - Fusion ablation mode: gated
2026-04-05 20:00:05,451 - INFO - 
================================================================================
2026-04-05 20:00:05,451 - INFO - Step 5: Setting up training
2026-04-05 20:00:05,451 - INFO - ================================================================================
/opt/conda/lib/python3.11/site-packages/torch/optim/lr_scheduler.py:60: UserWarning: The verbose parameter is deprecated. Please use get_last_lr() to access the learning rate.
  warnings.warn(
2026-04-05 20:00:05,453 - INFO - ✓ Training setup complete
2026-04-05 20:00:05,453 - INFO -   - Optimizer: Adam (lr=0.0001, wd=0.001)
2026-04-05 20:00:05,454 - INFO -   - Scheduler: ReduceLROnPlateau (patience=5, factor=0.5)
2026-04-05 20:00:05,454 - INFO -   - Loss: Weighted CrossEntropy
2026-04-05 20:00:05,454 - INFO - 
================================================================================
2026-04-05 20:00:05,454 - INFO - Step 6: Training
2026-04-05 20:00:05,454 - INFO - ================================================================================
2026-04-05 20:00:05,454 - INFO - 
Epoch 1/300
/workspace/Graph_Deep_Learning/20251001-PRD_18-21-24-mobility_change_pattern/analysis/PRD-Mobility-Change-Pattern/src/models/enhanced_dual_branch_model.py:512: FutureWarning: You are using `torch.load` with `weights_only=False` (the current default value), which uses the default pickle module implicitly. It is possible to construct malicious pickle data which will execute arbitrary code during unpickling (See https://github.com/pytorch/pytorch/blob/main/SECURITY.md#untrusted-models for more details). In a future release, the default value for `weights_only` will be flipped to `True`. This limits the functions that could be executed during unpickling. Arbitrary objects will no longer be allowed to be loaded via this mode unless they are explicitly allowlisted by the user via `torch.serialization.add_safe_globals`. We recommend you start setting `weights_only=True` for any use case where you don't have full control of the loaded file. Please open an issue on GitHub for any issues related to this experimental feature.
  cached = torch.load(cache_path, map_location='cpu')
2026-04-05 20:00:07,897 - INFO -   Epoch [10/237] Loss: 2.1318
2026-04-05 20:00:09,765 - INFO -   Epoch [20/237] Loss: 2.1287
2026-04-05 20:00:11,669 - INFO -   Epoch [30/237] Loss: 2.2724
2026-04-05 20:00:13,605 - INFO -   Epoch [40/237] Loss: 2.1157
2026-04-05 20:00:15,467 - INFO -   Epoch [50/237] Loss: 1.8874
2026-04-05 20:00:17,298 - INFO -   Epoch [60/237] Loss: 1.9982
2026-04-05 20:00:19,135 - INFO -   Epoch [70/237] Loss: 1.7817
2026-04-05 20:00:21,016 - INFO -   Epoch [80/237] Loss: 1.8520
2026-04-05 20:00:22,881 - INFO -   Epoch [90/237] Loss: 2.0122
2026-04-05 20:00:24,735 - INFO -   Epoch [100/237] Loss: 2.0349
2026-04-05 20:00:26,581 - INFO -   Epoch [110/237] Loss: 2.0255
2026-04-05 20:00:28,428 - INFO -   Epoch [120/237] Loss: 1.9564
2026-04-05 20:00:30,279 - INFO -   Epoch [130/237] Loss: 2.0025
2026-04-05 20:00:32,125 - INFO -   Epoch [140/237] Loss: 1.8843
2026-04-05 20:00:33,969 - INFO -   Epoch [150/237] Loss: 1.8094
2026-04-05 20:00:35,804 - INFO -   Epoch [160/237] Loss: 1.9895
2026-04-05 20:00:37,641 - INFO -   Epoch [170/237] Loss: 1.9432
2026-04-05 20:00:39,479 - INFO -   Epoch [180/237] Loss: 1.4998
2026-04-05 20:00:41,319 - INFO -   Epoch [190/237] Loss: 1.8644
2026-04-05 20:00:43,232 - INFO -   Epoch [200/237] Loss: 1.5955
2026-04-05 20:00:45,126 - INFO -   Epoch [210/237] Loss: 1.9634
2026-04-05 20:00:47,011 - INFO -   Epoch [220/237] Loss: 1.7396
2026-04-05 20:00:48,900 - INFO -   Epoch [230/237] Loss: 1.8013
2026-04-05 20:00:52,520 - INFO -   Train Loss: 1.9455
2026-04-05 20:00:52,520 - INFO -   Train Accuracy: 25.71%
2026-04-05 20:00:52,520 - INFO -   Val Loss: 1.6924
2026-04-05 20:00:52,520 - INFO -   Val Accuracy: 39.01% | F1: 0.3314
2026-04-05 20:00:52,520 - INFO -   LR: 0.000100
2026-04-05 20:00:52,615 - INFO -   ✓ New best model saved! (Acc: 39.01%)
2026-04-05 20:00:52,615 - INFO -   Patience: 0/30
2026-04-05 20:00:52,615 - INFO - 
Epoch 2/300
2026-04-05 20:00:54,505 - INFO -   Epoch [10/237] Loss: 1.7172
2026-04-05 20:00:56,372 - INFO -   Epoch [20/237] Loss: 1.8542
2026-04-05 20:00:58,263 - INFO -   Epoch [30/237] Loss: 2.3022
2026-04-05 20:01:00,112 - INFO -   Epoch [40/237] Loss: 1.5363
2026-04-05 20:01:01,962 - INFO -   Epoch [50/237] Loss: 1.8498
2026-04-05 20:01:03,859 - INFO -   Epoch [60/237] Loss: 2.1298
2026-04-05 20:01:05,707 - INFO -   Epoch [70/237] Loss: 1.7487
2026-04-05 20:01:07,564 - INFO -   Epoch [80/237] Loss: 1.8803
2026-04-05 20:01:09,441 - INFO -   Epoch [90/237] Loss: 1.8431
2026-04-05 20:01:11,271 - INFO -   Epoch [100/237] Loss: 1.6790
2026-04-05 20:01:13,104 - INFO -   Epoch [110/237] Loss: 1.9640
2026-04-05 20:01:14,934 - INFO -   Epoch [120/237] Loss: 1.7068
2026-04-05 20:01:16,760 - INFO -   Epoch [130/237] Loss: 1.8300
2026-04-05 20:01:18,639 - INFO -   Epoch [140/237] Loss: 1.9105
2026-04-05 20:01:20,483 - INFO -   Epoch [150/237] Loss: 1.6277
2026-04-05 20:01:22,315 - INFO -   Epoch [160/237] Loss: 1.4982
2026-04-05 20:01:24,152 - INFO -   Epoch [170/237] Loss: 1.7822
2026-04-05 20:01:25,984 - INFO -   Epoch [180/237] Loss: 1.4678
2026-04-05 20:01:27,818 - INFO -   Epoch [190/237] Loss: 1.6990
2026-04-05 20:01:29,654 - INFO -   Epoch [200/237] Loss: 1.7664
2026-04-05 20:01:31,485 - INFO -   Epoch [210/237] Loss: 1.8885
2026-04-05 20:01:33,313 - INFO -   Epoch [220/237] Loss: 1.7531
2026-04-05 20:01:35,141 - INFO -   Epoch [230/237] Loss: 1.4831
2026-04-05 20:01:38,650 - INFO -   Train Loss: 1.7664
2026-04-05 20:01:38,650 - INFO -   Train Accuracy: 30.86%
2026-04-05 20:01:38,650 - INFO -   Val Loss: 1.5946
2026-04-05 20:01:38,650 - INFO -   Val Accuracy: 38.77% | F1: 0.3403
2026-04-05 20:01:38,650 - INFO -   LR: 0.000100
2026-04-05 20:01:38,650 - INFO -   Patience: 1/30
2026-04-05 20:01:38,650 - INFO - 
Epoch 3/300
2026-04-05 20:01:40,493 - INFO -   Epoch [10/237] Loss: 1.8629
2026-04-05 20:01:42,332 - INFO -   Epoch [20/237] Loss: 1.3867
2026-04-05 20:01:44,165 - INFO -   Epoch [30/237] Loss: 1.5795
2026-04-05 20:01:45,990 - INFO -   Epoch [40/237] Loss: 1.8764
2026-04-05 20:01:47,815 - INFO -   Epoch [50/237] Loss: 1.9472
2026-04-05 20:01:49,649 - INFO -   Epoch [60/237] Loss: 1.7071
2026-04-05 20:01:51,476 - INFO -   Epoch [70/237] Loss: 1.6791
2026-04-05 20:01:53,302 - INFO -   Epoch [80/237] Loss: 1.8309
2026-04-05 20:01:55,131 - INFO -   Epoch [90/237] Loss: 1.7410
2026-04-05 20:01:56,969 - INFO -   Epoch [100/237] Loss: 1.6120
2026-04-05 20:01:58,796 - INFO -   Epoch [110/237] Loss: 2.1496
2026-04-05 20:02:00,633 - INFO -   Epoch [120/237] Loss: 1.9567
2026-04-05 20:02:02,518 - INFO -   Epoch [130/237] Loss: 2.2560
2026-04-05 20:02:04,367 - INFO -   Epoch [140/237] Loss: 2.0259
2026-04-05 20:02:06,209 - INFO -   Epoch [150/237] Loss: 1.6666
2026-04-05 20:02:08,046 - INFO -   Epoch [160/237] Loss: 1.9980
2026-04-05 20:02:09,920 - INFO -   Epoch [170/237] Loss: 1.5467
2026-04-05 20:02:11,763 - INFO -   Epoch [180/237] Loss: 1.7324
2026-04-05 20:02:13,595 - INFO -   Epoch [190/237] Loss: 1.8522
2026-04-05 20:02:15,423 - INFO -   Epoch [200/237] Loss: 1.7800
2026-04-05 20:02:17,264 - INFO -   Epoch [210/237] Loss: 1.6099
2026-04-05 20:02:19,137 - INFO -   Epoch [220/237] Loss: 2.0771
2026-04-05 20:02:20,973 - INFO -   Epoch [230/237] Loss: 1.6640
2026-04-05 20:02:24,451 - INFO -   Train Loss: 1.7098
2026-04-05 20:02:24,452 - INFO -   Train Accuracy: 33.23%
2026-04-05 20:02:24,452 - INFO -   Val Loss: 1.5494
2026-04-05 20:02:24,452 - INFO -   Val Accuracy: 41.73% | F1: 0.3899
2026-04-05 20:02:24,452 - INFO -   LR: 0.000100
2026-04-05 20:02:24,833 - INFO -   ✓ New best model saved! (Acc: 41.73%)
2026-04-05 20:02:24,833 - INFO -   Patience: 0/30
2026-04-05 20:02:24,833 - INFO - 
Epoch 4/300
2026-04-05 20:02:26,686 - INFO -   Epoch [10/237] Loss: 1.4503
2026-04-05 20:02:28,533 - INFO -   Epoch [20/237] Loss: 1.2350
2026-04-05 20:02:30,381 - INFO -   Epoch [30/237] Loss: 1.7218
2026-04-05 20:02:32,226 - INFO -   Epoch [40/237] Loss: 1.6969
2026-04-05 20:02:34,072 - INFO -   Epoch [50/237] Loss: 1.5623
2026-04-05 20:02:35,914 - INFO -   Epoch [60/237] Loss: 2.0702
2026-04-05 20:02:37,754 - INFO -   Epoch [70/237] Loss: 1.7076
2026-04-05 20:02:39,597 - INFO -   Epoch [80/237] Loss: 1.4897
2026-04-05 20:02:41,441 - INFO -   Epoch [90/237] Loss: 1.4597
2026-04-05 20:02:43,281 - INFO -   Epoch [100/237] Loss: 1.5870
2026-04-05 20:02:45,121 - INFO -   Epoch [110/237] Loss: 1.4888
2026-04-05 20:02:46,955 - INFO -   Epoch [120/237] Loss: 1.6925
2026-04-05 20:02:48,790 - INFO -   Epoch [130/237] Loss: 2.0695
2026-04-05 20:02:50,669 - INFO -   Epoch [140/237] Loss: 2.0886
2026-04-05 20:02:52,503 - INFO -   Epoch [150/237] Loss: 1.5988
2026-04-05 20:02:54,331 - INFO -   Epoch [160/237] Loss: 1.5030
2026-04-05 20:02:56,162 - INFO -   Epoch [170/237] Loss: 1.5949
2026-04-05 20:02:58,005 - INFO -   Epoch [180/237] Loss: 1.6881
2026-04-05 20:02:59,840 - INFO -   Epoch [190/237] Loss: 1.5089
2026-04-05 20:03:01,684 - INFO -   Epoch [200/237] Loss: 2.1649
2026-04-05 20:03:03,549 - INFO -   Epoch [210/237] Loss: 1.7678
2026-04-05 20:03:05,404 - INFO -   Epoch [220/237] Loss: 1.6561
2026-04-05 20:03:07,252 - INFO -   Epoch [230/237] Loss: 1.7369
2026-04-05 20:03:10,737 - INFO -   Train Loss: 1.6544
2026-04-05 20:03:10,737 - INFO -   Train Accuracy: 33.93%
2026-04-05 20:03:10,738 - INFO -   Val Loss: 1.5229
2026-04-05 20:03:10,738 - INFO -   Val Accuracy: 41.48% | F1: 0.3964
2026-04-05 20:03:10,738 - INFO -   LR: 0.000100
2026-04-05 20:03:10,738 - INFO -   Patience: 1/30
2026-04-05 20:03:10,738 - INFO - 
Epoch 5/300
2026-04-05 20:03:12,610 - INFO -   Epoch [10/237] Loss: 1.4351
2026-04-05 20:03:14,445 - INFO -   Epoch [20/237] Loss: 1.5060
2026-04-05 20:03:16,275 - INFO -   Epoch [30/237] Loss: 1.4027
2026-04-05 20:03:18,104 - INFO -   Epoch [40/237] Loss: 1.5436
2026-04-05 20:03:19,943 - INFO -   Epoch [50/237] Loss: 1.5989
2026-04-05 20:03:21,787 - INFO -   Epoch [60/237] Loss: 1.7058
2026-04-05 20:03:23,627 - INFO -   Epoch [70/237] Loss: 1.3227
2026-04-05 20:03:25,469 - INFO -   Epoch [80/237] Loss: 1.6210
2026-04-05 20:03:27,341 - INFO -   Epoch [90/237] Loss: 1.5017
2026-04-05 20:03:29,184 - INFO -   Epoch [100/237] Loss: 1.6126
2026-04-05 20:03:31,016 - INFO -   Epoch [110/237] Loss: 1.6276
2026-04-05 20:03:32,846 - INFO -   Epoch [120/237] Loss: 1.5156
2026-04-05 20:03:34,673 - INFO -   Epoch [130/237] Loss: 1.4110
2026-04-05 20:03:36,506 - INFO -   Epoch [140/237] Loss: 1.5806
2026-04-05 20:03:38,350 - INFO -   Epoch [150/237] Loss: 1.4398
2026-04-05 20:03:40,192 - INFO -   Epoch [160/237] Loss: 2.0719
2026-04-05 20:03:42,018 - INFO -   Epoch [170/237] Loss: 1.8110
2026-04-05 20:03:43,849 - INFO -   Epoch [180/237] Loss: 1.9358
2026-04-05 20:03:45,696 - INFO -   Epoch [190/237] Loss: 1.5601
2026-04-05 20:03:47,530 - INFO -   Epoch [200/237] Loss: 1.5107
2026-04-05 20:03:49,425 - INFO -   Epoch [210/237] Loss: 1.5663
2026-04-05 20:03:51,316 - INFO -   Epoch [220/237] Loss: 1.7397
2026-04-05 20:03:53,196 - INFO -   Epoch [230/237] Loss: 1.4681
2026-04-05 20:03:56,756 - INFO -   Train Loss: 1.6099
2026-04-05 20:03:56,756 - INFO -   Train Accuracy: 37.25%
2026-04-05 20:03:56,756 - INFO -   Val Loss: 1.4975
2026-04-05 20:03:56,756 - INFO -   Val Accuracy: 42.47% | F1: 0.4140
2026-04-05 20:03:56,756 - INFO -   LR: 0.000100
2026-04-05 20:03:57,097 - INFO -   ✓ New best model saved! (Acc: 42.47%)
2026-04-05 20:03:57,098 - INFO -   Patience: 0/30
2026-04-05 20:03:57,098 - INFO - 
Epoch 6/300
2026-04-05 20:03:59,047 - INFO -   Epoch [10/237] Loss: 1.5910
2026-04-05 20:04:00,963 - INFO -   Epoch [20/237] Loss: 1.9297
2026-04-05 20:04:02,842 - INFO -   Epoch [30/237] Loss: 1.9242
2026-04-05 20:04:04,718 - INFO -   Epoch [40/237] Loss: 1.8308
2026-04-05 20:04:06,586 - INFO -   Epoch [50/237] Loss: 1.6849
2026-04-05 20:04:08,465 - INFO -   Epoch [60/237] Loss: 1.3720
2026-04-05 20:04:10,305 - INFO -   Epoch [70/237] Loss: 1.7252
2026-04-05 20:04:12,189 - INFO -   Epoch [80/237] Loss: 1.4650
2026-04-05 20:04:14,064 - INFO -   Epoch [90/237] Loss: 1.6327
2026-04-05 20:04:15,892 - INFO -   Epoch [100/237] Loss: 1.2382
2026-04-05 20:04:17,774 - INFO -   Epoch [110/237] Loss: 1.5282
2026-04-05 20:04:19,606 - INFO -   Epoch [120/237] Loss: 1.8921
2026-04-05 20:04:21,432 - INFO -   Epoch [130/237] Loss: 1.5965
2026-04-05 20:04:23,310 - INFO -   Epoch [140/237] Loss: 1.7752
2026-04-05 20:04:25,140 - INFO -   Epoch [150/237] Loss: 1.6484
2026-04-05 20:04:26,988 - INFO -   Epoch [160/237] Loss: 1.7553
2026-04-05 20:04:28,880 - INFO -   Epoch [170/237] Loss: 1.5957
2026-04-05 20:04:30,726 - INFO -   Epoch [180/237] Loss: 1.4167
2026-04-05 20:04:32,563 - INFO -   Epoch [190/237] Loss: 1.7167
2026-04-05 20:04:34,480 - INFO -   Epoch [200/237] Loss: 1.2976
2026-04-05 20:04:36,327 - INFO -   Epoch [210/237] Loss: 1.5069
2026-04-05 20:04:38,196 - INFO -   Epoch [220/237] Loss: 1.3961
2026-04-05 20:04:40,039 - INFO -   Epoch [230/237] Loss: 1.9149
2026-04-05 20:04:43,546 - INFO -   Train Loss: 1.5941
2026-04-05 20:04:43,547 - INFO -   Train Accuracy: 38.06%
2026-04-05 20:04:43,547 - INFO -   Val Loss: 1.4802
2026-04-05 20:04:43,547 - INFO -   Val Accuracy: 43.46% | F1: 0.4371
2026-04-05 20:04:43,547 - INFO -   LR: 0.000100
2026-04-05 20:04:43,974 - INFO -   ✓ New best model saved! (Acc: 43.46%)
2026-04-05 20:04:43,974 - INFO -   Patience: 0/30
2026-04-05 20:04:43,974 - INFO - 
Epoch 7/300
2026-04-05 20:04:45,850 - INFO -   Epoch [10/237] Loss: 1.4743
2026-04-05 20:04:47,788 - INFO -   Epoch [20/237] Loss: 1.7817
2026-04-05 20:04:49,683 - INFO -   Epoch [30/237] Loss: 1.7621
2026-04-05 20:04:51,608 - INFO -   Epoch [40/237] Loss: 1.4937
2026-04-05 20:04:53,463 - INFO -   Epoch [50/237] Loss: 1.3610
2026-04-05 20:04:55,338 - INFO -   Epoch [60/237] Loss: 1.5056
2026-04-05 20:04:57,225 - INFO -   Epoch [70/237] Loss: 1.3956
2026-04-05 20:04:59,106 - INFO -   Epoch [80/237] Loss: 1.4112
2026-04-05 20:05:00,949 - INFO -   Epoch [90/237] Loss: 1.8190
2026-04-05 20:05:02,831 - INFO -   Epoch [100/237] Loss: 2.0471
2026-04-05 20:05:04,664 - INFO -   Epoch [110/237] Loss: 1.7157
2026-04-05 20:05:06,550 - INFO -   Epoch [120/237] Loss: 1.3965
2026-04-05 20:05:08,384 - INFO -   Epoch [130/237] Loss: 1.3375
2026-04-05 20:05:10,229 - INFO -   Epoch [140/237] Loss: 1.4049
2026-04-05 20:05:12,095 - INFO -   Epoch [150/237] Loss: 1.5780
2026-04-05 20:05:13,932 - INFO -   Epoch [160/237] Loss: 1.2920
2026-04-05 20:05:15,787 - INFO -   Epoch [170/237] Loss: 1.9376
2026-04-05 20:05:17,665 - INFO -   Epoch [180/237] Loss: 1.5708
2026-04-05 20:05:19,508 - INFO -   Epoch [190/237] Loss: 1.7060
2026-04-05 20:05:21,358 - INFO -   Epoch [200/237] Loss: 1.7219
2026-04-05 20:05:23,196 - INFO -   Epoch [210/237] Loss: 1.3868
2026-04-05 20:05:25,063 - INFO -   Epoch [220/237] Loss: 2.0826
2026-04-05 20:05:26,960 - INFO -   Epoch [230/237] Loss: 1.1458
2026-04-05 20:05:30,724 - INFO -   Train Loss: 1.5597
2026-04-05 20:05:30,725 - INFO -   Train Accuracy: 38.45%
2026-04-05 20:05:30,725 - INFO -   Val Loss: 1.4683
2026-04-05 20:05:30,725 - INFO -   Val Accuracy: 44.94% | F1: 0.4428
2026-04-05 20:05:30,725 - INFO -   LR: 0.000100
2026-04-05 20:05:31,076 - INFO -   ✓ New best model saved! (Acc: 44.94%)
2026-04-05 20:05:31,077 - INFO -   Patience: 0/30
2026-04-05 20:05:31,077 - INFO - 
Epoch 8/300
2026-04-05 20:05:32,907 - INFO -   Epoch [10/237] Loss: 1.4543
2026-04-05 20:05:34,736 - INFO -   Epoch [20/237] Loss: 1.5041
2026-04-05 20:05:36,566 - INFO -   Epoch [30/237] Loss: 1.9887
2026-04-05 20:05:38,402 - INFO -   Epoch [40/237] Loss: 1.5456
2026-04-05 20:05:40,234 - INFO -   Epoch [50/237] Loss: 2.0273
2026-04-05 20:05:42,068 - INFO -   Epoch [60/237] Loss: 1.4381
2026-04-05 20:05:43,898 - INFO -   Epoch [70/237] Loss: 1.5789
2026-04-05 20:05:45,732 - INFO -   Epoch [80/237] Loss: 1.5490
2026-04-05 20:05:47,562 - INFO -   Epoch [90/237] Loss: 1.5337
2026-04-05 20:05:49,392 - INFO -   Epoch [100/237] Loss: 1.1283
2026-04-05 20:05:51,221 - INFO -   Epoch [110/237] Loss: 1.6069
2026-04-05 20:05:53,052 - INFO -   Epoch [120/237] Loss: 1.7836
2026-04-05 20:05:54,919 - INFO -   Epoch [130/237] Loss: 1.7963
2026-04-05 20:05:56,803 - INFO -   Epoch [140/237] Loss: 1.4469
2026-04-05 20:05:58,651 - INFO -   Epoch [150/237] Loss: 1.4302
2026-04-05 20:06:00,496 - INFO -   Epoch [160/237] Loss: 1.8334
2026-04-05 20:06:02,342 - INFO -   Epoch [170/237] Loss: 1.3726
2026-04-05 20:06:04,198 - INFO -   Epoch [180/237] Loss: 1.3058
2026-04-05 20:06:06,057 - INFO -   Epoch [190/237] Loss: 1.6346
2026-04-05 20:06:07,900 - INFO -   Epoch [200/237] Loss: 1.6414
2026-04-05 20:06:09,745 - INFO -   Epoch [210/237] Loss: 1.4879
2026-04-05 20:06:11,607 - INFO -   Epoch [220/237] Loss: 1.6914
2026-04-05 20:06:13,451 - INFO -   Epoch [230/237] Loss: 1.5224
2026-04-05 20:06:16,973 - INFO -   Train Loss: 1.5397
2026-04-05 20:06:16,973 - INFO -   Train Accuracy: 39.51%
2026-04-05 20:06:16,973 - INFO -   Val Loss: 1.4406
2026-04-05 20:06:16,973 - INFO -   Val Accuracy: 45.43% | F1: 0.4480
2026-04-05 20:06:16,973 - INFO -   LR: 0.000100
2026-04-05 20:06:17,302 - INFO -   ✓ New best model saved! (Acc: 45.43%)
2026-04-05 20:06:17,302 - INFO -   Patience: 0/30
2026-04-05 20:06:17,302 - INFO - 
Epoch 9/300
2026-04-05 20:06:19,177 - INFO -   Epoch [10/237] Loss: 1.5559
2026-04-05 20:06:21,010 - INFO -   Epoch [20/237] Loss: 1.3147
2026-04-05 20:06:22,946 - INFO -   Epoch [30/237] Loss: 1.9420
2026-04-05 20:06:24,837 - INFO -   Epoch [40/237] Loss: 1.6090
2026-04-05 20:06:26,725 - INFO -   Epoch [50/237] Loss: 1.7770
2026-04-05 20:06:28,569 - INFO -   Epoch [60/237] Loss: 1.6416
2026-04-05 20:06:30,449 - INFO -   Epoch [70/237] Loss: 1.5047
2026-04-05 20:06:32,337 - INFO -   Epoch [80/237] Loss: 1.7313
2026-04-05 20:06:34,164 - INFO -   Epoch [90/237] Loss: 1.7029
2026-04-05 20:06:36,035 - INFO -   Epoch [100/237] Loss: 1.5531
2026-04-05 20:06:37,867 - INFO -   Epoch [110/237] Loss: 1.4792
2026-04-05 20:06:39,744 - INFO -   Epoch [120/237] Loss: 1.6142
2026-04-05 20:06:41,572 - INFO -   Epoch [130/237] Loss: 1.8061
2026-04-05 20:06:43,434 - INFO -   Epoch [140/237] Loss: 1.2439
2026-04-05 20:06:45,360 - INFO -   Epoch [150/237] Loss: 1.5362
2026-04-05 20:06:47,255 - INFO -   Epoch [160/237] Loss: 1.1218
2026-04-05 20:06:49,106 - INFO -   Epoch [170/237] Loss: 1.2409
2026-04-05 20:06:50,989 - INFO -   Epoch [180/237] Loss: 1.5763
2026-04-05 20:06:52,834 - INFO -   Epoch [190/237] Loss: 1.4447
2026-04-05 20:06:54,668 - INFO -   Epoch [200/237] Loss: 1.5094
2026-04-05 20:06:56,537 - INFO -   Epoch [210/237] Loss: 1.5599
2026-04-05 20:06:58,415 - INFO -   Epoch [220/237] Loss: 1.9814
2026-04-05 20:07:00,261 - INFO -   Epoch [230/237] Loss: 1.5601
2026-04-05 20:07:03,741 - INFO -   Train Loss: 1.5217
2026-04-05 20:07:03,741 - INFO -   Train Accuracy: 40.49%
2026-04-05 20:07:03,741 - INFO -   Val Loss: 1.4272
2026-04-05 20:07:03,741 - INFO -   Val Accuracy: 46.17% | F1: 0.4568
2026-04-05 20:07:03,741 - INFO -   LR: 0.000100
2026-04-05 20:07:04,165 - INFO -   ✓ New best model saved! (Acc: 46.17%)
2026-04-05 20:07:04,165 - INFO -   Patience: 0/30
2026-04-05 20:07:04,165 - INFO - 
Epoch 10/300
2026-04-05 20:07:06,000 - INFO -   Epoch [10/237] Loss: 1.4982
2026-04-05 20:07:07,922 - INFO -   Epoch [20/237] Loss: 1.3494
2026-04-05 20:07:09,802 - INFO -   Epoch [30/237] Loss: 1.1502
2026-04-05 20:07:11,715 - INFO -   Epoch [40/237] Loss: 1.4204
2026-04-05 20:07:13,596 - INFO -   Epoch [50/237] Loss: 1.7312
2026-04-05 20:07:15,475 - INFO -   Epoch [60/237] Loss: 1.3377
2026-04-05 20:07:17,306 - INFO -   Epoch [70/237] Loss: 1.3905
2026-04-05 20:07:19,182 - INFO -   Epoch [80/237] Loss: 1.2166
2026-04-05 20:07:21,015 - INFO -   Epoch [90/237] Loss: 1.3393
2026-04-05 20:07:22,895 - INFO -   Epoch [100/237] Loss: 1.5627
2026-04-05 20:07:24,726 - INFO -   Epoch [110/237] Loss: 1.4346
2026-04-05 20:07:26,604 - INFO -   Epoch [120/237] Loss: 1.0357
2026-04-05 20:07:28,451 - INFO -   Epoch [130/237] Loss: 1.0855
2026-04-05 20:07:30,300 - INFO -   Epoch [140/237] Loss: 1.0788
2026-04-05 20:07:32,166 - INFO -   Epoch [150/237] Loss: 1.3764
2026-04-05 20:07:33,999 - INFO -   Epoch [160/237] Loss: 1.3675
2026-04-05 20:07:35,842 - INFO -   Epoch [170/237] Loss: 1.6328
2026-04-05 20:07:37,718 - INFO -   Epoch [180/237] Loss: 1.4201
2026-04-05 20:07:39,551 - INFO -   Epoch [190/237] Loss: 1.7545
2026-04-05 20:07:41,381 - INFO -   Epoch [200/237] Loss: 1.2995
2026-04-05 20:07:43,261 - INFO -   Epoch [210/237] Loss: 1.5561
2026-04-05 20:07:45,095 - INFO -   Epoch [220/237] Loss: 1.4236
2026-04-05 20:07:46,942 - INFO -   Epoch [230/237] Loss: 1.3326
2026-04-05 20:07:50,427 - INFO -   Train Loss: 1.5116
2026-04-05 20:07:50,427 - INFO -   Train Accuracy: 40.81%
2026-04-05 20:07:50,427 - INFO -   Val Loss: 1.4467
2026-04-05 20:07:50,427 - INFO -   Val Accuracy: 44.44% | F1: 0.4426
2026-04-05 20:07:50,427 - INFO -   LR: 0.000100
2026-04-05 20:07:50,427 - INFO -   Patience: 1/30
2026-04-05 20:07:50,427 - INFO - 
Epoch 11/300
2026-04-05 20:07:52,261 - INFO -   Epoch [10/237] Loss: 1.4199
2026-04-05 20:07:54,101 - INFO -   Epoch [20/237] Loss: 1.4398
2026-04-05 20:07:56,003 - INFO -   Epoch [30/237] Loss: 1.5079
2026-04-05 20:07:57,861 - INFO -   Epoch [40/237] Loss: 1.1185
2026-04-05 20:07:59,706 - INFO -   Epoch [50/237] Loss: 1.6862
2026-04-05 20:08:01,560 - INFO -   Epoch [60/237] Loss: 1.7390
2026-04-05 20:08:03,447 - INFO -   Epoch [70/237] Loss: 1.0575
2026-04-05 20:08:05,322 - INFO -   Epoch [80/237] Loss: 1.9516
2026-04-05 20:08:07,166 - INFO -   Epoch [90/237] Loss: 1.7950
2026-04-05 20:08:09,008 - INFO -   Epoch [100/237] Loss: 1.2856
2026-04-05 20:08:10,840 - INFO -   Epoch [110/237] Loss: 1.2183
2026-04-05 20:08:12,693 - INFO -   Epoch [120/237] Loss: 1.3129
2026-04-05 20:08:14,546 - INFO -   Epoch [130/237] Loss: 1.6640
2026-04-05 20:08:16,393 - INFO -   Epoch [140/237] Loss: 1.7587
2026-04-05 20:08:18,243 - INFO -   Epoch [150/237] Loss: 1.5187
2026-04-05 20:08:20,072 - INFO -   Epoch [160/237] Loss: 1.7067
2026-04-05 20:08:21,901 - INFO -   Epoch [170/237] Loss: 1.4775
2026-04-05 20:08:23,749 - INFO -   Epoch [180/237] Loss: 1.5924
2026-04-05 20:08:25,590 - INFO -   Epoch [190/237] Loss: 1.9326
2026-04-05 20:08:27,425 - INFO -   Epoch [200/237] Loss: 1.5699
2026-04-05 20:08:29,266 - INFO -   Epoch [210/237] Loss: 1.5870
2026-04-05 20:08:31,102 - INFO -   Epoch [220/237] Loss: 1.3398
2026-04-05 20:08:32,949 - INFO -   Epoch [230/237] Loss: 1.2500
2026-04-05 20:08:36,389 - INFO -   Train Loss: 1.4824
2026-04-05 20:08:36,389 - INFO -   Train Accuracy: 41.83%
2026-04-05 20:08:36,389 - INFO -   Val Loss: 1.4068
2026-04-05 20:08:36,389 - INFO -   Val Accuracy: 44.20% | F1: 0.4412
2026-04-05 20:08:36,389 - INFO -   LR: 0.000100
2026-04-05 20:08:36,389 - INFO -   Patience: 2/30
2026-04-05 20:08:36,389 - INFO - 
Epoch 12/300
2026-04-05 20:08:38,226 - INFO -   Epoch [10/237] Loss: 1.6256
2026-04-05 20:08:40,062 - INFO -   Epoch [20/237] Loss: 1.6275
2026-04-05 20:08:41,894 - INFO -   Epoch [30/237] Loss: 1.6560
2026-04-05 20:08:43,729 - INFO -   Epoch [40/237] Loss: 1.6473
2026-04-05 20:08:45,573 - INFO -   Epoch [50/237] Loss: 1.8009
2026-04-05 20:08:47,412 - INFO -   Epoch [60/237] Loss: 1.2146
2026-04-05 20:08:49,245 - INFO -   Epoch [70/237] Loss: 1.7494
2026-04-05 20:08:51,073 - INFO -   Epoch [80/237] Loss: 1.4857
2026-04-05 20:08:52,901 - INFO -   Epoch [90/237] Loss: 1.6105
2026-04-05 20:08:54,735 - INFO -   Epoch [100/237] Loss: 2.2949
2026-04-05 20:08:56,594 - INFO -   Epoch [110/237] Loss: 1.1752
2026-04-05 20:08:58,421 - INFO -   Epoch [120/237] Loss: 1.3238
2026-04-05 20:09:00,244 - INFO -   Epoch [130/237] Loss: 1.6765
2026-04-05 20:09:02,094 - INFO -   Epoch [140/237] Loss: 1.3020
2026-04-05 20:09:03,936 - INFO -   Epoch [150/237] Loss: 1.6300
2026-04-05 20:09:05,797 - INFO -   Epoch [160/237] Loss: 1.0861
2026-04-05 20:09:07,630 - INFO -   Epoch [170/237] Loss: 1.0516
2026-04-05 20:09:09,467 - INFO -   Epoch [180/237] Loss: 1.0925
2026-04-05 20:09:11,310 - INFO -   Epoch [190/237] Loss: 1.6208
2026-04-05 20:09:13,148 - INFO -   Epoch [200/237] Loss: 1.2961
2026-04-05 20:09:14,985 - INFO -   Epoch [210/237] Loss: 1.7688
2026-04-05 20:09:16,824 - INFO -   Epoch [220/237] Loss: 1.6310
2026-04-05 20:09:18,675 - INFO -   Epoch [230/237] Loss: 1.6531
2026-04-05 20:09:22,324 - INFO -   Train Loss: 1.4833
2026-04-05 20:09:22,324 - INFO -   Train Accuracy: 40.53%
2026-04-05 20:09:22,324 - INFO -   Val Loss: 1.4345
2026-04-05 20:09:22,324 - INFO -   Val Accuracy: 41.98% | F1: 0.4233
2026-04-05 20:09:22,324 - INFO -   LR: 0.000100
2026-04-05 20:09:22,324 - INFO -   Patience: 3/30
2026-04-05 20:09:22,324 - INFO - 
Epoch 13/300
2026-04-05 20:09:24,161 - INFO -   Epoch [10/237] Loss: 0.8506
2026-04-05 20:09:25,987 - INFO -   Epoch [20/237] Loss: 1.2037
2026-04-05 20:09:27,811 - INFO -   Epoch [30/237] Loss: 1.8372
2026-04-05 20:09:29,636 - INFO -   Epoch [40/237] Loss: 1.4495
2026-04-05 20:09:31,474 - INFO -   Epoch [50/237] Loss: 1.5182
2026-04-05 20:09:33,319 - INFO -   Epoch [60/237] Loss: 1.3287
2026-04-05 20:09:35,151 - INFO -   Epoch [70/237] Loss: 1.4243
2026-04-05 20:09:36,984 - INFO -   Epoch [80/237] Loss: 1.2759
2026-04-05 20:09:38,820 - INFO -   Epoch [90/237] Loss: 1.4719
2026-04-05 20:09:40,652 - INFO -   Epoch [100/237] Loss: 1.3964
2026-04-05 20:09:42,501 - INFO -   Epoch [110/237] Loss: 1.3514
2026-04-05 20:09:44,344 - INFO -   Epoch [120/237] Loss: 1.8775
2026-04-05 20:09:46,191 - INFO -   Epoch [130/237] Loss: 1.8070
2026-04-05 20:09:48,026 - INFO -   Epoch [140/237] Loss: 1.8782
2026-04-05 20:09:49,864 - INFO -   Epoch [150/237] Loss: 1.9556
2026-04-05 20:09:51,706 - INFO -   Epoch [160/237] Loss: 1.1532
2026-04-05 20:09:53,546 - INFO -   Epoch [170/237] Loss: 1.4081
2026-04-05 20:09:55,388 - INFO -   Epoch [180/237] Loss: 1.6221
2026-04-05 20:09:57,226 - INFO -   Epoch [190/237] Loss: 1.1460
2026-04-05 20:09:59,079 - INFO -   Epoch [200/237] Loss: 1.2957
2026-04-05 20:10:00,911 - INFO -   Epoch [210/237] Loss: 1.4533
2026-04-05 20:10:02,765 - INFO -   Epoch [220/237] Loss: 1.2958
2026-04-05 20:10:04,613 - INFO -   Epoch [230/237] Loss: 1.2916
2026-04-05 20:10:08,067 - INFO -   Train Loss: 1.4567
2026-04-05 20:10:08,067 - INFO -   Train Accuracy: 42.19%
2026-04-05 20:10:08,067 - INFO -   Val Loss: 1.4225
2026-04-05 20:10:08,067 - INFO -   Val Accuracy: 43.95% | F1: 0.4412
2026-04-05 20:10:08,067 - INFO -   LR: 0.000100
2026-04-05 20:10:08,067 - INFO -   Patience: 4/30
2026-04-05 20:10:08,068 - INFO - 
Epoch 14/300
2026-04-05 20:10:09,892 - INFO -   Epoch [10/237] Loss: 1.4332
2026-04-05 20:10:11,719 - INFO -   Epoch [20/237] Loss: 1.6043
2026-04-05 20:10:13,544 - INFO -   Epoch [30/237] Loss: 1.6105
2026-04-05 20:10:15,384 - INFO -   Epoch [40/237] Loss: 1.2778
2026-04-05 20:10:17,213 - INFO -   Epoch [50/237] Loss: 1.6887
2026-04-05 20:10:19,068 - INFO -   Epoch [60/237] Loss: 1.4862
2026-04-05 20:10:20,917 - INFO -   Epoch [70/237] Loss: 1.2610
2026-04-05 20:10:22,774 - INFO -   Epoch [80/237] Loss: 1.4584
2026-04-05 20:10:24,617 - INFO -   Epoch [90/237] Loss: 1.5174
2026-04-05 20:10:26,463 - INFO -   Epoch [100/237] Loss: 1.3883
2026-04-05 20:10:28,314 - INFO -   Epoch [110/237] Loss: 1.4962
2026-04-05 20:10:30,159 - INFO -   Epoch [120/237] Loss: 1.5357
2026-04-05 20:10:31,999 - INFO -   Epoch [130/237] Loss: 1.2930
2026-04-05 20:10:33,840 - INFO -   Epoch [140/237] Loss: 1.6272
2026-04-05 20:10:35,687 - INFO -   Epoch [150/237] Loss: 1.4455
2026-04-05 20:10:37,536 - INFO -   Epoch [160/237] Loss: 1.7367
2026-04-05 20:10:39,381 - INFO -   Epoch [170/237] Loss: 1.4258
2026-04-05 20:10:41,228 - INFO -   Epoch [180/237] Loss: 1.3463
2026-04-05 20:10:43,079 - INFO -   Epoch [190/237] Loss: 1.5100
2026-04-05 20:10:44,939 - INFO -   Epoch [200/237] Loss: 1.2976
2026-04-05 20:10:46,841 - INFO -   Epoch [210/237] Loss: 1.3361
2026-04-05 20:10:48,683 - INFO -   Epoch [220/237] Loss: 1.5127
2026-04-05 20:10:50,516 - INFO -   Epoch [230/237] Loss: 1.2888
2026-04-05 20:10:53,974 - INFO -   Train Loss: 1.4554
2026-04-05 20:10:53,974 - INFO -   Train Accuracy: 42.54%
2026-04-05 20:10:53,974 - INFO -   Val Loss: 1.4055
2026-04-05 20:10:53,974 - INFO -   Val Accuracy: 44.44% | F1: 0.4486
2026-04-05 20:10:53,974 - INFO -   LR: 0.000100
2026-04-05 20:10:53,974 - INFO -   Patience: 5/30
2026-04-05 20:10:53,974 - INFO - 
Epoch 15/300
2026-04-05 20:10:55,807 - INFO -   Epoch [10/237] Loss: 1.6102
2026-04-05 20:10:57,643 - INFO -   Epoch [20/237] Loss: 1.3916
2026-04-05 20:10:59,485 - INFO -   Epoch [30/237] Loss: 1.1552
2026-04-05 20:11:01,333 - INFO -   Epoch [40/237] Loss: 1.8360
2026-04-05 20:11:03,186 - INFO -   Epoch [50/237] Loss: 1.4743
2026-04-05 20:11:05,075 - INFO -   Epoch [60/237] Loss: 0.9401
2026-04-05 20:11:06,919 - INFO -   Epoch [70/237] Loss: 1.9283
2026-04-05 20:11:08,762 - INFO -   Epoch [80/237] Loss: 1.4708
2026-04-05 20:11:10,597 - INFO -   Epoch [90/237] Loss: 1.1394
2026-04-05 20:11:12,439 - INFO -   Epoch [100/237] Loss: 1.6716
2026-04-05 20:11:14,269 - INFO -   Epoch [110/237] Loss: 1.5016
2026-04-05 20:11:16,100 - INFO -   Epoch [120/237] Loss: 1.1632
2026-04-05 20:11:17,936 - INFO -   Epoch [130/237] Loss: 1.8227
2026-04-05 20:11:19,767 - INFO -   Epoch [140/237] Loss: 1.7459
2026-04-05 20:11:21,596 - INFO -   Epoch [150/237] Loss: 1.6055
2026-04-05 20:11:23,449 - INFO -   Epoch [160/237] Loss: 1.2334
2026-04-05 20:11:25,287 - INFO -   Epoch [170/237] Loss: 1.2320
2026-04-05 20:11:27,129 - INFO -   Epoch [180/237] Loss: 1.6852
2026-04-05 20:11:28,983 - INFO -   Epoch [190/237] Loss: 1.4065
2026-04-05 20:11:30,831 - INFO -   Epoch [200/237] Loss: 1.3450
2026-04-05 20:11:32,740 - INFO -   Epoch [210/237] Loss: 1.7176
2026-04-05 20:11:34,586 - INFO -   Epoch [220/237] Loss: 1.4406
2026-04-05 20:11:36,435 - INFO -   Epoch [230/237] Loss: 2.0671
2026-04-05 20:11:40,097 - INFO -   Train Loss: 1.4417
2026-04-05 20:11:40,097 - INFO -   Train Accuracy: 42.82%
2026-04-05 20:11:40,097 - INFO -   Val Loss: 1.3965
2026-04-05 20:11:40,097 - INFO -   Val Accuracy: 44.44% | F1: 0.4385
2026-04-05 20:11:40,098 - INFO -   LR: 0.000100
2026-04-05 20:11:40,098 - INFO -   Patience: 6/30
2026-04-05 20:11:40,098 - INFO - 
Epoch 16/300
2026-04-05 20:11:41,936 - INFO -   Epoch [10/237] Loss: 1.8494
2026-04-05 20:11:43,780 - INFO -   Epoch [20/237] Loss: 1.4124
2026-04-05 20:11:45,611 - INFO -   Epoch [30/237] Loss: 1.1361
2026-04-05 20:11:47,473 - INFO -   Epoch [40/237] Loss: 1.3139
2026-04-05 20:11:49,312 - INFO -   Epoch [50/237] Loss: 1.1768
2026-04-05 20:11:51,155 - INFO -   Epoch [60/237] Loss: 1.1451
2026-04-05 20:11:52,989 - INFO -   Epoch [70/237] Loss: 1.2192
2026-04-05 20:11:54,815 - INFO -   Epoch [80/237] Loss: 1.1851
2026-04-05 20:11:56,641 - INFO -   Epoch [90/237] Loss: 1.3922
2026-04-05 20:11:58,472 - INFO -   Epoch [100/237] Loss: 1.6481
2026-04-05 20:12:00,306 - INFO -   Epoch [110/237] Loss: 1.2960
2026-04-05 20:12:02,132 - INFO -   Epoch [120/237] Loss: 1.2129
2026-04-05 20:12:03,963 - INFO -   Epoch [130/237] Loss: 1.5263
2026-04-05 20:12:05,788 - INFO -   Epoch [140/237] Loss: 1.3240
2026-04-05 20:12:07,620 - INFO -   Epoch [150/237] Loss: 1.2609
2026-04-05 20:12:09,474 - INFO -   Epoch [160/237] Loss: 1.5675
2026-04-05 20:12:11,339 - INFO -   Epoch [170/237] Loss: 1.6920
2026-04-05 20:12:13,215 - INFO -   Epoch [180/237] Loss: 1.5252
2026-04-05 20:12:15,062 - INFO -   Epoch [190/237] Loss: 1.3841
2026-04-05 20:12:16,908 - INFO -   Epoch [200/237] Loss: 1.4256
2026-04-05 20:12:18,736 - INFO -   Epoch [210/237] Loss: 1.3224
2026-04-05 20:12:20,564 - INFO -   Epoch [220/237] Loss: 1.6567
2026-04-05 20:12:22,448 - INFO -   Epoch [230/237] Loss: 1.4544
2026-04-05 20:12:25,979 - INFO -   Train Loss: 1.4255
2026-04-05 20:12:25,979 - INFO -   Train Accuracy: 42.89%
2026-04-05 20:12:25,979 - INFO -   Val Loss: 1.3946
2026-04-05 20:12:25,979 - INFO -   Val Accuracy: 43.21% | F1: 0.4290
2026-04-05 20:12:25,979 - INFO -   LR: 0.000050
2026-04-05 20:12:25,979 - INFO -   Patience: 7/30
2026-04-05 20:12:25,979 - INFO - 
Epoch 17/300
2026-04-05 20:12:27,852 - INFO -   Epoch [10/237] Loss: 1.7355
2026-04-05 20:12:29,718 - INFO -   Epoch [20/237] Loss: 1.2922
2026-04-05 20:12:31,571 - INFO -   Epoch [30/237] Loss: 1.6719
2026-04-05 20:12:33,407 - INFO -   Epoch [40/237] Loss: 1.8907
2026-04-05 20:12:35,243 - INFO -   Epoch [50/237] Loss: 1.4463
2026-04-05 20:12:37,077 - INFO -   Epoch [60/237] Loss: 1.2786
2026-04-05 20:12:38,918 - INFO -   Epoch [70/237] Loss: 1.5530
2026-04-05 20:12:40,765 - INFO -   Epoch [80/237] Loss: 2.0605
2026-04-05 20:12:42,608 - INFO -   Epoch [90/237] Loss: 1.2675
2026-04-05 20:12:44,446 - INFO -   Epoch [100/237] Loss: 1.3063
2026-04-05 20:12:46,291 - INFO -   Epoch [110/237] Loss: 1.0702
2026-04-05 20:12:48,126 - INFO -   Epoch [120/237] Loss: 1.2612
2026-04-05 20:12:49,979 - INFO -   Epoch [130/237] Loss: 1.6126
2026-04-05 20:12:51,829 - INFO -   Epoch [140/237] Loss: 1.4370
2026-04-05 20:12:53,696 - INFO -   Epoch [150/237] Loss: 1.3570
2026-04-05 20:12:55,545 - INFO -   Epoch [160/237] Loss: 1.6891
2026-04-05 20:12:57,395 - INFO -   Epoch [170/237] Loss: 0.8815
2026-04-05 20:12:59,229 - INFO -   Epoch [180/237] Loss: 1.2449
2026-04-05 20:13:01,058 - INFO -   Epoch [190/237] Loss: 1.1795
2026-04-05 20:13:02,898 - INFO -   Epoch [200/237] Loss: 1.3568
2026-04-05 20:13:04,735 - INFO -   Epoch [210/237] Loss: 1.4849
2026-04-05 20:13:06,623 - INFO -   Epoch [220/237] Loss: 1.2413
2026-04-05 20:13:08,461 - INFO -   Epoch [230/237] Loss: 1.5776
2026-04-05 20:13:11,950 - INFO -   Train Loss: 1.4254
2026-04-05 20:13:11,950 - INFO -   Train Accuracy: 44.20%
2026-04-05 20:13:11,950 - INFO -   Val Loss: 1.3718
2026-04-05 20:13:11,950 - INFO -   Val Accuracy: 46.17% | F1: 0.4628
2026-04-05 20:13:11,950 - INFO -   LR: 0.000050
2026-04-05 20:13:11,950 - INFO -   Patience: 8/30
2026-04-05 20:13:11,950 - INFO - 
Epoch 18/300
2026-04-05 20:13:13,783 - INFO -   Epoch [10/237] Loss: 1.2726
2026-04-05 20:13:15,618 - INFO -   Epoch [20/237] Loss: 1.4648
2026-04-05 20:13:17,454 - INFO -   Epoch [30/237] Loss: 0.9732
2026-04-05 20:13:19,292 - INFO -   Epoch [40/237] Loss: 1.1213
2026-04-05 20:13:21,131 - INFO -   Epoch [50/237] Loss: 1.2689
2026-04-05 20:13:22,969 - INFO -   Epoch [60/237] Loss: 1.7026
2026-04-05 20:13:24,803 - INFO -   Epoch [70/237] Loss: 1.2765
2026-04-05 20:13:26,645 - INFO -   Epoch [80/237] Loss: 1.4546
2026-04-05 20:13:28,493 - INFO -   Epoch [90/237] Loss: 0.9658
2026-04-05 20:13:30,396 - INFO -   Epoch [100/237] Loss: 1.5095
2026-04-05 20:13:32,225 - INFO -   Epoch [110/237] Loss: 1.1588
2026-04-05 20:13:34,065 - INFO -   Epoch [120/237] Loss: 1.2779
2026-04-05 20:13:35,895 - INFO -   Epoch [130/237] Loss: 0.9173
2026-04-05 20:13:37,742 - INFO -   Epoch [140/237] Loss: 1.5815
2026-04-05 20:13:39,586 - INFO -   Epoch [150/237] Loss: 1.5238
2026-04-05 20:13:41,434 - INFO -   Epoch [160/237] Loss: 1.3138
2026-04-05 20:13:43,266 - INFO -   Epoch [170/237] Loss: 1.1980
2026-04-05 20:13:45,108 - INFO -   Epoch [180/237] Loss: 2.0264
2026-04-05 20:13:46,947 - INFO -   Epoch [190/237] Loss: 1.2662
2026-04-05 20:13:48,784 - INFO -   Epoch [200/237] Loss: 1.7612
2026-04-05 20:13:50,618 - INFO -   Epoch [210/237] Loss: 1.4098
2026-04-05 20:13:52,457 - INFO -   Epoch [220/237] Loss: 1.6447
2026-04-05 20:13:54,294 - INFO -   Epoch [230/237] Loss: 1.0617
2026-04-05 20:13:57,774 - INFO -   Train Loss: 1.3939
2026-04-05 20:13:57,774 - INFO -   Train Accuracy: 44.59%
2026-04-05 20:13:57,774 - INFO -   Val Loss: 1.3738
2026-04-05 20:13:57,774 - INFO -   Val Accuracy: 44.94% | F1: 0.4524
2026-04-05 20:13:57,774 - INFO -   LR: 0.000050
2026-04-05 20:13:57,774 - INFO -   Patience: 9/30
2026-04-05 20:13:57,774 - INFO - 
Epoch 19/300
2026-04-05 20:13:59,615 - INFO -   Epoch [10/237] Loss: 1.7152
2026-04-05 20:14:01,464 - INFO -   Epoch [20/237] Loss: 1.7982
2026-04-05 20:14:03,307 - INFO -   Epoch [30/237] Loss: 1.5839
2026-04-05 20:14:05,153 - INFO -   Epoch [40/237] Loss: 1.6794
2026-04-05 20:14:06,979 - INFO -   Epoch [50/237] Loss: 1.2135
2026-04-05 20:14:08,820 - INFO -   Epoch [60/237] Loss: 2.1864
2026-04-05 20:14:10,663 - INFO -   Epoch [70/237] Loss: 1.3693
2026-04-05 20:14:12,499 - INFO -   Epoch [80/237] Loss: 1.1010
2026-04-05 20:14:14,328 - INFO -   Epoch [90/237] Loss: 2.3985
2026-04-05 20:14:16,185 - INFO -   Epoch [100/237] Loss: 1.4933
2026-04-05 20:14:18,111 - INFO -   Epoch [110/237] Loss: 1.3368
2026-04-05 20:14:19,992 - INFO -   Epoch [120/237] Loss: 1.6533
2026-04-05 20:14:21,878 - INFO -   Epoch [130/237] Loss: 0.9247
2026-04-05 20:14:23,717 - INFO -   Epoch [140/237] Loss: 1.7125
2026-04-05 20:14:25,602 - INFO -   Epoch [150/237] Loss: 0.9770
2026-04-05 20:14:27,505 - INFO -   Epoch [160/237] Loss: 1.3942
2026-04-05 20:14:29,357 - INFO -   Epoch [170/237] Loss: 1.3371
2026-04-05 20:14:31,250 - INFO -   Epoch [180/237] Loss: 1.8888
2026-04-05 20:14:33,094 - INFO -   Epoch [190/237] Loss: 1.4961
2026-04-05 20:14:34,993 - INFO -   Epoch [200/237] Loss: 1.5409
2026-04-05 20:14:36,844 - INFO -   Epoch [210/237] Loss: 1.1192
2026-04-05 20:14:38,686 - INFO -   Epoch [220/237] Loss: 1.6121
2026-04-05 20:14:40,574 - INFO -   Epoch [230/237] Loss: 1.8958
2026-04-05 20:14:44,100 - INFO -   Train Loss: 1.3990
2026-04-05 20:14:44,100 - INFO -   Train Accuracy: 44.30%
2026-04-05 20:14:44,100 - INFO -   Val Loss: 1.3799
2026-04-05 20:14:44,100 - INFO -   Val Accuracy: 45.43% | F1: 0.4527
2026-04-05 20:14:44,100 - INFO -   LR: 0.000050
2026-04-05 20:14:44,100 - INFO -   Patience: 10/30
2026-04-05 20:14:44,100 - INFO - 
Epoch 20/300
2026-04-05 20:14:45,937 - INFO -   Epoch [10/237] Loss: 1.3313
2026-04-05 20:14:47,780 - INFO -   Epoch [20/237] Loss: 1.6549
2026-04-05 20:14:49,688 - INFO -   Epoch [30/237] Loss: 1.6961
2026-04-05 20:14:51,600 - INFO -   Epoch [40/237] Loss: 1.3307
2026-04-05 20:14:53,498 - INFO -   Epoch [50/237] Loss: 1.1505
2026-04-05 20:14:55,385 - INFO -   Epoch [60/237] Loss: 1.5063
2026-04-05 20:14:57,271 - INFO -   Epoch [70/237] Loss: 1.0328
2026-04-05 20:14:59,165 - INFO -   Epoch [80/237] Loss: 1.6960
2026-04-05 20:15:01,053 - INFO -   Epoch [90/237] Loss: 1.7710
2026-04-05 20:15:02,904 - INFO -   Epoch [100/237] Loss: 0.9836
2026-04-05 20:15:04,781 - INFO -   Epoch [110/237] Loss: 1.5714
2026-04-05 20:15:06,634 - INFO -   Epoch [120/237] Loss: 1.1259
2026-04-05 20:15:08,513 - INFO -   Epoch [130/237] Loss: 1.8520
2026-04-05 20:15:10,364 - INFO -   Epoch [140/237] Loss: 1.4009
2026-04-05 20:15:12,240 - INFO -   Epoch [150/237] Loss: 1.5110
2026-04-05 20:15:14,080 - INFO -   Epoch [160/237] Loss: 1.3499
2026-04-05 20:15:15,971 - INFO -   Epoch [170/237] Loss: 1.1495
2026-04-05 20:15:17,813 - INFO -   Epoch [180/237] Loss: 1.1970
2026-04-05 20:15:19,660 - INFO -   Epoch [190/237] Loss: 1.4047
2026-04-05 20:15:21,544 - INFO -   Epoch [200/237] Loss: 1.0490
2026-04-05 20:15:23,379 - INFO -   Epoch [210/237] Loss: 1.5544
2026-04-05 20:15:25,219 - INFO -   Epoch [220/237] Loss: 1.5074
2026-04-05 20:15:27,054 - INFO -   Epoch [230/237] Loss: 1.5150
2026-04-05 20:15:30,533 - INFO -   Train Loss: 1.3842
2026-04-05 20:15:30,533 - INFO -   Train Accuracy: 45.86%
2026-04-05 20:15:30,534 - INFO -   Val Loss: 1.3577
2026-04-05 20:15:30,534 - INFO -   Val Accuracy: 45.19% | F1: 0.4519
2026-04-05 20:15:30,534 - INFO -   LR: 0.000050
2026-04-05 20:15:30,534 - INFO -   Patience: 11/30
2026-04-05 20:15:30,534 - INFO - 
Epoch 21/300
2026-04-05 20:15:32,367 - INFO -   Epoch [10/237] Loss: 1.4173
2026-04-05 20:15:34,208 - INFO -   Epoch [20/237] Loss: 1.8339
2026-04-05 20:15:36,045 - INFO -   Epoch [30/237] Loss: 1.3620
2026-04-05 20:15:37,922 - INFO -   Epoch [40/237] Loss: 1.2334
2026-04-05 20:15:39,813 - INFO -   Epoch [50/237] Loss: 1.3419
2026-04-05 20:15:41,685 - INFO -   Epoch [60/237] Loss: 1.2645
2026-04-05 20:15:43,580 - INFO -   Epoch [70/237] Loss: 1.3346
2026-04-05 20:15:45,407 - INFO -   Epoch [80/237] Loss: 1.5798
2026-04-05 20:15:47,267 - INFO -   Epoch [90/237] Loss: 1.7142
2026-04-05 20:15:49,131 - INFO -   Epoch [100/237] Loss: 1.4136
2026-04-05 20:15:50,982 - INFO -   Epoch [110/237] Loss: 1.3295
2026-04-05 20:15:52,821 - INFO -   Epoch [120/237] Loss: 1.5847
2026-04-05 20:15:54,674 - INFO -   Epoch [130/237] Loss: 1.2347
2026-04-05 20:15:56,539 - INFO -   Epoch [140/237] Loss: 1.6065
2026-04-05 20:15:58,399 - INFO -   Epoch [150/237] Loss: 1.3576
2026-04-05 20:16:00,252 - INFO -   Epoch [160/237] Loss: 1.1718
2026-04-05 20:16:02,100 - INFO -   Epoch [170/237] Loss: 0.9507
2026-04-05 20:16:03,945 - INFO -   Epoch [180/237] Loss: 1.0767
2026-04-05 20:16:05,778 - INFO -   Epoch [190/237] Loss: 1.2631
2026-04-05 20:16:07,616 - INFO -   Epoch [200/237] Loss: 0.9928
2026-04-05 20:16:09,475 - INFO -   Epoch [210/237] Loss: 1.3274
2026-04-05 20:16:11,326 - INFO -   Epoch [220/237] Loss: 1.4138
2026-04-05 20:16:13,176 - INFO -   Epoch [230/237] Loss: 1.3548
2026-04-05 20:16:16,869 - INFO -   Train Loss: 1.3718
2026-04-05 20:16:16,869 - INFO -   Train Accuracy: 45.89%
2026-04-05 20:16:16,869 - INFO -   Val Loss: 1.3430
2026-04-05 20:16:16,869 - INFO -   Val Accuracy: 47.16% | F1: 0.4734
2026-04-05 20:16:16,869 - INFO -   LR: 0.000050
2026-04-05 20:16:17,342 - INFO -   ✓ New best model saved! (Acc: 47.16%)
2026-04-05 20:16:17,345 - INFO -   Patience: 0/30
2026-04-05 20:16:17,345 - INFO - 
Epoch 22/300
2026-04-05 20:16:19,192 - INFO -   Epoch [10/237] Loss: 1.2441
2026-04-05 20:16:21,134 - INFO -   Epoch [20/237] Loss: 1.4989
2026-04-05 20:16:23,031 - INFO -   Epoch [30/237] Loss: 1.0280
2026-04-05 20:16:24,948 - INFO -   Epoch [40/237] Loss: 1.1795
2026-04-05 20:16:26,885 - INFO -   Epoch [50/237] Loss: 1.6534
2026-04-05 20:16:28,786 - INFO -   Epoch [60/237] Loss: 1.1324
2026-04-05 20:16:30,690 - INFO -   Epoch [70/237] Loss: 1.3318
2026-04-05 20:16:32,555 - INFO -   Epoch [80/237] Loss: 1.0986
2026-04-05 20:16:34,457 - INFO -   Epoch [90/237] Loss: 1.3806
2026-04-05 20:16:36,305 - INFO -   Epoch [100/237] Loss: 1.3615
2026-04-05 20:16:38,204 - INFO -   Epoch [110/237] Loss: 1.6843
2026-04-05 20:16:40,095 - INFO -   Epoch [120/237] Loss: 1.3115
2026-04-05 20:16:42,004 - INFO -   Epoch [130/237] Loss: 1.5112
2026-04-05 20:16:43,857 - INFO -   Epoch [140/237] Loss: 1.1287
2026-04-05 20:16:45,695 - INFO -   Epoch [150/237] Loss: 1.5149
2026-04-05 20:16:47,599 - INFO -   Epoch [160/237] Loss: 1.1252
2026-04-05 20:16:49,446 - INFO -   Epoch [170/237] Loss: 1.3787
2026-04-05 20:16:51,326 - INFO -   Epoch [180/237] Loss: 1.8545
2026-04-05 20:16:53,213 - INFO -   Epoch [190/237] Loss: 1.3744
2026-04-05 20:16:55,075 - INFO -   Epoch [200/237] Loss: 1.0748
2026-04-05 20:16:56,943 - INFO -   Epoch [210/237] Loss: 1.6519
2026-04-05 20:16:58,835 - INFO -   Epoch [220/237] Loss: 1.2857
2026-04-05 20:17:00,687 - INFO -   Epoch [230/237] Loss: 1.0013
2026-04-05 20:17:04,202 - INFO -   Train Loss: 1.3632
2026-04-05 20:17:04,203 - INFO -   Train Accuracy: 45.64%
2026-04-05 20:17:04,203 - INFO -   Val Loss: 1.3463
2026-04-05 20:17:04,203 - INFO -   Val Accuracy: 46.91% | F1: 0.4707
2026-04-05 20:17:04,203 - INFO -   LR: 0.000050
2026-04-05 20:17:04,203 - INFO -   Patience: 1/30
2026-04-05 20:17:04,203 - INFO - 
Epoch 23/300
2026-04-05 20:17:06,058 - INFO -   Epoch [10/237] Loss: 1.2091
2026-04-05 20:17:07,917 - INFO -   Epoch [20/237] Loss: 1.3329
2026-04-05 20:17:09,790 - INFO -   Epoch [30/237] Loss: 1.7232
2026-04-05 20:17:11,652 - INFO -   Epoch [40/237] Loss: 1.3572
2026-04-05 20:17:13,515 - INFO -   Epoch [50/237] Loss: 1.1843
2026-04-05 20:17:15,369 - INFO -   Epoch [60/237] Loss: 1.3623
2026-04-05 20:17:17,239 - INFO -   Epoch [70/237] Loss: 1.3524
2026-04-05 20:17:19,082 - INFO -   Epoch [80/237] Loss: 1.2464
2026-04-05 20:17:20,930 - INFO -   Epoch [90/237] Loss: 1.3217
2026-04-05 20:17:22,790 - INFO -   Epoch [100/237] Loss: 1.5450
2026-04-05 20:17:24,696 - INFO -   Epoch [110/237] Loss: 0.9129
2026-04-05 20:17:26,569 - INFO -   Epoch [120/237] Loss: 1.3698
2026-04-05 20:17:28,407 - INFO -   Epoch [130/237] Loss: 1.2081
2026-04-05 20:17:30,286 - INFO -   Epoch [140/237] Loss: 1.2049
2026-04-05 20:17:32,139 - INFO -   Epoch [150/237] Loss: 1.3603
2026-04-05 20:17:34,032 - INFO -   Epoch [160/237] Loss: 0.9161
2026-04-05 20:17:35,872 - INFO -   Epoch [170/237] Loss: 1.3844
2026-04-05 20:17:37,721 - INFO -   Epoch [180/237] Loss: 1.1084
2026-04-05 20:17:39,582 - INFO -   Epoch [190/237] Loss: 1.3531
2026-04-05 20:17:41,429 - INFO -   Epoch [200/237] Loss: 1.5973
2026-04-05 20:17:43,280 - INFO -   Epoch [210/237] Loss: 1.4907
2026-04-05 20:17:45,128 - INFO -   Epoch [220/237] Loss: 1.8634
2026-04-05 20:17:46,979 - INFO -   Epoch [230/237] Loss: 1.2777
2026-04-05 20:17:50,569 - INFO -   Train Loss: 1.3680
2026-04-05 20:17:50,569 - INFO -   Train Accuracy: 45.96%
2026-04-05 20:17:50,569 - INFO -   Val Loss: 1.3517
2026-04-05 20:17:50,569 - INFO -   Val Accuracy: 45.19% | F1: 0.4570
2026-04-05 20:17:50,570 - INFO -   LR: 0.000050
2026-04-05 20:17:50,570 - INFO -   Patience: 2/30
2026-04-05 20:17:50,570 - INFO - 
Epoch 24/300
2026-04-05 20:17:52,424 - INFO -   Epoch [10/237] Loss: 1.2380
2026-04-05 20:17:54,302 - INFO -   Epoch [20/237] Loss: 1.5516
2026-04-05 20:17:56,166 - INFO -   Epoch [30/237] Loss: 1.9555
2026-04-05 20:17:58,016 - INFO -   Epoch [40/237] Loss: 0.7621
2026-04-05 20:17:59,971 - INFO -   Epoch [50/237] Loss: 1.3833
2026-04-05 20:18:01,890 - INFO -   Epoch [60/237] Loss: 1.7085
2026-04-05 20:18:04,221 - INFO -   Epoch [70/237] Loss: 1.3130
2026-04-05 20:18:06,045 - INFO -   Epoch [80/237] Loss: 1.3164
2026-04-05 20:18:08,002 - INFO -   Epoch [90/237] Loss: 1.3384
2026-04-05 20:18:09,805 - INFO -   Epoch [100/237] Loss: 2.1850
2026-04-05 20:18:11,747 - INFO -   Epoch [110/237] Loss: 1.5480
2026-04-05 20:18:13,550 - INFO -   Epoch [120/237] Loss: 1.2169
2026-04-05 20:18:15,366 - INFO -   Epoch [130/237] Loss: 1.5198
2026-04-05 20:18:17,301 - INFO -   Epoch [140/237] Loss: 1.1131
2026-04-05 20:18:19,098 - INFO -   Epoch [150/237] Loss: 1.0423
2026-04-05 20:18:20,902 - INFO -   Epoch [160/237] Loss: 1.4184
2026-04-05 20:18:22,721 - INFO -   Epoch [170/237] Loss: 1.1254
2026-04-05 20:18:24,524 - INFO -   Epoch [180/237] Loss: 1.0041
2026-04-05 20:18:26,487 - INFO -   Epoch [190/237] Loss: 1.2913
2026-04-05 20:18:28,281 - INFO -   Epoch [200/237] Loss: 1.2285
2026-04-05 20:18:30,074 - INFO -   Epoch [210/237] Loss: 1.6682
2026-04-05 20:18:31,885 - INFO -   Epoch [220/237] Loss: 1.2911
2026-04-05 20:18:33,707 - INFO -   Epoch [230/237] Loss: 1.3902
2026-04-05 20:18:37,078 - INFO -   Train Loss: 1.3637
2026-04-05 20:18:37,078 - INFO -   Train Accuracy: 45.36%
2026-04-05 20:18:37,078 - INFO -   Val Loss: 1.3687
2026-04-05 20:18:37,078 - INFO -   Val Accuracy: 44.20% | F1: 0.4387
2026-04-05 20:18:37,078 - INFO -   LR: 0.000050
2026-04-05 20:18:37,078 - INFO -   Patience: 3/30
2026-04-05 20:18:37,079 - INFO - 
Epoch 25/300
2026-04-05 20:18:38,892 - INFO -   Epoch [10/237] Loss: 1.5788
2026-04-05 20:18:40,714 - INFO -   Epoch [20/237] Loss: 1.3147
2026-04-05 20:18:42,646 - INFO -   Epoch [30/237] Loss: 1.2011
2026-04-05 20:18:44,459 - INFO -   Epoch [40/237] Loss: 1.4621
2026-04-05 20:18:46,279 - INFO -   Epoch [50/237] Loss: 1.1677
2026-04-05 20:18:48,085 - INFO -   Epoch [60/237] Loss: 1.1418
2026-04-05 20:18:49,879 - INFO -   Epoch [70/237] Loss: 1.2720
2026-04-05 20:18:51,699 - INFO -   Epoch [80/237] Loss: 1.2941
2026-04-05 20:18:53,650 - INFO -   Epoch [90/237] Loss: 1.1248
2026-04-05 20:18:55,458 - INFO -   Epoch [100/237] Loss: 1.3034
2026-04-05 20:18:57,254 - INFO -   Epoch [110/237] Loss: 1.6341
2026-04-05 20:18:59,056 - INFO -   Epoch [120/237] Loss: 0.8822
2026-04-05 20:19:00,865 - INFO -   Epoch [130/237] Loss: 1.5670
2026-04-05 20:19:02,657 - INFO -   Epoch [140/237] Loss: 0.7186
2026-04-05 20:19:04,465 - INFO -   Epoch [150/237] Loss: 1.5237
2026-04-05 20:19:06,264 - INFO -   Epoch [160/237] Loss: 1.4878
2026-04-05 20:19:08,062 - INFO -   Epoch [170/237] Loss: 1.3705
2026-04-05 20:19:09,940 - INFO -   Epoch [180/237] Loss: 1.1514
2026-04-05 20:19:11,800 - INFO -   Epoch [190/237] Loss: 1.6130
2026-04-05 20:19:13,617 - INFO -   Epoch [200/237] Loss: 1.4974
2026-04-05 20:19:15,420 - INFO -   Epoch [210/237] Loss: 1.6385
2026-04-05 20:19:17,228 - INFO -   Epoch [220/237] Loss: 1.7215
2026-04-05 20:19:19,031 - INFO -   Epoch [230/237] Loss: 1.1363
2026-04-05 20:19:22,443 - INFO -   Train Loss: 1.3581
2026-04-05 20:19:22,443 - INFO -   Train Accuracy: 45.57%
2026-04-05 20:19:22,443 - INFO -   Val Loss: 1.3483
2026-04-05 20:19:22,443 - INFO -   Val Accuracy: 44.20% | F1: 0.4439
2026-04-05 20:19:22,443 - INFO -   LR: 0.000050
2026-04-05 20:19:22,443 - INFO -   Patience: 4/30
2026-04-05 20:19:22,443 - INFO - 
Epoch 26/300
2026-04-05 20:19:24,292 - INFO -   Epoch [10/237] Loss: 1.5694
2026-04-05 20:19:26,131 - INFO -   Epoch [20/237] Loss: 1.1115
2026-04-05 20:19:27,940 - INFO -   Epoch [30/237] Loss: 1.2372
2026-04-05 20:19:29,739 - INFO -   Epoch [40/237] Loss: 1.4446
2026-04-05 20:19:31,539 - INFO -   Epoch [50/237] Loss: 1.2633
2026-04-05 20:19:33,358 - INFO -   Epoch [60/237] Loss: 0.8475
2026-04-05 20:19:35,167 - INFO -   Epoch [70/237] Loss: 1.4682
2026-04-05 20:19:37,060 - INFO -   Epoch [80/237] Loss: 1.2246
2026-04-05 20:19:38,899 - INFO -   Epoch [90/237] Loss: 1.7290
2026-04-05 20:19:40,722 - INFO -   Epoch [100/237] Loss: 1.1690
2026-04-05 20:19:42,525 - INFO -   Epoch [110/237] Loss: 1.8702
2026-04-05 20:19:44,324 - INFO -   Epoch [120/237] Loss: 1.3413
2026-04-05 20:19:46,122 - INFO -   Epoch [130/237] Loss: 1.6597
2026-04-05 20:19:47,932 - INFO -   Epoch [140/237] Loss: 1.3097
2026-04-05 20:19:49,752 - INFO -   Epoch [150/237] Loss: 1.6306
2026-04-05 20:19:51,650 - INFO -   Epoch [160/237] Loss: 1.1315
2026-04-05 20:19:53,478 - INFO -   Epoch [170/237] Loss: 1.3226
2026-04-05 20:19:55,292 - INFO -   Epoch [180/237] Loss: 1.6403
2026-04-05 20:19:57,106 - INFO -   Epoch [190/237] Loss: 1.4933
2026-04-05 20:19:58,920 - INFO -   Epoch [200/237] Loss: 1.0599
2026-04-05 20:20:00,718 - INFO -   Epoch [210/237] Loss: 1.1578
2026-04-05 20:20:02,517 - INFO -   Epoch [220/237] Loss: 0.8927
2026-04-05 20:20:04,320 - INFO -   Epoch [230/237] Loss: 1.6923
2026-04-05 20:20:07,713 - INFO -   Train Loss: 1.3551
2026-04-05 20:20:07,713 - INFO -   Train Accuracy: 46.21%
2026-04-05 20:20:07,713 - INFO -   Val Loss: 1.3728
2026-04-05 20:20:07,713 - INFO -   Val Accuracy: 43.21% | F1: 0.4329
2026-04-05 20:20:07,713 - INFO -   LR: 0.000050
2026-04-05 20:20:07,713 - INFO -   Patience: 5/30
2026-04-05 20:20:07,713 - INFO - 
Epoch 27/300
2026-04-05 20:20:09,524 - INFO -   Epoch [10/237] Loss: 1.4546
2026-04-05 20:20:11,331 - INFO -   Epoch [20/237] Loss: 1.7951
2026-04-05 20:20:13,125 - INFO -   Epoch [30/237] Loss: 1.2224
2026-04-05 20:20:14,921 - INFO -   Epoch [40/237] Loss: 1.3557
2026-04-05 20:20:16,725 - INFO -   Epoch [50/237] Loss: 0.8610
2026-04-05 20:20:18,527 - INFO -   Epoch [60/237] Loss: 1.3504
2026-04-05 20:20:20,334 - INFO -   Epoch [70/237] Loss: 1.7630
2026-04-05 20:20:22,232 - INFO -   Epoch [80/237] Loss: 1.2968
2026-04-05 20:20:24,067 - INFO -   Epoch [90/237] Loss: 0.7907
2026-04-05 20:20:25,865 - INFO -   Epoch [100/237] Loss: 1.0179
2026-04-05 20:20:27,657 - INFO -   Epoch [110/237] Loss: 1.8233
2026-04-05 20:20:29,460 - INFO -   Epoch [120/237] Loss: 1.8840
2026-04-05 20:20:31,261 - INFO -   Epoch [130/237] Loss: 1.1878
2026-04-05 20:20:33,068 - INFO -   Epoch [140/237] Loss: 1.7596
2026-04-05 20:20:34,871 - INFO -   Epoch [150/237] Loss: 1.0837
2026-04-05 20:20:36,678 - INFO -   Epoch [160/237] Loss: 1.2273
2026-04-05 20:20:38,493 - INFO -   Epoch [170/237] Loss: 1.6529
2026-04-05 20:20:40,384 - INFO -   Epoch [180/237] Loss: 1.2989
2026-04-05 20:20:42,230 - INFO -   Epoch [190/237] Loss: 1.1745
2026-04-05 20:20:44,054 - INFO -   Epoch [200/237] Loss: 1.0193
2026-04-05 20:20:45,849 - INFO -   Epoch [210/237] Loss: 1.4602
2026-04-05 20:20:47,662 - INFO -   Epoch [220/237] Loss: 0.8868
2026-04-05 20:20:49,483 - INFO -   Epoch [230/237] Loss: 0.8671
2026-04-05 20:20:52,794 - INFO -   Train Loss: 1.3353
2026-04-05 20:20:52,794 - INFO -   Train Accuracy: 46.38%
2026-04-05 20:20:52,794 - INFO -   Val Loss: 1.3453
2026-04-05 20:20:52,794 - INFO -   Val Accuracy: 46.17% | F1: 0.4607
2026-04-05 20:20:52,794 - INFO -   LR: 0.000050
2026-04-05 20:20:52,794 - INFO -   Patience: 6/30
2026-04-05 20:20:52,794 - INFO - 
Epoch 28/300
2026-04-05 20:20:54,595 - INFO -   Epoch [10/237] Loss: 1.2842
2026-04-05 20:20:56,398 - INFO -   Epoch [20/237] Loss: 1.0838
2026-04-05 20:20:58,211 - INFO -   Epoch [30/237] Loss: 1.0107
2026-04-05 20:21:00,005 - INFO -   Epoch [40/237] Loss: 1.4086
2026-04-05 20:21:01,807 - INFO -   Epoch [50/237] Loss: 0.7506
2026-04-05 20:21:03,612 - INFO -   Epoch [60/237] Loss: 0.8423
2026-04-05 20:21:05,425 - INFO -   Epoch [70/237] Loss: 1.8408
2026-04-05 20:21:07,228 - INFO -   Epoch [80/237] Loss: 1.1263
2026-04-05 20:21:09,021 - INFO -   Epoch [90/237] Loss: 1.3652
2026-04-05 20:21:10,822 - INFO -   Epoch [100/237] Loss: 1.3769
2026-04-05 20:21:12,620 - INFO -   Epoch [110/237] Loss: 1.3763
2026-04-05 20:21:14,422 - INFO -   Epoch [120/237] Loss: 1.9663
2026-04-05 20:21:16,226 - INFO -   Epoch [130/237] Loss: 1.1590
2026-04-05 20:21:18,019 - INFO -   Epoch [140/237] Loss: 1.4406
2026-04-05 20:21:19,825 - INFO -   Epoch [150/237] Loss: 1.0003
2026-04-05 20:21:21,631 - INFO -   Epoch [160/237] Loss: 1.6255
2026-04-05 20:21:23,523 - INFO -   Epoch [170/237] Loss: 1.2477
2026-04-05 20:21:25,379 - INFO -   Epoch [180/237] Loss: 1.8552
2026-04-05 20:21:27,192 - INFO -   Epoch [190/237] Loss: 0.9700
2026-04-05 20:21:28,991 - INFO -   Epoch [200/237] Loss: 1.3878
2026-04-05 20:21:30,799 - INFO -   Epoch [210/237] Loss: 1.3105
2026-04-05 20:21:32,602 - INFO -   Epoch [220/237] Loss: 1.3890
2026-04-05 20:21:34,406 - INFO -   Epoch [230/237] Loss: 1.0570
2026-04-05 20:21:37,771 - INFO -   Train Loss: 1.3349
2026-04-05 20:21:37,771 - INFO -   Train Accuracy: 46.17%
2026-04-05 20:21:37,771 - INFO -   Val Loss: 1.3536
2026-04-05 20:21:37,771 - INFO -   Val Accuracy: 43.70% | F1: 0.4365
2026-04-05 20:21:37,771 - INFO -   LR: 0.000025
2026-04-05 20:21:37,771 - INFO -   Patience: 7/30
2026-04-05 20:21:37,771 - INFO - 
Epoch 29/300
2026-04-05 20:21:39,584 - INFO -   Epoch [10/237] Loss: 1.4948
2026-04-05 20:21:41,403 - INFO -   Epoch [20/237] Loss: 1.2615
2026-04-05 20:21:43,201 - INFO -   Epoch [30/237] Loss: 1.2859
2026-04-05 20:21:44,993 - INFO -   Epoch [40/237] Loss: 1.6679
2026-04-05 20:21:46,879 - INFO -   Epoch [50/237] Loss: 1.3995
2026-04-05 20:21:48,735 - INFO -   Epoch [60/237] Loss: 1.4120
2026-04-05 20:21:50,544 - INFO -   Epoch [70/237] Loss: 1.3845
2026-04-05 20:21:52,350 - INFO -   Epoch [80/237] Loss: 1.3048
2026-04-05 20:21:54,156 - INFO -   Epoch [90/237] Loss: 1.4561
2026-04-05 20:21:55,961 - INFO -   Epoch [100/237] Loss: 1.1276
2026-04-05 20:21:57,757 - INFO -   Epoch [110/237] Loss: 1.2479
2026-04-05 20:21:59,559 - INFO -   Epoch [120/237] Loss: 1.4042
2026-04-05 20:22:01,346 - INFO -   Epoch [130/237] Loss: 1.3303
2026-04-05 20:22:03,140 - INFO -   Epoch [140/237] Loss: 1.2402
2026-04-05 20:22:04,952 - INFO -   Epoch [150/237] Loss: 1.7984
2026-04-05 20:22:06,760 - INFO -   Epoch [160/237] Loss: 0.8332
2026-04-05 20:22:08,560 - INFO -   Epoch [170/237] Loss: 1.6244
2026-04-05 20:22:10,360 - INFO -   Epoch [180/237] Loss: 1.1190
2026-04-05 20:22:12,153 - INFO -   Epoch [190/237] Loss: 0.8893
2026-04-05 20:22:13,955 - INFO -   Epoch [200/237] Loss: 1.7741
2026-04-05 20:22:15,747 - INFO -   Epoch [210/237] Loss: 0.7746
2026-04-05 20:22:17,544 - INFO -   Epoch [220/237] Loss: 1.5697
2026-04-05 20:22:19,359 - INFO -   Epoch [230/237] Loss: 1.3736
2026-04-05 20:22:22,698 - INFO -   Train Loss: 1.3286
2026-04-05 20:22:22,698 - INFO -   Train Accuracy: 48.43%
2026-04-05 20:22:22,698 - INFO -   Val Loss: 1.3364
2026-04-05 20:22:22,698 - INFO -   Val Accuracy: 45.19% | F1: 0.4479
2026-04-05 20:22:22,698 - INFO -   LR: 0.000025
2026-04-05 20:22:22,698 - INFO -   Patience: 8/30
2026-04-05 20:22:22,698 - INFO - 
Epoch 30/300
2026-04-05 20:22:24,497 - INFO -   Epoch [10/237] Loss: 1.1794
2026-04-05 20:22:26,296 - INFO -   Epoch [20/237] Loss: 1.3450
2026-04-05 20:22:28,089 - INFO -   Epoch [30/237] Loss: 1.0184
2026-04-05 20:22:29,900 - INFO -   Epoch [40/237] Loss: 1.4249
2026-04-05 20:22:31,698 - INFO -   Epoch [50/237] Loss: 1.5537
2026-04-05 20:22:33,519 - INFO -   Epoch [60/237] Loss: 1.4826
2026-04-05 20:22:35,328 - INFO -   Epoch [70/237] Loss: 1.2983
2026-04-05 20:22:37,143 - INFO -   Epoch [80/237] Loss: 1.2476
2026-04-05 20:22:38,979 - INFO -   Epoch [90/237] Loss: 1.1405
2026-04-05 20:22:40,783 - INFO -   Epoch [100/237] Loss: 0.6717
2026-04-05 20:22:42,580 - INFO -   Epoch [110/237] Loss: 1.0799
2026-04-05 20:22:44,466 - INFO -   Epoch [120/237] Loss: 1.2487
2026-04-05 20:22:46,259 - INFO -   Epoch [130/237] Loss: 1.3814
2026-04-05 20:22:48,102 - INFO -   Epoch [140/237] Loss: 1.5330
2026-04-05 20:22:49,893 - INFO -   Epoch [150/237] Loss: 1.4127
2026-04-05 20:22:51,718 - INFO -   Epoch [160/237] Loss: 1.2467
2026-04-05 20:22:53,545 - INFO -   Epoch [170/237] Loss: 1.1870
2026-04-05 20:22:55,347 - INFO -   Epoch [180/237] Loss: 1.4674
2026-04-05 20:22:57,151 - INFO -   Epoch [190/237] Loss: 1.1211
2026-04-05 20:22:58,953 - INFO -   Epoch [200/237] Loss: 1.0922
2026-04-05 20:23:00,750 - INFO -   Epoch [210/237] Loss: 1.3248
2026-04-05 20:23:02,549 - INFO -   Epoch [220/237] Loss: 1.7218
2026-04-05 20:23:04,348 - INFO -   Epoch [230/237] Loss: 1.0000
2026-04-05 20:23:07,665 - INFO -   Train Loss: 1.3276
2026-04-05 20:23:07,665 - INFO -   Train Accuracy: 47.09%
2026-04-05 20:23:07,665 - INFO -   Val Loss: 1.3337
2026-04-05 20:23:07,665 - INFO -   Val Accuracy: 45.43% | F1: 0.4521
2026-04-05 20:23:07,665 - INFO -   LR: 0.000025
2026-04-05 20:23:07,665 - INFO -   Patience: 9/30
2026-04-05 20:23:07,665 - INFO - 
Epoch 31/300
2026-04-05 20:23:09,456 - INFO -   Epoch [10/237] Loss: 1.2336
2026-04-05 20:23:11,259 - INFO -   Epoch [20/237] Loss: 0.9292
2026-04-05 20:23:13,053 - INFO -   Epoch [30/237] Loss: 1.3196
2026-04-05 20:23:14,934 - INFO -   Epoch [40/237] Loss: 1.0666
2026-04-05 20:23:16,745 - INFO -   Epoch [50/237] Loss: 1.5333
2026-04-05 20:23:18,599 - INFO -   Epoch [60/237] Loss: 0.8131
2026-04-05 20:23:20,396 - INFO -   Epoch [70/237] Loss: 1.4006
2026-04-05 20:23:22,199 - INFO -   Epoch [80/237] Loss: 1.4776
2026-04-05 20:23:23,997 - INFO -   Epoch [90/237] Loss: 1.2839
2026-04-05 20:23:25,795 - INFO -   Epoch [100/237] Loss: 0.9690
2026-04-05 20:23:27,593 - INFO -   Epoch [110/237] Loss: 1.3287
2026-04-05 20:23:29,394 - INFO -   Epoch [120/237] Loss: 1.3742
2026-04-05 20:23:31,193 - INFO -   Epoch [130/237] Loss: 1.4104
2026-04-05 20:23:32,997 - INFO -   Epoch [140/237] Loss: 1.3712
2026-04-05 20:23:34,802 - INFO -   Epoch [150/237] Loss: 1.2051
2026-04-05 20:23:36,594 - INFO -   Epoch [160/237] Loss: 1.2803
2026-04-05 20:23:38,389 - INFO -   Epoch [170/237] Loss: 1.4383
2026-04-05 20:23:40,197 - INFO -   Epoch [180/237] Loss: 1.0344
2026-04-05 20:23:41,991 - INFO -   Epoch [190/237] Loss: 1.4787
2026-04-05 20:23:43,784 - INFO -   Epoch [200/237] Loss: 0.9736
2026-04-05 20:23:45,593 - INFO -   Epoch [210/237] Loss: 1.8838
2026-04-05 20:23:47,391 - INFO -   Epoch [220/237] Loss: 1.6320
2026-04-05 20:23:49,192 - INFO -   Epoch [230/237] Loss: 1.2091
2026-04-05 20:23:52,539 - INFO -   Train Loss: 1.3172
2026-04-05 20:23:52,539 - INFO -   Train Accuracy: 48.32%
2026-04-05 20:23:52,539 - INFO -   Val Loss: 1.3333
2026-04-05 20:23:52,539 - INFO -   Val Accuracy: 45.43% | F1: 0.4525
2026-04-05 20:23:52,539 - INFO -   LR: 0.000025
2026-04-05 20:23:52,539 - INFO -   Patience: 10/30
2026-04-05 20:23:52,539 - INFO - 
Epoch 32/300
2026-04-05 20:23:54,336 - INFO -   Epoch [10/237] Loss: 1.3050
2026-04-05 20:23:56,143 - INFO -   Epoch [20/237] Loss: 1.3048
2026-04-05 20:23:57,946 - INFO -   Epoch [30/237] Loss: 1.4549
2026-04-05 20:23:59,736 - INFO -   Epoch [40/237] Loss: 1.3565
2026-04-05 20:24:01,548 - INFO -   Epoch [50/237] Loss: 1.5672
2026-04-05 20:24:03,363 - INFO -   Epoch [60/237] Loss: 1.4774
2026-04-05 20:24:05,174 - INFO -   Epoch [70/237] Loss: 1.1293
2026-04-05 20:24:06,990 - INFO -   Epoch [80/237] Loss: 1.2606
2026-04-05 20:24:08,785 - INFO -   Epoch [90/237] Loss: 1.1478
2026-04-05 20:24:10,589 - INFO -   Epoch [100/237] Loss: 1.3945
2026-04-05 20:24:12,389 - INFO -   Epoch [110/237] Loss: 1.1941
2026-04-05 20:24:14,190 - INFO -   Epoch [120/237] Loss: 1.4719
2026-04-05 20:24:15,996 - INFO -   Epoch [130/237] Loss: 1.4397
2026-04-05 20:24:17,795 - INFO -   Epoch [140/237] Loss: 1.3930
2026-04-05 20:24:19,604 - INFO -   Epoch [150/237] Loss: 1.5799
2026-04-05 20:24:21,397 - INFO -   Epoch [160/237] Loss: 1.4357
2026-04-05 20:24:23,215 - INFO -   Epoch [170/237] Loss: 1.8120
2026-04-05 20:24:25,023 - INFO -   Epoch [180/237] Loss: 1.9685
2026-04-05 20:24:26,823 - INFO -   Epoch [190/237] Loss: 1.1958
2026-04-05 20:24:28,618 - INFO -   Epoch [200/237] Loss: 1.6533
2026-04-05 20:24:30,422 - INFO -   Epoch [210/237] Loss: 1.0319
2026-04-05 20:24:32,223 - INFO -   Epoch [220/237] Loss: 1.6525
2026-04-05 20:24:34,014 - INFO -   Epoch [230/237] Loss: 1.5300
2026-04-05 20:24:37,454 - INFO -   Train Loss: 1.3174
2026-04-05 20:24:37,454 - INFO -   Train Accuracy: 47.27%
2026-04-05 20:24:37,455 - INFO -   Val Loss: 1.3360
2026-04-05 20:24:37,455 - INFO -   Val Accuracy: 45.93% | F1: 0.4569
2026-04-05 20:24:37,455 - INFO -   LR: 0.000025
2026-04-05 20:24:37,455 - INFO -   Patience: 11/30
2026-04-05 20:24:37,455 - INFO - 
Epoch 33/300
2026-04-05 20:24:39,302 - INFO -   Epoch [10/237] Loss: 1.3390
2026-04-05 20:24:41,112 - INFO -   Epoch [20/237] Loss: 0.9731
2026-04-05 20:24:42,931 - INFO -   Epoch [30/237] Loss: 1.3768
2026-04-05 20:24:44,728 - INFO -   Epoch [40/237] Loss: 0.9351
2026-04-05 20:24:46,536 - INFO -   Epoch [50/237] Loss: 0.9871
2026-04-05 20:24:48,355 - INFO -   Epoch [60/237] Loss: 1.3479
2026-04-05 20:24:50,154 - INFO -   Epoch [70/237] Loss: 1.2808
2026-04-05 20:24:51,980 - INFO -   Epoch [80/237] Loss: 1.9603
2026-04-05 20:24:53,796 - INFO -   Epoch [90/237] Loss: 1.4040
2026-04-05 20:24:55,597 - INFO -   Epoch [100/237] Loss: 1.1173
2026-04-05 20:24:57,392 - INFO -   Epoch [110/237] Loss: 1.6428
2026-04-05 20:24:59,191 - INFO -   Epoch [120/237] Loss: 1.2519
2026-04-05 20:25:00,988 - INFO -   Epoch [130/237] Loss: 1.4533
2026-04-05 20:25:02,815 - INFO -   Epoch [140/237] Loss: 1.7307
2026-04-05 20:25:04,607 - INFO -   Epoch [150/237] Loss: 1.2366
2026-04-05 20:25:06,403 - INFO -   Epoch [160/237] Loss: 1.4914
2026-04-05 20:25:08,200 - INFO -   Epoch [170/237] Loss: 1.3155
2026-04-05 20:25:10,015 - INFO -   Epoch [180/237] Loss: 1.4325
2026-04-05 20:25:11,904 - INFO -   Epoch [190/237] Loss: 1.4181
2026-04-05 20:25:13,710 - INFO -   Epoch [200/237] Loss: 1.5417
2026-04-05 20:25:15,535 - INFO -   Epoch [210/237] Loss: 1.4419
2026-04-05 20:25:17,398 - INFO -   Epoch [220/237] Loss: 1.3508
2026-04-05 20:25:19,208 - INFO -   Epoch [230/237] Loss: 1.9959
2026-04-05 20:25:22,576 - INFO -   Train Loss: 1.3085
2026-04-05 20:25:22,576 - INFO -   Train Accuracy: 47.87%
2026-04-05 20:25:22,576 - INFO -   Val Loss: 1.3297
2026-04-05 20:25:22,576 - INFO -   Val Accuracy: 45.19% | F1: 0.4483
2026-04-05 20:25:22,576 - INFO -   LR: 0.000025
2026-04-05 20:25:22,576 - INFO -   Patience: 12/30
2026-04-05 20:25:22,576 - INFO - 
Epoch 34/300
2026-04-05 20:25:24,386 - INFO -   Epoch [10/237] Loss: 1.1066
2026-04-05 20:25:26,195 - INFO -   Epoch [20/237] Loss: 1.4212
2026-04-05 20:25:27,986 - INFO -   Epoch [30/237] Loss: 1.2727
2026-04-05 20:25:29,790 - INFO -   Epoch [40/237] Loss: 1.5099
2026-04-05 20:25:31,596 - INFO -   Epoch [50/237] Loss: 0.9437
2026-04-05 20:25:33,392 - INFO -   Epoch [60/237] Loss: 1.0099
2026-04-05 20:25:35,193 - INFO -   Epoch [70/237] Loss: 1.0238
2026-04-05 20:25:37,014 - INFO -   Epoch [80/237] Loss: 1.2105
2026-04-05 20:25:38,807 - INFO -   Epoch [90/237] Loss: 1.0705
2026-04-05 20:25:40,600 - INFO -   Epoch [100/237] Loss: 0.9188
2026-04-05 20:25:42,396 - INFO -   Epoch [110/237] Loss: 1.2431
2026-04-05 20:25:44,195 - INFO -   Epoch [120/237] Loss: 1.4590
2026-04-05 20:25:45,987 - INFO -   Epoch [130/237] Loss: 1.2307
2026-04-05 20:25:47,781 - INFO -   Epoch [140/237] Loss: 1.3109
2026-04-05 20:25:49,580 - INFO -   Epoch [150/237] Loss: 1.2994
2026-04-05 20:25:51,395 - INFO -   Epoch [160/237] Loss: 1.0617
2026-04-05 20:25:53,187 - INFO -   Epoch [170/237] Loss: 1.3391
2026-04-05 20:25:54,991 - INFO -   Epoch [180/237] Loss: 1.2906
2026-04-05 20:25:56,807 - INFO -   Epoch [190/237] Loss: 1.3910
2026-04-05 20:25:58,608 - INFO -   Epoch [200/237] Loss: 1.2061
2026-04-05 20:26:00,414 - INFO -   Epoch [210/237] Loss: 1.4217
2026-04-05 20:26:02,219 - INFO -   Epoch [220/237] Loss: 1.1988
2026-04-05 20:26:04,017 - INFO -   Epoch [230/237] Loss: 0.8252
2026-04-05 20:26:07,360 - INFO -   Train Loss: 1.3079
2026-04-05 20:26:07,360 - INFO -   Train Accuracy: 48.57%
2026-04-05 20:26:07,360 - INFO -   Val Loss: 1.3254
2026-04-05 20:26:07,360 - INFO -   Val Accuracy: 44.94% | F1: 0.4469
2026-04-05 20:26:07,360 - INFO -   LR: 0.000013
2026-04-05 20:26:07,360 - INFO -   Patience: 13/30
2026-04-05 20:26:07,360 - INFO - 
Epoch 35/300
2026-04-05 20:26:09,159 - INFO -   Epoch [10/237] Loss: 1.4005
2026-04-05 20:26:10,955 - INFO -   Epoch [20/237] Loss: 1.0395
2026-04-05 20:26:12,755 - INFO -   Epoch [30/237] Loss: 1.3014
2026-04-05 20:26:14,563 - INFO -   Epoch [40/237] Loss: 1.6320
2026-04-05 20:26:16,372 - INFO -   Epoch [50/237] Loss: 1.0151
2026-04-05 20:26:18,202 - INFO -   Epoch [60/237] Loss: 1.4322
2026-04-05 20:26:20,014 - INFO -   Epoch [70/237] Loss: 1.6068
2026-04-05 20:26:21,827 - INFO -   Epoch [80/237] Loss: 1.3843
2026-04-05 20:26:23,642 - INFO -   Epoch [90/237] Loss: 0.9541
2026-04-05 20:26:25,443 - INFO -   Epoch [100/237] Loss: 1.3631
2026-04-05 20:26:27,241 - INFO -   Epoch [110/237] Loss: 0.9823
2026-04-05 20:26:29,037 - INFO -   Epoch [120/237] Loss: 1.3899
2026-04-05 20:26:30,838 - INFO -   Epoch [130/237] Loss: 1.0286
2026-04-05 20:26:32,634 - INFO -   Epoch [140/237] Loss: 1.2830
2026-04-05 20:26:34,428 - INFO -   Epoch [150/237] Loss: 1.3625
2026-04-05 20:26:36,229 - INFO -   Epoch [160/237] Loss: 1.4439
2026-04-05 20:26:38,017 - INFO -   Epoch [170/237] Loss: 1.1543
2026-04-05 20:26:39,821 - INFO -   Epoch [180/237] Loss: 1.2516
2026-04-05 20:26:41,619 - INFO -   Epoch [190/237] Loss: 1.2699
2026-04-05 20:26:43,416 - INFO -   Epoch [200/237] Loss: 1.0489
2026-04-05 20:26:45,221 - INFO -   Epoch [210/237] Loss: 1.1070
2026-04-05 20:26:47,036 - INFO -   Epoch [220/237] Loss: 1.0957
2026-04-05 20:26:48,833 - INFO -   Epoch [230/237] Loss: 1.3040
2026-04-05 20:26:52,163 - INFO -   Train Loss: 1.2888
2026-04-05 20:26:52,163 - INFO -   Train Accuracy: 49.38%
2026-04-05 20:26:52,163 - INFO -   Val Loss: 1.3302
2026-04-05 20:26:52,163 - INFO -   Val Accuracy: 45.19% | F1: 0.4489
2026-04-05 20:26:52,163 - INFO -   LR: 0.000013
2026-04-05 20:26:52,163 - INFO -   Patience: 14/30
2026-04-05 20:26:52,163 - INFO - 
Epoch 36/300
2026-04-05 20:26:53,963 - INFO -   Epoch [10/237] Loss: 1.5747
2026-04-05 20:26:55,767 - INFO -   Epoch [20/237] Loss: 1.3596
2026-04-05 20:26:57,575 - INFO -   Epoch [30/237] Loss: 1.0766
2026-04-05 20:26:59,375 - INFO -   Epoch [40/237] Loss: 1.3624
2026-04-05 20:27:01,168 - INFO -   Epoch [50/237] Loss: 1.2821
2026-04-05 20:27:02,981 - INFO -   Epoch [60/237] Loss: 1.4095
2026-04-05 20:27:04,784 - INFO -   Epoch [70/237] Loss: 1.2927
2026-04-05 20:27:06,690 - INFO -   Epoch [80/237] Loss: 1.1857
2026-04-05 20:27:08,496 - INFO -   Epoch [90/237] Loss: 1.6141
2026-04-05 20:27:10,294 - INFO -   Epoch [100/237] Loss: 1.5408
2026-04-05 20:27:12,094 - INFO -   Epoch [110/237] Loss: 1.4670
2026-04-05 20:27:13,943 - INFO -   Epoch [120/237] Loss: 1.1282
2026-04-05 20:27:15,749 - INFO -   Epoch [130/237] Loss: 1.6797
2026-04-05 20:27:17,557 - INFO -   Epoch [140/237] Loss: 1.1440
2026-04-05 20:27:19,367 - INFO -   Epoch [150/237] Loss: 1.3976
2026-04-05 20:27:21,170 - INFO -   Epoch [160/237] Loss: 1.3194
2026-04-05 20:27:22,967 - INFO -   Epoch [170/237] Loss: 1.4524
2026-04-05 20:27:24,767 - INFO -   Epoch [180/237] Loss: 1.1548
2026-04-05 20:27:26,570 - INFO -   Epoch [190/237] Loss: 1.2397
2026-04-05 20:27:28,385 - INFO -   Epoch [200/237] Loss: 1.1795
2026-04-05 20:27:30,203 - INFO -   Epoch [210/237] Loss: 1.0143
2026-04-05 20:27:32,017 - INFO -   Epoch [220/237] Loss: 1.4775
2026-04-05 20:27:33,823 - INFO -   Epoch [230/237] Loss: 1.2518
2026-04-05 20:27:37,264 - INFO -   Train Loss: 1.2915
2026-04-05 20:27:37,264 - INFO -   Train Accuracy: 48.82%
2026-04-05 20:27:37,264 - INFO -   Val Loss: 1.3205
2026-04-05 20:27:37,264 - INFO -   Val Accuracy: 44.94% | F1: 0.4460
2026-04-05 20:27:37,265 - INFO -   LR: 0.000013
2026-04-05 20:27:37,265 - INFO -   Patience: 15/30
2026-04-05 20:27:37,265 - INFO - 
Epoch 37/300
2026-04-05 20:27:39,081 - INFO -   Epoch [10/237] Loss: 1.3746
2026-04-05 20:27:40,875 - INFO -   Epoch [20/237] Loss: 1.6326
2026-04-05 20:27:42,678 - INFO -   Epoch [30/237] Loss: 1.0472
2026-04-05 20:27:44,472 - INFO -   Epoch [40/237] Loss: 1.4825
2026-04-05 20:27:46,267 - INFO -   Epoch [50/237] Loss: 1.1200
2026-04-05 20:27:48,072 - INFO -   Epoch [60/237] Loss: 1.5471
2026-04-05 20:27:49,874 - INFO -   Epoch [70/237] Loss: 1.0506
2026-04-05 20:27:51,674 - INFO -   Epoch [80/237] Loss: 1.4072
2026-04-05 20:27:53,480 - INFO -   Epoch [90/237] Loss: 1.3972
2026-04-05 20:27:55,279 - INFO -   Epoch [100/237] Loss: 1.5645
2026-04-05 20:27:57,076 - INFO -   Epoch [110/237] Loss: 0.9170
2026-04-05 20:27:58,868 - INFO -   Epoch [120/237] Loss: 1.2210
2026-04-05 20:28:00,743 - INFO -   Epoch [130/237] Loss: 1.1173
2026-04-05 20:28:02,542 - INFO -   Epoch [140/237] Loss: 1.1087
2026-04-05 20:28:04,336 - INFO -   Epoch [150/237] Loss: 1.9912
2026-04-05 20:28:06,149 - INFO -   Epoch [160/237] Loss: 1.2117
2026-04-05 20:28:07,992 - INFO -   Epoch [170/237] Loss: 1.0928
2026-04-05 20:28:09,788 - INFO -   Epoch [180/237] Loss: 1.0071
2026-04-05 20:28:11,593 - INFO -   Epoch [190/237] Loss: 1.4544
2026-04-05 20:28:13,396 - INFO -   Epoch [200/237] Loss: 1.0584
2026-04-05 20:28:15,198 - INFO -   Epoch [210/237] Loss: 1.7734
2026-04-05 20:28:16,996 - INFO -   Epoch [220/237] Loss: 1.4608
2026-04-05 20:28:18,792 - INFO -   Epoch [230/237] Loss: 1.2006
2026-04-05 20:28:22,108 - INFO -   Train Loss: 1.3036
2026-04-05 20:28:22,108 - INFO -   Train Accuracy: 47.58%
2026-04-05 20:28:22,108 - INFO -   Val Loss: 1.3225
2026-04-05 20:28:22,109 - INFO -   Val Accuracy: 44.69% | F1: 0.4459
2026-04-05 20:28:22,109 - INFO -   LR: 0.000013
2026-04-05 20:28:22,109 - INFO -   Patience: 16/30
2026-04-05 20:28:22,109 - INFO - 
Epoch 38/300
2026-04-05 20:28:23,904 - INFO -   Epoch [10/237] Loss: 1.4305
2026-04-05 20:28:25,696 - INFO -   Epoch [20/237] Loss: 1.2742
2026-04-05 20:28:27,498 - INFO -   Epoch [30/237] Loss: 1.4463
2026-04-05 20:28:29,303 - INFO -   Epoch [40/237] Loss: 0.9991
2026-04-05 20:28:31,112 - INFO -   Epoch [50/237] Loss: 1.0573
2026-04-05 20:28:32,910 - INFO -   Epoch [60/237] Loss: 0.8359
2026-04-05 20:28:34,710 - INFO -   Epoch [70/237] Loss: 1.6001
2026-04-05 20:28:36,503 - INFO -   Epoch [80/237] Loss: 1.4951
2026-04-05 20:28:38,298 - INFO -   Epoch [90/237] Loss: 1.2848
2026-04-05 20:28:40,110 - INFO -   Epoch [100/237] Loss: 1.1073
2026-04-05 20:28:41,911 - INFO -   Epoch [110/237] Loss: 1.2635
2026-04-05 20:28:43,714 - INFO -   Epoch [120/237] Loss: 1.0856
2026-04-05 20:28:45,508 - INFO -   Epoch [130/237] Loss: 1.2920
2026-04-05 20:28:47,301 - INFO -   Epoch [140/237] Loss: 1.2048
2026-04-05 20:28:49,109 - INFO -   Epoch [150/237] Loss: 0.9874
2026-04-05 20:28:50,914 - INFO -   Epoch [160/237] Loss: 1.7297
2026-04-05 20:28:52,710 - INFO -   Epoch [170/237] Loss: 1.2302
2026-04-05 20:28:54,522 - INFO -   Epoch [180/237] Loss: 2.0030
2026-04-05 20:28:56,330 - INFO -   Epoch [190/237] Loss: 1.2666
2026-04-05 20:28:58,145 - INFO -   Epoch [200/237] Loss: 1.3311
2026-04-05 20:28:59,950 - INFO -   Epoch [210/237] Loss: 1.3368
2026-04-05 20:29:01,759 - INFO -   Epoch [220/237] Loss: 1.2407
2026-04-05 20:29:03,558 - INFO -   Epoch [230/237] Loss: 1.3468
2026-04-05 20:29:06,863 - INFO -   Train Loss: 1.2983
2026-04-05 20:29:06,863 - INFO -   Train Accuracy: 48.61%
2026-04-05 20:29:06,863 - INFO -   Val Loss: 1.3182
2026-04-05 20:29:06,863 - INFO -   Val Accuracy: 45.19% | F1: 0.4498
2026-04-05 20:29:06,863 - INFO -   LR: 0.000013
2026-04-05 20:29:06,864 - INFO -   Patience: 17/30
2026-04-05 20:29:06,864 - INFO - 
Epoch 39/300
2026-04-05 20:29:08,651 - INFO -   Epoch [10/237] Loss: 1.6603
2026-04-05 20:29:10,454 - INFO -   Epoch [20/237] Loss: 1.1360
2026-04-05 20:29:12,249 - INFO -   Epoch [30/237] Loss: 0.9508
2026-04-05 20:29:14,040 - INFO -   Epoch [40/237] Loss: 0.9664
2026-04-05 20:29:15,855 - INFO -   Epoch [50/237] Loss: 1.2992
2026-04-05 20:29:17,662 - INFO -   Epoch [60/237] Loss: 1.3705
2026-04-05 20:29:19,457 - INFO -   Epoch [70/237] Loss: 1.3118
2026-04-05 20:29:21,266 - INFO -   Epoch [80/237] Loss: 0.8732
2026-04-05 20:29:23,061 - INFO -   Epoch [90/237] Loss: 1.1589
2026-04-05 20:29:24,869 - INFO -   Epoch [100/237] Loss: 1.4958
2026-04-05 20:29:26,662 - INFO -   Epoch [110/237] Loss: 1.5364
2026-04-05 20:29:28,460 - INFO -   Epoch [120/237] Loss: 1.3991
2026-04-05 20:29:30,264 - INFO -   Epoch [130/237] Loss: 1.3993
2026-04-05 20:29:32,062 - INFO -   Epoch [140/237] Loss: 1.0258
2026-04-05 20:29:33,864 - INFO -   Epoch [150/237] Loss: 1.2878
2026-04-05 20:29:35,663 - INFO -   Epoch [160/237] Loss: 0.9965
2026-04-05 20:29:37,469 - INFO -   Epoch [170/237] Loss: 1.4438
2026-04-05 20:29:39,273 - INFO -   Epoch [180/237] Loss: 0.9343
2026-04-05 20:29:41,070 - INFO -   Epoch [190/237] Loss: 1.4350
2026-04-05 20:29:42,869 - INFO -   Epoch [200/237] Loss: 1.4344
2026-04-05 20:29:44,672 - INFO -   Epoch [210/237] Loss: 1.1738
2026-04-05 20:29:46,463 - INFO -   Epoch [220/237] Loss: 1.1461
2026-04-05 20:29:48,278 - INFO -   Epoch [230/237] Loss: 1.2817
2026-04-05 20:29:51,604 - INFO -   Train Loss: 1.2914
2026-04-05 20:29:51,604 - INFO -   Train Accuracy: 48.92%
2026-04-05 20:29:51,604 - INFO -   Val Loss: 1.3121
2026-04-05 20:29:51,604 - INFO -   Val Accuracy: 44.69% | F1: 0.4439
2026-04-05 20:29:51,604 - INFO -   LR: 0.000013
2026-04-05 20:29:51,604 - INFO -   Patience: 18/30
2026-04-05 20:29:51,604 - INFO - 
Epoch 40/300
2026-04-05 20:29:53,399 - INFO -   Epoch [10/237] Loss: 0.8880
2026-04-05 20:29:55,199 - INFO -   Epoch [20/237] Loss: 1.0828
2026-04-05 20:29:57,001 - INFO -   Epoch [30/237] Loss: 1.5748
2026-04-05 20:29:58,798 - INFO -   Epoch [40/237] Loss: 1.1457
2026-04-05 20:30:00,609 - INFO -   Epoch [50/237] Loss: 1.4626
2026-04-05 20:30:02,424 - INFO -   Epoch [60/237] Loss: 1.1738
2026-04-05 20:30:04,227 - INFO -   Epoch [70/237] Loss: 1.6673
2026-04-05 20:30:06,026 - INFO -   Epoch [80/237] Loss: 1.7131
2026-04-05 20:30:07,829 - INFO -   Epoch [90/237] Loss: 1.4741
2026-04-05 20:30:09,634 - INFO -   Epoch [100/237] Loss: 1.4920
2026-04-05 20:30:11,436 - INFO -   Epoch [110/237] Loss: 1.3197
2026-04-05 20:30:13,228 - INFO -   Epoch [120/237] Loss: 1.3986
2026-04-05 20:30:15,025 - INFO -   Epoch [130/237] Loss: 1.2683
2026-04-05 20:30:16,830 - INFO -   Epoch [140/237] Loss: 1.7358
2026-04-05 20:30:18,628 - INFO -   Epoch [150/237] Loss: 1.3631
2026-04-05 20:30:20,492 - INFO -   Epoch [160/237] Loss: 1.4497
2026-04-05 20:30:22,316 - INFO -   Epoch [170/237] Loss: 1.1176
2026-04-05 20:30:24,127 - INFO -   Epoch [180/237] Loss: 1.5121
2026-04-05 20:30:25,934 - INFO -   Epoch [190/237] Loss: 1.7379
2026-04-05 20:30:27,727 - INFO -   Epoch [200/237] Loss: 1.8798
2026-04-05 20:30:29,528 - INFO -   Epoch [210/237] Loss: 1.2729
2026-04-05 20:30:31,333 - INFO -   Epoch [220/237] Loss: 1.1364
2026-04-05 20:30:33,135 - INFO -   Epoch [230/237] Loss: 1.2890
2026-04-05 20:30:36,508 - INFO -   Train Loss: 1.2921
2026-04-05 20:30:36,508 - INFO -   Train Accuracy: 47.41%
2026-04-05 20:30:36,508 - INFO -   Val Loss: 1.3136
2026-04-05 20:30:36,508 - INFO -   Val Accuracy: 44.94% | F1: 0.4466
2026-04-05 20:30:36,509 - INFO -   LR: 0.000006
2026-04-05 20:30:36,509 - INFO -   Patience: 19/30
2026-04-05 20:30:36,509 - INFO - 
Epoch 41/300
2026-04-05 20:30:38,318 - INFO -   Epoch [10/237] Loss: 1.1186
2026-04-05 20:30:40,124 - INFO -   Epoch [20/237] Loss: 1.6856
2026-04-05 20:30:41,921 - INFO -   Epoch [30/237] Loss: 1.1869
2026-04-05 20:30:43,726 - INFO -   Epoch [40/237] Loss: 1.6555
2026-04-05 20:30:45,533 - INFO -   Epoch [50/237] Loss: 1.2728
2026-04-05 20:30:47,349 - INFO -   Epoch [60/237] Loss: 1.2332
2026-04-05 20:30:49,162 - INFO -   Epoch [70/237] Loss: 1.5596
2026-04-05 20:30:50,982 - INFO -   Epoch [80/237] Loss: 0.9073
2026-04-05 20:30:52,787 - INFO -   Epoch [90/237] Loss: 1.2987
2026-04-05 20:30:54,592 - INFO -   Epoch [100/237] Loss: 1.2489
2026-04-05 20:30:56,403 - INFO -   Epoch [110/237] Loss: 1.0519
2026-04-05 20:30:58,203 - INFO -   Epoch [120/237] Loss: 1.1550
2026-04-05 20:31:00,005 - INFO -   Epoch [130/237] Loss: 0.9936
2026-04-05 20:31:01,816 - INFO -   Epoch [140/237] Loss: 1.5242
2026-04-05 20:31:03,618 - INFO -   Epoch [150/237] Loss: 1.1453
2026-04-05 20:31:05,423 - INFO -   Epoch [160/237] Loss: 1.3448
2026-04-05 20:31:07,214 - INFO -   Epoch [170/237] Loss: 1.1179
2026-04-05 20:31:09,011 - INFO -   Epoch [180/237] Loss: 1.1248
2026-04-05 20:31:10,810 - INFO -   Epoch [190/237] Loss: 1.6179
2026-04-05 20:31:12,620 - INFO -   Epoch [200/237] Loss: 1.6493
2026-04-05 20:31:14,433 - INFO -   Epoch [210/237] Loss: 1.2134
2026-04-05 20:31:16,265 - INFO -   Epoch [220/237] Loss: 1.2264
2026-04-05 20:31:18,052 - INFO -   Epoch [230/237] Loss: 1.2438
2026-04-05 20:31:21,390 - INFO -   Train Loss: 1.3084
2026-04-05 20:31:21,391 - INFO -   Train Accuracy: 48.75%
2026-04-05 20:31:21,391 - INFO -   Val Loss: 1.3177
2026-04-05 20:31:21,391 - INFO -   Val Accuracy: 44.44% | F1: 0.4420
2026-04-05 20:31:21,391 - INFO -   LR: 0.000006
2026-04-05 20:31:21,391 - INFO -   Patience: 20/30
2026-04-05 20:31:21,391 - INFO - 
Epoch 42/300
2026-04-05 20:31:23,200 - INFO -   Epoch [10/237] Loss: 0.9076
2026-04-05 20:31:25,002 - INFO -   Epoch [20/237] Loss: 1.4355
2026-04-05 20:31:26,822 - INFO -   Epoch [30/237] Loss: 1.0010
2026-04-05 20:31:28,624 - INFO -   Epoch [40/237] Loss: 1.1984
2026-04-05 20:31:30,426 - INFO -   Epoch [50/237] Loss: 1.7076
2026-04-05 20:31:32,225 - INFO -   Epoch [60/237] Loss: 0.7359
2026-04-05 20:31:34,026 - INFO -   Epoch [70/237] Loss: 1.1670
2026-04-05 20:31:35,820 - INFO -   Epoch [80/237] Loss: 1.2145
2026-04-05 20:31:37,630 - INFO -   Epoch [90/237] Loss: 0.9735
2026-04-05 20:31:39,444 - INFO -   Epoch [100/237] Loss: 1.1073
2026-04-05 20:31:41,255 - INFO -   Epoch [110/237] Loss: 1.0205
2026-04-05 20:31:43,067 - INFO -   Epoch [120/237] Loss: 1.3474
2026-04-05 20:31:44,893 - INFO -   Epoch [130/237] Loss: 1.4248
2026-04-05 20:31:46,692 - INFO -   Epoch [140/237] Loss: 1.7437
2026-04-05 20:31:48,480 - INFO -   Epoch [150/237] Loss: 1.5922
2026-04-05 20:31:50,272 - INFO -   Epoch [160/237] Loss: 1.1321
2026-04-05 20:31:52,070 - INFO -   Epoch [170/237] Loss: 1.4446
2026-04-05 20:31:53,865 - INFO -   Epoch [180/237] Loss: 0.9805
2026-04-05 20:31:55,665 - INFO -   Epoch [190/237] Loss: 0.8668
2026-04-05 20:31:57,461 - INFO -   Epoch [200/237] Loss: 1.5715
2026-04-05 20:31:59,261 - INFO -   Epoch [210/237] Loss: 1.2786
2026-04-05 20:32:01,062 - INFO -   Epoch [220/237] Loss: 1.0414
2026-04-05 20:32:02,853 - INFO -   Epoch [230/237] Loss: 1.5867
2026-04-05 20:32:06,241 - INFO -   Train Loss: 1.2929
2026-04-05 20:32:06,241 - INFO -   Train Accuracy: 49.42%
2026-04-05 20:32:06,241 - INFO -   Val Loss: 1.3203
2026-04-05 20:32:06,241 - INFO -   Val Accuracy: 44.20% | F1: 0.4396
2026-04-05 20:32:06,241 - INFO -   LR: 0.000006
2026-04-05 20:32:06,241 - INFO -   Patience: 21/30
2026-04-05 20:32:06,241 - INFO - 
Epoch 43/300
2026-04-05 20:32:08,042 - INFO -   Epoch [10/237] Loss: 0.9559
2026-04-05 20:32:09,846 - INFO -   Epoch [20/237] Loss: 1.6288
2026-04-05 20:32:11,636 - INFO -   Epoch [30/237] Loss: 1.2604
2026-04-05 20:32:13,425 - INFO -   Epoch [40/237] Loss: 1.2326
2026-04-05 20:32:15,236 - INFO -   Epoch [50/237] Loss: 1.3827
2026-04-05 20:32:17,058 - INFO -   Epoch [60/237] Loss: 1.2378
2026-04-05 20:32:18,957 - INFO -   Epoch [70/237] Loss: 1.5470
2026-04-05 20:32:20,765 - INFO -   Epoch [80/237] Loss: 0.8764
2026-04-05 20:32:22,570 - INFO -   Epoch [90/237] Loss: 1.2658
2026-04-05 20:32:24,385 - INFO -   Epoch [100/237] Loss: 1.4531
2026-04-05 20:32:26,197 - INFO -   Epoch [110/237] Loss: 1.4522
2026-04-05 20:32:28,059 - INFO -   Epoch [120/237] Loss: 1.1736
2026-04-05 20:32:29,881 - INFO -   Epoch [130/237] Loss: 1.2687
2026-04-05 20:32:31,701 - INFO -   Epoch [140/237] Loss: 1.0588
2026-04-05 20:32:33,505 - INFO -   Epoch [150/237] Loss: 0.9254
2026-04-05 20:32:35,319 - INFO -   Epoch [160/237] Loss: 1.0128
2026-04-05 20:32:37,115 - INFO -   Epoch [170/237] Loss: 1.4532
2026-04-05 20:32:38,922 - INFO -   Epoch [180/237] Loss: 1.2369
2026-04-05 20:32:40,733 - INFO -   Epoch [190/237] Loss: 1.1476
2026-04-05 20:32:42,532 - INFO -   Epoch [200/237] Loss: 1.2254
2026-04-05 20:32:44,336 - INFO -   Epoch [210/237] Loss: 1.3633
2026-04-05 20:32:46,150 - INFO -   Epoch [220/237] Loss: 1.1164
2026-04-05 20:32:47,962 - INFO -   Epoch [230/237] Loss: 1.5023
2026-04-05 20:32:51,269 - INFO -   Train Loss: 1.2873
2026-04-05 20:32:51,269 - INFO -   Train Accuracy: 48.82%
2026-04-05 20:32:51,269 - INFO -   Val Loss: 1.3216
2026-04-05 20:32:51,269 - INFO -   Val Accuracy: 44.20% | F1: 0.4395
2026-04-05 20:32:51,269 - INFO -   LR: 0.000006
2026-04-05 20:32:51,270 - INFO -   Patience: 22/30
2026-04-05 20:32:51,270 - INFO - 
Epoch 44/300
2026-04-05 20:32:53,082 - INFO -   Epoch [10/237] Loss: 1.4582
2026-04-05 20:32:54,943 - INFO -   Epoch [20/237] Loss: 1.1490
2026-04-05 20:32:56,755 - INFO -   Epoch [30/237] Loss: 1.0512
2026-04-05 20:32:58,573 - INFO -   Epoch [40/237] Loss: 1.2485
2026-04-05 20:33:00,380 - INFO -   Epoch [50/237] Loss: 1.3265
2026-04-05 20:33:02,197 - INFO -   Epoch [60/237] Loss: 1.3354
2026-04-05 20:33:03,995 - INFO -   Epoch [70/237] Loss: 0.9914
2026-04-05 20:33:05,792 - INFO -   Epoch [80/237] Loss: 1.1330
2026-04-05 20:33:07,594 - INFO -   Epoch [90/237] Loss: 1.6581
2026-04-05 20:33:09,384 - INFO -   Epoch [100/237] Loss: 1.4126
2026-04-05 20:33:11,191 - INFO -   Epoch [110/237] Loss: 1.5518
2026-04-05 20:33:12,996 - INFO -   Epoch [120/237] Loss: 1.1241
2026-04-05 20:33:14,787 - INFO -   Epoch [130/237] Loss: 1.4078
2026-04-05 20:33:16,581 - INFO -   Epoch [140/237] Loss: 1.0765
2026-04-05 20:33:18,376 - INFO -   Epoch [150/237] Loss: 1.4985
2026-04-05 20:33:20,176 - INFO -   Epoch [160/237] Loss: 1.1753
2026-04-05 20:33:21,971 - INFO -   Epoch [170/237] Loss: 1.0693
2026-04-05 20:33:23,770 - INFO -   Epoch [180/237] Loss: 1.1065
2026-04-05 20:33:25,567 - INFO -   Epoch [190/237] Loss: 1.5079
2026-04-05 20:33:27,386 - INFO -   Epoch [200/237] Loss: 1.4556
2026-04-05 20:33:29,186 - INFO -   Epoch [210/237] Loss: 1.4787
2026-04-05 20:33:30,988 - INFO -   Epoch [220/237] Loss: 1.3697
2026-04-05 20:33:32,793 - INFO -   Epoch [230/237] Loss: 1.3229
2026-04-05 20:33:36,156 - INFO -   Train Loss: 1.2814
2026-04-05 20:33:36,156 - INFO -   Train Accuracy: 48.71%
2026-04-05 20:33:36,156 - INFO -   Val Loss: 1.3159
2026-04-05 20:33:36,156 - INFO -   Val Accuracy: 44.44% | F1: 0.4414
2026-04-05 20:33:36,156 - INFO -   LR: 0.000006
2026-04-05 20:33:36,156 - INFO -   Patience: 23/30
2026-04-05 20:33:36,156 - INFO - 
Epoch 45/300
2026-04-05 20:33:37,959 - INFO -   Epoch [10/237] Loss: 1.6084
2026-04-05 20:33:39,762 - INFO -   Epoch [20/237] Loss: 0.9731
2026-04-05 20:33:41,559 - INFO -   Epoch [30/237] Loss: 1.5888
2026-04-05 20:33:43,398 - INFO -   Epoch [40/237] Loss: 1.3037
2026-04-05 20:33:45,211 - INFO -   Epoch [50/237] Loss: 0.8629
2026-04-05 20:33:47,021 - INFO -   Epoch [60/237] Loss: 1.3240
2026-04-05 20:33:48,830 - INFO -   Epoch [70/237] Loss: 1.7891
2026-04-05 20:33:50,637 - INFO -   Epoch [80/237] Loss: 1.2001
2026-04-05 20:33:52,433 - INFO -   Epoch [90/237] Loss: 1.1780
2026-04-05 20:33:54,227 - INFO -   Epoch [100/237] Loss: 1.0967
2026-04-05 20:33:56,024 - INFO -   Epoch [110/237] Loss: 1.8419
2026-04-05 20:33:57,822 - INFO -   Epoch [120/237] Loss: 1.2291
2026-04-05 20:33:59,623 - INFO -   Epoch [130/237] Loss: 1.5372
2026-04-05 20:34:01,413 - INFO -   Epoch [140/237] Loss: 1.4670
2026-04-05 20:34:03,212 - INFO -   Epoch [150/237] Loss: 1.1634
2026-04-05 20:34:05,005 - INFO -   Epoch [160/237] Loss: 1.3682
2026-04-05 20:34:06,801 - INFO -   Epoch [170/237] Loss: 1.4800
2026-04-05 20:34:08,596 - INFO -   Epoch [180/237] Loss: 1.2247
2026-04-05 20:34:10,398 - INFO -   Epoch [190/237] Loss: 1.1393
2026-04-05 20:34:12,195 - INFO -   Epoch [200/237] Loss: 1.4192
2026-04-05 20:34:13,983 - INFO -   Epoch [210/237] Loss: 1.2212
2026-04-05 20:34:15,781 - INFO -   Epoch [220/237] Loss: 0.6986
2026-04-05 20:34:17,578 - INFO -   Epoch [230/237] Loss: 1.2107
2026-04-05 20:34:20,900 - INFO -   Train Loss: 1.2874
2026-04-05 20:34:20,900 - INFO -   Train Accuracy: 47.80%
2026-04-05 20:34:20,900 - INFO -   Val Loss: 1.3144
2026-04-05 20:34:20,901 - INFO -   Val Accuracy: 44.69% | F1: 0.4438
2026-04-05 20:34:20,901 - INFO -   LR: 0.000006
2026-04-05 20:34:20,901 - INFO -   Patience: 24/30
2026-04-05 20:34:20,901 - INFO - 
Epoch 46/300
2026-04-05 20:34:22,700 - INFO -   Epoch [10/237] Loss: 1.4656
2026-04-05 20:34:24,490 - INFO -   Epoch [20/237] Loss: 1.3412
2026-04-05 20:34:26,303 - INFO -   Epoch [30/237] Loss: 1.2294
2026-04-05 20:34:28,115 - INFO -   Epoch [40/237] Loss: 1.5606
2026-04-05 20:34:29,934 - INFO -   Epoch [50/237] Loss: 1.4773
2026-04-05 20:34:31,734 - INFO -   Epoch [60/237] Loss: 1.2853
2026-04-05 20:34:33,536 - INFO -   Epoch [70/237] Loss: 1.0026
2026-04-05 20:34:35,335 - INFO -   Epoch [80/237] Loss: 1.1255
2026-04-05 20:34:37,147 - INFO -   Epoch [90/237] Loss: 1.3418
2026-04-05 20:34:38,953 - INFO -   Epoch [100/237] Loss: 1.4130
2026-04-05 20:34:40,753 - INFO -   Epoch [110/237] Loss: 1.4481
2026-04-05 20:34:42,549 - INFO -   Epoch [120/237] Loss: 1.3876
2026-04-05 20:34:44,348 - INFO -   Epoch [130/237] Loss: 1.5780
2026-04-05 20:34:46,146 - INFO -   Epoch [140/237] Loss: 1.0073
2026-04-05 20:34:47,948 - INFO -   Epoch [150/237] Loss: 1.2169
2026-04-05 20:34:49,765 - INFO -   Epoch [160/237] Loss: 1.6565
2026-04-05 20:34:51,558 - INFO -   Epoch [170/237] Loss: 1.0164
2026-04-05 20:34:53,357 - INFO -   Epoch [180/237] Loss: 1.3729
2026-04-05 20:34:55,147 - INFO -   Epoch [190/237] Loss: 1.0468
2026-04-05 20:34:56,953 - INFO -   Epoch [200/237] Loss: 1.2628
2026-04-05 20:34:58,752 - INFO -   Epoch [210/237] Loss: 1.3883
2026-04-05 20:35:00,547 - INFO -   Epoch [220/237] Loss: 1.6759
2026-04-05 20:35:02,353 - INFO -   Epoch [230/237] Loss: 1.3982
2026-04-05 20:35:05,712 - INFO -   Train Loss: 1.3065
2026-04-05 20:35:05,712 - INFO -   Train Accuracy: 47.48%
2026-04-05 20:35:05,712 - INFO -   Val Loss: 1.3142
2026-04-05 20:35:05,712 - INFO -   Val Accuracy: 44.44% | F1: 0.4413
2026-04-05 20:35:05,712 - INFO -   LR: 0.000003
2026-04-05 20:35:05,712 - INFO -   Patience: 25/30
2026-04-05 20:35:05,712 - INFO - 
Epoch 47/300
2026-04-05 20:35:07,512 - INFO -   Epoch [10/237] Loss: 1.3762
2026-04-05 20:35:09,308 - INFO -   Epoch [20/237] Loss: 1.4218
2026-04-05 20:35:11,120 - INFO -   Epoch [30/237] Loss: 1.0911
2026-04-05 20:35:12,913 - INFO -   Epoch [40/237] Loss: 1.5360
2026-04-05 20:35:14,725 - INFO -   Epoch [50/237] Loss: 1.8349
2026-04-05 20:35:16,537 - INFO -   Epoch [60/237] Loss: 1.2530
2026-04-05 20:35:18,344 - INFO -   Epoch [70/237] Loss: 1.3015
2026-04-05 20:35:20,158 - INFO -   Epoch [80/237] Loss: 1.4089
2026-04-05 20:35:21,960 - INFO -   Epoch [90/237] Loss: 1.2349
2026-04-05 20:35:23,759 - INFO -   Epoch [100/237] Loss: 1.3939
2026-04-05 20:35:25,561 - INFO -   Epoch [110/237] Loss: 1.6348
2026-04-05 20:35:27,367 - INFO -   Epoch [120/237] Loss: 1.0157
2026-04-05 20:35:29,178 - INFO -   Epoch [130/237] Loss: 1.1841
2026-04-05 20:35:31,000 - INFO -   Epoch [140/237] Loss: 1.2204
2026-04-05 20:35:32,815 - INFO -   Epoch [150/237] Loss: 1.2707
2026-04-05 20:35:34,630 - INFO -   Epoch [160/237] Loss: 1.2585
2026-04-05 20:35:36,434 - INFO -   Epoch [170/237] Loss: 1.7859
2026-04-05 20:35:38,233 - INFO -   Epoch [180/237] Loss: 1.1043
2026-04-05 20:35:40,037 - INFO -   Epoch [190/237] Loss: 1.1716
2026-04-05 20:35:41,836 - INFO -   Epoch [200/237] Loss: 1.1832
2026-04-05 20:35:43,633 - INFO -   Epoch [210/237] Loss: 1.7504
2026-04-05 20:35:45,445 - INFO -   Epoch [220/237] Loss: 1.3816
2026-04-05 20:35:47,246 - INFO -   Epoch [230/237] Loss: 1.1905
2026-04-05 20:35:50,577 - INFO -   Train Loss: 1.3008
2026-04-05 20:35:50,577 - INFO -   Train Accuracy: 48.15%
2026-04-05 20:35:50,577 - INFO -   Val Loss: 1.3162
2026-04-05 20:35:50,577 - INFO -   Val Accuracy: 44.20% | F1: 0.4392
2026-04-05 20:35:50,577 - INFO -   LR: 0.000003
2026-04-05 20:35:50,577 - INFO -   Patience: 26/30
2026-04-05 20:35:50,577 - INFO - 
Epoch 48/300
2026-04-05 20:35:52,384 - INFO -   Epoch [10/237] Loss: 1.3563
2026-04-05 20:35:54,200 - INFO -   Epoch [20/237] Loss: 1.3491
2026-04-05 20:35:55,996 - INFO -   Epoch [30/237] Loss: 1.5596
2026-04-05 20:35:57,793 - INFO -   Epoch [40/237] Loss: 1.5072
2026-04-05 20:35:59,582 - INFO -   Epoch [50/237] Loss: 1.0070
2026-04-05 20:36:01,387 - INFO -   Epoch [60/237] Loss: 1.3517
2026-04-05 20:36:03,184 - INFO -   Epoch [70/237] Loss: 1.8948
2026-04-05 20:36:04,982 - INFO -   Epoch [80/237] Loss: 1.0728
2026-04-05 20:36:06,778 - INFO -   Epoch [90/237] Loss: 1.7384
2026-04-05 20:36:08,568 - INFO -   Epoch [100/237] Loss: 1.1016
2026-04-05 20:36:10,369 - INFO -   Epoch [110/237] Loss: 1.3691
2026-04-05 20:36:12,176 - INFO -   Epoch [120/237] Loss: 1.2878
2026-04-05 20:36:13,968 - INFO -   Epoch [130/237] Loss: 0.9308
2026-04-05 20:36:15,760 - INFO -   Epoch [140/237] Loss: 1.3440
2026-04-05 20:36:17,553 - INFO -   Epoch [150/237] Loss: 1.2328
2026-04-05 20:36:19,349 - INFO -   Epoch [160/237] Loss: 1.2006
2026-04-05 20:36:21,159 - INFO -   Epoch [170/237] Loss: 1.5640
2026-04-05 20:36:22,974 - INFO -   Epoch [180/237] Loss: 1.1809
2026-04-05 20:36:24,773 - INFO -   Epoch [190/237] Loss: 1.8648
2026-04-05 20:36:26,577 - INFO -   Epoch [200/237] Loss: 2.0997
2026-04-05 20:36:28,391 - INFO -   Epoch [210/237] Loss: 0.9383
2026-04-05 20:36:30,192 - INFO -   Epoch [220/237] Loss: 0.8084
2026-04-05 20:36:31,986 - INFO -   Epoch [230/237] Loss: 0.8687
2026-04-05 20:36:35,369 - INFO -   Train Loss: 1.3014
2026-04-05 20:36:35,369 - INFO -   Train Accuracy: 49.03%
2026-04-05 20:36:35,369 - INFO -   Val Loss: 1.3171
2026-04-05 20:36:35,369 - INFO -   Val Accuracy: 44.20% | F1: 0.4392
2026-04-05 20:36:35,369 - INFO -   LR: 0.000003
2026-04-05 20:36:35,369 - INFO -   Patience: 27/30
2026-04-05 20:36:35,369 - INFO - 
Epoch 49/300
2026-04-05 20:36:37,183 - INFO -   Epoch [10/237] Loss: 1.1828
2026-04-05 20:36:39,013 - INFO -   Epoch [20/237] Loss: 1.0157
2026-04-05 20:36:40,812 - INFO -   Epoch [30/237] Loss: 1.4276
2026-04-05 20:36:42,623 - INFO -   Epoch [40/237] Loss: 1.0961
2026-04-05 20:36:44,431 - INFO -   Epoch [50/237] Loss: 1.2652
2026-04-05 20:36:46,249 - INFO -   Epoch [60/237] Loss: 0.7808
2026-04-05 20:36:48,049 - INFO -   Epoch [70/237] Loss: 1.2576
2026-04-05 20:36:49,849 - INFO -   Epoch [80/237] Loss: 1.7850
2026-04-05 20:36:51,649 - INFO -   Epoch [90/237] Loss: 1.1890
2026-04-05 20:36:53,447 - INFO -   Epoch [100/237] Loss: 1.0464
2026-04-05 20:36:55,239 - INFO -   Epoch [110/237] Loss: 1.2736
2026-04-05 20:36:57,035 - INFO -   Epoch [120/237] Loss: 1.1690
2026-04-05 20:36:58,832 - INFO -   Epoch [130/237] Loss: 1.7184
2026-04-05 20:37:00,634 - INFO -   Epoch [140/237] Loss: 1.5436
2026-04-05 20:37:02,447 - INFO -   Epoch [150/237] Loss: 1.2588
2026-04-05 20:37:04,274 - INFO -   Epoch [160/237] Loss: 1.0218
2026-04-05 20:37:06,077 - INFO -   Epoch [170/237] Loss: 1.2356
2026-04-05 20:37:07,890 - INFO -   Epoch [180/237] Loss: 1.3111
2026-04-05 20:37:09,694 - INFO -   Epoch [190/237] Loss: 1.1579
2026-04-05 20:37:11,492 - INFO -   Epoch [200/237] Loss: 1.0322
2026-04-05 20:37:13,288 - INFO -   Epoch [210/237] Loss: 1.4215
2026-04-05 20:37:15,080 - INFO -   Epoch [220/237] Loss: 0.9132
2026-04-05 20:37:16,885 - INFO -   Epoch [230/237] Loss: 1.0923
2026-04-05 20:37:20,191 - INFO -   Train Loss: 1.2808
2026-04-05 20:37:20,191 - INFO -   Train Accuracy: 49.07%
2026-04-05 20:37:20,191 - INFO -   Val Loss: 1.3171
2026-04-05 20:37:20,191 - INFO -   Val Accuracy: 44.44% | F1: 0.4416
2026-04-05 20:37:20,191 - INFO -   LR: 0.000003
2026-04-05 20:37:20,191 - INFO -   Patience: 28/30
2026-04-05 20:37:20,191 - INFO - 
Epoch 50/300
2026-04-05 20:37:21,988 - INFO -   Epoch [10/237] Loss: 1.1579
2026-04-05 20:37:23,799 - INFO -   Epoch [20/237] Loss: 0.7536
2026-04-05 20:37:25,599 - INFO -   Epoch [30/237] Loss: 1.2538
2026-04-05 20:37:27,403 - INFO -   Epoch [40/237] Loss: 1.4973
2026-04-05 20:37:29,216 - INFO -   Epoch [50/237] Loss: 1.2240
2026-04-05 20:37:31,029 - INFO -   Epoch [60/237] Loss: 1.0170
2026-04-05 20:37:32,831 - INFO -   Epoch [70/237] Loss: 1.0675
2026-04-05 20:37:34,634 - INFO -   Epoch [80/237] Loss: 1.3196
2026-04-05 20:37:36,436 - INFO -   Epoch [90/237] Loss: 1.7686
2026-04-05 20:37:38,242 - INFO -   Epoch [100/237] Loss: 1.2166
2026-04-05 20:37:40,038 - INFO -   Epoch [110/237] Loss: 1.1478
2026-04-05 20:37:41,837 - INFO -   Epoch [120/237] Loss: 1.3246
2026-04-05 20:37:43,637 - INFO -   Epoch [130/237] Loss: 1.1722
2026-04-05 20:37:45,429 - INFO -   Epoch [140/237] Loss: 1.3598
2026-04-05 20:37:47,217 - INFO -   Epoch [150/237] Loss: 1.1312
2026-04-05 20:37:49,008 - INFO -   Epoch [160/237] Loss: 1.5173
2026-04-05 20:37:50,798 - INFO -   Epoch [170/237] Loss: 1.0810
2026-04-05 20:37:52,596 - INFO -   Epoch [180/237] Loss: 1.2144
2026-04-05 20:37:54,396 - INFO -   Epoch [190/237] Loss: 1.3635
2026-04-05 20:37:56,207 - INFO -   Epoch [200/237] Loss: 1.1356
2026-04-05 20:37:58,008 - INFO -   Epoch [210/237] Loss: 1.4492
2026-04-05 20:37:59,811 - INFO -   Epoch [220/237] Loss: 1.0987
2026-04-05 20:38:01,611 - INFO -   Epoch [230/237] Loss: 1.2543
2026-04-05 20:38:04,963 - INFO -   Train Loss: 1.2780
2026-04-05 20:38:04,963 - INFO -   Train Accuracy: 48.22%
2026-04-05 20:38:04,963 - INFO -   Val Loss: 1.3163
2026-04-05 20:38:04,963 - INFO -   Val Accuracy: 44.20% | F1: 0.4394
2026-04-05 20:38:04,963 - INFO -   LR: 0.000003
2026-04-05 20:38:04,963 - INFO -   Patience: 29/30
2026-04-05 20:38:04,963 - INFO - 
Epoch 51/300
2026-04-05 20:38:06,768 - INFO -   Epoch [10/237] Loss: 1.4907
2026-04-05 20:38:08,566 - INFO -   Epoch [20/237] Loss: 1.1035
2026-04-05 20:38:10,357 - INFO -   Epoch [30/237] Loss: 1.3277
2026-04-05 20:38:12,166 - INFO -   Epoch [40/237] Loss: 0.8565
2026-04-05 20:38:13,971 - INFO -   Epoch [50/237] Loss: 1.2712
2026-04-05 20:38:15,788 - INFO -   Epoch [60/237] Loss: 1.1378
2026-04-05 20:38:17,607 - INFO -   Epoch [70/237] Loss: 1.2829
2026-04-05 20:38:19,400 - INFO -   Epoch [80/237] Loss: 1.0749
2026-04-05 20:38:21,197 - INFO -   Epoch [90/237] Loss: 1.2172
2026-04-05 20:38:22,999 - INFO -   Epoch [100/237] Loss: 1.1773
2026-04-05 20:38:24,794 - INFO -   Epoch [110/237] Loss: 1.0009
2026-04-05 20:38:26,586 - INFO -   Epoch [120/237] Loss: 1.1736
2026-04-05 20:38:28,398 - INFO -   Epoch [130/237] Loss: 0.9733
2026-04-05 20:38:30,211 - INFO -   Epoch [140/237] Loss: 1.3937
2026-04-05 20:38:32,020 - INFO -   Epoch [150/237] Loss: 1.1172
2026-04-05 20:38:33,833 - INFO -   Epoch [160/237] Loss: 1.2662
2026-04-05 20:38:35,656 - INFO -   Epoch [170/237] Loss: 1.4474
2026-04-05 20:38:37,472 - INFO -   Epoch [180/237] Loss: 1.5515
2026-04-05 20:38:39,291 - INFO -   Epoch [190/237] Loss: 1.0798
2026-04-05 20:38:41,083 - INFO -   Epoch [200/237] Loss: 0.9481
2026-04-05 20:38:42,886 - INFO -   Epoch [210/237] Loss: 1.5907
2026-04-05 20:38:44,686 - INFO -   Epoch [220/237] Loss: 0.9869
2026-04-05 20:38:46,483 - INFO -   Epoch [230/237] Loss: 0.9339
2026-04-05 20:38:49,820 - INFO -   Train Loss: 1.2835
2026-04-05 20:38:49,820 - INFO -   Train Accuracy: 49.42%
2026-04-05 20:38:49,820 - INFO -   Val Loss: 1.3155
2026-04-05 20:38:49,820 - INFO -   Val Accuracy: 44.44% | F1: 0.4418
2026-04-05 20:38:49,820 - INFO -   LR: 0.000003
2026-04-05 20:38:49,820 - INFO -   Patience: 30/30
2026-04-05 20:38:49,820 - INFO - 
✓ Early stopping at epoch 51
2026-04-05 20:38:49,820 - INFO - 
✓ Training completed!
2026-04-05 20:38:49,821 - INFO -   Best Accuracy: 47.16%
2026-04-05 20:38:49,821 - INFO - 
================================================================================
2026-04-05 20:38:49,821 - INFO - Step 7: Testing
2026-04-05 20:38:49,821 - INFO - ================================================================================
/workspace/Graph_Deep_Learning/20251001-PRD_18-21-24-mobility_change_pattern/analysis/PRD-Mobility-Change-Pattern/train_multiscale_temporal.py:930: FutureWarning: You are using `torch.load` with `weights_only=False` (the current default value), which uses the default pickle module implicitly. It is possible to construct malicious pickle data which will execute arbitrary code during unpickling (See https://github.com/pytorch/pytorch/blob/main/SECURITY.md#untrusted-models for more details). In a future release, the default value for `weights_only` will be flipped to `True`. This limits the functions that could be executed during unpickling. Arbitrary objects will no longer be allowed to be loaded via this mode unless they are explicitly allowlisted by the user via `torch.serialization.add_safe_globals`. We recommend you start setting `weights_only=True` for any use case where you don't have full control of the loaded file. Please open an issue on GitHub for any issues related to this experimental feature.
  checkpoint = torch.load(f"{output_dir}/models/best_model.pth")
2026-04-05 20:38:49,903 - INFO - ✓ Loaded best model from epoch 21
2026-04-05 20:38:54,051 - INFO - 
Test Results:
2026-04-05 20:38:54,051 - INFO -   - Accuracy: 48.27%
2026-04-05 20:38:54,051 - INFO -   - F1 Score: 0.4821
2026-04-05 20:38:54,053 - INFO -   - Kappa: 0.4178
2026-04-05 20:38:54,062 - INFO - 
✓ All results saved to outputs/multiscale_temporal_20260405_200002_labels_sgh_entropy_0.05_per_450_comparison_B1_lstm/metrics/
2026-04-05 20:38:54,062 - INFO -   - test_results.json
2026-04-05 20:38:54,062 - INFO -   - classification_report.txt
2026-04-05 20:38:54,062 - INFO -   - confusion_matrix.npy
2026-04-05 20:38:54,063 - INFO - 
================================================================================
2026-04-05 20:38:54,063 - INFO - Training Time Statistics
2026-04-05 20:38:54,063 - INFO - ================================================================================
2026-04-05 20:38:54,063 - INFO - Start time:    2026-04-05 20:00:02
2026-04-05 20:38:54,063 - INFO - End time:      2026-04-05 20:38:54
2026-04-05 20:38:54,063 - INFO - Total time:    00:38:51 (2331.46 seconds)
2026-04-05 20:38:54,063 - INFO -                (38.86 minutes, 0.65 hours)
2026-04-05 20:38:54,063 - INFO - ================================================================================
2026-04-05 20:38:54,063 - INFO - ✓ Timing info saved to outputs/multiscale_temporal_20260405_200002_labels_sgh_entropy_0.05_per_450_comparison_B1_lstm/metrics/timing_info.json
2026-04-05 20:38:54,063 - INFO - ================================================================================
[LapPE] Loading from cache: outputs/.laplacian_pe_cache/lpe_n65049_k8_topk20x20.pt
[LapPE] Loaded: torch.Size([65049, 8])
