2026-04-05 15:42:27,809 - INFO - ================================================================================
2026-04-05 15:42:27,809 - INFO - Multi-Scale Temporal Branch Training
2026-04-05 15:42:27,809 - INFO - ================================================================================
2026-04-05 15:42:27,809 - INFO - Training started at: 2026-04-05 15:42:27
2026-04-05 15:42:27,810 - INFO - 
Improvement: Multi-Scale Temporal Branch (hourly + daily + weekly)
2026-04-05 15:42:27,810 - INFO - Dataset: data/labels_sgh_entropy_0.05_per_450.csv with flow threshold 0.0 and 168 time steps
2026-04-05 15:42:27,810 - INFO - Runtime overrides | spatial_model=GINE, samples_per_class=None, epochs=300, batch_size=12, lr=0.0001, grad_accum=4, early_stop=30, use_cache=True
2026-04-05 15:42:27,810 - INFO - Temporal override | temporal_model=TRANSFORMER
2026-04-05 15:42:27,810 - INFO - Temporal layer override | layers=3
2026-04-05 15:42:27,810 - INFO - Graph overrides | topk_out=20, topk_in=20, topk_enabled=True
2026-04-05 15:42:27,810 - INFO - Graph temporal mode | mode=static
2026-04-05 15:42:27,810 - INFO - Seed override | random_seed=202
2026-04-05 15:42:27,810 - INFO - Spatial node feature mode | mode=raw_temporal_mean
2026-04-05 15:42:27,810 - INFO - GINE edge feature mode | mode=flow_distance_direction
2026-04-05 15:42:27,810 - INFO - Temporal feature mode | mode=inflow_outflow
2026-04-05 15:42:27,810 - INFO - Split manifest | load=None, export=None
2026-04-05 15:42:27,810 - INFO - Branch ablation mode | mode=full
2026-04-05 15:42:27,810 - INFO - Fusion ablation mode | mode=gated
2026-04-05 15:42:27,810 - INFO - 
Output directory: outputs/multiscale_temporal_20260405_154227_labels_sgh_entropy_0.05_per_450_ablation_A1a_gine2l
2026-04-05 15:42:27,810 - INFO - Log file: outputs/multiscale_temporal_20260405_154227_labels_sgh_entropy_0.05_per_450_ablation_A1a_gine2l/training.log
2026-04-05 15:42:27,810 - INFO - 
================================================================================
2026-04-05 15:42:27,810 - INFO - Step 1: Loading data
2026-04-05 15:42:27,810 - INFO - ================================================================================
2026-04-05 15:42:27,812 - INFO - ================================================================================
2026-04-05 15:42:27,812 - INFO - Dual-Year Experiment Data Preparation
2026-04-05 15:42:27,812 - INFO - ================================================================================
2026-04-05 15:42:27,812 - INFO - Label file: data/labels_sgh_entropy_0.05_per_450.csv
2026-04-05 15:42:27,812 - INFO - Samples per class: ALL
2026-04-05 15:42:27,812 - INFO - 
2026-04-05 15:42:27,812 - INFO - Loading grid metadata...
2026-04-05 15:42:27,812 - INFO - Loading grid metadata from data/grid_metadata/sgh_grid_metadata.csv
2026-04-05 15:42:27,875 - INFO - Loaded 65049 valid grid cells
2026-04-05 15:42:27,881 - INFO - ================================================================================
2026-04-05 15:42:27,881 - INFO - Loading Feature Cache (Level-1)
2026-04-05 15:42:27,881 - INFO - ================================================================================
2026-04-05 15:42:27,881 - INFO - Feature cache file: data/cache/features/dual_year_features_cb92786c4c45.pkl
/opt/conda/lib/python3.11/site-packages/torch/storage.py:414: FutureWarning: You are using `torch.load` with `weights_only=False` (the current default value), which uses the default pickle module implicitly. It is possible to construct malicious pickle data which will execute arbitrary code during unpickling (See https://github.com/pytorch/pytorch/blob/main/SECURITY.md#untrusted-models for more details). In a future release, the default value for `weights_only` will be flipped to `True`. This limits the functions that could be executed during unpickling. Arbitrary objects will no longer be allowed to be loaded via this mode unless they are explicitly allowlisted by the user via `torch.serialization.add_safe_globals`. We recommend you start setting `weights_only=True` for any use case where you don't have full control of the loaded file. Please open an issue on GitHub for any issues related to this experimental feature.
  return torch.load(io.BytesIO(b))
2026-04-05 15:42:27,944 - INFO - ✓ Feature cache hit
2026-04-05 15:42:27,944 - INFO -   - Total labeled grids: 4050
2026-04-05 15:42:27,944 - INFO - Building/loading spatial graphs...
2026-04-05 15:42:27,944 - INFO - CRITICAL FIX: Using GLOBAL metadata (all 65049 grids)
2026-04-05 15:42:28,047 - INFO - ================================================================================
2026-04-05 15:42:28,048 - INFO - Loading Graph Cache (Level-2 variant)
2026-04-05 15:42:28,048 - INFO - ================================================================================
2026-04-05 15:42:28,048 - INFO - Graph cache file: data/cache/graphs/dual_year_graph_variant_0e1f7f20f21e.pkl
2026-04-05 15:42:28,105 - INFO - ✓ Graph variant cache hit
2026-04-05 15:42:28,105 - INFO - 
✓ CRITICAL FIX APPLIED:
2026-04-05 15:42:28,105 - INFO -   - Global graph nodes: 65049 (from 65049 metadata)
2026-04-05 15:42:28,105 - INFO -   - Labeled nodes for training: 4050
2026-04-05 15:42:28,105 - INFO -   - Unlabeled nodes in graph: 60999
2026-04-05 15:42:28,105 - INFO -   - Graph temporal mode: static
2026-04-05 15:42:28,105 - INFO -   - Graph edge feature mode: flow_distance_direction
2026-04-05 15:42:28,105 - INFO -   - Graph snapshots per year: 1
2026-04-05 15:42:28,105 - INFO -   - Graph 2021 edges (snapshot0): 1034676
2026-04-05 15:42:28,106 - INFO -   - Graph 2024 edges (snapshot0): 1179275
2026-04-05 15:42:28,106 - INFO - 
Architecture:
2026-04-05 15:42:28,106 - INFO -   - Temporal Branch (LSTM): Uses 4050 labeled nodes with (168, 2) features
2026-04-05 15:42:28,106 - INFO -   - Spatial Branch (GCN/SAGE): Uses 65049 nodes with all-1 features
2026-04-05 15:42:28,106 - INFO -   - Feature dimension per labeled node: (168, 4)
2026-04-05 15:42:28,106 - INFO - 
Two-level cache summary:
2026-04-05 15:42:28,106 - INFO -   - Feature cache: data/cache/features/dual_year_features_cb92786c4c45.pkl
2026-04-05 15:42:28,106 - INFO -   - Graph base cache: data/cache/graphs/dual_year_graph_base_d4d046bfdc14.pkl
2026-04-05 15:42:28,106 - INFO -   - Graph variant cache: data/cache/graphs/dual_year_graph_variant_0e1f7f20f21e.pkl
2026-04-05 15:42:28,113 - INFO - ✓ Data loaded successfully
2026-04-05 15:42:28,114 - INFO -   - Total grids: 4050
2026-04-05 15:42:28,114 - INFO -   - Feature shape: (168, 4)
2026-04-05 15:42:28,114 - INFO -   - Graph 2021 edges: 1034676
2026-04-05 15:42:28,114 - INFO -   - Graph 2024 edges: 1179275
2026-04-05 15:42:28,114 - INFO -   - Graph edge feature mode: flow_distance_direction
2026-04-05 15:42:28,114 - INFO - 
================================================================================
2026-04-05 15:42:28,114 - INFO - Step 2: Preparing temporal features
2026-04-05 15:42:28,114 - INFO - ================================================================================
2026-04-05 15:42:28,155 - INFO - ✓ Temporal features prepared
2026-04-05 15:42:28,155 - INFO - 
================================================================================
2026-04-05 15:42:28,155 - INFO - Step 3: Creating dataset
2026-04-05 15:42:28,155 - INFO - ================================================================================
2026-04-05 15:42:28,155 - INFO - ✓ Dataset created: 4050 samples
2026-04-05 15:42:28,159 - INFO -   - Split Source: seeded_random_split
2026-04-05 15:42:28,159 - INFO -   - Wrote Split Manifest: outputs/multiscale_temporal_20260405_154227_labels_sgh_entropy_0.05_per_450_ablation_A1a_gine2l/metrics/split_manifest.json
2026-04-05 15:42:28,159 - INFO -   - Train: 2835 samples
2026-04-05 15:42:28,159 - INFO -   - Val: 405 samples
2026-04-05 15:42:28,159 - INFO -   - Test: 810 samples
2026-04-05 15:42:28,463 - INFO - ✓ Data loaders created
2026-04-05 15:42:28,463 - INFO - 
================================================================================
2026-04-05 15:42:28,463 - INFO - Step 4: Creating Enhanced Model
2026-04-05 15:42:28,463 - INFO - ================================================================================
2026-04-05 15:42:28,463 - INFO - Using device: cuda
2026-04-05 15:42:28,463 - INFO - Spatial model: GINE
2026-04-05 15:42:28,463 - INFO - Temporal model: TRANSFORMER
2026-04-05 15:42:30,533 - INFO -   - Registered spatial coordinates for GINE node features (torch.Size([65049, 2]))
2026-04-05 15:42:30,782 - INFO - ✓ Enhanced model created
2026-04-05 15:42:30,782 - INFO -   - Total parameters: 4,809,997
2026-04-05 15:42:30,782 - INFO -   - Trainable parameters: 4,809,997
2026-04-05 15:42:30,782 - INFO -   - Multi-scale temporal: Hourly + Daily + Weekly
2026-04-05 15:42:30,782 - INFO -   - Temporal branch model: TRANSFORMER
2026-04-05 15:42:30,782 - INFO -   - Spatial branch: GINE
2026-04-05 15:42:30,782 - INFO -   - Laplacian PE dimension: 8
2026-04-05 15:42:30,782 - INFO -   - Branch ablation mode: full
2026-04-05 15:42:30,782 - INFO -   - Fusion ablation mode: gated
2026-04-05 15:42:30,782 - INFO - 
================================================================================
2026-04-05 15:42:30,782 - INFO - Step 5: Setting up training
2026-04-05 15:42:30,782 - INFO - ================================================================================
/opt/conda/lib/python3.11/site-packages/torch/optim/lr_scheduler.py:60: UserWarning: The verbose parameter is deprecated. Please use get_last_lr() to access the learning rate.
  warnings.warn(
2026-04-05 15:42:30,784 - INFO - ✓ Training setup complete
2026-04-05 15:42:30,785 - INFO -   - Optimizer: Adam (lr=0.0001, wd=0.001)
2026-04-05 15:42:30,785 - INFO -   - Scheduler: ReduceLROnPlateau (patience=5, factor=0.5)
2026-04-05 15:42:30,785 - INFO -   - Loss: Weighted CrossEntropy
2026-04-05 15:42:30,785 - INFO - 
================================================================================
2026-04-05 15:42:30,785 - INFO - Step 6: Training
2026-04-05 15:42:30,785 - INFO - ================================================================================
2026-04-05 15:42:30,785 - INFO - 
Epoch 1/300
/workspace/Graph_Deep_Learning/20251001-PRD_18-21-24-mobility_change_pattern/analysis/PRD-Mobility-Change-Pattern/src/models/enhanced_dual_branch_model.py:512: FutureWarning: You are using `torch.load` with `weights_only=False` (the current default value), which uses the default pickle module implicitly. It is possible to construct malicious pickle data which will execute arbitrary code during unpickling (See https://github.com/pytorch/pytorch/blob/main/SECURITY.md#untrusted-models for more details). In a future release, the default value for `weights_only` will be flipped to `True`. This limits the functions that could be executed during unpickling. Arbitrary objects will no longer be allowed to be loaded via this mode unless they are explicitly allowlisted by the user via `torch.serialization.add_safe_globals`. We recommend you start setting `weights_only=True` for any use case where you don't have full control of the loaded file. Please open an issue on GitHub for any issues related to this experimental feature.
  cached = torch.load(cache_path, map_location='cpu')
2026-04-05 15:42:32,584 - INFO -   Epoch [10/237] Loss: 2.1504
2026-04-05 15:42:33,810 - INFO -   Epoch [20/237] Loss: 2.1506
2026-04-05 15:42:35,029 - INFO -   Epoch [30/237] Loss: 2.1286
2026-04-05 15:42:36,286 - INFO -   Epoch [40/237] Loss: 2.1832
2026-04-05 15:42:37,599 - INFO -   Epoch [50/237] Loss: 1.8832
2026-04-05 15:42:38,828 - INFO -   Epoch [60/237] Loss: 2.0950
2026-04-05 15:42:40,045 - INFO -   Epoch [70/237] Loss: 2.2064
2026-04-05 15:42:41,268 - INFO -   Epoch [80/237] Loss: 2.0562
2026-04-05 15:42:42,502 - INFO -   Epoch [90/237] Loss: 2.0278
2026-04-05 15:42:43,768 - INFO -   Epoch [100/237] Loss: 2.1083
2026-04-05 15:42:45,049 - INFO -   Epoch [110/237] Loss: 2.0108
2026-04-05 15:42:46,277 - INFO -   Epoch [120/237] Loss: 1.8606
2026-04-05 15:42:47,545 - INFO -   Epoch [130/237] Loss: 2.1544
2026-04-05 15:42:48,779 - INFO -   Epoch [140/237] Loss: 1.7185
2026-04-05 15:42:50,011 - INFO -   Epoch [150/237] Loss: 1.8576
2026-04-05 15:42:51,250 - INFO -   Epoch [160/237] Loss: 2.0483
2026-04-05 15:42:52,490 - INFO -   Epoch [170/237] Loss: 2.0266
2026-04-05 15:42:53,719 - INFO -   Epoch [180/237] Loss: 1.7416
2026-04-05 15:42:54,953 - INFO -   Epoch [190/237] Loss: 1.6796
2026-04-05 15:42:56,169 - INFO -   Epoch [200/237] Loss: 1.9181
2026-04-05 15:42:57,389 - INFO -   Epoch [210/237] Loss: 2.0399
2026-04-05 15:42:58,615 - INFO -   Epoch [220/237] Loss: 1.9758
2026-04-05 15:42:59,846 - INFO -   Epoch [230/237] Loss: 1.8469
2026-04-05 15:43:02,397 - INFO -   Train Loss: 1.9759
2026-04-05 15:43:02,397 - INFO -   Train Accuracy: 25.50%
2026-04-05 15:43:02,398 - INFO -   Val Loss: 1.7063
2026-04-05 15:43:02,398 - INFO -   Val Accuracy: 33.58% | F1: 0.2689
2026-04-05 15:43:02,398 - INFO -   LR: 0.000100
2026-04-05 15:43:02,491 - INFO -   ✓ New best model saved! (Acc: 33.58%)
2026-04-05 15:43:02,492 - INFO -   Patience: 0/30
2026-04-05 15:43:02,492 - INFO - 
Epoch 2/300
2026-04-05 15:43:03,706 - INFO -   Epoch [10/237] Loss: 2.0299
2026-04-05 15:43:04,931 - INFO -   Epoch [20/237] Loss: 1.9430
2026-04-05 15:43:06,152 - INFO -   Epoch [30/237] Loss: 1.9290
2026-04-05 15:43:07,375 - INFO -   Epoch [40/237] Loss: 1.7695
2026-04-05 15:43:08,601 - INFO -   Epoch [50/237] Loss: 2.0234
2026-04-05 15:43:09,840 - INFO -   Epoch [60/237] Loss: 1.7385
2026-04-05 15:43:11,130 - INFO -   Epoch [70/237] Loss: 1.6771
2026-04-05 15:43:12,396 - INFO -   Epoch [80/237] Loss: 1.9723
2026-04-05 15:43:13,631 - INFO -   Epoch [90/237] Loss: 1.5495
2026-04-05 15:43:14,858 - INFO -   Epoch [100/237] Loss: 1.9048
2026-04-05 15:43:16,081 - INFO -   Epoch [110/237] Loss: 2.0040
2026-04-05 15:43:17,295 - INFO -   Epoch [120/237] Loss: 1.7024
2026-04-05 15:43:18,516 - INFO -   Epoch [130/237] Loss: 1.5173
2026-04-05 15:43:19,755 - INFO -   Epoch [140/237] Loss: 2.1698
2026-04-05 15:43:21,006 - INFO -   Epoch [150/237] Loss: 1.6873
2026-04-05 15:43:22,332 - INFO -   Epoch [160/237] Loss: 1.4119
2026-04-05 15:43:23,597 - INFO -   Epoch [170/237] Loss: 1.3382
2026-04-05 15:43:24,832 - INFO -   Epoch [180/237] Loss: 1.7300
2026-04-05 15:43:26,065 - INFO -   Epoch [190/237] Loss: 1.9069
2026-04-05 15:43:27,289 - INFO -   Epoch [200/237] Loss: 1.9789
2026-04-05 15:43:28,530 - INFO -   Epoch [210/237] Loss: 1.5948
2026-04-05 15:43:29,761 - INFO -   Epoch [220/237] Loss: 1.8317
2026-04-05 15:43:30,999 - INFO -   Epoch [230/237] Loss: 1.4996
2026-04-05 15:43:33,551 - INFO -   Train Loss: 1.7556
2026-04-05 15:43:33,552 - INFO -   Train Accuracy: 32.73%
2026-04-05 15:43:33,552 - INFO -   Val Loss: 1.5528
2026-04-05 15:43:33,552 - INFO -   Val Accuracy: 42.72% | F1: 0.3882
2026-04-05 15:43:33,552 - INFO -   LR: 0.000100
2026-04-05 15:43:34,503 - INFO -   ✓ New best model saved! (Acc: 42.72%)
2026-04-05 15:43:34,503 - INFO -   Patience: 0/30
2026-04-05 15:43:34,503 - INFO - 
Epoch 3/300
2026-04-05 15:43:35,721 - INFO -   Epoch [10/237] Loss: 1.2005
2026-04-05 15:43:36,949 - INFO -   Epoch [20/237] Loss: 1.5536
2026-04-05 15:43:38,164 - INFO -   Epoch [30/237] Loss: 1.8314
2026-04-05 15:43:39,389 - INFO -   Epoch [40/237] Loss: 1.4628
2026-04-05 15:43:40,613 - INFO -   Epoch [50/237] Loss: 1.6589
2026-04-05 15:43:41,829 - INFO -   Epoch [60/237] Loss: 1.5350
2026-04-05 15:43:43,057 - INFO -   Epoch [70/237] Loss: 1.0235
2026-04-05 15:43:44,289 - INFO -   Epoch [80/237] Loss: 2.0002
2026-04-05 15:43:45,526 - INFO -   Epoch [90/237] Loss: 2.0156
2026-04-05 15:43:46,743 - INFO -   Epoch [100/237] Loss: 1.4209
2026-04-05 15:43:47,979 - INFO -   Epoch [110/237] Loss: 1.5856
2026-04-05 15:43:49,214 - INFO -   Epoch [120/237] Loss: 1.7728
2026-04-05 15:43:50,435 - INFO -   Epoch [130/237] Loss: 1.5915
2026-04-05 15:43:51,656 - INFO -   Epoch [140/237] Loss: 1.9171
2026-04-05 15:43:52,878 - INFO -   Epoch [150/237] Loss: 1.7458
2026-04-05 15:43:54,113 - INFO -   Epoch [160/237] Loss: 1.6717
2026-04-05 15:43:55,350 - INFO -   Epoch [170/237] Loss: 1.7323
2026-04-05 15:43:56,572 - INFO -   Epoch [180/237] Loss: 1.3710
2026-04-05 15:43:57,799 - INFO -   Epoch [190/237] Loss: 1.3292
2026-04-05 15:43:59,088 - INFO -   Epoch [200/237] Loss: 1.6246
2026-04-05 15:44:00,332 - INFO -   Epoch [210/237] Loss: 1.4225
2026-04-05 15:44:01,598 - INFO -   Epoch [220/237] Loss: 1.7955
2026-04-05 15:44:02,828 - INFO -   Epoch [230/237] Loss: 1.2774
2026-04-05 15:44:05,366 - INFO -   Train Loss: 1.6421
2026-04-05 15:44:05,366 - INFO -   Train Accuracy: 36.79%
2026-04-05 15:44:05,366 - INFO -   Val Loss: 1.4662
2026-04-05 15:44:05,366 - INFO -   Val Accuracy: 44.20% | F1: 0.3924
2026-04-05 15:44:05,366 - INFO -   LR: 0.000100
2026-04-05 15:44:06,574 - INFO -   ✓ New best model saved! (Acc: 44.20%)
2026-04-05 15:44:06,574 - INFO -   Patience: 0/30
2026-04-05 15:44:06,575 - INFO - 
Epoch 4/300
2026-04-05 15:44:07,817 - INFO -   Epoch [10/237] Loss: 1.9458
2026-04-05 15:44:09,040 - INFO -   Epoch [20/237] Loss: 1.8460
2026-04-05 15:44:10,255 - INFO -   Epoch [30/237] Loss: 1.4193
2026-04-05 15:44:11,487 - INFO -   Epoch [40/237] Loss: 1.8984
2026-04-05 15:44:12,716 - INFO -   Epoch [50/237] Loss: 1.6461
2026-04-05 15:44:13,954 - INFO -   Epoch [60/237] Loss: 1.3204
2026-04-05 15:44:15,182 - INFO -   Epoch [70/237] Loss: 1.6691
2026-04-05 15:44:16,430 - INFO -   Epoch [80/237] Loss: 1.4742
2026-04-05 15:44:17,655 - INFO -   Epoch [90/237] Loss: 1.7379
2026-04-05 15:44:18,878 - INFO -   Epoch [100/237] Loss: 1.6335
2026-04-05 15:44:20,097 - INFO -   Epoch [110/237] Loss: 1.4701
2026-04-05 15:44:21,316 - INFO -   Epoch [120/237] Loss: 1.6109
2026-04-05 15:44:22,544 - INFO -   Epoch [130/237] Loss: 1.6926
2026-04-05 15:44:23,786 - INFO -   Epoch [140/237] Loss: 1.4625
2026-04-05 15:44:25,022 - INFO -   Epoch [150/237] Loss: 1.5363
2026-04-05 15:44:26,255 - INFO -   Epoch [160/237] Loss: 1.5180
2026-04-05 15:44:27,484 - INFO -   Epoch [170/237] Loss: 1.4245
2026-04-05 15:44:28,716 - INFO -   Epoch [180/237] Loss: 1.5957
2026-04-05 15:44:29,944 - INFO -   Epoch [190/237] Loss: 1.4891
2026-04-05 15:44:31,200 - INFO -   Epoch [200/237] Loss: 1.7058
2026-04-05 15:44:32,434 - INFO -   Epoch [210/237] Loss: 1.7275
2026-04-05 15:44:33,659 - INFO -   Epoch [220/237] Loss: 1.4409
2026-04-05 15:44:34,873 - INFO -   Epoch [230/237] Loss: 1.7713
2026-04-05 15:44:37,424 - INFO -   Train Loss: 1.5743
2026-04-05 15:44:37,424 - INFO -   Train Accuracy: 38.13%
2026-04-05 15:44:37,424 - INFO -   Val Loss: 1.4154
2026-04-05 15:44:37,424 - INFO -   Val Accuracy: 44.20% | F1: 0.4278
2026-04-05 15:44:37,424 - INFO -   LR: 0.000100
2026-04-05 15:44:37,424 - INFO -   Patience: 1/30
2026-04-05 15:44:37,425 - INFO - 
Epoch 5/300
2026-04-05 15:44:38,656 - INFO -   Epoch [10/237] Loss: 1.3164
2026-04-05 15:44:39,886 - INFO -   Epoch [20/237] Loss: 1.3406
2026-04-05 15:44:41,113 - INFO -   Epoch [30/237] Loss: 1.3203
2026-04-05 15:44:42,343 - INFO -   Epoch [40/237] Loss: 1.5529
2026-04-05 15:44:43,564 - INFO -   Epoch [50/237] Loss: 1.7925
2026-04-05 15:44:44,792 - INFO -   Epoch [60/237] Loss: 1.5737
2026-04-05 15:44:46,041 - INFO -   Epoch [70/237] Loss: 1.3693
2026-04-05 15:44:47,281 - INFO -   Epoch [80/237] Loss: 1.5069
2026-04-05 15:44:48,515 - INFO -   Epoch [90/237] Loss: 1.2547
2026-04-05 15:44:49,746 - INFO -   Epoch [100/237] Loss: 1.8200
2026-04-05 15:44:51,073 - INFO -   Epoch [110/237] Loss: 1.3263
2026-04-05 15:44:52,297 - INFO -   Epoch [120/237] Loss: 1.2509
2026-04-05 15:44:53,568 - INFO -   Epoch [130/237] Loss: 0.9609
2026-04-05 15:44:54,793 - INFO -   Epoch [140/237] Loss: 1.9164
2026-04-05 15:44:56,032 - INFO -   Epoch [150/237] Loss: 2.0609
2026-04-05 15:44:57,272 - INFO -   Epoch [160/237] Loss: 1.3739
2026-04-05 15:44:58,496 - INFO -   Epoch [170/237] Loss: 1.6081
2026-04-05 15:44:59,743 - INFO -   Epoch [180/237] Loss: 1.3911
2026-04-05 15:45:00,970 - INFO -   Epoch [190/237] Loss: 1.6346
2026-04-05 15:45:02,194 - INFO -   Epoch [200/237] Loss: 1.6110
2026-04-05 15:45:03,420 - INFO -   Epoch [210/237] Loss: 1.7898
2026-04-05 15:45:04,649 - INFO -   Epoch [220/237] Loss: 1.3002
2026-04-05 15:45:05,883 - INFO -   Epoch [230/237] Loss: 1.3938
2026-04-05 15:45:08,406 - INFO -   Train Loss: 1.5326
2026-04-05 15:45:08,407 - INFO -   Train Accuracy: 39.61%
2026-04-05 15:45:08,407 - INFO -   Val Loss: 1.3752
2026-04-05 15:45:08,407 - INFO -   Val Accuracy: 46.67% | F1: 0.4462
2026-04-05 15:45:08,407 - INFO -   LR: 0.000100
2026-04-05 15:45:09,521 - INFO -   ✓ New best model saved! (Acc: 46.67%)
2026-04-05 15:45:09,522 - INFO -   Patience: 0/30
2026-04-05 15:45:09,522 - INFO - 
Epoch 6/300
2026-04-05 15:45:10,753 - INFO -   Epoch [10/237] Loss: 1.2329
2026-04-05 15:45:11,979 - INFO -   Epoch [20/237] Loss: 1.8190
2026-04-05 15:45:13,205 - INFO -   Epoch [30/237] Loss: 1.2943
2026-04-05 15:45:14,514 - INFO -   Epoch [40/237] Loss: 1.8576
2026-04-05 15:45:15,739 - INFO -   Epoch [50/237] Loss: 1.2238
2026-04-05 15:45:16,966 - INFO -   Epoch [60/237] Loss: 1.7059
2026-04-05 15:45:18,235 - INFO -   Epoch [70/237] Loss: 1.4670
2026-04-05 15:45:19,483 - INFO -   Epoch [80/237] Loss: 1.8476
2026-04-05 15:45:20,719 - INFO -   Epoch [90/237] Loss: 1.5615
2026-04-05 15:45:21,953 - INFO -   Epoch [100/237] Loss: 1.8049
2026-04-05 15:45:23,170 - INFO -   Epoch [110/237] Loss: 1.4006
2026-04-05 15:45:24,399 - INFO -   Epoch [120/237] Loss: 1.5555
2026-04-05 15:45:25,627 - INFO -   Epoch [130/237] Loss: 1.1706
2026-04-05 15:45:26,863 - INFO -   Epoch [140/237] Loss: 1.9662
2026-04-05 15:45:28,090 - INFO -   Epoch [150/237] Loss: 1.3325
2026-04-05 15:45:29,317 - INFO -   Epoch [160/237] Loss: 1.5553
2026-04-05 15:45:30,542 - INFO -   Epoch [170/237] Loss: 1.6601
2026-04-05 15:45:31,777 - INFO -   Epoch [180/237] Loss: 1.6983
2026-04-05 15:45:33,001 - INFO -   Epoch [190/237] Loss: 1.6587
2026-04-05 15:45:34,258 - INFO -   Epoch [200/237] Loss: 1.8631
2026-04-05 15:45:35,493 - INFO -   Epoch [210/237] Loss: 1.2074
2026-04-05 15:45:36,733 - INFO -   Epoch [220/237] Loss: 1.2584
2026-04-05 15:45:37,972 - INFO -   Epoch [230/237] Loss: 1.6824
2026-04-05 15:45:40,564 - INFO -   Train Loss: 1.4951
2026-04-05 15:45:40,565 - INFO -   Train Accuracy: 40.39%
2026-04-05 15:45:40,565 - INFO -   Val Loss: 1.3384
2026-04-05 15:45:40,566 - INFO -   Val Accuracy: 48.64% | F1: 0.4897
2026-04-05 15:45:40,566 - INFO -   LR: 0.000100
2026-04-05 15:45:41,858 - INFO -   ✓ New best model saved! (Acc: 48.64%)
2026-04-05 15:45:41,858 - INFO -   Patience: 0/30
2026-04-05 15:45:41,858 - INFO - 
Epoch 7/300
2026-04-05 15:45:43,077 - INFO -   Epoch [10/237] Loss: 1.6702
2026-04-05 15:45:44,313 - INFO -   Epoch [20/237] Loss: 1.3706
2026-04-05 15:45:45,553 - INFO -   Epoch [30/237] Loss: 1.8158
2026-04-05 15:45:46,774 - INFO -   Epoch [40/237] Loss: 1.4275
2026-04-05 15:45:48,007 - INFO -   Epoch [50/237] Loss: 1.4377
2026-04-05 15:45:49,254 - INFO -   Epoch [60/237] Loss: 1.9795
2026-04-05 15:45:50,482 - INFO -   Epoch [70/237] Loss: 1.6161
2026-04-05 15:45:51,722 - INFO -   Epoch [80/237] Loss: 1.3374
2026-04-05 15:45:52,965 - INFO -   Epoch [90/237] Loss: 1.7604
2026-04-05 15:45:54,203 - INFO -   Epoch [100/237] Loss: 1.3328
2026-04-05 15:45:55,438 - INFO -   Epoch [110/237] Loss: 1.2286
2026-04-05 15:45:56,661 - INFO -   Epoch [120/237] Loss: 1.2767
2026-04-05 15:45:57,893 - INFO -   Epoch [130/237] Loss: 1.2339
2026-04-05 15:45:59,111 - INFO -   Epoch [140/237] Loss: 1.3172
2026-04-05 15:46:00,332 - INFO -   Epoch [150/237] Loss: 1.1785
2026-04-05 15:46:01,579 - INFO -   Epoch [160/237] Loss: 1.2045
2026-04-05 15:46:02,816 - INFO -   Epoch [170/237] Loss: 1.8367
2026-04-05 15:46:04,062 - INFO -   Epoch [180/237] Loss: 1.7611
2026-04-05 15:46:05,295 - INFO -   Epoch [190/237] Loss: 1.0992
2026-04-05 15:46:06,529 - INFO -   Epoch [200/237] Loss: 1.6490
2026-04-05 15:46:07,749 - INFO -   Epoch [210/237] Loss: 1.5912
2026-04-05 15:46:08,971 - INFO -   Epoch [220/237] Loss: 1.5776
2026-04-05 15:46:10,200 - INFO -   Epoch [230/237] Loss: 1.5440
2026-04-05 15:46:12,758 - INFO -   Train Loss: 1.4909
2026-04-05 15:46:12,759 - INFO -   Train Accuracy: 41.87%
2026-04-05 15:46:12,759 - INFO -   Val Loss: 1.3571
2026-04-05 15:46:12,759 - INFO -   Val Accuracy: 45.43% | F1: 0.4423
2026-04-05 15:46:12,759 - INFO -   LR: 0.000100
2026-04-05 15:46:12,759 - INFO -   Patience: 1/30
2026-04-05 15:46:12,759 - INFO - 
Epoch 8/300
2026-04-05 15:46:13,976 - INFO -   Epoch [10/237] Loss: 1.5618
2026-04-05 15:46:15,209 - INFO -   Epoch [20/237] Loss: 1.2748
2026-04-05 15:46:16,432 - INFO -   Epoch [30/237] Loss: 1.2217
2026-04-05 15:46:17,675 - INFO -   Epoch [40/237] Loss: 1.5941
2026-04-05 15:46:18,916 - INFO -   Epoch [50/237] Loss: 1.2645
2026-04-05 15:46:20,145 - INFO -   Epoch [60/237] Loss: 1.7831
2026-04-05 15:46:21,375 - INFO -   Epoch [70/237] Loss: 1.5552
2026-04-05 15:46:22,620 - INFO -   Epoch [80/237] Loss: 1.4518
2026-04-05 15:46:23,850 - INFO -   Epoch [90/237] Loss: 1.1744
2026-04-05 15:46:25,085 - INFO -   Epoch [100/237] Loss: 1.3066
2026-04-05 15:46:26,308 - INFO -   Epoch [110/237] Loss: 1.6208
2026-04-05 15:46:27,529 - INFO -   Epoch [120/237] Loss: 1.7944
2026-04-05 15:46:28,751 - INFO -   Epoch [130/237] Loss: 1.3063
2026-04-05 15:46:29,993 - INFO -   Epoch [140/237] Loss: 1.7758
2026-04-05 15:46:31,225 - INFO -   Epoch [150/237] Loss: 1.6238
2026-04-05 15:46:32,448 - INFO -   Epoch [160/237] Loss: 1.6621
2026-04-05 15:46:33,679 - INFO -   Epoch [170/237] Loss: 1.3132
2026-04-05 15:46:34,922 - INFO -   Epoch [180/237] Loss: 1.2606
2026-04-05 15:46:36,159 - INFO -   Epoch [190/237] Loss: 1.5268
2026-04-05 15:46:37,385 - INFO -   Epoch [200/237] Loss: 1.2743
2026-04-05 15:46:38,691 - INFO -   Epoch [210/237] Loss: 1.4208
2026-04-05 15:46:39,935 - INFO -   Epoch [220/237] Loss: 1.4812
2026-04-05 15:46:41,163 - INFO -   Epoch [230/237] Loss: 0.9813
2026-04-05 15:46:43,707 - INFO -   Train Loss: 1.4343
2026-04-05 15:46:43,707 - INFO -   Train Accuracy: 43.49%
2026-04-05 15:46:43,708 - INFO -   Val Loss: 1.2876
2026-04-05 15:46:43,708 - INFO -   Val Accuracy: 49.38% | F1: 0.4897
2026-04-05 15:46:43,708 - INFO -   LR: 0.000100
2026-04-05 15:46:44,903 - INFO -   ✓ New best model saved! (Acc: 49.38%)
2026-04-05 15:46:44,903 - INFO -   Patience: 0/30
2026-04-05 15:46:44,904 - INFO - 
Epoch 9/300
2026-04-05 15:46:46,138 - INFO -   Epoch [10/237] Loss: 1.3817
2026-04-05 15:46:47,372 - INFO -   Epoch [20/237] Loss: 1.5801
2026-04-05 15:46:48,609 - INFO -   Epoch [30/237] Loss: 1.5181
2026-04-05 15:46:49,843 - INFO -   Epoch [40/237] Loss: 1.1473
2026-04-05 15:46:51,078 - INFO -   Epoch [50/237] Loss: 1.3886
2026-04-05 15:46:52,312 - INFO -   Epoch [60/237] Loss: 1.3237
2026-04-05 15:46:53,540 - INFO -   Epoch [70/237] Loss: 1.2779
2026-04-05 15:46:54,763 - INFO -   Epoch [80/237] Loss: 1.6099
2026-04-05 15:46:55,983 - INFO -   Epoch [90/237] Loss: 1.1601
2026-04-05 15:46:57,234 - INFO -   Epoch [100/237] Loss: 1.4313
2026-04-05 15:46:58,474 - INFO -   Epoch [110/237] Loss: 2.0957
2026-04-05 15:46:59,708 - INFO -   Epoch [120/237] Loss: 1.4575
2026-04-05 15:47:00,943 - INFO -   Epoch [130/237] Loss: 1.7659
2026-04-05 15:47:02,173 - INFO -   Epoch [140/237] Loss: 1.1719
2026-04-05 15:47:03,401 - INFO -   Epoch [150/237] Loss: 1.5563
2026-04-05 15:47:04,639 - INFO -   Epoch [160/237] Loss: 1.4311
2026-04-05 15:47:05,870 - INFO -   Epoch [170/237] Loss: 1.6030
2026-04-05 15:47:07,102 - INFO -   Epoch [180/237] Loss: 0.9811
2026-04-05 15:47:08,336 - INFO -   Epoch [190/237] Loss: 1.0525
2026-04-05 15:47:09,572 - INFO -   Epoch [200/237] Loss: 1.7872
2026-04-05 15:47:10,785 - INFO -   Epoch [210/237] Loss: 1.8714
2026-04-05 15:47:12,017 - INFO -   Epoch [220/237] Loss: 1.6425
2026-04-05 15:47:13,241 - INFO -   Epoch [230/237] Loss: 1.4970
2026-04-05 15:47:15,826 - INFO -   Train Loss: 1.4274
2026-04-05 15:47:15,827 - INFO -   Train Accuracy: 43.67%
2026-04-05 15:47:15,827 - INFO -   Val Loss: 1.3083
2026-04-05 15:47:15,827 - INFO -   Val Accuracy: 49.38% | F1: 0.4955
2026-04-05 15:47:15,827 - INFO -   LR: 0.000100
2026-04-05 15:47:15,827 - INFO -   Patience: 1/30
2026-04-05 15:47:15,827 - INFO - 
Epoch 10/300
2026-04-05 15:47:17,068 - INFO -   Epoch [10/237] Loss: 1.5322
2026-04-05 15:47:18,378 - INFO -   Epoch [20/237] Loss: 1.3322
2026-04-05 15:47:19,617 - INFO -   Epoch [30/237] Loss: 1.2365
2026-04-05 15:47:20,847 - INFO -   Epoch [40/237] Loss: 1.5257
2026-04-05 15:47:22,076 - INFO -   Epoch [50/237] Loss: 1.4342
2026-04-05 15:47:23,310 - INFO -   Epoch [60/237] Loss: 1.2806
2026-04-05 15:47:24,571 - INFO -   Epoch [70/237] Loss: 1.3574
2026-04-05 15:47:25,802 - INFO -   Epoch [80/237] Loss: 1.5159
2026-04-05 15:47:27,027 - INFO -   Epoch [90/237] Loss: 1.8177
2026-04-05 15:47:28,258 - INFO -   Epoch [100/237] Loss: 1.4774
2026-04-05 15:47:29,490 - INFO -   Epoch [110/237] Loss: 1.5445
2026-04-05 15:47:30,714 - INFO -   Epoch [120/237] Loss: 1.7135
2026-04-05 15:47:31,941 - INFO -   Epoch [130/237] Loss: 1.6971
2026-04-05 15:47:33,174 - INFO -   Epoch [140/237] Loss: 1.6589
2026-04-05 15:47:34,398 - INFO -   Epoch [150/237] Loss: 1.6875
2026-04-05 15:47:35,634 - INFO -   Epoch [160/237] Loss: 1.6106
2026-04-05 15:47:36,873 - INFO -   Epoch [170/237] Loss: 0.9434
2026-04-05 15:47:38,108 - INFO -   Epoch [180/237] Loss: 1.2376
2026-04-05 15:47:39,341 - INFO -   Epoch [190/237] Loss: 1.5598
2026-04-05 15:47:40,577 - INFO -   Epoch [200/237] Loss: 1.2992
2026-04-05 15:47:41,810 - INFO -   Epoch [210/237] Loss: 1.4279
2026-04-05 15:47:43,040 - INFO -   Epoch [220/237] Loss: 1.1857
2026-04-05 15:47:44,268 - INFO -   Epoch [230/237] Loss: 1.1992
2026-04-05 15:47:46,797 - INFO -   Train Loss: 1.4161
2026-04-05 15:47:46,797 - INFO -   Train Accuracy: 43.81%
2026-04-05 15:47:46,797 - INFO -   Val Loss: 1.2929
2026-04-05 15:47:46,797 - INFO -   Val Accuracy: 50.86% | F1: 0.5087
2026-04-05 15:47:46,797 - INFO -   LR: 0.000100
2026-04-05 15:47:47,671 - INFO -   ✓ New best model saved! (Acc: 50.86%)
2026-04-05 15:47:47,671 - INFO -   Patience: 0/30
2026-04-05 15:47:47,671 - INFO - 
Epoch 11/300
2026-04-05 15:47:48,898 - INFO -   Epoch [10/237] Loss: 1.6219
2026-04-05 15:47:50,138 - INFO -   Epoch [20/237] Loss: 0.9467
2026-04-05 15:47:51,359 - INFO -   Epoch [30/237] Loss: 1.2934
2026-04-05 15:47:52,581 - INFO -   Epoch [40/237] Loss: 1.2864
2026-04-05 15:47:53,812 - INFO -   Epoch [50/237] Loss: 1.4895
2026-04-05 15:47:55,039 - INFO -   Epoch [60/237] Loss: 1.3036
2026-04-05 15:47:56,257 - INFO -   Epoch [70/237] Loss: 1.4010
2026-04-05 15:47:57,513 - INFO -   Epoch [80/237] Loss: 1.5462
2026-04-05 15:47:58,752 - INFO -   Epoch [90/237] Loss: 1.4371
2026-04-05 15:47:59,978 - INFO -   Epoch [100/237] Loss: 1.3870
2026-04-05 15:48:01,224 - INFO -   Epoch [110/237] Loss: 1.1904
2026-04-05 15:48:02,444 - INFO -   Epoch [120/237] Loss: 1.1882
2026-04-05 15:48:03,660 - INFO -   Epoch [130/237] Loss: 1.5139
2026-04-05 15:48:04,886 - INFO -   Epoch [140/237] Loss: 1.8945
2026-04-05 15:48:06,131 - INFO -   Epoch [150/237] Loss: 1.4202
2026-04-05 15:48:07,356 - INFO -   Epoch [160/237] Loss: 1.3476
2026-04-05 15:48:08,576 - INFO -   Epoch [170/237] Loss: 1.4928
2026-04-05 15:48:09,798 - INFO -   Epoch [180/237] Loss: 1.2069
2026-04-05 15:48:11,013 - INFO -   Epoch [190/237] Loss: 1.2673
2026-04-05 15:48:12,251 - INFO -   Epoch [200/237] Loss: 1.2425
2026-04-05 15:48:13,487 - INFO -   Epoch [210/237] Loss: 1.4686
2026-04-05 15:48:14,716 - INFO -   Epoch [220/237] Loss: 1.4391
2026-04-05 15:48:15,936 - INFO -   Epoch [230/237] Loss: 1.5329
2026-04-05 15:48:18,441 - INFO -   Train Loss: 1.3989
2026-04-05 15:48:18,442 - INFO -   Train Accuracy: 43.42%
2026-04-05 15:48:18,442 - INFO -   Val Loss: 1.2658
2026-04-05 15:48:18,442 - INFO -   Val Accuracy: 48.89% | F1: 0.4932
2026-04-05 15:48:18,442 - INFO -   LR: 0.000100
2026-04-05 15:48:18,442 - INFO -   Patience: 1/30
2026-04-05 15:48:18,442 - INFO - 
Epoch 12/300
2026-04-05 15:48:19,670 - INFO -   Epoch [10/237] Loss: 1.5623
2026-04-05 15:48:20,898 - INFO -   Epoch [20/237] Loss: 1.1329
2026-04-05 15:48:22,123 - INFO -   Epoch [30/237] Loss: 1.4499
2026-04-05 15:48:23,360 - INFO -   Epoch [40/237] Loss: 1.7796
2026-04-05 15:48:24,594 - INFO -   Epoch [50/237] Loss: 1.8263
2026-04-05 15:48:25,834 - INFO -   Epoch [60/237] Loss: 1.8210
2026-04-05 15:48:27,065 - INFO -   Epoch [70/237] Loss: 1.1652
2026-04-05 15:48:28,327 - INFO -   Epoch [80/237] Loss: 1.0211
2026-04-05 15:48:29,559 - INFO -   Epoch [90/237] Loss: 1.4338
2026-04-05 15:48:30,785 - INFO -   Epoch [100/237] Loss: 1.3517
2026-04-05 15:48:32,001 - INFO -   Epoch [110/237] Loss: 1.5704
2026-04-05 15:48:33,235 - INFO -   Epoch [120/237] Loss: 1.1747
2026-04-05 15:48:34,462 - INFO -   Epoch [130/237] Loss: 1.2169
2026-04-05 15:48:35,682 - INFO -   Epoch [140/237] Loss: 1.4521
2026-04-05 15:48:36,908 - INFO -   Epoch [150/237] Loss: 1.1658
2026-04-05 15:48:38,137 - INFO -   Epoch [160/237] Loss: 1.5263
2026-04-05 15:48:39,376 - INFO -   Epoch [170/237] Loss: 1.6151
2026-04-05 15:48:40,597 - INFO -   Epoch [180/237] Loss: 0.8887
2026-04-05 15:48:41,828 - INFO -   Epoch [190/237] Loss: 1.8292
2026-04-05 15:48:43,069 - INFO -   Epoch [200/237] Loss: 0.9974
2026-04-05 15:48:44,295 - INFO -   Epoch [210/237] Loss: 1.2259
2026-04-05 15:48:45,516 - INFO -   Epoch [220/237] Loss: 0.8607
2026-04-05 15:48:46,750 - INFO -   Epoch [230/237] Loss: 1.3677
2026-04-05 15:48:49,295 - INFO -   Train Loss: 1.3725
2026-04-05 15:48:49,295 - INFO -   Train Accuracy: 45.89%
2026-04-05 15:48:49,295 - INFO -   Val Loss: 1.2700
2026-04-05 15:48:49,295 - INFO -   Val Accuracy: 49.63% | F1: 0.5039
2026-04-05 15:48:49,295 - INFO -   LR: 0.000100
2026-04-05 15:48:49,295 - INFO -   Patience: 2/30
2026-04-05 15:48:49,295 - INFO - 
Epoch 13/300
2026-04-05 15:48:50,529 - INFO -   Epoch [10/237] Loss: 1.2872
2026-04-05 15:48:51,755 - INFO -   Epoch [20/237] Loss: 1.2422
2026-04-05 15:48:52,999 - INFO -   Epoch [30/237] Loss: 1.8386
2026-04-05 15:48:54,247 - INFO -   Epoch [40/237] Loss: 1.8402
2026-04-05 15:48:55,487 - INFO -   Epoch [50/237] Loss: 1.3027
2026-04-05 15:48:56,730 - INFO -   Epoch [60/237] Loss: 1.2166
2026-04-05 15:48:57,945 - INFO -   Epoch [70/237] Loss: 0.9523
2026-04-05 15:48:59,159 - INFO -   Epoch [80/237] Loss: 1.3892
2026-04-05 15:49:00,386 - INFO -   Epoch [90/237] Loss: 1.2299
2026-04-05 15:49:01,617 - INFO -   Epoch [100/237] Loss: 1.1352
2026-04-05 15:49:02,849 - INFO -   Epoch [110/237] Loss: 1.4696
2026-04-05 15:49:04,069 - INFO -   Epoch [120/237] Loss: 1.4397
2026-04-05 15:49:05,299 - INFO -   Epoch [130/237] Loss: 1.2439
2026-04-05 15:49:06,524 - INFO -   Epoch [140/237] Loss: 1.4542
2026-04-05 15:49:07,743 - INFO -   Epoch [150/237] Loss: 1.3976
2026-04-05 15:49:08,962 - INFO -   Epoch [160/237] Loss: 1.0887
2026-04-05 15:49:10,204 - INFO -   Epoch [170/237] Loss: 1.1027
2026-04-05 15:49:11,427 - INFO -   Epoch [180/237] Loss: 1.3667
2026-04-05 15:49:12,645 - INFO -   Epoch [190/237] Loss: 1.1375
2026-04-05 15:49:13,874 - INFO -   Epoch [200/237] Loss: 1.6491
2026-04-05 15:49:15,123 - INFO -   Epoch [210/237] Loss: 0.8107
2026-04-05 15:49:16,360 - INFO -   Epoch [220/237] Loss: 1.6730
2026-04-05 15:49:17,578 - INFO -   Epoch [230/237] Loss: 1.1017
2026-04-05 15:49:20,106 - INFO -   Train Loss: 1.3446
2026-04-05 15:49:20,106 - INFO -   Train Accuracy: 47.37%
2026-04-05 15:49:20,106 - INFO -   Val Loss: 1.2585
2026-04-05 15:49:20,106 - INFO -   Val Accuracy: 50.86% | F1: 0.5149
2026-04-05 15:49:20,106 - INFO -   LR: 0.000100
2026-04-05 15:49:20,106 - INFO -   Patience: 3/30
2026-04-05 15:49:20,106 - INFO - 
Epoch 14/300
2026-04-05 15:49:21,340 - INFO -   Epoch [10/237] Loss: 1.3410
2026-04-05 15:49:22,566 - INFO -   Epoch [20/237] Loss: 1.1268
2026-04-05 15:49:23,797 - INFO -   Epoch [30/237] Loss: 1.1877
2026-04-05 15:49:25,034 - INFO -   Epoch [40/237] Loss: 1.3632
2026-04-05 15:49:26,277 - INFO -   Epoch [50/237] Loss: 1.4193
2026-04-05 15:49:27,508 - INFO -   Epoch [60/237] Loss: 1.2258
2026-04-05 15:49:28,729 - INFO -   Epoch [70/237] Loss: 1.1759
2026-04-05 15:49:29,971 - INFO -   Epoch [80/237] Loss: 1.2093
2026-04-05 15:49:31,202 - INFO -   Epoch [90/237] Loss: 0.7836
2026-04-05 15:49:32,422 - INFO -   Epoch [100/237] Loss: 1.3961
2026-04-05 15:49:33,650 - INFO -   Epoch [110/237] Loss: 1.7098
2026-04-05 15:49:34,898 - INFO -   Epoch [120/237] Loss: 1.2803
2026-04-05 15:49:36,124 - INFO -   Epoch [130/237] Loss: 1.2414
2026-04-05 15:49:37,350 - INFO -   Epoch [140/237] Loss: 1.4551
2026-04-05 15:49:38,577 - INFO -   Epoch [150/237] Loss: 1.0129
2026-04-05 15:49:39,808 - INFO -   Epoch [160/237] Loss: 1.5573
2026-04-05 15:49:41,032 - INFO -   Epoch [170/237] Loss: 1.0615
2026-04-05 15:49:42,284 - INFO -   Epoch [180/237] Loss: 1.4666
2026-04-05 15:49:43,497 - INFO -   Epoch [190/237] Loss: 1.0437
2026-04-05 15:49:44,717 - INFO -   Epoch [200/237] Loss: 1.6396
2026-04-05 15:49:45,933 - INFO -   Epoch [210/237] Loss: 1.2085
2026-04-05 15:49:47,167 - INFO -   Epoch [220/237] Loss: 0.9182
2026-04-05 15:49:48,391 - INFO -   Epoch [230/237] Loss: 1.1626
2026-04-05 15:49:51,012 - INFO -   Train Loss: 1.3432
2026-04-05 15:49:51,013 - INFO -   Train Accuracy: 46.53%
2026-04-05 15:49:51,013 - INFO -   Val Loss: 1.2203
2026-04-05 15:49:51,013 - INFO -   Val Accuracy: 49.38% | F1: 0.4911
2026-04-05 15:49:51,013 - INFO -   LR: 0.000100
2026-04-05 15:49:51,013 - INFO -   Patience: 4/30
2026-04-05 15:49:51,013 - INFO - 
Epoch 15/300
2026-04-05 15:49:52,270 - INFO -   Epoch [10/237] Loss: 1.5068
2026-04-05 15:49:53,515 - INFO -   Epoch [20/237] Loss: 1.4747
2026-04-05 15:49:54,763 - INFO -   Epoch [30/237] Loss: 1.1476
2026-04-05 15:49:55,996 - INFO -   Epoch [40/237] Loss: 1.4783
2026-04-05 15:49:57,305 - INFO -   Epoch [50/237] Loss: 1.2726
2026-04-05 15:49:58,538 - INFO -   Epoch [60/237] Loss: 1.8499
2026-04-05 15:49:59,755 - INFO -   Epoch [70/237] Loss: 1.1971
2026-04-05 15:50:00,986 - INFO -   Epoch [80/237] Loss: 1.5266
2026-04-05 15:50:02,225 - INFO -   Epoch [90/237] Loss: 1.4190
2026-04-05 15:50:03,458 - INFO -   Epoch [100/237] Loss: 1.2208
2026-04-05 15:50:04,688 - INFO -   Epoch [110/237] Loss: 1.5306
2026-04-05 15:50:05,955 - INFO -   Epoch [120/237] Loss: 1.4844
2026-04-05 15:50:07,179 - INFO -   Epoch [130/237] Loss: 1.3090
2026-04-05 15:50:08,420 - INFO -   Epoch [140/237] Loss: 1.2509
2026-04-05 15:50:09,640 - INFO -   Epoch [150/237] Loss: 1.9579
2026-04-05 15:50:10,870 - INFO -   Epoch [160/237] Loss: 1.2522
2026-04-05 15:50:12,096 - INFO -   Epoch [170/237] Loss: 1.3857
2026-04-05 15:50:13,322 - INFO -   Epoch [180/237] Loss: 1.0064
2026-04-05 15:50:14,543 - INFO -   Epoch [190/237] Loss: 1.7321
2026-04-05 15:50:15,791 - INFO -   Epoch [200/237] Loss: 1.1547
2026-04-05 15:50:17,023 - INFO -   Epoch [210/237] Loss: 1.5033
2026-04-05 15:50:18,266 - INFO -   Epoch [220/237] Loss: 1.9394
2026-04-05 15:50:19,492 - INFO -   Epoch [230/237] Loss: 1.1437
2026-04-05 15:50:22,116 - INFO -   Train Loss: 1.3376
2026-04-05 15:50:22,116 - INFO -   Train Accuracy: 47.27%
2026-04-05 15:50:22,116 - INFO -   Val Loss: 1.2438
2026-04-05 15:50:22,116 - INFO -   Val Accuracy: 49.88% | F1: 0.4998
2026-04-05 15:50:22,116 - INFO -   LR: 0.000100
2026-04-05 15:50:22,116 - INFO -   Patience: 5/30
2026-04-05 15:50:22,116 - INFO - 
Epoch 16/300
2026-04-05 15:50:23,351 - INFO -   Epoch [10/237] Loss: 1.2699
2026-04-05 15:50:24,580 - INFO -   Epoch [20/237] Loss: 1.0189
2026-04-05 15:50:25,804 - INFO -   Epoch [30/237] Loss: 1.0144
2026-04-05 15:50:27,029 - INFO -   Epoch [40/237] Loss: 1.5014
2026-04-05 15:50:28,254 - INFO -   Epoch [50/237] Loss: 1.5283
2026-04-05 15:50:29,493 - INFO -   Epoch [60/237] Loss: 1.2069
2026-04-05 15:50:30,809 - INFO -   Epoch [70/237] Loss: 1.1796
2026-04-05 15:50:32,152 - INFO -   Epoch [80/237] Loss: 1.2258
2026-04-05 15:50:33,372 - INFO -   Epoch [90/237] Loss: 1.2716
2026-04-05 15:50:34,605 - INFO -   Epoch [100/237] Loss: 1.4719
2026-04-05 15:50:35,845 - INFO -   Epoch [110/237] Loss: 1.8831
2026-04-05 15:50:37,076 - INFO -   Epoch [120/237] Loss: 1.2557
2026-04-05 15:50:38,412 - INFO -   Epoch [130/237] Loss: 1.6364
2026-04-05 15:50:39,637 - INFO -   Epoch [140/237] Loss: 1.2726
2026-04-05 15:50:40,942 - INFO -   Epoch [150/237] Loss: 1.5738
2026-04-05 15:50:42,222 - INFO -   Epoch [160/237] Loss: 1.8586
2026-04-05 15:50:43,581 - INFO -   Epoch [170/237] Loss: 1.3440
2026-04-05 15:50:44,814 - INFO -   Epoch [180/237] Loss: 1.0783
2026-04-05 15:50:46,142 - INFO -   Epoch [190/237] Loss: 1.1967
2026-04-05 15:50:47,385 - INFO -   Epoch [200/237] Loss: 1.4931
2026-04-05 15:50:48,731 - INFO -   Epoch [210/237] Loss: 1.4427
2026-04-05 15:50:49,955 - INFO -   Epoch [220/237] Loss: 1.0265
2026-04-05 15:50:51,190 - INFO -   Epoch [230/237] Loss: 1.1354
2026-04-05 15:50:53,827 - INFO -   Train Loss: 1.3325
2026-04-05 15:50:53,827 - INFO -   Train Accuracy: 48.01%
2026-04-05 15:50:53,827 - INFO -   Val Loss: 1.2225
2026-04-05 15:50:53,827 - INFO -   Val Accuracy: 52.10% | F1: 0.5147
2026-04-05 15:50:53,827 - INFO -   LR: 0.000100
2026-04-05 15:50:54,782 - INFO -   ✓ New best model saved! (Acc: 52.10%)
2026-04-05 15:50:54,782 - INFO -   Patience: 0/30
2026-04-05 15:50:54,782 - INFO - 
Epoch 17/300
2026-04-05 15:50:56,003 - INFO -   Epoch [10/237] Loss: 0.9462
2026-04-05 15:50:57,238 - INFO -   Epoch [20/237] Loss: 1.5590
2026-04-05 15:50:58,558 - INFO -   Epoch [30/237] Loss: 1.3832
2026-04-05 15:50:59,826 - INFO -   Epoch [40/237] Loss: 1.4512
2026-04-05 15:51:01,056 - INFO -   Epoch [50/237] Loss: 1.3587
2026-04-05 15:51:02,288 - INFO -   Epoch [60/237] Loss: 1.1942
2026-04-05 15:51:03,616 - INFO -   Epoch [70/237] Loss: 1.7423
2026-04-05 15:51:04,884 - INFO -   Epoch [80/237] Loss: 1.4978
2026-04-05 15:51:06,123 - INFO -   Epoch [90/237] Loss: 1.4627
2026-04-05 15:51:07,377 - INFO -   Epoch [100/237] Loss: 1.2008
2026-04-05 15:51:08,614 - INFO -   Epoch [110/237] Loss: 1.3172
2026-04-05 15:51:09,858 - INFO -   Epoch [120/237] Loss: 1.0627
2026-04-05 15:51:11,095 - INFO -   Epoch [130/237] Loss: 1.1064
2026-04-05 15:51:12,334 - INFO -   Epoch [140/237] Loss: 1.1849
2026-04-05 15:51:13,559 - INFO -   Epoch [150/237] Loss: 1.2725
2026-04-05 15:51:14,779 - INFO -   Epoch [160/237] Loss: 1.3826
2026-04-05 15:51:16,007 - INFO -   Epoch [170/237] Loss: 1.4043
2026-04-05 15:51:17,234 - INFO -   Epoch [180/237] Loss: 1.1685
2026-04-05 15:51:18,476 - INFO -   Epoch [190/237] Loss: 1.3640
2026-04-05 15:51:19,710 - INFO -   Epoch [200/237] Loss: 1.2741
2026-04-05 15:51:20,940 - INFO -   Epoch [210/237] Loss: 1.1849
2026-04-05 15:51:22,162 - INFO -   Epoch [220/237] Loss: 1.6208
2026-04-05 15:51:23,375 - INFO -   Epoch [230/237] Loss: 1.8570
2026-04-05 15:51:25,903 - INFO -   Train Loss: 1.3336
2026-04-05 15:51:25,903 - INFO -   Train Accuracy: 48.01%
2026-04-05 15:51:25,903 - INFO -   Val Loss: 1.2124
2026-04-05 15:51:25,903 - INFO -   Val Accuracy: 52.35% | F1: 0.5264
2026-04-05 15:51:25,903 - INFO -   LR: 0.000100
2026-04-05 15:51:26,847 - INFO -   ✓ New best model saved! (Acc: 52.35%)
2026-04-05 15:51:26,847 - INFO -   Patience: 0/30
2026-04-05 15:51:26,847 - INFO - 
Epoch 18/300
2026-04-05 15:51:28,072 - INFO -   Epoch [10/237] Loss: 1.2875
2026-04-05 15:51:29,310 - INFO -   Epoch [20/237] Loss: 1.2944
2026-04-05 15:51:30,554 - INFO -   Epoch [30/237] Loss: 1.3632
2026-04-05 15:51:31,785 - INFO -   Epoch [40/237] Loss: 1.1963
2026-04-05 15:51:33,015 - INFO -   Epoch [50/237] Loss: 1.3725
2026-04-05 15:51:34,238 - INFO -   Epoch [60/237] Loss: 1.2360
2026-04-05 15:51:35,461 - INFO -   Epoch [70/237] Loss: 1.2499
2026-04-05 15:51:36,686 - INFO -   Epoch [80/237] Loss: 1.2016
2026-04-05 15:51:37,912 - INFO -   Epoch [90/237] Loss: 1.4428
2026-04-05 15:51:39,141 - INFO -   Epoch [100/237] Loss: 1.1902
2026-04-05 15:51:40,433 - INFO -   Epoch [110/237] Loss: 1.2788
2026-04-05 15:51:41,693 - INFO -   Epoch [120/237] Loss: 1.4340
2026-04-05 15:51:42,929 - INFO -   Epoch [130/237] Loss: 0.8538
2026-04-05 15:51:44,151 - INFO -   Epoch [140/237] Loss: 1.1793
2026-04-05 15:51:45,373 - INFO -   Epoch [150/237] Loss: 1.4952
2026-04-05 15:51:46,609 - INFO -   Epoch [160/237] Loss: 0.9292
2026-04-05 15:51:47,928 - INFO -   Epoch [170/237] Loss: 1.4643
2026-04-05 15:51:49,223 - INFO -   Epoch [180/237] Loss: 1.5734
2026-04-05 15:51:50,446 - INFO -   Epoch [190/237] Loss: 1.1757
2026-04-05 15:51:51,670 - INFO -   Epoch [200/237] Loss: 1.5916
2026-04-05 15:51:52,894 - INFO -   Epoch [210/237] Loss: 1.3898
2026-04-05 15:51:54,135 - INFO -   Epoch [220/237] Loss: 0.8309
2026-04-05 15:51:55,367 - INFO -   Epoch [230/237] Loss: 1.2556
2026-04-05 15:51:58,014 - INFO -   Train Loss: 1.3269
2026-04-05 15:51:58,015 - INFO -   Train Accuracy: 48.92%
2026-04-05 15:51:58,015 - INFO -   Val Loss: 1.2298
2026-04-05 15:51:58,015 - INFO -   Val Accuracy: 52.59% | F1: 0.5319
2026-04-05 15:51:58,015 - INFO -   LR: 0.000100
2026-04-05 15:51:59,239 - INFO -   ✓ New best model saved! (Acc: 52.59%)
2026-04-05 15:51:59,239 - INFO -   Patience: 0/30
2026-04-05 15:51:59,239 - INFO - 
Epoch 19/300
2026-04-05 15:52:00,458 - INFO -   Epoch [10/237] Loss: 1.4711
2026-04-05 15:52:01,690 - INFO -   Epoch [20/237] Loss: 0.9101
2026-04-05 15:52:03,034 - INFO -   Epoch [30/237] Loss: 1.4692
2026-04-05 15:52:04,389 - INFO -   Epoch [40/237] Loss: 1.4872
2026-04-05 15:52:05,607 - INFO -   Epoch [50/237] Loss: 1.4605
2026-04-05 15:52:06,944 - INFO -   Epoch [60/237] Loss: 1.4716
2026-04-05 15:52:08,174 - INFO -   Epoch [70/237] Loss: 1.0155
2026-04-05 15:52:09,482 - INFO -   Epoch [80/237] Loss: 1.0277
2026-04-05 15:52:10,744 - INFO -   Epoch [90/237] Loss: 1.2682
2026-04-05 15:52:11,985 - INFO -   Epoch [100/237] Loss: 0.8899
2026-04-05 15:52:13,295 - INFO -   Epoch [110/237] Loss: 1.3865
2026-04-05 15:52:14,565 - INFO -   Epoch [120/237] Loss: 1.1751
2026-04-05 15:52:15,791 - INFO -   Epoch [130/237] Loss: 1.3281
2026-04-05 15:52:17,042 - INFO -   Epoch [140/237] Loss: 1.5523
2026-04-05 15:52:18,343 - INFO -   Epoch [150/237] Loss: 1.6919
2026-04-05 15:52:19,571 - INFO -   Epoch [160/237] Loss: 1.3727
2026-04-05 15:52:20,785 - INFO -   Epoch [170/237] Loss: 1.1219
2026-04-05 15:52:22,002 - INFO -   Epoch [180/237] Loss: 1.2346
2026-04-05 15:52:23,223 - INFO -   Epoch [190/237] Loss: 1.1111
2026-04-05 15:52:24,450 - INFO -   Epoch [200/237] Loss: 1.4355
2026-04-05 15:52:25,730 - INFO -   Epoch [210/237] Loss: 1.3688
2026-04-05 15:52:26,949 - INFO -   Epoch [220/237] Loss: 1.0287
2026-04-05 15:52:28,166 - INFO -   Epoch [230/237] Loss: 1.5249
2026-04-05 15:52:30,716 - INFO -   Train Loss: 1.3223
2026-04-05 15:52:30,716 - INFO -   Train Accuracy: 47.55%
2026-04-05 15:52:30,716 - INFO -   Val Loss: 1.2813
2026-04-05 15:52:30,717 - INFO -   Val Accuracy: 49.88% | F1: 0.5006
2026-04-05 15:52:30,717 - INFO -   LR: 0.000100
2026-04-05 15:52:30,717 - INFO -   Patience: 1/30
2026-04-05 15:52:30,717 - INFO - 
Epoch 20/300
2026-04-05 15:52:31,953 - INFO -   Epoch [10/237] Loss: 1.2114
2026-04-05 15:52:33,172 - INFO -   Epoch [20/237] Loss: 0.9700
2026-04-05 15:52:34,401 - INFO -   Epoch [30/237] Loss: 1.8348
2026-04-05 15:52:35,625 - INFO -   Epoch [40/237] Loss: 1.5847
2026-04-05 15:52:36,847 - INFO -   Epoch [50/237] Loss: 0.9707
2026-04-05 15:52:38,080 - INFO -   Epoch [60/237] Loss: 1.1244
2026-04-05 15:52:39,305 - INFO -   Epoch [70/237] Loss: 1.6980
2026-04-05 15:52:40,605 - INFO -   Epoch [80/237] Loss: 1.0666
2026-04-05 15:52:41,879 - INFO -   Epoch [90/237] Loss: 0.9161
2026-04-05 15:52:43,116 - INFO -   Epoch [100/237] Loss: 1.5629
2026-04-05 15:52:44,349 - INFO -   Epoch [110/237] Loss: 1.0367
2026-04-05 15:52:45,587 - INFO -   Epoch [120/237] Loss: 0.9496
2026-04-05 15:52:46,817 - INFO -   Epoch [130/237] Loss: 1.4809
2026-04-05 15:52:48,112 - INFO -   Epoch [140/237] Loss: 1.2453
2026-04-05 15:52:49,377 - INFO -   Epoch [150/237] Loss: 0.9418
2026-04-05 15:52:50,612 - INFO -   Epoch [160/237] Loss: 1.2763
2026-04-05 15:52:51,836 - INFO -   Epoch [170/237] Loss: 1.4536
2026-04-05 15:52:53,067 - INFO -   Epoch [180/237] Loss: 1.2834
2026-04-05 15:52:54,291 - INFO -   Epoch [190/237] Loss: 1.3251
2026-04-05 15:52:55,513 - INFO -   Epoch [200/237] Loss: 1.2251
2026-04-05 15:52:56,737 - INFO -   Epoch [210/237] Loss: 1.4981
2026-04-05 15:52:57,969 - INFO -   Epoch [220/237] Loss: 1.0637
2026-04-05 15:52:59,275 - INFO -   Epoch [230/237] Loss: 1.1681
2026-04-05 15:53:01,902 - INFO -   Train Loss: 1.3147
2026-04-05 15:53:01,902 - INFO -   Train Accuracy: 48.43%
2026-04-05 15:53:01,902 - INFO -   Val Loss: 1.2491
2026-04-05 15:53:01,902 - INFO -   Val Accuracy: 49.14% | F1: 0.4954
2026-04-05 15:53:01,902 - INFO -   LR: 0.000100
2026-04-05 15:53:01,902 - INFO -   Patience: 2/30
2026-04-05 15:53:01,902 - INFO - 
Epoch 21/300
2026-04-05 15:53:03,120 - INFO -   Epoch [10/237] Loss: 1.4641
2026-04-05 15:53:04,359 - INFO -   Epoch [20/237] Loss: 0.9470
2026-04-05 15:53:05,590 - INFO -   Epoch [30/237] Loss: 1.2768
2026-04-05 15:53:06,825 - INFO -   Epoch [40/237] Loss: 1.2608
2026-04-05 15:53:08,048 - INFO -   Epoch [50/237] Loss: 1.5848
2026-04-05 15:53:09,277 - INFO -   Epoch [60/237] Loss: 1.3266
2026-04-05 15:53:10,510 - INFO -   Epoch [70/237] Loss: 1.0966
2026-04-05 15:53:11,814 - INFO -   Epoch [80/237] Loss: 1.2964
2026-04-05 15:53:13,052 - INFO -   Epoch [90/237] Loss: 1.2623
2026-04-05 15:53:14,318 - INFO -   Epoch [100/237] Loss: 1.3288
2026-04-05 15:53:15,552 - INFO -   Epoch [110/237] Loss: 1.2684
2026-04-05 15:53:16,785 - INFO -   Epoch [120/237] Loss: 1.1305
2026-04-05 15:53:18,029 - INFO -   Epoch [130/237] Loss: 1.0807
2026-04-05 15:53:19,255 - INFO -   Epoch [140/237] Loss: 1.1605
2026-04-05 15:53:20,475 - INFO -   Epoch [150/237] Loss: 0.9719
2026-04-05 15:53:21,697 - INFO -   Epoch [160/237] Loss: 1.4065
2026-04-05 15:53:22,934 - INFO -   Epoch [170/237] Loss: 1.1114
2026-04-05 15:53:24,165 - INFO -   Epoch [180/237] Loss: 1.2528
2026-04-05 15:53:25,394 - INFO -   Epoch [190/237] Loss: 0.9939
2026-04-05 15:53:26,612 - INFO -   Epoch [200/237] Loss: 1.1346
2026-04-05 15:53:27,851 - INFO -   Epoch [210/237] Loss: 1.1151
2026-04-05 15:53:29,091 - INFO -   Epoch [220/237] Loss: 1.0342
2026-04-05 15:53:30,347 - INFO -   Epoch [230/237] Loss: 1.1851
2026-04-05 15:53:32,969 - INFO -   Train Loss: 1.2641
2026-04-05 15:53:32,969 - INFO -   Train Accuracy: 50.23%
2026-04-05 15:53:32,969 - INFO -   Val Loss: 1.2299
2026-04-05 15:53:32,969 - INFO -   Val Accuracy: 50.12% | F1: 0.5039
2026-04-05 15:53:32,969 - INFO -   LR: 0.000100
2026-04-05 15:53:32,969 - INFO -   Patience: 3/30
2026-04-05 15:53:32,969 - INFO - 
Epoch 22/300
2026-04-05 15:53:34,198 - INFO -   Epoch [10/237] Loss: 1.1354
2026-04-05 15:53:35,440 - INFO -   Epoch [20/237] Loss: 1.1001
2026-04-05 15:53:36,677 - INFO -   Epoch [30/237] Loss: 1.2246
2026-04-05 15:53:37,899 - INFO -   Epoch [40/237] Loss: 1.2149
2026-04-05 15:53:39,145 - INFO -   Epoch [50/237] Loss: 0.8301
2026-04-05 15:53:40,373 - INFO -   Epoch [60/237] Loss: 1.1451
2026-04-05 15:53:41,611 - INFO -   Epoch [70/237] Loss: 1.2377
2026-04-05 15:53:42,843 - INFO -   Epoch [80/237] Loss: 0.9452
2026-04-05 15:53:44,086 - INFO -   Epoch [90/237] Loss: 1.5915
2026-04-05 15:53:45,309 - INFO -   Epoch [100/237] Loss: 1.5065
2026-04-05 15:53:46,541 - INFO -   Epoch [110/237] Loss: 1.3349
2026-04-05 15:53:47,769 - INFO -   Epoch [120/237] Loss: 2.1208
2026-04-05 15:53:49,001 - INFO -   Epoch [130/237] Loss: 1.1868
2026-04-05 15:53:50,227 - INFO -   Epoch [140/237] Loss: 1.4818
2026-04-05 15:53:51,450 - INFO -   Epoch [150/237] Loss: 1.1088
2026-04-05 15:53:52,684 - INFO -   Epoch [160/237] Loss: 0.6102
2026-04-05 15:53:53,928 - INFO -   Epoch [170/237] Loss: 1.1890
2026-04-05 15:53:55,164 - INFO -   Epoch [180/237] Loss: 1.2593
2026-04-05 15:53:56,386 - INFO -   Epoch [190/237] Loss: 1.3820
2026-04-05 15:53:57,615 - INFO -   Epoch [200/237] Loss: 0.8368
2026-04-05 15:53:58,913 - INFO -   Epoch [210/237] Loss: 1.3376
2026-04-05 15:54:00,137 - INFO -   Epoch [220/237] Loss: 1.5880
2026-04-05 15:54:01,403 - INFO -   Epoch [230/237] Loss: 1.5119
2026-04-05 15:54:03,928 - INFO -   Train Loss: 1.2768
2026-04-05 15:54:03,929 - INFO -   Train Accuracy: 48.82%
2026-04-05 15:54:03,929 - INFO -   Val Loss: 1.2373
2026-04-05 15:54:03,929 - INFO -   Val Accuracy: 50.12% | F1: 0.5035
2026-04-05 15:54:03,929 - INFO -   LR: 0.000100
2026-04-05 15:54:03,929 - INFO -   Patience: 4/30
2026-04-05 15:54:03,929 - INFO - 
Epoch 23/300
2026-04-05 15:54:05,163 - INFO -   Epoch [10/237] Loss: 1.6439
2026-04-05 15:54:06,389 - INFO -   Epoch [20/237] Loss: 1.4666
2026-04-05 15:54:07,600 - INFO -   Epoch [30/237] Loss: 1.2240
2026-04-05 15:54:08,814 - INFO -   Epoch [40/237] Loss: 1.1889
2026-04-05 15:54:10,034 - INFO -   Epoch [50/237] Loss: 1.0660
2026-04-05 15:54:11,264 - INFO -   Epoch [60/237] Loss: 1.6226
2026-04-05 15:54:12,491 - INFO -   Epoch [70/237] Loss: 0.9488
2026-04-05 15:54:13,715 - INFO -   Epoch [80/237] Loss: 1.4773
2026-04-05 15:54:14,938 - INFO -   Epoch [90/237] Loss: 1.4035
2026-04-05 15:54:16,167 - INFO -   Epoch [100/237] Loss: 1.0756
2026-04-05 15:54:17,400 - INFO -   Epoch [110/237] Loss: 1.7386
2026-04-05 15:54:18,628 - INFO -   Epoch [120/237] Loss: 0.8721
2026-04-05 15:54:19,915 - INFO -   Epoch [130/237] Loss: 1.0666
2026-04-05 15:54:21,153 - INFO -   Epoch [140/237] Loss: 1.3129
2026-04-05 15:54:22,392 - INFO -   Epoch [150/237] Loss: 1.1462
2026-04-05 15:54:23,668 - INFO -   Epoch [160/237] Loss: 0.8882
2026-04-05 15:54:24,893 - INFO -   Epoch [170/237] Loss: 1.6288
2026-04-05 15:54:26,109 - INFO -   Epoch [180/237] Loss: 1.3211
2026-04-05 15:54:27,336 - INFO -   Epoch [190/237] Loss: 0.9122
2026-04-05 15:54:28,567 - INFO -   Epoch [200/237] Loss: 1.7665
2026-04-05 15:54:29,795 - INFO -   Epoch [210/237] Loss: 1.3341
2026-04-05 15:54:31,022 - INFO -   Epoch [220/237] Loss: 1.9246
2026-04-05 15:54:32,249 - INFO -   Epoch [230/237] Loss: 1.0285
2026-04-05 15:54:34,793 - INFO -   Train Loss: 1.3025
2026-04-05 15:54:34,793 - INFO -   Train Accuracy: 48.50%
2026-04-05 15:54:34,793 - INFO -   Val Loss: 1.2262
2026-04-05 15:54:34,793 - INFO -   Val Accuracy: 50.62% | F1: 0.5081
2026-04-05 15:54:34,794 - INFO -   LR: 0.000100
2026-04-05 15:54:34,794 - INFO -   Patience: 5/30
2026-04-05 15:54:34,794 - INFO - 
Epoch 24/300
2026-04-05 15:54:36,032 - INFO -   Epoch [10/237] Loss: 1.0791
2026-04-05 15:54:37,258 - INFO -   Epoch [20/237] Loss: 1.6024
2026-04-05 15:54:38,469 - INFO -   Epoch [30/237] Loss: 0.9092
2026-04-05 15:54:39,694 - INFO -   Epoch [40/237] Loss: 1.2419
2026-04-05 15:54:40,941 - INFO -   Epoch [50/237] Loss: 0.9701
2026-04-05 15:54:42,181 - INFO -   Epoch [60/237] Loss: 1.4416
2026-04-05 15:54:43,416 - INFO -   Epoch [70/237] Loss: 0.7563
2026-04-05 15:54:44,659 - INFO -   Epoch [80/237] Loss: 1.1120
2026-04-05 15:54:45,898 - INFO -   Epoch [90/237] Loss: 1.4592
2026-04-05 15:54:47,128 - INFO -   Epoch [100/237] Loss: 1.0374
2026-04-05 15:54:48,367 - INFO -   Epoch [110/237] Loss: 1.1900
2026-04-05 15:54:49,600 - INFO -   Epoch [120/237] Loss: 1.2934
2026-04-05 15:54:50,819 - INFO -   Epoch [130/237] Loss: 1.1091
2026-04-05 15:54:52,041 - INFO -   Epoch [140/237] Loss: 1.2676
2026-04-05 15:54:53,272 - INFO -   Epoch [150/237] Loss: 1.2481
2026-04-05 15:54:54,515 - INFO -   Epoch [160/237] Loss: 1.4989
2026-04-05 15:54:55,742 - INFO -   Epoch [170/237] Loss: 1.3663
2026-04-05 15:54:56,970 - INFO -   Epoch [180/237] Loss: 1.0663
2026-04-05 15:54:58,194 - INFO -   Epoch [190/237] Loss: 1.3186
2026-04-05 15:54:59,417 - INFO -   Epoch [200/237] Loss: 1.4789
2026-04-05 15:55:00,645 - INFO -   Epoch [210/237] Loss: 1.2494
2026-04-05 15:55:01,866 - INFO -   Epoch [220/237] Loss: 0.9384
2026-04-05 15:55:03,085 - INFO -   Epoch [230/237] Loss: 1.5571
2026-04-05 15:55:05,627 - INFO -   Train Loss: 1.2576
2026-04-05 15:55:05,627 - INFO -   Train Accuracy: 50.23%
2026-04-05 15:55:05,627 - INFO -   Val Loss: 1.2369
2026-04-05 15:55:05,627 - INFO -   Val Accuracy: 50.12% | F1: 0.4947
2026-04-05 15:55:05,627 - INFO -   LR: 0.000100
2026-04-05 15:55:05,627 - INFO -   Patience: 6/30
2026-04-05 15:55:05,627 - INFO - 
Epoch 25/300
2026-04-05 15:55:06,856 - INFO -   Epoch [10/237] Loss: 1.3158
2026-04-05 15:55:08,102 - INFO -   Epoch [20/237] Loss: 1.4155
2026-04-05 15:55:09,351 - INFO -   Epoch [30/237] Loss: 1.3952
2026-04-05 15:55:10,589 - INFO -   Epoch [40/237] Loss: 1.1638
2026-04-05 15:55:11,825 - INFO -   Epoch [50/237] Loss: 1.2171
2026-04-05 15:55:13,055 - INFO -   Epoch [60/237] Loss: 1.1429
2026-04-05 15:55:14,287 - INFO -   Epoch [70/237] Loss: 1.3616
2026-04-05 15:55:15,525 - INFO -   Epoch [80/237] Loss: 1.3427
2026-04-05 15:55:16,747 - INFO -   Epoch [90/237] Loss: 1.1668
2026-04-05 15:55:17,976 - INFO -   Epoch [100/237] Loss: 0.8356
2026-04-05 15:55:19,264 - INFO -   Epoch [110/237] Loss: 1.3652
2026-04-05 15:55:20,609 - INFO -   Epoch [120/237] Loss: 1.2847
2026-04-05 15:55:21,955 - INFO -   Epoch [130/237] Loss: 1.2897
2026-04-05 15:55:23,189 - INFO -   Epoch [140/237] Loss: 0.9831
2026-04-05 15:55:24,528 - INFO -   Epoch [150/237] Loss: 1.3952
2026-04-05 15:55:25,749 - INFO -   Epoch [160/237] Loss: 1.3099
2026-04-05 15:55:27,062 - INFO -   Epoch [170/237] Loss: 1.3145
2026-04-05 15:55:28,318 - INFO -   Epoch [180/237] Loss: 1.0070
2026-04-05 15:55:29,538 - INFO -   Epoch [190/237] Loss: 0.9540
2026-04-05 15:55:30,769 - INFO -   Epoch [200/237] Loss: 1.3126
2026-04-05 15:55:32,103 - INFO -   Epoch [210/237] Loss: 1.6119
2026-04-05 15:55:33,332 - INFO -   Epoch [220/237] Loss: 1.3578
2026-04-05 15:55:34,548 - INFO -   Epoch [230/237] Loss: 1.2243
2026-04-05 15:55:37,184 - INFO -   Train Loss: 1.2700
2026-04-05 15:55:37,185 - INFO -   Train Accuracy: 50.44%
2026-04-05 15:55:37,186 - INFO -   Val Loss: 1.2199
2026-04-05 15:55:37,186 - INFO -   Val Accuracy: 51.36% | F1: 0.5174
2026-04-05 15:55:37,186 - INFO -   LR: 0.000050
2026-04-05 15:55:37,187 - INFO -   Patience: 7/30
2026-04-05 15:55:37,187 - INFO - 
Epoch 26/300
2026-04-05 15:55:38,418 - INFO -   Epoch [10/237] Loss: 0.9945
2026-04-05 15:55:39,652 - INFO -   Epoch [20/237] Loss: 1.0803
2026-04-05 15:55:40,879 - INFO -   Epoch [30/237] Loss: 1.2227
2026-04-05 15:55:42,195 - INFO -   Epoch [40/237] Loss: 0.9640
2026-04-05 15:55:43,474 - INFO -   Epoch [50/237] Loss: 1.3640
2026-04-05 15:55:44,707 - INFO -   Epoch [60/237] Loss: 1.2754
2026-04-05 15:55:45,936 - INFO -   Epoch [70/237] Loss: 1.3020
2026-04-05 15:55:47,160 - INFO -   Epoch [80/237] Loss: 1.3701
2026-04-05 15:55:48,396 - INFO -   Epoch [90/237] Loss: 1.2383
2026-04-05 15:55:49,699 - INFO -   Epoch [100/237] Loss: 1.6398
2026-04-05 15:55:50,963 - INFO -   Epoch [110/237] Loss: 1.1839
2026-04-05 15:55:52,189 - INFO -   Epoch [120/237] Loss: 1.2638
2026-04-05 15:55:53,420 - INFO -   Epoch [130/237] Loss: 0.9314
2026-04-05 15:55:54,648 - INFO -   Epoch [140/237] Loss: 1.2248
2026-04-05 15:55:55,873 - INFO -   Epoch [150/237] Loss: 1.3935
2026-04-05 15:55:57,134 - INFO -   Epoch [160/237] Loss: 1.1908
2026-04-05 15:55:58,376 - INFO -   Epoch [170/237] Loss: 1.2970
2026-04-05 15:55:59,601 - INFO -   Epoch [180/237] Loss: 1.0874
2026-04-05 15:56:00,836 - INFO -   Epoch [190/237] Loss: 1.3854
2026-04-05 15:56:02,076 - INFO -   Epoch [200/237] Loss: 0.9861
2026-04-05 15:56:03,316 - INFO -   Epoch [210/237] Loss: 0.6788
2026-04-05 15:56:04,540 - INFO -   Epoch [220/237] Loss: 1.6186
2026-04-05 15:56:05,759 - INFO -   Epoch [230/237] Loss: 1.4018
2026-04-05 15:56:08,297 - INFO -   Train Loss: 1.2381
2026-04-05 15:56:08,298 - INFO -   Train Accuracy: 50.76%
2026-04-05 15:56:08,298 - INFO -   Val Loss: 1.2280
2026-04-05 15:56:08,298 - INFO -   Val Accuracy: 50.62% | F1: 0.5095
2026-04-05 15:56:08,298 - INFO -   LR: 0.000050
2026-04-05 15:56:08,298 - INFO -   Patience: 8/30
2026-04-05 15:56:08,298 - INFO - 
Epoch 27/300
2026-04-05 15:56:09,517 - INFO -   Epoch [10/237] Loss: 1.2620
2026-04-05 15:56:10,734 - INFO -   Epoch [20/237] Loss: 1.5221
2026-04-05 15:56:11,960 - INFO -   Epoch [30/237] Loss: 1.1372
2026-04-05 15:56:13,186 - INFO -   Epoch [40/237] Loss: 1.2716
2026-04-05 15:56:14,419 - INFO -   Epoch [50/237] Loss: 1.6748
2026-04-05 15:56:15,661 - INFO -   Epoch [60/237] Loss: 1.7215
2026-04-05 15:56:16,888 - INFO -   Epoch [70/237] Loss: 1.4287
2026-04-05 15:56:18,117 - INFO -   Epoch [80/237] Loss: 0.9186
2026-04-05 15:56:19,352 - INFO -   Epoch [90/237] Loss: 1.3603
2026-04-05 15:56:20,597 - INFO -   Epoch [100/237] Loss: 1.3336
2026-04-05 15:56:21,828 - INFO -   Epoch [110/237] Loss: 1.7389
2026-04-05 15:56:23,059 - INFO -   Epoch [120/237] Loss: 1.1820
2026-04-05 15:56:24,275 - INFO -   Epoch [130/237] Loss: 1.2602
2026-04-05 15:56:25,501 - INFO -   Epoch [140/237] Loss: 1.5084
2026-04-05 15:56:26,745 - INFO -   Epoch [150/237] Loss: 1.2985
2026-04-05 15:56:27,989 - INFO -   Epoch [160/237] Loss: 1.1331
2026-04-05 15:56:29,227 - INFO -   Epoch [170/237] Loss: 1.0142
2026-04-05 15:56:30,462 - INFO -   Epoch [180/237] Loss: 0.8728
2026-04-05 15:56:31,751 - INFO -   Epoch [190/237] Loss: 0.8401
2026-04-05 15:56:33,027 - INFO -   Epoch [200/237] Loss: 1.2135
2026-04-05 15:56:34,277 - INFO -   Epoch [210/237] Loss: 1.5672
2026-04-05 15:56:35,517 - INFO -   Epoch [220/237] Loss: 1.4347
2026-04-05 15:56:36,737 - INFO -   Epoch [230/237] Loss: 1.2608
2026-04-05 15:56:39,294 - INFO -   Train Loss: 1.2557
2026-04-05 15:56:39,294 - INFO -   Train Accuracy: 50.69%
2026-04-05 15:56:39,294 - INFO -   Val Loss: 1.2356
2026-04-05 15:56:39,294 - INFO -   Val Accuracy: 49.38% | F1: 0.4966
2026-04-05 15:56:39,294 - INFO -   LR: 0.000050
2026-04-05 15:56:39,294 - INFO -   Patience: 9/30
2026-04-05 15:56:39,294 - INFO - 
Epoch 28/300
2026-04-05 15:56:40,525 - INFO -   Epoch [10/237] Loss: 1.0511
2026-04-05 15:56:41,753 - INFO -   Epoch [20/237] Loss: 1.2912
2026-04-05 15:56:42,982 - INFO -   Epoch [30/237] Loss: 1.0227
2026-04-05 15:56:44,284 - INFO -   Epoch [40/237] Loss: 0.9720
2026-04-05 15:56:45,520 - INFO -   Epoch [50/237] Loss: 0.9143
2026-04-05 15:56:46,796 - INFO -   Epoch [60/237] Loss: 1.1820
2026-04-05 15:56:48,039 - INFO -   Epoch [70/237] Loss: 1.2026
2026-04-05 15:56:49,268 - INFO -   Epoch [80/237] Loss: 1.0099
2026-04-05 15:56:50,495 - INFO -   Epoch [90/237] Loss: 1.3332
2026-04-05 15:56:51,719 - INFO -   Epoch [100/237] Loss: 1.0151
2026-04-05 15:56:52,937 - INFO -   Epoch [110/237] Loss: 0.9940
2026-04-05 15:56:54,169 - INFO -   Epoch [120/237] Loss: 1.1553
2026-04-05 15:56:55,551 - INFO -   Epoch [130/237] Loss: 1.6851
2026-04-05 15:56:56,885 - INFO -   Epoch [140/237] Loss: 1.1516
2026-04-05 15:56:58,224 - INFO -   Epoch [150/237] Loss: 1.0257
2026-04-05 15:56:59,560 - INFO -   Epoch [160/237] Loss: 1.3830
2026-04-05 15:57:00,887 - INFO -   Epoch [170/237] Loss: 1.6559
2026-04-05 15:57:02,121 - INFO -   Epoch [180/237] Loss: 1.2250
2026-04-05 15:57:03,456 - INFO -   Epoch [190/237] Loss: 1.9924
2026-04-05 15:57:04,686 - INFO -   Epoch [200/237] Loss: 1.1460
2026-04-05 15:57:05,996 - INFO -   Epoch [210/237] Loss: 1.1201
2026-04-05 15:57:07,260 - INFO -   Epoch [220/237] Loss: 1.4550
2026-04-05 15:57:08,479 - INFO -   Epoch [230/237] Loss: 1.3812
2026-04-05 15:57:11,117 - INFO -   Train Loss: 1.2220
2026-04-05 15:57:11,118 - INFO -   Train Accuracy: 52.31%
2026-04-05 15:57:11,118 - INFO -   Val Loss: 1.2343
2026-04-05 15:57:11,118 - INFO -   Val Accuracy: 49.38% | F1: 0.5005
2026-04-05 15:57:11,118 - INFO -   LR: 0.000050
2026-04-05 15:57:11,118 - INFO -   Patience: 10/30
2026-04-05 15:57:11,118 - INFO - 
Epoch 29/300
2026-04-05 15:57:12,342 - INFO -   Epoch [10/237] Loss: 1.2311
2026-04-05 15:57:13,593 - INFO -   Epoch [20/237] Loss: 0.7440
2026-04-05 15:57:14,934 - INFO -   Epoch [30/237] Loss: 1.3002
2026-04-05 15:57:16,198 - INFO -   Epoch [40/237] Loss: 1.0200
2026-04-05 15:57:17,451 - INFO -   Epoch [50/237] Loss: 0.7348
2026-04-05 15:57:18,688 - INFO -   Epoch [60/237] Loss: 1.2609
2026-04-05 15:57:19,914 - INFO -   Epoch [70/237] Loss: 1.1752
2026-04-05 15:57:21,152 - INFO -   Epoch [80/237] Loss: 1.2230
2026-04-05 15:57:22,440 - INFO -   Epoch [90/237] Loss: 1.2182
2026-04-05 15:57:23,695 - INFO -   Epoch [100/237] Loss: 1.2443
2026-04-05 15:57:24,911 - INFO -   Epoch [110/237] Loss: 0.9878
2026-04-05 15:57:26,151 - INFO -   Epoch [120/237] Loss: 1.6078
2026-04-05 15:57:27,393 - INFO -   Epoch [130/237] Loss: 1.1075
2026-04-05 15:57:28,637 - INFO -   Epoch [140/237] Loss: 1.4669
2026-04-05 15:57:29,871 - INFO -   Epoch [150/237] Loss: 0.7688
2026-04-05 15:57:31,172 - INFO -   Epoch [160/237] Loss: 0.6801
2026-04-05 15:57:32,444 - INFO -   Epoch [170/237] Loss: 0.7901
2026-04-05 15:57:33,666 - INFO -   Epoch [180/237] Loss: 1.5988
2026-04-05 15:57:34,896 - INFO -   Epoch [190/237] Loss: 1.1089
2026-04-05 15:57:36,125 - INFO -   Epoch [200/237] Loss: 1.0818
2026-04-05 15:57:37,355 - INFO -   Epoch [210/237] Loss: 1.3193
2026-04-05 15:57:38,577 - INFO -   Epoch [220/237] Loss: 1.0908
2026-04-05 15:57:39,807 - INFO -   Epoch [230/237] Loss: 1.1141
2026-04-05 15:57:42,375 - INFO -   Train Loss: 1.2306
2026-04-05 15:57:42,376 - INFO -   Train Accuracy: 49.21%
2026-04-05 15:57:42,376 - INFO -   Val Loss: 1.2240
2026-04-05 15:57:42,376 - INFO -   Val Accuracy: 50.62% | F1: 0.5146
2026-04-05 15:57:42,376 - INFO -   LR: 0.000050
2026-04-05 15:57:42,376 - INFO -   Patience: 11/30
2026-04-05 15:57:42,376 - INFO - 
Epoch 30/300
2026-04-05 15:57:43,609 - INFO -   Epoch [10/237] Loss: 1.2439
2026-04-05 15:57:44,840 - INFO -   Epoch [20/237] Loss: 1.5277
2026-04-05 15:57:46,079 - INFO -   Epoch [30/237] Loss: 1.3879
2026-04-05 15:57:47,312 - INFO -   Epoch [40/237] Loss: 0.8461
2026-04-05 15:57:48,551 - INFO -   Epoch [50/237] Loss: 0.9314
2026-04-05 15:57:49,790 - INFO -   Epoch [60/237] Loss: 1.3095
2026-04-05 15:57:51,037 - INFO -   Epoch [70/237] Loss: 1.2776
2026-04-05 15:57:52,258 - INFO -   Epoch [80/237] Loss: 1.2286
2026-04-05 15:57:53,478 - INFO -   Epoch [90/237] Loss: 1.3303
2026-04-05 15:57:54,727 - INFO -   Epoch [100/237] Loss: 1.0664
2026-04-05 15:57:55,968 - INFO -   Epoch [110/237] Loss: 1.0473
2026-04-05 15:57:57,206 - INFO -   Epoch [120/237] Loss: 0.8231
2026-04-05 15:57:58,441 - INFO -   Epoch [130/237] Loss: 1.3006
2026-04-05 15:57:59,668 - INFO -   Epoch [140/237] Loss: 1.1672
2026-04-05 15:58:00,897 - INFO -   Epoch [150/237] Loss: 1.3803
2026-04-05 15:58:02,133 - INFO -   Epoch [160/237] Loss: 1.6855
2026-04-05 15:58:03,365 - INFO -   Epoch [170/237] Loss: 1.2736
2026-04-05 15:58:04,598 - INFO -   Epoch [180/237] Loss: 1.2411
2026-04-05 15:58:05,857 - INFO -   Epoch [190/237] Loss: 1.0229
2026-04-05 15:58:07,095 - INFO -   Epoch [200/237] Loss: 1.2717
2026-04-05 15:58:08,320 - INFO -   Epoch [210/237] Loss: 1.2263
2026-04-05 15:58:09,552 - INFO -   Epoch [220/237] Loss: 0.8613
2026-04-05 15:58:10,868 - INFO -   Epoch [230/237] Loss: 1.3102
2026-04-05 15:58:13,477 - INFO -   Train Loss: 1.2412
2026-04-05 15:58:13,477 - INFO -   Train Accuracy: 51.78%
2026-04-05 15:58:13,477 - INFO -   Val Loss: 1.2147
2026-04-05 15:58:13,477 - INFO -   Val Accuracy: 50.37% | F1: 0.5099
2026-04-05 15:58:13,477 - INFO -   LR: 0.000050
2026-04-05 15:58:13,477 - INFO -   Patience: 12/30
2026-04-05 15:58:13,477 - INFO - 
Epoch 31/300
2026-04-05 15:58:14,706 - INFO -   Epoch [10/237] Loss: 0.6801
2026-04-05 15:58:15,965 - INFO -   Epoch [20/237] Loss: 1.1318
2026-04-05 15:58:17,189 - INFO -   Epoch [30/237] Loss: 1.1735
2026-04-05 15:58:18,426 - INFO -   Epoch [40/237] Loss: 0.9366
2026-04-05 15:58:19,655 - INFO -   Epoch [50/237] Loss: 1.1074
2026-04-05 15:58:20,879 - INFO -   Epoch [60/237] Loss: 0.8935
2026-04-05 15:58:22,106 - INFO -   Epoch [70/237] Loss: 1.0613
2026-04-05 15:58:23,329 - INFO -   Epoch [80/237] Loss: 1.2118
2026-04-05 15:58:24,541 - INFO -   Epoch [90/237] Loss: 1.2471
2026-04-05 15:58:25,849 - INFO -   Epoch [100/237] Loss: 0.7252
2026-04-05 15:58:27,078 - INFO -   Epoch [110/237] Loss: 1.5553
2026-04-05 15:58:28,343 - INFO -   Epoch [120/237] Loss: 0.9118
2026-04-05 15:58:29,578 - INFO -   Epoch [130/237] Loss: 1.2484
2026-04-05 15:58:30,811 - INFO -   Epoch [140/237] Loss: 1.3078
2026-04-05 15:58:32,034 - INFO -   Epoch [150/237] Loss: 1.2941
2026-04-05 15:58:33,257 - INFO -   Epoch [160/237] Loss: 1.0955
2026-04-05 15:58:34,483 - INFO -   Epoch [170/237] Loss: 1.0527
2026-04-05 15:58:35,714 - INFO -   Epoch [180/237] Loss: 0.9383
2026-04-05 15:58:36,964 - INFO -   Epoch [190/237] Loss: 1.5341
2026-04-05 15:58:38,198 - INFO -   Epoch [200/237] Loss: 0.6666
2026-04-05 15:58:39,430 - INFO -   Epoch [210/237] Loss: 1.1358
2026-04-05 15:58:40,658 - INFO -   Epoch [220/237] Loss: 1.3634
2026-04-05 15:58:41,880 - INFO -   Epoch [230/237] Loss: 1.0775
2026-04-05 15:58:44,408 - INFO -   Train Loss: 1.2005
2026-04-05 15:58:44,411 - INFO -   Train Accuracy: 51.71%
2026-04-05 15:58:44,411 - INFO -   Val Loss: 1.2005
2026-04-05 15:58:44,411 - INFO -   Val Accuracy: 51.60% | F1: 0.5250
2026-04-05 15:58:44,411 - INFO -   LR: 0.000025
2026-04-05 15:58:44,411 - INFO -   Patience: 13/30
2026-04-05 15:58:44,411 - INFO - 
Epoch 32/300
2026-04-05 15:58:45,640 - INFO -   Epoch [10/237] Loss: 1.2973
2026-04-05 15:58:46,858 - INFO -   Epoch [20/237] Loss: 1.5432
2026-04-05 15:58:48,082 - INFO -   Epoch [30/237] Loss: 1.2096
2026-04-05 15:58:49,304 - INFO -   Epoch [40/237] Loss: 1.1799
2026-04-05 15:58:50,523 - INFO -   Epoch [50/237] Loss: 1.2244
2026-04-05 15:58:51,758 - INFO -   Epoch [60/237] Loss: 1.2288
2026-04-05 15:58:53,007 - INFO -   Epoch [70/237] Loss: 0.7432
2026-04-05 15:58:54,243 - INFO -   Epoch [80/237] Loss: 1.2991
2026-04-05 15:58:55,471 - INFO -   Epoch [90/237] Loss: 1.2290
2026-04-05 15:58:56,692 - INFO -   Epoch [100/237] Loss: 1.6805
2026-04-05 15:58:57,926 - INFO -   Epoch [110/237] Loss: 1.1650
2026-04-05 15:58:59,184 - INFO -   Epoch [120/237] Loss: 1.1720
2026-04-05 15:59:00,433 - INFO -   Epoch [130/237] Loss: 1.5832
2026-04-05 15:59:01,663 - INFO -   Epoch [140/237] Loss: 1.2145
2026-04-05 15:59:02,894 - INFO -   Epoch [150/237] Loss: 1.4988
2026-04-05 15:59:04,116 - INFO -   Epoch [160/237] Loss: 1.5214
2026-04-05 15:59:05,339 - INFO -   Epoch [170/237] Loss: 1.0031
2026-04-05 15:59:06,556 - INFO -   Epoch [180/237] Loss: 0.9667
2026-04-05 15:59:07,777 - INFO -   Epoch [190/237] Loss: 1.1726
2026-04-05 15:59:09,019 - INFO -   Epoch [200/237] Loss: 0.8399
2026-04-05 15:59:10,251 - INFO -   Epoch [210/237] Loss: 1.0799
2026-04-05 15:59:11,477 - INFO -   Epoch [220/237] Loss: 1.1830
2026-04-05 15:59:12,692 - INFO -   Epoch [230/237] Loss: 1.3933
2026-04-05 15:59:15,207 - INFO -   Train Loss: 1.2230
2026-04-05 15:59:15,207 - INFO -   Train Accuracy: 52.10%
2026-04-05 15:59:15,207 - INFO -   Val Loss: 1.1940
2026-04-05 15:59:15,207 - INFO -   Val Accuracy: 52.35% | F1: 0.5320
2026-04-05 15:59:15,207 - INFO -   LR: 0.000025
2026-04-05 15:59:15,207 - INFO -   Patience: 14/30
2026-04-05 15:59:15,207 - INFO - 
Epoch 33/300
2026-04-05 15:59:16,428 - INFO -   Epoch [10/237] Loss: 1.4430
2026-04-05 15:59:17,651 - INFO -   Epoch [20/237] Loss: 0.9756
2026-04-05 15:59:18,878 - INFO -   Epoch [30/237] Loss: 1.1381
2026-04-05 15:59:20,112 - INFO -   Epoch [40/237] Loss: 1.2803
2026-04-05 15:59:21,345 - INFO -   Epoch [50/237] Loss: 1.3154
2026-04-05 15:59:22,569 - INFO -   Epoch [60/237] Loss: 0.7729
2026-04-05 15:59:23,814 - INFO -   Epoch [70/237] Loss: 1.2903
2026-04-05 15:59:25,044 - INFO -   Epoch [80/237] Loss: 1.5592
2026-04-05 15:59:26,286 - INFO -   Epoch [90/237] Loss: 1.8096
2026-04-05 15:59:27,530 - INFO -   Epoch [100/237] Loss: 1.0123
2026-04-05 15:59:28,764 - INFO -   Epoch [110/237] Loss: 1.2111
2026-04-05 15:59:29,994 - INFO -   Epoch [120/237] Loss: 1.3253
2026-04-05 15:59:31,214 - INFO -   Epoch [130/237] Loss: 0.8696
2026-04-05 15:59:32,521 - INFO -   Epoch [140/237] Loss: 1.1164
2026-04-05 15:59:33,747 - INFO -   Epoch [150/237] Loss: 0.9861
2026-04-05 15:59:34,987 - INFO -   Epoch [160/237] Loss: 1.4904
2026-04-05 15:59:36,248 - INFO -   Epoch [170/237] Loss: 1.3028
2026-04-05 15:59:37,473 - INFO -   Epoch [180/237] Loss: 1.6710
2026-04-05 15:59:38,690 - INFO -   Epoch [190/237] Loss: 0.9983
2026-04-05 15:59:39,913 - INFO -   Epoch [200/237] Loss: 1.1276
2026-04-05 15:59:41,131 - INFO -   Epoch [210/237] Loss: 1.2325
2026-04-05 15:59:42,355 - INFO -   Epoch [220/237] Loss: 0.9080
2026-04-05 15:59:43,591 - INFO -   Epoch [230/237] Loss: 1.1823
2026-04-05 15:59:46,110 - INFO -   Train Loss: 1.2183
2026-04-05 15:59:46,110 - INFO -   Train Accuracy: 51.36%
2026-04-05 15:59:46,111 - INFO -   Val Loss: 1.2103
2026-04-05 15:59:46,111 - INFO -   Val Accuracy: 50.12% | F1: 0.5091
2026-04-05 15:59:46,111 - INFO -   LR: 0.000025
2026-04-05 15:59:46,111 - INFO -   Patience: 15/30
2026-04-05 15:59:46,111 - INFO - 
Epoch 34/300
2026-04-05 15:59:47,334 - INFO -   Epoch [10/237] Loss: 1.2420
2026-04-05 15:59:48,587 - INFO -   Epoch [20/237] Loss: 1.0642
2026-04-05 15:59:49,821 - INFO -   Epoch [30/237] Loss: 1.3949
2026-04-05 15:59:51,056 - INFO -   Epoch [40/237] Loss: 1.1480
2026-04-05 15:59:52,289 - INFO -   Epoch [50/237] Loss: 1.5782
2026-04-05 15:59:53,516 - INFO -   Epoch [60/237] Loss: 1.2164
2026-04-05 15:59:54,757 - INFO -   Epoch [70/237] Loss: 1.2412
2026-04-05 15:59:56,004 - INFO -   Epoch [80/237] Loss: 1.2892
2026-04-05 15:59:57,227 - INFO -   Epoch [90/237] Loss: 1.1749
2026-04-05 15:59:58,540 - INFO -   Epoch [100/237] Loss: 0.7635
2026-04-05 15:59:59,768 - INFO -   Epoch [110/237] Loss: 1.0496
2026-04-05 16:00:01,028 - INFO -   Epoch [120/237] Loss: 1.1303
2026-04-05 16:00:02,289 - INFO -   Epoch [130/237] Loss: 1.3440
2026-04-05 16:00:03,511 - INFO -   Epoch [140/237] Loss: 1.0526
2026-04-05 16:00:04,752 - INFO -   Epoch [150/237] Loss: 1.2945
2026-04-05 16:00:06,119 - INFO -   Epoch [160/237] Loss: 1.4209
2026-04-05 16:00:07,491 - INFO -   Epoch [170/237] Loss: 1.0263
2026-04-05 16:00:08,765 - INFO -   Epoch [180/237] Loss: 1.3351
2026-04-05 16:00:10,082 - INFO -   Epoch [190/237] Loss: 1.5135
2026-04-05 16:00:11,304 - INFO -   Epoch [200/237] Loss: 1.6518
2026-04-05 16:00:12,635 - INFO -   Epoch [210/237] Loss: 1.0324
2026-04-05 16:00:13,873 - INFO -   Epoch [220/237] Loss: 0.8579
2026-04-05 16:00:15,197 - INFO -   Epoch [230/237] Loss: 1.4838
2026-04-05 16:00:17,797 - INFO -   Train Loss: 1.1942
2026-04-05 16:00:17,798 - INFO -   Train Accuracy: 53.51%
2026-04-05 16:00:17,798 - INFO -   Val Loss: 1.2099
2026-04-05 16:00:17,798 - INFO -   Val Accuracy: 51.11% | F1: 0.5159
2026-04-05 16:00:17,798 - INFO -   LR: 0.000025
2026-04-05 16:00:17,798 - INFO -   Patience: 16/30
2026-04-05 16:00:17,798 - INFO - 
Epoch 35/300
2026-04-05 16:00:19,099 - INFO -   Epoch [10/237] Loss: 1.4134
2026-04-05 16:00:20,368 - INFO -   Epoch [20/237] Loss: 1.1822
2026-04-05 16:00:21,585 - INFO -   Epoch [30/237] Loss: 1.6618
2026-04-05 16:00:22,805 - INFO -   Epoch [40/237] Loss: 1.5000
2026-04-05 16:00:24,085 - INFO -   Epoch [50/237] Loss: 0.9825
2026-04-05 16:00:25,387 - INFO -   Epoch [60/237] Loss: 0.9066
2026-04-05 16:00:26,622 - INFO -   Epoch [70/237] Loss: 1.1200
2026-04-05 16:00:27,847 - INFO -   Epoch [80/237] Loss: 1.4143
2026-04-05 16:00:29,076 - INFO -   Epoch [90/237] Loss: 1.2334
2026-04-05 16:00:30,389 - INFO -   Epoch [100/237] Loss: 1.1218
2026-04-05 16:00:31,658 - INFO -   Epoch [110/237] Loss: 1.5690
2026-04-05 16:00:32,893 - INFO -   Epoch [120/237] Loss: 1.5335
2026-04-05 16:00:34,131 - INFO -   Epoch [130/237] Loss: 1.3173
2026-04-05 16:00:35,354 - INFO -   Epoch [140/237] Loss: 0.9372
2026-04-05 16:00:36,584 - INFO -   Epoch [150/237] Loss: 0.9279
2026-04-05 16:00:37,876 - INFO -   Epoch [160/237] Loss: 1.0024
2026-04-05 16:00:39,140 - INFO -   Epoch [170/237] Loss: 1.5637
2026-04-05 16:00:40,361 - INFO -   Epoch [180/237] Loss: 0.8190
2026-04-05 16:00:41,583 - INFO -   Epoch [190/237] Loss: 1.7837
2026-04-05 16:00:42,807 - INFO -   Epoch [200/237] Loss: 1.0775
2026-04-05 16:00:44,040 - INFO -   Epoch [210/237] Loss: 1.2537
2026-04-05 16:00:45,281 - INFO -   Epoch [220/237] Loss: 1.6363
2026-04-05 16:00:46,511 - INFO -   Epoch [230/237] Loss: 1.4094
2026-04-05 16:00:49,107 - INFO -   Train Loss: 1.2003
2026-04-05 16:00:49,107 - INFO -   Train Accuracy: 52.80%
2026-04-05 16:00:49,107 - INFO -   Val Loss: 1.2025
2026-04-05 16:00:49,107 - INFO -   Val Accuracy: 51.85% | F1: 0.5267
2026-04-05 16:00:49,107 - INFO -   LR: 0.000025
2026-04-05 16:00:49,107 - INFO -   Patience: 17/30
2026-04-05 16:00:49,107 - INFO - 
Epoch 36/300
2026-04-05 16:00:50,333 - INFO -   Epoch [10/237] Loss: 1.3292
2026-04-05 16:00:51,579 - INFO -   Epoch [20/237] Loss: 0.7491
2026-04-05 16:00:52,827 - INFO -   Epoch [30/237] Loss: 0.9601
2026-04-05 16:00:54,072 - INFO -   Epoch [40/237] Loss: 1.1634
2026-04-05 16:00:55,307 - INFO -   Epoch [50/237] Loss: 1.7894
2026-04-05 16:00:56,531 - INFO -   Epoch [60/237] Loss: 1.0626
2026-04-05 16:00:57,773 - INFO -   Epoch [70/237] Loss: 1.2595
2026-04-05 16:00:59,004 - INFO -   Epoch [80/237] Loss: 1.3831
2026-04-05 16:01:00,225 - INFO -   Epoch [90/237] Loss: 1.0169
2026-04-05 16:01:01,445 - INFO -   Epoch [100/237] Loss: 1.3239
2026-04-05 16:01:02,672 - INFO -   Epoch [110/237] Loss: 1.1714
2026-04-05 16:01:03,900 - INFO -   Epoch [120/237] Loss: 1.4314
2026-04-05 16:01:05,127 - INFO -   Epoch [130/237] Loss: 1.4858
2026-04-05 16:01:06,377 - INFO -   Epoch [140/237] Loss: 1.0863
2026-04-05 16:01:07,601 - INFO -   Epoch [150/237] Loss: 1.4991
2026-04-05 16:01:08,837 - INFO -   Epoch [160/237] Loss: 1.6715
2026-04-05 16:01:10,068 - INFO -   Epoch [170/237] Loss: 1.0248
2026-04-05 16:01:11,290 - INFO -   Epoch [180/237] Loss: 1.8921
2026-04-05 16:01:12,523 - INFO -   Epoch [190/237] Loss: 1.3788
2026-04-05 16:01:13,755 - INFO -   Epoch [200/237] Loss: 1.0082
2026-04-05 16:01:14,987 - INFO -   Epoch [210/237] Loss: 1.0228
2026-04-05 16:01:16,317 - INFO -   Epoch [220/237] Loss: 1.1159
2026-04-05 16:01:17,581 - INFO -   Epoch [230/237] Loss: 1.0912
2026-04-05 16:01:20,137 - INFO -   Train Loss: 1.2143
2026-04-05 16:01:20,137 - INFO -   Train Accuracy: 52.49%
2026-04-05 16:01:20,137 - INFO -   Val Loss: 1.2026
2026-04-05 16:01:20,137 - INFO -   Val Accuracy: 50.37% | F1: 0.5064
2026-04-05 16:01:20,137 - INFO -   LR: 0.000025
2026-04-05 16:01:20,137 - INFO -   Patience: 18/30
2026-04-05 16:01:20,138 - INFO - 
Epoch 37/300
2026-04-05 16:01:21,376 - INFO -   Epoch [10/237] Loss: 1.2539
2026-04-05 16:01:22,610 - INFO -   Epoch [20/237] Loss: 1.3782
2026-04-05 16:01:23,841 - INFO -   Epoch [30/237] Loss: 0.8636
2026-04-05 16:01:25,071 - INFO -   Epoch [40/237] Loss: 1.0628
2026-04-05 16:01:26,297 - INFO -   Epoch [50/237] Loss: 1.0931
2026-04-05 16:01:27,531 - INFO -   Epoch [60/237] Loss: 0.8679
2026-04-05 16:01:28,842 - INFO -   Epoch [70/237] Loss: 0.9851
2026-04-05 16:01:30,065 - INFO -   Epoch [80/237] Loss: 1.3224
2026-04-05 16:01:31,321 - INFO -   Epoch [90/237] Loss: 1.2942
2026-04-05 16:01:32,549 - INFO -   Epoch [100/237] Loss: 0.6912
2026-04-05 16:01:33,773 - INFO -   Epoch [110/237] Loss: 1.0688
2026-04-05 16:01:35,003 - INFO -   Epoch [120/237] Loss: 1.3364
2026-04-05 16:01:36,229 - INFO -   Epoch [130/237] Loss: 1.0808
2026-04-05 16:01:37,452 - INFO -   Epoch [140/237] Loss: 1.6142
2026-04-05 16:01:38,667 - INFO -   Epoch [150/237] Loss: 1.0259
2026-04-05 16:01:39,889 - INFO -   Epoch [160/237] Loss: 1.2402
2026-04-05 16:01:41,116 - INFO -   Epoch [170/237] Loss: 0.9537
2026-04-05 16:01:42,343 - INFO -   Epoch [180/237] Loss: 0.7037
2026-04-05 16:01:43,574 - INFO -   Epoch [190/237] Loss: 1.3421
2026-04-05 16:01:44,793 - INFO -   Epoch [200/237] Loss: 0.8865
2026-04-05 16:01:46,014 - INFO -   Epoch [210/237] Loss: 1.6146
2026-04-05 16:01:47,234 - INFO -   Epoch [220/237] Loss: 1.5357
2026-04-05 16:01:48,464 - INFO -   Epoch [230/237] Loss: 1.0544
2026-04-05 16:01:51,005 - INFO -   Train Loss: 1.1819
2026-04-05 16:01:51,006 - INFO -   Train Accuracy: 53.44%
2026-04-05 16:01:51,006 - INFO -   Val Loss: 1.2000
2026-04-05 16:01:51,006 - INFO -   Val Accuracy: 51.36% | F1: 0.5185
2026-04-05 16:01:51,006 - INFO -   LR: 0.000013
2026-04-05 16:01:51,006 - INFO -   Patience: 19/30
2026-04-05 16:01:51,006 - INFO - 
Epoch 38/300
2026-04-05 16:01:52,228 - INFO -   Epoch [10/237] Loss: 1.1113
2026-04-05 16:01:53,446 - INFO -   Epoch [20/237] Loss: 1.3154
2026-04-05 16:01:54,666 - INFO -   Epoch [30/237] Loss: 1.4787
2026-04-05 16:01:55,898 - INFO -   Epoch [40/237] Loss: 1.2399
2026-04-05 16:01:57,144 - INFO -   Epoch [50/237] Loss: 0.8729
2026-04-05 16:01:58,368 - INFO -   Epoch [60/237] Loss: 1.1837
2026-04-05 16:01:59,584 - INFO -   Epoch [70/237] Loss: 1.1915
2026-04-05 16:02:00,812 - INFO -   Epoch [80/237] Loss: 0.9807
2026-04-05 16:02:02,045 - INFO -   Epoch [90/237] Loss: 1.1598
2026-04-05 16:02:03,271 - INFO -   Epoch [100/237] Loss: 1.0497
2026-04-05 16:02:04,494 - INFO -   Epoch [110/237] Loss: 1.3918
2026-04-05 16:02:05,728 - INFO -   Epoch [120/237] Loss: 0.9414
2026-04-05 16:02:06,980 - INFO -   Epoch [130/237] Loss: 1.0973
2026-04-05 16:02:08,206 - INFO -   Epoch [140/237] Loss: 1.4115
2026-04-05 16:02:09,435 - INFO -   Epoch [150/237] Loss: 1.3958
2026-04-05 16:02:10,681 - INFO -   Epoch [160/237] Loss: 1.3741
2026-04-05 16:02:11,895 - INFO -   Epoch [170/237] Loss: 1.1602
2026-04-05 16:02:13,119 - INFO -   Epoch [180/237] Loss: 1.5094
2026-04-05 16:02:14,405 - INFO -   Epoch [190/237] Loss: 1.0514
2026-04-05 16:02:15,625 - INFO -   Epoch [200/237] Loss: 1.1735
2026-04-05 16:02:16,886 - INFO -   Epoch [210/237] Loss: 1.2379
2026-04-05 16:02:18,120 - INFO -   Epoch [220/237] Loss: 1.2151
2026-04-05 16:02:19,358 - INFO -   Epoch [230/237] Loss: 1.0238
2026-04-05 16:02:21,928 - INFO -   Train Loss: 1.1814
2026-04-05 16:02:21,929 - INFO -   Train Accuracy: 53.12%
2026-04-05 16:02:21,929 - INFO -   Val Loss: 1.2104
2026-04-05 16:02:21,929 - INFO -   Val Accuracy: 51.36% | F1: 0.5204
2026-04-05 16:02:21,929 - INFO -   LR: 0.000013
2026-04-05 16:02:21,929 - INFO -   Patience: 20/30
2026-04-05 16:02:21,929 - INFO - 
Epoch 39/300
2026-04-05 16:02:23,168 - INFO -   Epoch [10/237] Loss: 1.3287
2026-04-05 16:02:24,399 - INFO -   Epoch [20/237] Loss: 1.1922
2026-04-05 16:02:25,644 - INFO -   Epoch [30/237] Loss: 1.0727
2026-04-05 16:02:26,877 - INFO -   Epoch [40/237] Loss: 1.1325
2026-04-05 16:02:28,121 - INFO -   Epoch [50/237] Loss: 0.8503
2026-04-05 16:02:29,357 - INFO -   Epoch [60/237] Loss: 1.5573
2026-04-05 16:02:30,578 - INFO -   Epoch [70/237] Loss: 1.3297
2026-04-05 16:02:31,809 - INFO -   Epoch [80/237] Loss: 0.9274
2026-04-05 16:02:33,033 - INFO -   Epoch [90/237] Loss: 1.2951
2026-04-05 16:02:34,272 - INFO -   Epoch [100/237] Loss: 1.2891
2026-04-05 16:02:35,527 - INFO -   Epoch [110/237] Loss: 1.3624
2026-04-05 16:02:36,769 - INFO -   Epoch [120/237] Loss: 1.2353
2026-04-05 16:02:38,000 - INFO -   Epoch [130/237] Loss: 0.8713
2026-04-05 16:02:39,241 - INFO -   Epoch [140/237] Loss: 0.8975
2026-04-05 16:02:40,470 - INFO -   Epoch [150/237] Loss: 1.0391
2026-04-05 16:02:41,693 - INFO -   Epoch [160/237] Loss: 0.9736
2026-04-05 16:02:42,914 - INFO -   Epoch [170/237] Loss: 1.2186
2026-04-05 16:02:44,145 - INFO -   Epoch [180/237] Loss: 1.0051
2026-04-05 16:02:45,390 - INFO -   Epoch [190/237] Loss: 1.7751
2026-04-05 16:02:46,619 - INFO -   Epoch [200/237] Loss: 0.9108
2026-04-05 16:02:47,869 - INFO -   Epoch [210/237] Loss: 1.1433
2026-04-05 16:02:49,092 - INFO -   Epoch [220/237] Loss: 1.6139
2026-04-05 16:02:50,307 - INFO -   Epoch [230/237] Loss: 0.8180
2026-04-05 16:02:52,820 - INFO -   Train Loss: 1.1932
2026-04-05 16:02:52,820 - INFO -   Train Accuracy: 53.30%
2026-04-05 16:02:52,820 - INFO -   Val Loss: 1.2086
2026-04-05 16:02:52,820 - INFO -   Val Accuracy: 50.62% | F1: 0.5129
2026-04-05 16:02:52,820 - INFO -   LR: 0.000013
2026-04-05 16:02:52,821 - INFO -   Patience: 21/30
2026-04-05 16:02:52,821 - INFO - 
Epoch 40/300
2026-04-05 16:02:54,056 - INFO -   Epoch [10/237] Loss: 1.2193
2026-04-05 16:02:55,298 - INFO -   Epoch [20/237] Loss: 0.9287
2026-04-05 16:02:56,534 - INFO -   Epoch [30/237] Loss: 0.9420
2026-04-05 16:02:57,767 - INFO -   Epoch [40/237] Loss: 1.7887
2026-04-05 16:02:58,993 - INFO -   Epoch [50/237] Loss: 1.1550
2026-04-05 16:03:00,229 - INFO -   Epoch [60/237] Loss: 1.2281
2026-04-05 16:03:01,453 - INFO -   Epoch [70/237] Loss: 0.8922
2026-04-05 16:03:02,685 - INFO -   Epoch [80/237] Loss: 1.1058
2026-04-05 16:03:03,914 - INFO -   Epoch [90/237] Loss: 1.4522
2026-04-05 16:03:05,141 - INFO -   Epoch [100/237] Loss: 1.2297
2026-04-05 16:03:06,371 - INFO -   Epoch [110/237] Loss: 1.1009
2026-04-05 16:03:07,612 - INFO -   Epoch [120/237] Loss: 0.9108
2026-04-05 16:03:08,857 - INFO -   Epoch [130/237] Loss: 1.2137
2026-04-05 16:03:10,090 - INFO -   Epoch [140/237] Loss: 0.8157
2026-04-05 16:03:11,310 - INFO -   Epoch [150/237] Loss: 1.7737
2026-04-05 16:03:12,536 - INFO -   Epoch [160/237] Loss: 1.3199
2026-04-05 16:03:13,761 - INFO -   Epoch [170/237] Loss: 1.0024
2026-04-05 16:03:14,990 - INFO -   Epoch [180/237] Loss: 1.0394
2026-04-05 16:03:16,216 - INFO -   Epoch [190/237] Loss: 0.9772
2026-04-05 16:03:17,441 - INFO -   Epoch [200/237] Loss: 1.1347
2026-04-05 16:03:18,687 - INFO -   Epoch [210/237] Loss: 1.5712
2026-04-05 16:03:19,913 - INFO -   Epoch [220/237] Loss: 1.2724
2026-04-05 16:03:21,134 - INFO -   Epoch [230/237] Loss: 1.1363
2026-04-05 16:03:23,695 - INFO -   Train Loss: 1.1808
2026-04-05 16:03:23,695 - INFO -   Train Accuracy: 53.26%
2026-04-05 16:03:23,695 - INFO -   Val Loss: 1.2016
2026-04-05 16:03:23,695 - INFO -   Val Accuracy: 51.85% | F1: 0.5249
2026-04-05 16:03:23,695 - INFO -   LR: 0.000013
2026-04-05 16:03:23,695 - INFO -   Patience: 22/30
2026-04-05 16:03:23,695 - INFO - 
Epoch 41/300
2026-04-05 16:03:24,915 - INFO -   Epoch [10/237] Loss: 0.8253
2026-04-05 16:03:26,134 - INFO -   Epoch [20/237] Loss: 1.1165
2026-04-05 16:03:27,350 - INFO -   Epoch [30/237] Loss: 1.4235
2026-04-05 16:03:28,582 - INFO -   Epoch [40/237] Loss: 1.0983
2026-04-05 16:03:29,808 - INFO -   Epoch [50/237] Loss: 0.8792
2026-04-05 16:03:31,051 - INFO -   Epoch [60/237] Loss: 1.4102
2026-04-05 16:03:32,287 - INFO -   Epoch [70/237] Loss: 1.2458
2026-04-05 16:03:33,520 - INFO -   Epoch [80/237] Loss: 0.6643
2026-04-05 16:03:34,754 - INFO -   Epoch [90/237] Loss: 0.8719
2026-04-05 16:03:35,982 - INFO -   Epoch [100/237] Loss: 1.6459
2026-04-05 16:03:37,200 - INFO -   Epoch [110/237] Loss: 0.9288
2026-04-05 16:03:38,413 - INFO -   Epoch [120/237] Loss: 1.5432
2026-04-05 16:03:39,632 - INFO -   Epoch [130/237] Loss: 1.4244
2026-04-05 16:03:40,863 - INFO -   Epoch [140/237] Loss: 1.1025
2026-04-05 16:03:42,116 - INFO -   Epoch [150/237] Loss: 1.2288
2026-04-05 16:03:43,346 - INFO -   Epoch [160/237] Loss: 1.0487
2026-04-05 16:03:44,564 - INFO -   Epoch [170/237] Loss: 0.9302
2026-04-05 16:03:45,781 - INFO -   Epoch [180/237] Loss: 1.1998
2026-04-05 16:03:47,019 - INFO -   Epoch [190/237] Loss: 1.1684
2026-04-05 16:03:48,260 - INFO -   Epoch [200/237] Loss: 1.5393
2026-04-05 16:03:49,488 - INFO -   Epoch [210/237] Loss: 0.9401
2026-04-05 16:03:50,715 - INFO -   Epoch [220/237] Loss: 1.0537
2026-04-05 16:03:51,948 - INFO -   Epoch [230/237] Loss: 1.3616
2026-04-05 16:03:54,530 - INFO -   Train Loss: 1.1813
2026-04-05 16:03:54,530 - INFO -   Train Accuracy: 53.26%
2026-04-05 16:03:54,531 - INFO -   Val Loss: 1.2083
2026-04-05 16:03:54,531 - INFO -   Val Accuracy: 50.86% | F1: 0.5159
2026-04-05 16:03:54,531 - INFO -   LR: 0.000013
2026-04-05 16:03:54,531 - INFO -   Patience: 23/30
2026-04-05 16:03:54,531 - INFO - 
Epoch 42/300
2026-04-05 16:03:55,760 - INFO -   Epoch [10/237] Loss: 1.4759
2026-04-05 16:03:57,051 - INFO -   Epoch [20/237] Loss: 0.5842
2026-04-05 16:03:58,284 - INFO -   Epoch [30/237] Loss: 1.0006
2026-04-05 16:03:59,531 - INFO -   Epoch [40/237] Loss: 1.2647
2026-04-05 16:04:00,805 - INFO -   Epoch [50/237] Loss: 1.3469
2026-04-05 16:04:02,032 - INFO -   Epoch [60/237] Loss: 0.8859
2026-04-05 16:04:03,259 - INFO -   Epoch [70/237] Loss: 1.0416
2026-04-05 16:04:04,483 - INFO -   Epoch [80/237] Loss: 1.2778
2026-04-05 16:04:05,706 - INFO -   Epoch [90/237] Loss: 1.3199
2026-04-05 16:04:06,932 - INFO -   Epoch [100/237] Loss: 1.2343
2026-04-05 16:04:08,145 - INFO -   Epoch [110/237] Loss: 1.1111
2026-04-05 16:04:09,387 - INFO -   Epoch [120/237] Loss: 0.9562
2026-04-05 16:04:10,616 - INFO -   Epoch [130/237] Loss: 1.2472
2026-04-05 16:04:11,860 - INFO -   Epoch [140/237] Loss: 1.0609
2026-04-05 16:04:13,092 - INFO -   Epoch [150/237] Loss: 1.7683
2026-04-05 16:04:14,317 - INFO -   Epoch [160/237] Loss: 1.2566
2026-04-05 16:04:15,561 - INFO -   Epoch [170/237] Loss: 0.9515
2026-04-05 16:04:16,806 - INFO -   Epoch [180/237] Loss: 1.0821
2026-04-05 16:04:18,031 - INFO -   Epoch [190/237] Loss: 1.2951
2026-04-05 16:04:19,326 - INFO -   Epoch [200/237] Loss: 1.1929
2026-04-05 16:04:20,560 - INFO -   Epoch [210/237] Loss: 0.9516
2026-04-05 16:04:21,799 - INFO -   Epoch [220/237] Loss: 1.4797
2026-04-05 16:04:23,034 - INFO -   Epoch [230/237] Loss: 0.9277
2026-04-05 16:04:25,612 - INFO -   Train Loss: 1.1896
2026-04-05 16:04:25,612 - INFO -   Train Accuracy: 53.54%
2026-04-05 16:04:25,612 - INFO -   Val Loss: 1.2028
2026-04-05 16:04:25,612 - INFO -   Val Accuracy: 50.86% | F1: 0.5161
2026-04-05 16:04:25,612 - INFO -   LR: 0.000013
2026-04-05 16:04:25,612 - INFO -   Patience: 24/30
2026-04-05 16:04:25,612 - INFO - 
Epoch 43/300
2026-04-05 16:04:26,848 - INFO -   Epoch [10/237] Loss: 0.8120
2026-04-05 16:04:28,100 - INFO -   Epoch [20/237] Loss: 0.9962
2026-04-05 16:04:29,342 - INFO -   Epoch [30/237] Loss: 1.2100
2026-04-05 16:04:30,579 - INFO -   Epoch [40/237] Loss: 1.9227
2026-04-05 16:04:31,814 - INFO -   Epoch [50/237] Loss: 1.0558
2026-04-05 16:04:33,045 - INFO -   Epoch [60/237] Loss: 1.2248
2026-04-05 16:04:34,267 - INFO -   Epoch [70/237] Loss: 0.9247
2026-04-05 16:04:35,497 - INFO -   Epoch [80/237] Loss: 1.2046
2026-04-05 16:04:36,729 - INFO -   Epoch [90/237] Loss: 1.3670
2026-04-05 16:04:37,970 - INFO -   Epoch [100/237] Loss: 1.2479
2026-04-05 16:04:39,201 - INFO -   Epoch [110/237] Loss: 0.9763
2026-04-05 16:04:40,440 - INFO -   Epoch [120/237] Loss: 0.7382
2026-04-05 16:04:41,669 - INFO -   Epoch [130/237] Loss: 1.7122
2026-04-05 16:04:42,897 - INFO -   Epoch [140/237] Loss: 0.9649
2026-04-05 16:04:44,127 - INFO -   Epoch [150/237] Loss: 0.9497
2026-04-05 16:04:45,362 - INFO -   Epoch [160/237] Loss: 1.2036
2026-04-05 16:04:46,595 - INFO -   Epoch [170/237] Loss: 1.2427
2026-04-05 16:04:47,842 - INFO -   Epoch [180/237] Loss: 1.6077
2026-04-05 16:04:49,077 - INFO -   Epoch [190/237] Loss: 1.2527
2026-04-05 16:04:50,309 - INFO -   Epoch [200/237] Loss: 1.2362
2026-04-05 16:04:51,548 - INFO -   Epoch [210/237] Loss: 1.6865
2026-04-05 16:04:52,831 - INFO -   Epoch [220/237] Loss: 1.1303
2026-04-05 16:04:54,075 - INFO -   Epoch [230/237] Loss: 1.7961
2026-04-05 16:04:56,608 - INFO -   Train Loss: 1.1849
2026-04-05 16:04:56,608 - INFO -   Train Accuracy: 54.00%
2026-04-05 16:04:56,608 - INFO -   Val Loss: 1.2075
2026-04-05 16:04:56,608 - INFO -   Val Accuracy: 50.62% | F1: 0.5131
2026-04-05 16:04:56,608 - INFO -   LR: 0.000006
2026-04-05 16:04:56,608 - INFO -   Patience: 25/30
2026-04-05 16:04:56,608 - INFO - 
Epoch 44/300
2026-04-05 16:04:57,858 - INFO -   Epoch [10/237] Loss: 0.9608
2026-04-05 16:04:59,370 - INFO -   Epoch [20/237] Loss: 0.7776
2026-04-05 16:05:00,711 - INFO -   Epoch [30/237] Loss: 0.8310
2026-04-05 16:05:02,040 - INFO -   Epoch [40/237] Loss: 1.2729
2026-04-05 16:05:03,328 - INFO -   Epoch [50/237] Loss: 1.1366
2026-04-05 16:05:04,747 - INFO -   Epoch [60/237] Loss: 1.2527
2026-04-05 16:05:06,151 - INFO -   Epoch [70/237] Loss: 1.0528
2026-04-05 16:05:07,537 - INFO -   Epoch [80/237] Loss: 1.0189
2026-04-05 16:05:08,905 - INFO -   Epoch [90/237] Loss: 0.8379
2026-04-05 16:05:10,318 - INFO -   Epoch [100/237] Loss: 1.6067
2026-04-05 16:05:11,709 - INFO -   Epoch [110/237] Loss: 1.6077
2026-04-05 16:05:13,045 - INFO -   Epoch [120/237] Loss: 1.2078
2026-04-05 16:05:14,428 - INFO -   Epoch [130/237] Loss: 0.9440
2026-04-05 16:05:15,754 - INFO -   Epoch [140/237] Loss: 1.3759
2026-04-05 16:05:17,137 - INFO -   Epoch [150/237] Loss: 1.4824
2026-04-05 16:05:18,484 - INFO -   Epoch [160/237] Loss: 0.5683
2026-04-05 16:05:19,851 - INFO -   Epoch [170/237] Loss: 1.3721
2026-04-05 16:05:21,202 - INFO -   Epoch [180/237] Loss: 1.3055
2026-04-05 16:05:22,534 - INFO -   Epoch [190/237] Loss: 1.1929
2026-04-05 16:05:23,922 - INFO -   Epoch [200/237] Loss: 0.9790
2026-04-05 16:05:25,293 - INFO -   Epoch [210/237] Loss: 0.8874
2026-04-05 16:05:26,615 - INFO -   Epoch [220/237] Loss: 0.9546
2026-04-05 16:05:28,044 - INFO -   Epoch [230/237] Loss: 1.2759
2026-04-05 16:05:30,810 - INFO -   Train Loss: 1.1893
2026-04-05 16:05:30,810 - INFO -   Train Accuracy: 53.47%
2026-04-05 16:05:30,811 - INFO -   Val Loss: 1.2024
2026-04-05 16:05:30,811 - INFO -   Val Accuracy: 50.86% | F1: 0.5168
2026-04-05 16:05:30,811 - INFO -   LR: 0.000006
2026-04-05 16:05:30,811 - INFO -   Patience: 26/30
2026-04-05 16:05:30,811 - INFO - 
Epoch 45/300
2026-04-05 16:05:32,087 - INFO -   Epoch [10/237] Loss: 1.5646
2026-04-05 16:05:33,320 - INFO -   Epoch [20/237] Loss: 1.2189
2026-04-05 16:05:34,597 - INFO -   Epoch [30/237] Loss: 0.9897
2026-04-05 16:05:35,875 - INFO -   Epoch [40/237] Loss: 1.2271
2026-04-05 16:05:37,136 - INFO -   Epoch [50/237] Loss: 0.9434
2026-04-05 16:05:38,404 - INFO -   Epoch [60/237] Loss: 1.1931
2026-04-05 16:05:39,651 - INFO -   Epoch [70/237] Loss: 1.2619
2026-04-05 16:05:40,872 - INFO -   Epoch [80/237] Loss: 0.9556
2026-04-05 16:05:42,137 - INFO -   Epoch [90/237] Loss: 1.5842
2026-04-05 16:05:43,358 - INFO -   Epoch [100/237] Loss: 1.1623
2026-04-05 16:05:44,610 - INFO -   Epoch [110/237] Loss: 1.3956
2026-04-05 16:05:45,865 - INFO -   Epoch [120/237] Loss: 1.3974
2026-04-05 16:05:47,155 - INFO -   Epoch [130/237] Loss: 1.2249
2026-04-05 16:05:48,439 - INFO -   Epoch [140/237] Loss: 1.3290
2026-04-05 16:05:49,730 - INFO -   Epoch [150/237] Loss: 1.2089
2026-04-05 16:05:51,002 - INFO -   Epoch [160/237] Loss: 1.0276
2026-04-05 16:05:52,280 - INFO -   Epoch [170/237] Loss: 0.6513
2026-04-05 16:05:53,509 - INFO -   Epoch [180/237] Loss: 1.1804
2026-04-05 16:05:54,780 - INFO -   Epoch [190/237] Loss: 0.8547
2026-04-05 16:05:56,021 - INFO -   Epoch [200/237] Loss: 1.1866
2026-04-05 16:05:57,308 - INFO -   Epoch [210/237] Loss: 0.8765
2026-04-05 16:05:58,539 - INFO -   Epoch [220/237] Loss: 1.0189
2026-04-05 16:05:59,785 - INFO -   Epoch [230/237] Loss: 0.9456
2026-04-05 16:06:02,421 - INFO -   Train Loss: 1.1766
2026-04-05 16:06:02,422 - INFO -   Train Accuracy: 54.04%
2026-04-05 16:06:02,422 - INFO -   Val Loss: 1.2082
2026-04-05 16:06:02,422 - INFO -   Val Accuracy: 50.62% | F1: 0.5134
2026-04-05 16:06:02,422 - INFO -   LR: 0.000006
2026-04-05 16:06:02,422 - INFO -   Patience: 27/30
2026-04-05 16:06:02,422 - INFO - 
Epoch 46/300
2026-04-05 16:06:03,691 - INFO -   Epoch [10/237] Loss: 1.0982
2026-04-05 16:06:04,939 - INFO -   Epoch [20/237] Loss: 1.1627
2026-04-05 16:06:06,182 - INFO -   Epoch [30/237] Loss: 0.8859
2026-04-05 16:06:07,414 - INFO -   Epoch [40/237] Loss: 0.9313
2026-04-05 16:06:08,687 - INFO -   Epoch [50/237] Loss: 0.9409
2026-04-05 16:06:09,922 - INFO -   Epoch [60/237] Loss: 1.5881
2026-04-05 16:06:11,140 - INFO -   Epoch [70/237] Loss: 0.9150
2026-04-05 16:06:12,367 - INFO -   Epoch [80/237] Loss: 1.4481
2026-04-05 16:06:13,623 - INFO -   Epoch [90/237] Loss: 1.2732
2026-04-05 16:06:14,858 - INFO -   Epoch [100/237] Loss: 1.0077
2026-04-05 16:06:16,087 - INFO -   Epoch [110/237] Loss: 0.8587
2026-04-05 16:06:17,323 - INFO -   Epoch [120/237] Loss: 0.9825
2026-04-05 16:06:18,563 - INFO -   Epoch [130/237] Loss: 1.1126
2026-04-05 16:06:19,800 - INFO -   Epoch [140/237] Loss: 1.1567
2026-04-05 16:06:21,092 - INFO -   Epoch [150/237] Loss: 1.5860
2026-04-05 16:06:22,319 - INFO -   Epoch [160/237] Loss: 1.1150
2026-04-05 16:06:23,563 - INFO -   Epoch [170/237] Loss: 1.1421
2026-04-05 16:06:24,797 - INFO -   Epoch [180/237] Loss: 1.5291
2026-04-05 16:06:26,137 - INFO -   Epoch [190/237] Loss: 0.8544
2026-04-05 16:06:27,509 - INFO -   Epoch [200/237] Loss: 1.1795
2026-04-05 16:06:28,905 - INFO -   Epoch [210/237] Loss: 1.0014
2026-04-05 16:06:30,243 - INFO -   Epoch [220/237] Loss: 1.1927
2026-04-05 16:06:31,462 - INFO -   Epoch [230/237] Loss: 1.0782
2026-04-05 16:06:34,024 - INFO -   Train Loss: 1.1920
2026-04-05 16:06:34,025 - INFO -   Train Accuracy: 52.66%
2026-04-05 16:06:34,025 - INFO -   Val Loss: 1.2089
2026-04-05 16:06:34,025 - INFO -   Val Accuracy: 51.11% | F1: 0.5171
2026-04-05 16:06:34,025 - INFO -   LR: 0.000006
2026-04-05 16:06:34,025 - INFO -   Patience: 28/30
2026-04-05 16:06:34,025 - INFO - 
Epoch 47/300
2026-04-05 16:06:35,309 - INFO -   Epoch [10/237] Loss: 0.6574
2026-04-05 16:06:36,583 - INFO -   Epoch [20/237] Loss: 1.1250
2026-04-05 16:06:37,875 - INFO -   Epoch [30/237] Loss: 1.3518
2026-04-05 16:06:39,165 - INFO -   Epoch [40/237] Loss: 1.0000
2026-04-05 16:06:40,440 - INFO -   Epoch [50/237] Loss: 1.1480
2026-04-05 16:06:41,728 - INFO -   Epoch [60/237] Loss: 1.4504
2026-04-05 16:06:43,010 - INFO -   Epoch [70/237] Loss: 1.2061
2026-04-05 16:06:44,276 - INFO -   Epoch [80/237] Loss: 1.0894
2026-04-05 16:06:45,494 - INFO -   Epoch [90/237] Loss: 1.3413
2026-04-05 16:06:46,781 - INFO -   Epoch [100/237] Loss: 1.3471
2026-04-05 16:06:48,060 - INFO -   Epoch [110/237] Loss: 1.0618
2026-04-05 16:06:49,288 - INFO -   Epoch [120/237] Loss: 1.4350
2026-04-05 16:06:50,568 - INFO -   Epoch [130/237] Loss: 1.1645
2026-04-05 16:06:51,801 - INFO -   Epoch [140/237] Loss: 1.1248
2026-04-05 16:06:53,024 - INFO -   Epoch [150/237] Loss: 1.5082
2026-04-05 16:06:54,312 - INFO -   Epoch [160/237] Loss: 0.9851
2026-04-05 16:06:55,531 - INFO -   Epoch [170/237] Loss: 1.3080
2026-04-05 16:06:56,759 - INFO -   Epoch [180/237] Loss: 1.2883
2026-04-05 16:06:58,031 - INFO -   Epoch [190/237] Loss: 0.9079
2026-04-05 16:06:59,271 - INFO -   Epoch [200/237] Loss: 1.1423
2026-04-05 16:07:00,532 - INFO -   Epoch [210/237] Loss: 1.0562
2026-04-05 16:07:01,780 - INFO -   Epoch [220/237] Loss: 1.0299
2026-04-05 16:07:03,021 - INFO -   Epoch [230/237] Loss: 1.2531
2026-04-05 16:07:05,659 - INFO -   Train Loss: 1.1646
2026-04-05 16:07:05,659 - INFO -   Train Accuracy: 54.00%
2026-04-05 16:07:05,659 - INFO -   Val Loss: 1.2056
2026-04-05 16:07:05,659 - INFO -   Val Accuracy: 51.11% | F1: 0.5172
2026-04-05 16:07:05,659 - INFO -   LR: 0.000006
2026-04-05 16:07:05,659 - INFO -   Patience: 29/30
2026-04-05 16:07:05,659 - INFO - 
Epoch 48/300
2026-04-05 16:07:06,908 - INFO -   Epoch [10/237] Loss: 1.5845
2026-04-05 16:07:08,142 - INFO -   Epoch [20/237] Loss: 1.0237
2026-04-05 16:07:09,519 - INFO -   Epoch [30/237] Loss: 1.1617
2026-04-05 16:07:10,897 - INFO -   Epoch [40/237] Loss: 0.6234
2026-04-05 16:07:12,233 - INFO -   Epoch [50/237] Loss: 0.9589
2026-04-05 16:07:13,524 - INFO -   Epoch [60/237] Loss: 1.1342
2026-04-05 16:07:14,784 - INFO -   Epoch [70/237] Loss: 0.9818
2026-04-05 16:07:16,035 - INFO -   Epoch [80/237] Loss: 1.0586
2026-04-05 16:07:17,303 - INFO -   Epoch [90/237] Loss: 0.9779
2026-04-05 16:07:18,578 - INFO -   Epoch [100/237] Loss: 1.1579
2026-04-05 16:07:19,850 - INFO -   Epoch [110/237] Loss: 0.9345
2026-04-05 16:07:21,141 - INFO -   Epoch [120/237] Loss: 1.5467
2026-04-05 16:07:22,557 - INFO -   Epoch [130/237] Loss: 1.2335
2026-04-05 16:07:24,043 - INFO -   Epoch [140/237] Loss: 0.7535
2026-04-05 16:07:25,424 - INFO -   Epoch [150/237] Loss: 1.1794
2026-04-05 16:07:26,810 - INFO -   Epoch [160/237] Loss: 1.2429
2026-04-05 16:07:28,233 - INFO -   Epoch [170/237] Loss: 1.2146
2026-04-05 16:07:29,559 - INFO -   Epoch [180/237] Loss: 1.2615
2026-04-05 16:07:30,955 - INFO -   Epoch [190/237] Loss: 1.1918
2026-04-05 16:07:32,352 - INFO -   Epoch [200/237] Loss: 1.6588
2026-04-05 16:07:33,696 - INFO -   Epoch [210/237] Loss: 1.1358
2026-04-05 16:07:35,093 - INFO -   Epoch [220/237] Loss: 1.6232
2026-04-05 16:07:36,437 - INFO -   Epoch [230/237] Loss: 1.3872
2026-04-05 16:07:39,517 - INFO -   Train Loss: 1.1729
2026-04-05 16:07:39,517 - INFO -   Train Accuracy: 53.65%
2026-04-05 16:07:39,517 - INFO -   Val Loss: 1.2085
2026-04-05 16:07:39,517 - INFO -   Val Accuracy: 50.62% | F1: 0.5127
2026-04-05 16:07:39,518 - INFO -   LR: 0.000006
2026-04-05 16:07:39,518 - INFO -   Patience: 30/30
2026-04-05 16:07:39,518 - INFO - 
✓ Early stopping at epoch 48
2026-04-05 16:07:39,518 - INFO - 
✓ Training completed!
2026-04-05 16:07:39,518 - INFO -   Best Accuracy: 52.59%
2026-04-05 16:07:39,518 - INFO - 
================================================================================
2026-04-05 16:07:39,518 - INFO - Step 7: Testing
2026-04-05 16:07:39,518 - INFO - ================================================================================
/workspace/Graph_Deep_Learning/20251001-PRD_18-21-24-mobility_change_pattern/analysis/PRD-Mobility-Change-Pattern/train_multiscale_temporal.py:930: FutureWarning: You are using `torch.load` with `weights_only=False` (the current default value), which uses the default pickle module implicitly. It is possible to construct malicious pickle data which will execute arbitrary code during unpickling (See https://github.com/pytorch/pytorch/blob/main/SECURITY.md#untrusted-models for more details). In a future release, the default value for `weights_only` will be flipped to `True`. This limits the functions that could be executed during unpickling. Arbitrary objects will no longer be allowed to be loaded via this mode unless they are explicitly allowlisted by the user via `torch.serialization.add_safe_globals`. We recommend you start setting `weights_only=True` for any use case where you don't have full control of the loaded file. Please open an issue on GitHub for any issues related to this experimental feature.
  checkpoint = torch.load(f"{output_dir}/models/best_model.pth")
2026-04-05 16:07:39,613 - INFO - ✓ Loaded best model from epoch 18
2026-04-05 16:07:43,852 - INFO - 
Test Results:
2026-04-05 16:07:43,853 - INFO -   - Accuracy: 55.19%
2026-04-05 16:07:43,853 - INFO -   - F1 Score: 0.5526
2026-04-05 16:07:43,855 - INFO -   - Kappa: 0.4953
2026-04-05 16:07:43,864 - INFO - 
✓ All results saved to outputs/multiscale_temporal_20260405_154227_labels_sgh_entropy_0.05_per_450_ablation_A1a_gine2l/metrics/
2026-04-05 16:07:43,864 - INFO -   - test_results.json
2026-04-05 16:07:43,864 - INFO -   - classification_report.txt
2026-04-05 16:07:43,864 - INFO -   - confusion_matrix.npy
2026-04-05 16:07:43,864 - INFO - 
================================================================================
2026-04-05 16:07:43,864 - INFO - Training Time Statistics
2026-04-05 16:07:43,864 - INFO - ================================================================================
2026-04-05 16:07:43,864 - INFO - Start time:    2026-04-05 15:42:27
2026-04-05 16:07:43,864 - INFO - End time:      2026-04-05 16:07:43
2026-04-05 16:07:43,864 - INFO - Total time:    00:25:16 (1516.05 seconds)
2026-04-05 16:07:43,865 - INFO -                (25.27 minutes, 0.42 hours)
2026-04-05 16:07:43,865 - INFO - ================================================================================
2026-04-05 16:07:43,865 - INFO - ✓ Timing info saved to outputs/multiscale_temporal_20260405_154227_labels_sgh_entropy_0.05_per_450_ablation_A1a_gine2l/metrics/timing_info.json
2026-04-05 16:07:43,865 - INFO - ================================================================================
[LapPE] Loading from cache: outputs/.laplacian_pe_cache/lpe_n65049_k8_topk20x20.pt
[LapPE] Loaded: torch.Size([65049, 8])
