2026-04-05 18:29:39,877 - INFO - ================================================================================
2026-04-05 18:29:39,877 - INFO - Multi-Scale Temporal Branch Training
2026-04-05 18:29:39,877 - INFO - ================================================================================
2026-04-05 18:29:39,877 - INFO - Training started at: 2026-04-05 18:29:39
2026-04-05 18:29:39,877 - INFO - 
Improvement: Multi-Scale Temporal Branch (hourly + daily + weekly)
2026-04-05 18:29:39,877 - INFO - Dataset: data/labels_sgh_entropy_0.05_per_450.csv with flow threshold 0.0 and 168 time steps
2026-04-05 18:29:39,877 - INFO - Runtime overrides | spatial_model=GCN, samples_per_class=None, epochs=300, batch_size=12, lr=0.0001, grad_accum=4, early_stop=30, use_cache=True
2026-04-05 18:29:39,877 - INFO - Temporal override | temporal_model=TRANSFORMER
2026-04-05 18:29:39,877 - INFO - Temporal layer override | layers=3
2026-04-05 18:29:39,877 - INFO - Graph overrides | topk_out=20, topk_in=20, topk_enabled=True
2026-04-05 18:29:39,877 - INFO - Graph temporal mode | mode=static
2026-04-05 18:29:39,877 - INFO - Seed override | random_seed=202
2026-04-05 18:29:39,877 - INFO - Spatial node feature mode | mode=raw_temporal_mean
2026-04-05 18:29:39,877 - INFO - GINE edge feature mode | mode=flow_only
2026-04-05 18:29:39,877 - INFO - Temporal feature mode | mode=inflow_outflow
2026-04-05 18:29:39,877 - INFO - Split manifest | load=None, export=None
2026-04-05 18:29:39,878 - INFO - Branch ablation mode | mode=full
2026-04-05 18:29:39,878 - INFO - Fusion ablation mode | mode=gated
2026-04-05 18:29:39,878 - INFO - 
Output directory: outputs/multiscale_temporal_20260405_182939_labels_sgh_entropy_0.05_per_450_comparison_A2_gcn
2026-04-05 18:29:39,878 - INFO - Log file: outputs/multiscale_temporal_20260405_182939_labels_sgh_entropy_0.05_per_450_comparison_A2_gcn/training.log
2026-04-05 18:29:39,878 - INFO - 
================================================================================
2026-04-05 18:29:39,878 - INFO - Step 1: Loading data
2026-04-05 18:29:39,878 - INFO - ================================================================================
2026-04-05 18:29:39,879 - INFO - ================================================================================
2026-04-05 18:29:39,879 - INFO - Dual-Year Experiment Data Preparation
2026-04-05 18:29:39,879 - INFO - ================================================================================
2026-04-05 18:29:39,879 - INFO - Label file: data/labels_sgh_entropy_0.05_per_450.csv
2026-04-05 18:29:39,879 - INFO - Samples per class: ALL
2026-04-05 18:29:39,879 - INFO - 
2026-04-05 18:29:39,879 - INFO - Loading grid metadata...
2026-04-05 18:29:39,880 - INFO - Loading grid metadata from data/grid_metadata/sgh_grid_metadata.csv
2026-04-05 18:29:39,942 - INFO - Loaded 65049 valid grid cells
2026-04-05 18:29:39,948 - INFO - ================================================================================
2026-04-05 18:29:39,948 - INFO - Loading Feature Cache (Level-1)
2026-04-05 18:29:39,948 - INFO - ================================================================================
2026-04-05 18:29:39,948 - INFO - Feature cache file: data/cache/features/dual_year_features_cb92786c4c45.pkl
/opt/conda/lib/python3.11/site-packages/torch/storage.py:414: FutureWarning: You are using `torch.load` with `weights_only=False` (the current default value), which uses the default pickle module implicitly. It is possible to construct malicious pickle data which will execute arbitrary code during unpickling (See https://github.com/pytorch/pytorch/blob/main/SECURITY.md#untrusted-models for more details). In a future release, the default value for `weights_only` will be flipped to `True`. This limits the functions that could be executed during unpickling. Arbitrary objects will no longer be allowed to be loaded via this mode unless they are explicitly allowlisted by the user via `torch.serialization.add_safe_globals`. We recommend you start setting `weights_only=True` for any use case where you don't have full control of the loaded file. Please open an issue on GitHub for any issues related to this experimental feature.
  return torch.load(io.BytesIO(b))
2026-04-05 18:29:40,017 - INFO - ✓ Feature cache hit
2026-04-05 18:29:40,017 - INFO -   - Total labeled grids: 4050
2026-04-05 18:29:40,017 - INFO - Building/loading spatial graphs...
2026-04-05 18:29:40,017 - INFO - CRITICAL FIX: Using GLOBAL metadata (all 65049 grids)
2026-04-05 18:29:40,123 - INFO - ================================================================================
2026-04-05 18:29:40,123 - INFO - Loading Graph Cache (Level-2 variant)
2026-04-05 18:29:40,123 - INFO - ================================================================================
2026-04-05 18:29:40,123 - INFO - Graph cache file: data/cache/graphs/dual_year_graph_variant_e839d9847c9c.pkl
2026-04-05 18:29:40,163 - INFO - ✓ Graph variant cache hit
2026-04-05 18:29:40,164 - INFO - 
✓ CRITICAL FIX APPLIED:
2026-04-05 18:29:40,164 - INFO -   - Global graph nodes: 65049 (from 65049 metadata)
2026-04-05 18:29:40,164 - INFO -   - Labeled nodes for training: 4050
2026-04-05 18:29:40,164 - INFO -   - Unlabeled nodes in graph: 60999
2026-04-05 18:29:40,164 - INFO -   - Graph temporal mode: static
2026-04-05 18:29:40,164 - INFO -   - Graph edge feature mode: flow_only
2026-04-05 18:29:40,164 - INFO -   - Graph snapshots per year: 1
2026-04-05 18:29:40,164 - INFO -   - Graph 2021 edges (snapshot0): 1034676
2026-04-05 18:29:40,164 - INFO -   - Graph 2024 edges (snapshot0): 1179275
2026-04-05 18:29:40,164 - INFO - 
Architecture:
2026-04-05 18:29:40,164 - INFO -   - Temporal Branch (LSTM): Uses 4050 labeled nodes with (168, 2) features
2026-04-05 18:29:40,164 - INFO -   - Spatial Branch (GCN/SAGE): Uses 65049 nodes with all-1 features
2026-04-05 18:29:40,164 - INFO -   - Feature dimension per labeled node: (168, 4)
2026-04-05 18:29:40,165 - INFO - 
Two-level cache summary:
2026-04-05 18:29:40,165 - INFO -   - Feature cache: data/cache/features/dual_year_features_cb92786c4c45.pkl
2026-04-05 18:29:40,165 - INFO -   - Graph base cache: data/cache/graphs/dual_year_graph_base_d4d046bfdc14.pkl
2026-04-05 18:29:40,165 - INFO -   - Graph variant cache: data/cache/graphs/dual_year_graph_variant_e839d9847c9c.pkl
2026-04-05 18:29:40,172 - INFO - ✓ Data loaded successfully
2026-04-05 18:29:40,172 - INFO -   - Total grids: 4050
2026-04-05 18:29:40,172 - INFO -   - Feature shape: (168, 4)
2026-04-05 18:29:40,172 - INFO -   - Graph 2021 edges: 1034676
2026-04-05 18:29:40,172 - INFO -   - Graph 2024 edges: 1179275
2026-04-05 18:29:40,172 - INFO -   - Graph edge feature mode: flow_only
2026-04-05 18:29:40,172 - INFO - 
================================================================================
2026-04-05 18:29:40,172 - INFO - Step 2: Preparing temporal features
2026-04-05 18:29:40,172 - INFO - ================================================================================
2026-04-05 18:29:40,214 - INFO - ✓ Temporal features prepared
2026-04-05 18:29:40,214 - INFO - 
================================================================================
2026-04-05 18:29:40,214 - INFO - Step 3: Creating dataset
2026-04-05 18:29:40,214 - INFO - ================================================================================
2026-04-05 18:29:40,214 - INFO - ✓ Dataset created: 4050 samples
2026-04-05 18:29:40,218 - INFO -   - Split Source: seeded_random_split
2026-04-05 18:29:40,218 - INFO -   - Wrote Split Manifest: outputs/multiscale_temporal_20260405_182939_labels_sgh_entropy_0.05_per_450_comparison_A2_gcn/metrics/split_manifest.json
2026-04-05 18:29:40,218 - INFO -   - Train: 2835 samples
2026-04-05 18:29:40,218 - INFO -   - Val: 405 samples
2026-04-05 18:29:40,218 - INFO -   - Test: 810 samples
2026-04-05 18:29:40,536 - INFO - ✓ Data loaders created
2026-04-05 18:29:40,536 - INFO - 
================================================================================
2026-04-05 18:29:40,536 - INFO - Step 4: Creating Enhanced Model
2026-04-05 18:29:40,536 - INFO - ================================================================================
2026-04-05 18:29:40,536 - INFO - Using device: cuda
2026-04-05 18:29:40,536 - INFO - Spatial model: GCN
2026-04-05 18:29:40,536 - INFO - Temporal model: TRANSFORMER
2026-04-05 18:29:41,033 - INFO - ✓ Enhanced model created
2026-04-05 18:29:41,033 - INFO -   - Total parameters: 4,790,479
2026-04-05 18:29:41,033 - INFO -   - Trainable parameters: 4,790,479
2026-04-05 18:29:41,033 - INFO -   - Multi-scale temporal: Hourly + Daily + Weekly
2026-04-05 18:29:41,033 - INFO -   - Temporal branch model: TRANSFORMER
2026-04-05 18:29:41,033 - INFO -   - Spatial branch: GCN
2026-04-05 18:29:41,033 - INFO -   - Branch ablation mode: full
2026-04-05 18:29:41,033 - INFO -   - Fusion ablation mode: gated
2026-04-05 18:29:41,034 - INFO - 
================================================================================
2026-04-05 18:29:41,034 - INFO - Step 5: Setting up training
2026-04-05 18:29:41,034 - INFO - ================================================================================
/opt/conda/lib/python3.11/site-packages/torch/optim/lr_scheduler.py:60: UserWarning: The verbose parameter is deprecated. Please use get_last_lr() to access the learning rate.
  warnings.warn(
2026-04-05 18:29:41,035 - INFO - ✓ Training setup complete
2026-04-05 18:29:41,035 - INFO -   - Optimizer: Adam (lr=0.0001, wd=0.001)
2026-04-05 18:29:41,035 - INFO -   - Scheduler: ReduceLROnPlateau (patience=5, factor=0.5)
2026-04-05 18:29:41,036 - INFO -   - Loss: Weighted CrossEntropy
2026-04-05 18:29:41,036 - INFO - 
================================================================================
2026-04-05 18:29:41,036 - INFO - Step 6: Training
2026-04-05 18:29:41,036 - INFO - ================================================================================
2026-04-05 18:29:41,036 - INFO - 
Epoch 1/300
2026-04-05 18:29:43,037 - INFO -   Epoch [10/237] Loss: 2.2129
2026-04-05 18:29:44,467 - INFO -   Epoch [20/237] Loss: 2.2720
2026-04-05 18:29:45,884 - INFO -   Epoch [30/237] Loss: 2.2265
2026-04-05 18:29:47,303 - INFO -   Epoch [40/237] Loss: 2.1277
2026-04-05 18:29:48,720 - INFO -   Epoch [50/237] Loss: 1.9637
2026-04-05 18:29:50,151 - INFO -   Epoch [60/237] Loss: 2.2001
2026-04-05 18:29:51,587 - INFO -   Epoch [70/237] Loss: 2.0121
2026-04-05 18:29:53,017 - INFO -   Epoch [80/237] Loss: 2.0166
2026-04-05 18:29:54,439 - INFO -   Epoch [90/237] Loss: 1.9504
2026-04-05 18:29:55,864 - INFO -   Epoch [100/237] Loss: 2.5344
2026-04-05 18:29:57,288 - INFO -   Epoch [110/237] Loss: 2.1256
2026-04-05 18:29:58,710 - INFO -   Epoch [120/237] Loss: 2.1542
2026-04-05 18:30:00,137 - INFO -   Epoch [130/237] Loss: 1.8579
2026-04-05 18:30:01,564 - INFO -   Epoch [140/237] Loss: 2.0632
2026-04-05 18:30:02,990 - INFO -   Epoch [150/237] Loss: 1.7811
2026-04-05 18:30:04,412 - INFO -   Epoch [160/237] Loss: 2.1227
2026-04-05 18:30:05,839 - INFO -   Epoch [170/237] Loss: 1.8671
2026-04-05 18:30:07,261 - INFO -   Epoch [180/237] Loss: 1.9665
2026-04-05 18:30:08,681 - INFO -   Epoch [190/237] Loss: 1.8837
2026-04-05 18:30:10,110 - INFO -   Epoch [200/237] Loss: 1.7424
2026-04-05 18:30:11,530 - INFO -   Epoch [210/237] Loss: 2.0630
2026-04-05 18:30:12,959 - INFO -   Epoch [220/237] Loss: 1.9803
2026-04-05 18:30:14,392 - INFO -   Epoch [230/237] Loss: 1.8522
2026-04-05 18:30:17,116 - INFO -   Train Loss: 2.0187
2026-04-05 18:30:17,116 - INFO -   Train Accuracy: 23.63%
2026-04-05 18:30:17,116 - INFO -   Val Loss: 1.7299
2026-04-05 18:30:17,116 - INFO -   Val Accuracy: 40.25% | F1: 0.3533
2026-04-05 18:30:17,116 - INFO -   LR: 0.000100
2026-04-05 18:30:17,209 - INFO -   ✓ New best model saved! (Acc: 40.25%)
2026-04-05 18:30:17,209 - INFO -   Patience: 0/30
2026-04-05 18:30:17,209 - INFO - 
Epoch 2/300
2026-04-05 18:30:18,626 - INFO -   Epoch [10/237] Loss: 1.7426
2026-04-05 18:30:20,046 - INFO -   Epoch [20/237] Loss: 1.6950
2026-04-05 18:30:21,458 - INFO -   Epoch [30/237] Loss: 1.7518
2026-04-05 18:30:22,873 - INFO -   Epoch [40/237] Loss: 1.9936
2026-04-05 18:30:24,288 - INFO -   Epoch [50/237] Loss: 1.2938
2026-04-05 18:30:25,705 - INFO -   Epoch [60/237] Loss: 2.0904
2026-04-05 18:30:27,118 - INFO -   Epoch [70/237] Loss: 2.0029
2026-04-05 18:30:28,535 - INFO -   Epoch [80/237] Loss: 1.6983
2026-04-05 18:30:29,949 - INFO -   Epoch [90/237] Loss: 1.5679
2026-04-05 18:30:31,365 - INFO -   Epoch [100/237] Loss: 1.8270
2026-04-05 18:30:32,779 - INFO -   Epoch [110/237] Loss: 1.9663
2026-04-05 18:30:34,195 - INFO -   Epoch [120/237] Loss: 1.6445
2026-04-05 18:30:35,613 - INFO -   Epoch [130/237] Loss: 1.8933
2026-04-05 18:30:37,031 - INFO -   Epoch [140/237] Loss: 1.9295
2026-04-05 18:30:38,471 - INFO -   Epoch [150/237] Loss: 1.4310
2026-04-05 18:30:39,912 - INFO -   Epoch [160/237] Loss: 1.9921
2026-04-05 18:30:41,346 - INFO -   Epoch [170/237] Loss: 1.4075
2026-04-05 18:30:42,781 - INFO -   Epoch [180/237] Loss: 1.6949
2026-04-05 18:30:44,214 - INFO -   Epoch [190/237] Loss: 1.4777
2026-04-05 18:30:45,662 - INFO -   Epoch [200/237] Loss: 1.8678
2026-04-05 18:30:47,093 - INFO -   Epoch [210/237] Loss: 1.8255
2026-04-05 18:30:48,513 - INFO -   Epoch [220/237] Loss: 1.6237
2026-04-05 18:30:49,939 - INFO -   Epoch [230/237] Loss: 2.0464
2026-04-05 18:30:52,683 - INFO -   Train Loss: 1.7693
2026-04-05 18:30:52,683 - INFO -   Train Accuracy: 33.09%
2026-04-05 18:30:52,683 - INFO -   Val Loss: 1.5391
2026-04-05 18:30:52,683 - INFO -   Val Accuracy: 43.21% | F1: 0.4106
2026-04-05 18:30:52,683 - INFO -   LR: 0.000100
2026-04-05 18:30:53,120 - INFO -   ✓ New best model saved! (Acc: 43.21%)
2026-04-05 18:30:53,120 - INFO -   Patience: 0/30
2026-04-05 18:30:53,120 - INFO - 
Epoch 3/300
2026-04-05 18:30:54,552 - INFO -   Epoch [10/237] Loss: 1.5896
2026-04-05 18:30:55,985 - INFO -   Epoch [20/237] Loss: 1.9506
2026-04-05 18:30:57,435 - INFO -   Epoch [30/237] Loss: 1.9585
2026-04-05 18:30:58,884 - INFO -   Epoch [40/237] Loss: 2.3696
2026-04-05 18:31:00,328 - INFO -   Epoch [50/237] Loss: 1.7987
2026-04-05 18:31:01,755 - INFO -   Epoch [60/237] Loss: 1.7221
2026-04-05 18:31:03,176 - INFO -   Epoch [70/237] Loss: 1.6623
2026-04-05 18:31:04,593 - INFO -   Epoch [80/237] Loss: 1.5448
2026-04-05 18:31:06,011 - INFO -   Epoch [90/237] Loss: 1.6081
2026-04-05 18:31:07,429 - INFO -   Epoch [100/237] Loss: 1.6059
2026-04-05 18:31:08,863 - INFO -   Epoch [110/237] Loss: 1.6696
2026-04-05 18:31:10,297 - INFO -   Epoch [120/237] Loss: 1.2913
2026-04-05 18:31:11,713 - INFO -   Epoch [130/237] Loss: 1.9065
2026-04-05 18:31:13,133 - INFO -   Epoch [140/237] Loss: 1.8431
2026-04-05 18:31:14,556 - INFO -   Epoch [150/237] Loss: 2.0866
2026-04-05 18:31:15,979 - INFO -   Epoch [160/237] Loss: 1.8495
2026-04-05 18:31:17,478 - INFO -   Epoch [170/237] Loss: 1.7707
2026-04-05 18:31:18,911 - INFO -   Epoch [180/237] Loss: 1.8379
2026-04-05 18:31:20,331 - INFO -   Epoch [190/237] Loss: 1.9790
2026-04-05 18:31:21,746 - INFO -   Epoch [200/237] Loss: 1.9360
2026-04-05 18:31:23,160 - INFO -   Epoch [210/237] Loss: 1.5893
2026-04-05 18:31:24,574 - INFO -   Epoch [220/237] Loss: 1.4695
2026-04-05 18:31:25,991 - INFO -   Epoch [230/237] Loss: 1.9718
2026-04-05 18:31:28,742 - INFO -   Train Loss: 1.6790
2026-04-05 18:31:28,743 - INFO -   Train Accuracy: 33.69%
2026-04-05 18:31:28,743 - INFO -   Val Loss: 1.5040
2026-04-05 18:31:28,743 - INFO -   Val Accuracy: 39.75% | F1: 0.3671
2026-04-05 18:31:28,743 - INFO -   LR: 0.000100
2026-04-05 18:31:28,743 - INFO -   Patience: 1/30
2026-04-05 18:31:28,743 - INFO - 
Epoch 4/300
2026-04-05 18:31:30,176 - INFO -   Epoch [10/237] Loss: 1.6527
2026-04-05 18:31:31,606 - INFO -   Epoch [20/237] Loss: 1.4183
2026-04-05 18:31:33,040 - INFO -   Epoch [30/237] Loss: 1.3890
2026-04-05 18:31:34,471 - INFO -   Epoch [40/237] Loss: 1.6891
2026-04-05 18:31:35,900 - INFO -   Epoch [50/237] Loss: 1.2525
2026-04-05 18:31:37,339 - INFO -   Epoch [60/237] Loss: 1.8693
2026-04-05 18:31:38,771 - INFO -   Epoch [70/237] Loss: 1.6445
2026-04-05 18:31:40,199 - INFO -   Epoch [80/237] Loss: 1.4733
2026-04-05 18:31:41,650 - INFO -   Epoch [90/237] Loss: 1.8245
2026-04-05 18:31:43,109 - INFO -   Epoch [100/237] Loss: 1.3791
2026-04-05 18:31:44,526 - INFO -   Epoch [110/237] Loss: 1.7721
2026-04-05 18:31:45,941 - INFO -   Epoch [120/237] Loss: 1.9636
2026-04-05 18:31:47,368 - INFO -   Epoch [130/237] Loss: 1.7454
2026-04-05 18:31:48,834 - INFO -   Epoch [140/237] Loss: 1.8434
2026-04-05 18:31:50,265 - INFO -   Epoch [150/237] Loss: 1.7649
2026-04-05 18:31:51,681 - INFO -   Epoch [160/237] Loss: 1.3576
2026-04-05 18:31:53,106 - INFO -   Epoch [170/237] Loss: 1.3485
2026-04-05 18:31:54,532 - INFO -   Epoch [180/237] Loss: 1.7305
2026-04-05 18:31:55,948 - INFO -   Epoch [190/237] Loss: 1.5944
2026-04-05 18:31:57,383 - INFO -   Epoch [200/237] Loss: 1.6562
2026-04-05 18:31:58,815 - INFO -   Epoch [210/237] Loss: 1.6501
2026-04-05 18:32:00,331 - INFO -   Epoch [220/237] Loss: 1.4047
2026-04-05 18:32:01,852 - INFO -   Epoch [230/237] Loss: 1.6019
2026-04-05 18:32:04,767 - INFO -   Train Loss: 1.6074
2026-04-05 18:32:04,767 - INFO -   Train Accuracy: 38.31%
2026-04-05 18:32:04,767 - INFO -   Val Loss: 1.4495
2026-04-05 18:32:04,767 - INFO -   Val Accuracy: 43.95% | F1: 0.4162
2026-04-05 18:32:04,767 - INFO -   LR: 0.000100
2026-04-05 18:32:05,219 - INFO -   ✓ New best model saved! (Acc: 43.95%)
2026-04-05 18:32:05,220 - INFO -   Patience: 0/30
2026-04-05 18:32:05,220 - INFO - 
Epoch 5/300
2026-04-05 18:32:06,689 - INFO -   Epoch [10/237] Loss: 1.6680
2026-04-05 18:32:08,169 - INFO -   Epoch [20/237] Loss: 1.7845
2026-04-05 18:32:09,682 - INFO -   Epoch [30/237] Loss: 2.1833
2026-04-05 18:32:11,118 - INFO -   Epoch [40/237] Loss: 1.8847
2026-04-05 18:32:12,643 - INFO -   Epoch [50/237] Loss: 1.6129
2026-04-05 18:32:14,081 - INFO -   Epoch [60/237] Loss: 1.8056
2026-04-05 18:32:15,613 - INFO -   Epoch [70/237] Loss: 1.4957
2026-04-05 18:32:17,054 - INFO -   Epoch [80/237] Loss: 1.4222
2026-04-05 18:32:18,518 - INFO -   Epoch [90/237] Loss: 1.6066
2026-04-05 18:32:19,996 - INFO -   Epoch [100/237] Loss: 1.1649
2026-04-05 18:32:21,431 - INFO -   Epoch [110/237] Loss: 1.3941
2026-04-05 18:32:22,899 - INFO -   Epoch [120/237] Loss: 1.9878
2026-04-05 18:32:24,377 - INFO -   Epoch [130/237] Loss: 1.7888
2026-04-05 18:32:25,845 - INFO -   Epoch [140/237] Loss: 1.6457
2026-04-05 18:32:27,270 - INFO -   Epoch [150/237] Loss: 1.5137
2026-04-05 18:32:28,729 - INFO -   Epoch [160/237] Loss: 1.8437
2026-04-05 18:32:30,200 - INFO -   Epoch [170/237] Loss: 1.3517
2026-04-05 18:32:31,628 - INFO -   Epoch [180/237] Loss: 1.5663
2026-04-05 18:32:33,060 - INFO -   Epoch [190/237] Loss: 1.4466
2026-04-05 18:32:34,516 - INFO -   Epoch [200/237] Loss: 1.7193
2026-04-05 18:32:35,990 - INFO -   Epoch [210/237] Loss: 1.8491
2026-04-05 18:32:37,459 - INFO -   Epoch [220/237] Loss: 1.5033
2026-04-05 18:32:38,888 - INFO -   Epoch [230/237] Loss: 1.7984
2026-04-05 18:32:41,675 - INFO -   Train Loss: 1.5781
2026-04-05 18:32:41,675 - INFO -   Train Accuracy: 39.05%
2026-04-05 18:32:41,675 - INFO -   Val Loss: 1.3987
2026-04-05 18:32:41,675 - INFO -   Val Accuracy: 47.65% | F1: 0.4659
2026-04-05 18:32:41,675 - INFO -   LR: 0.000100
2026-04-05 18:32:42,076 - INFO -   ✓ New best model saved! (Acc: 47.65%)
2026-04-05 18:32:42,076 - INFO -   Patience: 0/30
2026-04-05 18:32:42,076 - INFO - 
Epoch 6/300
2026-04-05 18:32:43,498 - INFO -   Epoch [10/237] Loss: 1.7358
2026-04-05 18:32:44,929 - INFO -   Epoch [20/237] Loss: 1.4014
2026-04-05 18:32:46,387 - INFO -   Epoch [30/237] Loss: 1.5138
2026-04-05 18:32:47,854 - INFO -   Epoch [40/237] Loss: 1.7571
2026-04-05 18:32:49,286 - INFO -   Epoch [50/237] Loss: 1.4868
2026-04-05 18:32:50,724 - INFO -   Epoch [60/237] Loss: 1.4987
2026-04-05 18:32:52,157 - INFO -   Epoch [70/237] Loss: 1.5713
2026-04-05 18:32:53,596 - INFO -   Epoch [80/237] Loss: 1.5781
2026-04-05 18:32:55,045 - INFO -   Epoch [90/237] Loss: 1.6019
2026-04-05 18:32:56,477 - INFO -   Epoch [100/237] Loss: 1.6789
2026-04-05 18:32:57,894 - INFO -   Epoch [110/237] Loss: 1.3629
2026-04-05 18:32:59,314 - INFO -   Epoch [120/237] Loss: 1.5140
2026-04-05 18:33:00,737 - INFO -   Epoch [130/237] Loss: 1.5031
2026-04-05 18:33:02,169 - INFO -   Epoch [140/237] Loss: 1.7348
2026-04-05 18:33:03,610 - INFO -   Epoch [150/237] Loss: 1.5361
2026-04-05 18:33:05,055 - INFO -   Epoch [160/237] Loss: 1.2570
2026-04-05 18:33:06,486 - INFO -   Epoch [170/237] Loss: 1.3160
2026-04-05 18:33:07,914 - INFO -   Epoch [180/237] Loss: 1.1504
2026-04-05 18:33:09,343 - INFO -   Epoch [190/237] Loss: 1.4311
2026-04-05 18:33:10,783 - INFO -   Epoch [200/237] Loss: 2.3543
2026-04-05 18:33:12,215 - INFO -   Epoch [210/237] Loss: 1.6639
2026-04-05 18:33:13,651 - INFO -   Epoch [220/237] Loss: 1.4605
2026-04-05 18:33:15,074 - INFO -   Epoch [230/237] Loss: 1.7416
2026-04-05 18:33:17,757 - INFO -   Train Loss: 1.5252
2026-04-05 18:33:17,758 - INFO -   Train Accuracy: 40.18%
2026-04-05 18:33:17,758 - INFO -   Val Loss: 1.3549
2026-04-05 18:33:17,758 - INFO -   Val Accuracy: 47.16% | F1: 0.4362
2026-04-05 18:33:17,758 - INFO -   LR: 0.000100
2026-04-05 18:33:17,758 - INFO -   Patience: 1/30
2026-04-05 18:33:17,758 - INFO - 
Epoch 7/300
2026-04-05 18:33:19,170 - INFO -   Epoch [10/237] Loss: 1.3697
2026-04-05 18:33:20,591 - INFO -   Epoch [20/237] Loss: 1.3681
2026-04-05 18:33:22,008 - INFO -   Epoch [30/237] Loss: 1.4914
2026-04-05 18:33:23,434 - INFO -   Epoch [40/237] Loss: 1.2709
2026-04-05 18:33:24,865 - INFO -   Epoch [50/237] Loss: 1.3727
2026-04-05 18:33:26,295 - INFO -   Epoch [60/237] Loss: 1.6019
2026-04-05 18:33:27,731 - INFO -   Epoch [70/237] Loss: 1.4312
2026-04-05 18:33:29,176 - INFO -   Epoch [80/237] Loss: 1.1984
2026-04-05 18:33:30,592 - INFO -   Epoch [90/237] Loss: 1.0324
2026-04-05 18:33:32,010 - INFO -   Epoch [100/237] Loss: 1.3609
2026-04-05 18:33:33,430 - INFO -   Epoch [110/237] Loss: 1.2614
2026-04-05 18:33:34,849 - INFO -   Epoch [120/237] Loss: 1.4813
2026-04-05 18:33:36,268 - INFO -   Epoch [130/237] Loss: 1.6033
2026-04-05 18:33:37,686 - INFO -   Epoch [140/237] Loss: 1.1839
2026-04-05 18:33:39,125 - INFO -   Epoch [150/237] Loss: 1.4430
2026-04-05 18:33:40,555 - INFO -   Epoch [160/237] Loss: 1.5532
2026-04-05 18:33:41,981 - INFO -   Epoch [170/237] Loss: 1.1576
2026-04-05 18:33:43,443 - INFO -   Epoch [180/237] Loss: 1.5708
2026-04-05 18:33:44,912 - INFO -   Epoch [190/237] Loss: 1.5830
2026-04-05 18:33:46,333 - INFO -   Epoch [200/237] Loss: 1.6755
2026-04-05 18:33:47,754 - INFO -   Epoch [210/237] Loss: 1.4806
2026-04-05 18:33:49,193 - INFO -   Epoch [220/237] Loss: 1.4284
2026-04-05 18:33:50,626 - INFO -   Epoch [230/237] Loss: 1.2194
2026-04-05 18:33:53,380 - INFO -   Train Loss: 1.4908
2026-04-05 18:33:53,381 - INFO -   Train Accuracy: 41.09%
2026-04-05 18:33:53,381 - INFO -   Val Loss: 1.3533
2026-04-05 18:33:53,381 - INFO -   Val Accuracy: 46.42% | F1: 0.4410
2026-04-05 18:33:53,381 - INFO -   LR: 0.000100
2026-04-05 18:33:53,381 - INFO -   Patience: 2/30
2026-04-05 18:33:53,381 - INFO - 
Epoch 8/300
2026-04-05 18:33:54,832 - INFO -   Epoch [10/237] Loss: 1.6558
2026-04-05 18:33:56,259 - INFO -   Epoch [20/237] Loss: 1.4193
2026-04-05 18:33:57,689 - INFO -   Epoch [30/237] Loss: 1.4353
2026-04-05 18:33:59,118 - INFO -   Epoch [40/237] Loss: 1.4324
2026-04-05 18:34:00,558 - INFO -   Epoch [50/237] Loss: 1.8250
2026-04-05 18:34:01,996 - INFO -   Epoch [60/237] Loss: 1.2190
2026-04-05 18:34:03,429 - INFO -   Epoch [70/237] Loss: 1.7518
2026-04-05 18:34:04,864 - INFO -   Epoch [80/237] Loss: 1.0356
2026-04-05 18:34:06,300 - INFO -   Epoch [90/237] Loss: 1.3636
2026-04-05 18:34:07,735 - INFO -   Epoch [100/237] Loss: 1.4361
2026-04-05 18:34:09,174 - INFO -   Epoch [110/237] Loss: 1.6644
2026-04-05 18:34:10,603 - INFO -   Epoch [120/237] Loss: 1.6725
2026-04-05 18:34:12,025 - INFO -   Epoch [130/237] Loss: 1.8220
2026-04-05 18:34:13,459 - INFO -   Epoch [140/237] Loss: 1.3809
2026-04-05 18:34:14,885 - INFO -   Epoch [150/237] Loss: 1.4242
2026-04-05 18:34:16,308 - INFO -   Epoch [160/237] Loss: 1.2272
2026-04-05 18:34:17,736 - INFO -   Epoch [170/237] Loss: 1.3317
2026-04-05 18:34:19,154 - INFO -   Epoch [180/237] Loss: 1.1133
2026-04-05 18:34:20,577 - INFO -   Epoch [190/237] Loss: 1.3484
2026-04-05 18:34:22,001 - INFO -   Epoch [200/237] Loss: 1.2483
2026-04-05 18:34:23,457 - INFO -   Epoch [210/237] Loss: 1.4688
2026-04-05 18:34:24,880 - INFO -   Epoch [220/237] Loss: 1.2202
2026-04-05 18:34:26,362 - INFO -   Epoch [230/237] Loss: 1.3604
2026-04-05 18:34:29,223 - INFO -   Train Loss: 1.4697
2026-04-05 18:34:29,224 - INFO -   Train Accuracy: 42.47%
2026-04-05 18:34:29,224 - INFO -   Val Loss: 1.3097
2026-04-05 18:34:29,224 - INFO -   Val Accuracy: 49.88% | F1: 0.5028
2026-04-05 18:34:29,224 - INFO -   LR: 0.000100
2026-04-05 18:34:29,480 - INFO -   ✓ New best model saved! (Acc: 49.88%)
2026-04-05 18:34:29,480 - INFO -   Patience: 0/30
2026-04-05 18:34:29,480 - INFO - 
Epoch 9/300
2026-04-05 18:34:30,919 - INFO -   Epoch [10/237] Loss: 1.5155
2026-04-05 18:34:32,387 - INFO -   Epoch [20/237] Loss: 1.2420
2026-04-05 18:34:33,949 - INFO -   Epoch [30/237] Loss: 1.5588
2026-04-05 18:34:35,472 - INFO -   Epoch [40/237] Loss: 1.1115
2026-04-05 18:34:36,940 - INFO -   Epoch [50/237] Loss: 1.2897
2026-04-05 18:34:38,428 - INFO -   Epoch [60/237] Loss: 1.6797
2026-04-05 18:34:39,935 - INFO -   Epoch [70/237] Loss: 1.3042
2026-04-05 18:34:41,450 - INFO -   Epoch [80/237] Loss: 1.1371
2026-04-05 18:34:42,886 - INFO -   Epoch [90/237] Loss: 1.3441
2026-04-05 18:34:44,404 - INFO -   Epoch [100/237] Loss: 1.6395
2026-04-05 18:34:45,840 - INFO -   Epoch [110/237] Loss: 1.4578
2026-04-05 18:34:47,339 - INFO -   Epoch [120/237] Loss: 1.6229
2026-04-05 18:34:48,767 - INFO -   Epoch [130/237] Loss: 1.5681
2026-04-05 18:34:50,227 - INFO -   Epoch [140/237] Loss: 1.1850
2026-04-05 18:34:51,702 - INFO -   Epoch [150/237] Loss: 1.7112
2026-04-05 18:34:53,129 - INFO -   Epoch [160/237] Loss: 1.2058
2026-04-05 18:34:54,547 - INFO -   Epoch [170/237] Loss: 1.9333
2026-04-05 18:34:56,046 - INFO -   Epoch [180/237] Loss: 2.5361
2026-04-05 18:34:57,466 - INFO -   Epoch [190/237] Loss: 1.4546
2026-04-05 18:34:58,890 - INFO -   Epoch [200/237] Loss: 1.5969
2026-04-05 18:35:00,349 - INFO -   Epoch [210/237] Loss: 1.4370
2026-04-05 18:35:01,822 - INFO -   Epoch [220/237] Loss: 1.2670
2026-04-05 18:35:03,250 - INFO -   Epoch [230/237] Loss: 2.0969
2026-04-05 18:35:05,996 - INFO -   Train Loss: 1.4689
2026-04-05 18:35:05,996 - INFO -   Train Accuracy: 40.74%
2026-04-05 18:35:05,996 - INFO -   Val Loss: 1.3073
2026-04-05 18:35:05,996 - INFO -   Val Accuracy: 48.64% | F1: 0.4889
2026-04-05 18:35:05,997 - INFO -   LR: 0.000100
2026-04-05 18:35:05,997 - INFO -   Patience: 1/30
2026-04-05 18:35:05,997 - INFO - 
Epoch 10/300
2026-04-05 18:35:07,450 - INFO -   Epoch [10/237] Loss: 1.3070
2026-04-05 18:35:08,922 - INFO -   Epoch [20/237] Loss: 1.6398
2026-04-05 18:35:10,348 - INFO -   Epoch [30/237] Loss: 2.1738
2026-04-05 18:35:11,769 - INFO -   Epoch [40/237] Loss: 1.5385
2026-04-05 18:35:13,208 - INFO -   Epoch [50/237] Loss: 1.5082
2026-04-05 18:35:14,642 - INFO -   Epoch [60/237] Loss: 1.4696
2026-04-05 18:35:16,080 - INFO -   Epoch [70/237] Loss: 1.6178
2026-04-05 18:35:17,516 - INFO -   Epoch [80/237] Loss: 1.4623
2026-04-05 18:35:18,963 - INFO -   Epoch [90/237] Loss: 1.2594
2026-04-05 18:35:20,397 - INFO -   Epoch [100/237] Loss: 1.1897
2026-04-05 18:35:21,828 - INFO -   Epoch [110/237] Loss: 1.1777
2026-04-05 18:35:23,267 - INFO -   Epoch [120/237] Loss: 1.0483
2026-04-05 18:35:24,700 - INFO -   Epoch [130/237] Loss: 1.1819
2026-04-05 18:35:26,117 - INFO -   Epoch [140/237] Loss: 1.7286
2026-04-05 18:35:27,543 - INFO -   Epoch [150/237] Loss: 1.4068
2026-04-05 18:35:28,962 - INFO -   Epoch [160/237] Loss: 1.5994
2026-04-05 18:35:30,419 - INFO -   Epoch [170/237] Loss: 1.9131
2026-04-05 18:35:31,876 - INFO -   Epoch [180/237] Loss: 1.2974
2026-04-05 18:35:33,312 - INFO -   Epoch [190/237] Loss: 1.3925
2026-04-05 18:35:34,749 - INFO -   Epoch [200/237] Loss: 1.7164
2026-04-05 18:35:36,179 - INFO -   Epoch [210/237] Loss: 0.8725
2026-04-05 18:35:37,620 - INFO -   Epoch [220/237] Loss: 1.3220
2026-04-05 18:35:39,043 - INFO -   Epoch [230/237] Loss: 1.2549
2026-04-05 18:35:41,747 - INFO -   Train Loss: 1.4384
2026-04-05 18:35:41,748 - INFO -   Train Accuracy: 43.35%
2026-04-05 18:35:41,748 - INFO -   Val Loss: 1.2936
2026-04-05 18:35:41,748 - INFO -   Val Accuracy: 48.40% | F1: 0.4744
2026-04-05 18:35:41,748 - INFO -   LR: 0.000100
2026-04-05 18:35:41,748 - INFO -   Patience: 2/30
2026-04-05 18:35:41,748 - INFO - 
Epoch 11/300
2026-04-05 18:35:43,173 - INFO -   Epoch [10/237] Loss: 2.0467
2026-04-05 18:35:44,598 - INFO -   Epoch [20/237] Loss: 2.0620
2026-04-05 18:35:46,019 - INFO -   Epoch [30/237] Loss: 1.3650
2026-04-05 18:35:47,441 - INFO -   Epoch [40/237] Loss: 1.3533
2026-04-05 18:35:48,881 - INFO -   Epoch [50/237] Loss: 1.5584
2026-04-05 18:35:50,330 - INFO -   Epoch [60/237] Loss: 1.5821
2026-04-05 18:35:51,757 - INFO -   Epoch [70/237] Loss: 1.3786
2026-04-05 18:35:53,191 - INFO -   Epoch [80/237] Loss: 1.5332
2026-04-05 18:35:54,614 - INFO -   Epoch [90/237] Loss: 1.3663
2026-04-05 18:35:56,047 - INFO -   Epoch [100/237] Loss: 1.5743
2026-04-05 18:35:57,486 - INFO -   Epoch [110/237] Loss: 1.3155
2026-04-05 18:35:58,928 - INFO -   Epoch [120/237] Loss: 1.2073
2026-04-05 18:36:00,369 - INFO -   Epoch [130/237] Loss: 1.3758
2026-04-05 18:36:01,808 - INFO -   Epoch [140/237] Loss: 1.0522
2026-04-05 18:36:03,244 - INFO -   Epoch [150/237] Loss: 0.9395
2026-04-05 18:36:04,682 - INFO -   Epoch [160/237] Loss: 1.3206
2026-04-05 18:36:06,140 - INFO -   Epoch [170/237] Loss: 1.1268
2026-04-05 18:36:07,571 - INFO -   Epoch [180/237] Loss: 1.0868
2026-04-05 18:36:09,015 - INFO -   Epoch [190/237] Loss: 1.5792
2026-04-05 18:36:10,460 - INFO -   Epoch [200/237] Loss: 1.2871
2026-04-05 18:36:11,887 - INFO -   Epoch [210/237] Loss: 0.8678
2026-04-05 18:36:13,340 - INFO -   Epoch [220/237] Loss: 1.1585
2026-04-05 18:36:14,756 - INFO -   Epoch [230/237] Loss: 1.7062
2026-04-05 18:36:17,440 - INFO -   Train Loss: 1.4349
2026-04-05 18:36:17,440 - INFO -   Train Accuracy: 42.29%
2026-04-05 18:36:17,440 - INFO -   Val Loss: 1.2712
2026-04-05 18:36:17,440 - INFO -   Val Accuracy: 52.10% | F1: 0.5180
2026-04-05 18:36:17,440 - INFO -   LR: 0.000100
2026-04-05 18:36:17,793 - INFO -   ✓ New best model saved! (Acc: 52.10%)
2026-04-05 18:36:17,793 - INFO -   Patience: 0/30
2026-04-05 18:36:17,793 - INFO - 
Epoch 12/300
2026-04-05 18:36:19,221 - INFO -   Epoch [10/237] Loss: 1.4767
2026-04-05 18:36:20,648 - INFO -   Epoch [20/237] Loss: 1.5909
2026-04-05 18:36:22,085 - INFO -   Epoch [30/237] Loss: 1.1141
2026-04-05 18:36:23,517 - INFO -   Epoch [40/237] Loss: 1.4389
2026-04-05 18:36:24,947 - INFO -   Epoch [50/237] Loss: 0.9238
2026-04-05 18:36:26,380 - INFO -   Epoch [60/237] Loss: 1.4409
2026-04-05 18:36:27,809 - INFO -   Epoch [70/237] Loss: 1.4196
2026-04-05 18:36:29,238 - INFO -   Epoch [80/237] Loss: 1.4604
2026-04-05 18:36:30,660 - INFO -   Epoch [90/237] Loss: 1.7022
2026-04-05 18:36:32,082 - INFO -   Epoch [100/237] Loss: 1.4663
2026-04-05 18:36:33,510 - INFO -   Epoch [110/237] Loss: 1.3273
2026-04-05 18:36:34,948 - INFO -   Epoch [120/237] Loss: 1.2672
2026-04-05 18:36:36,367 - INFO -   Epoch [130/237] Loss: 1.3070
2026-04-05 18:36:37,786 - INFO -   Epoch [140/237] Loss: 1.5460
2026-04-05 18:36:39,218 - INFO -   Epoch [150/237] Loss: 1.2947
2026-04-05 18:36:40,646 - INFO -   Epoch [160/237] Loss: 1.5308
2026-04-05 18:36:42,069 - INFO -   Epoch [170/237] Loss: 1.8316
2026-04-05 18:36:43,505 - INFO -   Epoch [180/237] Loss: 1.4165
2026-04-05 18:36:44,928 - INFO -   Epoch [190/237] Loss: 1.6650
2026-04-05 18:36:46,353 - INFO -   Epoch [200/237] Loss: 1.8339
2026-04-05 18:36:47,773 - INFO -   Epoch [210/237] Loss: 1.2509
2026-04-05 18:36:49,192 - INFO -   Epoch [220/237] Loss: 0.7462
2026-04-05 18:36:50,612 - INFO -   Epoch [230/237] Loss: 1.4322
2026-04-05 18:36:53,318 - INFO -   Train Loss: 1.4067
2026-04-05 18:36:53,318 - INFO -   Train Accuracy: 43.70%
2026-04-05 18:36:53,318 - INFO -   Val Loss: 1.2857
2026-04-05 18:36:53,318 - INFO -   Val Accuracy: 49.14% | F1: 0.4907
2026-04-05 18:36:53,318 - INFO -   LR: 0.000100
2026-04-05 18:36:53,318 - INFO -   Patience: 1/30
2026-04-05 18:36:53,318 - INFO - 
Epoch 13/300
2026-04-05 18:36:54,740 - INFO -   Epoch [10/237] Loss: 1.6774
2026-04-05 18:36:56,163 - INFO -   Epoch [20/237] Loss: 1.1903
2026-04-05 18:36:57,597 - INFO -   Epoch [30/237] Loss: 1.4334
2026-04-05 18:36:59,015 - INFO -   Epoch [40/237] Loss: 1.4630
2026-04-05 18:37:00,433 - INFO -   Epoch [50/237] Loss: 1.3963
2026-04-05 18:37:01,859 - INFO -   Epoch [60/237] Loss: 1.3545
2026-04-05 18:37:03,300 - INFO -   Epoch [70/237] Loss: 1.4508
2026-04-05 18:37:04,749 - INFO -   Epoch [80/237] Loss: 1.3917
2026-04-05 18:37:06,198 - INFO -   Epoch [90/237] Loss: 1.4255
2026-04-05 18:37:07,618 - INFO -   Epoch [100/237] Loss: 1.3249
2026-04-05 18:37:09,042 - INFO -   Epoch [110/237] Loss: 1.3911
2026-04-05 18:37:10,488 - INFO -   Epoch [120/237] Loss: 1.0678
2026-04-05 18:37:11,914 - INFO -   Epoch [130/237] Loss: 0.9670
2026-04-05 18:37:13,330 - INFO -   Epoch [140/237] Loss: 1.0387
2026-04-05 18:37:14,745 - INFO -   Epoch [150/237] Loss: 1.4414
2026-04-05 18:37:16,160 - INFO -   Epoch [160/237] Loss: 1.3672
2026-04-05 18:37:17,574 - INFO -   Epoch [170/237] Loss: 1.3901
2026-04-05 18:37:18,990 - INFO -   Epoch [180/237] Loss: 1.4374
2026-04-05 18:37:20,411 - INFO -   Epoch [190/237] Loss: 1.0675
2026-04-05 18:37:21,830 - INFO -   Epoch [200/237] Loss: 1.3626
2026-04-05 18:37:23,293 - INFO -   Epoch [210/237] Loss: 1.6341
2026-04-05 18:37:24,732 - INFO -   Epoch [220/237] Loss: 1.4252
2026-04-05 18:37:26,177 - INFO -   Epoch [230/237] Loss: 1.3417
2026-04-05 18:37:28,876 - INFO -   Train Loss: 1.4090
2026-04-05 18:37:28,876 - INFO -   Train Accuracy: 43.84%
2026-04-05 18:37:28,876 - INFO -   Val Loss: 1.2579
2026-04-05 18:37:28,876 - INFO -   Val Accuracy: 51.11% | F1: 0.5129
2026-04-05 18:37:28,876 - INFO -   LR: 0.000100
2026-04-05 18:37:28,876 - INFO -   Patience: 2/30
2026-04-05 18:37:28,876 - INFO - 
Epoch 14/300
2026-04-05 18:37:30,298 - INFO -   Epoch [10/237] Loss: 1.7085
2026-04-05 18:37:31,720 - INFO -   Epoch [20/237] Loss: 1.4364
2026-04-05 18:37:33,165 - INFO -   Epoch [30/237] Loss: 1.7716
2026-04-05 18:37:34,598 - INFO -   Epoch [40/237] Loss: 1.5253
2026-04-05 18:37:36,020 - INFO -   Epoch [50/237] Loss: 1.9082
2026-04-05 18:37:37,441 - INFO -   Epoch [60/237] Loss: 1.1699
2026-04-05 18:37:38,872 - INFO -   Epoch [70/237] Loss: 1.3053
2026-04-05 18:37:40,295 - INFO -   Epoch [80/237] Loss: 1.5500
2026-04-05 18:37:41,720 - INFO -   Epoch [90/237] Loss: 1.3116
2026-04-05 18:37:43,151 - INFO -   Epoch [100/237] Loss: 1.1291
2026-04-05 18:37:44,583 - INFO -   Epoch [110/237] Loss: 1.1685
2026-04-05 18:37:46,008 - INFO -   Epoch [120/237] Loss: 1.5188
2026-04-05 18:37:47,429 - INFO -   Epoch [130/237] Loss: 1.5970
2026-04-05 18:37:48,859 - INFO -   Epoch [140/237] Loss: 1.4629
2026-04-05 18:37:50,286 - INFO -   Epoch [150/237] Loss: 1.1555
2026-04-05 18:37:51,716 - INFO -   Epoch [160/237] Loss: 1.9279
2026-04-05 18:37:53,133 - INFO -   Epoch [170/237] Loss: 1.5141
2026-04-05 18:37:54,557 - INFO -   Epoch [180/237] Loss: 1.4039
2026-04-05 18:37:55,977 - INFO -   Epoch [190/237] Loss: 1.4466
2026-04-05 18:37:57,409 - INFO -   Epoch [200/237] Loss: 1.1230
2026-04-05 18:37:58,847 - INFO -   Epoch [210/237] Loss: 1.6386
2026-04-05 18:38:00,287 - INFO -   Epoch [220/237] Loss: 1.4958
2026-04-05 18:38:01,720 - INFO -   Epoch [230/237] Loss: 0.7206
2026-04-05 18:38:04,487 - INFO -   Train Loss: 1.3850
2026-04-05 18:38:04,487 - INFO -   Train Accuracy: 44.87%
2026-04-05 18:38:04,487 - INFO -   Val Loss: 1.2678
2026-04-05 18:38:04,487 - INFO -   Val Accuracy: 50.62% | F1: 0.4984
2026-04-05 18:38:04,487 - INFO -   LR: 0.000100
2026-04-05 18:38:04,487 - INFO -   Patience: 3/30
2026-04-05 18:38:04,487 - INFO - 
Epoch 15/300
2026-04-05 18:38:05,920 - INFO -   Epoch [10/237] Loss: 1.7139
2026-04-05 18:38:07,353 - INFO -   Epoch [20/237] Loss: 1.7848
2026-04-05 18:38:08,824 - INFO -   Epoch [30/237] Loss: 1.1548
2026-04-05 18:38:10,288 - INFO -   Epoch [40/237] Loss: 1.2138
2026-04-05 18:38:11,708 - INFO -   Epoch [50/237] Loss: 1.2008
2026-04-05 18:38:13,124 - INFO -   Epoch [60/237] Loss: 1.8219
2026-04-05 18:38:14,541 - INFO -   Epoch [70/237] Loss: 2.0457
2026-04-05 18:38:15,965 - INFO -   Epoch [80/237] Loss: 1.2410
2026-04-05 18:38:17,396 - INFO -   Epoch [90/237] Loss: 1.4846
2026-04-05 18:38:18,833 - INFO -   Epoch [100/237] Loss: 1.4805
2026-04-05 18:38:20,267 - INFO -   Epoch [110/237] Loss: 1.4868
2026-04-05 18:38:21,700 - INFO -   Epoch [120/237] Loss: 0.9028
2026-04-05 18:38:23,132 - INFO -   Epoch [130/237] Loss: 1.1866
2026-04-05 18:38:24,564 - INFO -   Epoch [140/237] Loss: 0.9333
2026-04-05 18:38:25,987 - INFO -   Epoch [150/237] Loss: 1.5946
2026-04-05 18:38:27,400 - INFO -   Epoch [160/237] Loss: 1.3353
2026-04-05 18:38:28,832 - INFO -   Epoch [170/237] Loss: 1.4874
2026-04-05 18:38:30,271 - INFO -   Epoch [180/237] Loss: 1.3840
2026-04-05 18:38:31,696 - INFO -   Epoch [190/237] Loss: 1.8486
2026-04-05 18:38:33,129 - INFO -   Epoch [200/237] Loss: 1.3454
2026-04-05 18:38:34,553 - INFO -   Epoch [210/237] Loss: 1.5729
2026-04-05 18:38:35,977 - INFO -   Epoch [220/237] Loss: 1.4762
2026-04-05 18:38:37,399 - INFO -   Epoch [230/237] Loss: 1.0299
2026-04-05 18:38:40,141 - INFO -   Train Loss: 1.3725
2026-04-05 18:38:40,141 - INFO -   Train Accuracy: 46.24%
2026-04-05 18:38:40,141 - INFO -   Val Loss: 1.2575
2026-04-05 18:38:40,141 - INFO -   Val Accuracy: 50.37% | F1: 0.5044
2026-04-05 18:38:40,141 - INFO -   LR: 0.000100
2026-04-05 18:38:40,142 - INFO -   Patience: 4/30
2026-04-05 18:38:40,142 - INFO - 
Epoch 16/300
2026-04-05 18:38:41,563 - INFO -   Epoch [10/237] Loss: 1.0173
2026-04-05 18:38:42,980 - INFO -   Epoch [20/237] Loss: 1.3992
2026-04-05 18:38:44,396 - INFO -   Epoch [30/237] Loss: 1.3804
2026-04-05 18:38:45,823 - INFO -   Epoch [40/237] Loss: 1.0674
2026-04-05 18:38:47,250 - INFO -   Epoch [50/237] Loss: 1.2021
2026-04-05 18:38:48,678 - INFO -   Epoch [60/237] Loss: 1.5661
2026-04-05 18:38:50,100 - INFO -   Epoch [70/237] Loss: 1.3439
2026-04-05 18:38:51,519 - INFO -   Epoch [80/237] Loss: 1.6107
2026-04-05 18:38:52,934 - INFO -   Epoch [90/237] Loss: 1.5286
2026-04-05 18:38:54,410 - INFO -   Epoch [100/237] Loss: 1.5867
2026-04-05 18:38:55,833 - INFO -   Epoch [110/237] Loss: 1.0902
2026-04-05 18:38:57,258 - INFO -   Epoch [120/237] Loss: 1.4122
2026-04-05 18:38:58,692 - INFO -   Epoch [130/237] Loss: 0.9408
2026-04-05 18:39:00,129 - INFO -   Epoch [140/237] Loss: 1.4861
2026-04-05 18:39:01,568 - INFO -   Epoch [150/237] Loss: 1.0693
2026-04-05 18:39:03,003 - INFO -   Epoch [160/237] Loss: 1.2245
2026-04-05 18:39:04,423 - INFO -   Epoch [170/237] Loss: 1.3737
2026-04-05 18:39:05,857 - INFO -   Epoch [180/237] Loss: 1.6439
2026-04-05 18:39:07,301 - INFO -   Epoch [190/237] Loss: 1.2880
2026-04-05 18:39:08,738 - INFO -   Epoch [200/237] Loss: 1.5871
2026-04-05 18:39:10,180 - INFO -   Epoch [210/237] Loss: 1.6226
2026-04-05 18:39:11,607 - INFO -   Epoch [220/237] Loss: 1.6942
2026-04-05 18:39:13,038 - INFO -   Epoch [230/237] Loss: 1.0676
2026-04-05 18:39:15,766 - INFO -   Train Loss: 1.3725
2026-04-05 18:39:15,767 - INFO -   Train Accuracy: 45.11%
2026-04-05 18:39:15,767 - INFO -   Val Loss: 1.2889
2026-04-05 18:39:15,767 - INFO -   Val Accuracy: 48.89% | F1: 0.4894
2026-04-05 18:39:15,767 - INFO -   LR: 0.000100
2026-04-05 18:39:15,767 - INFO -   Patience: 5/30
2026-04-05 18:39:15,767 - INFO - 
Epoch 17/300
2026-04-05 18:39:17,194 - INFO -   Epoch [10/237] Loss: 1.7833
2026-04-05 18:39:18,621 - INFO -   Epoch [20/237] Loss: 2.0770
2026-04-05 18:39:20,062 - INFO -   Epoch [30/237] Loss: 1.6911
2026-04-05 18:39:21,480 - INFO -   Epoch [40/237] Loss: 1.4694
2026-04-05 18:39:22,906 - INFO -   Epoch [50/237] Loss: 1.4354
2026-04-05 18:39:24,333 - INFO -   Epoch [60/237] Loss: 1.5056
2026-04-05 18:39:25,751 - INFO -   Epoch [70/237] Loss: 1.5550
2026-04-05 18:39:27,183 - INFO -   Epoch [80/237] Loss: 1.2933
2026-04-05 18:39:28,614 - INFO -   Epoch [90/237] Loss: 1.2063
2026-04-05 18:39:30,048 - INFO -   Epoch [100/237] Loss: 1.0963
2026-04-05 18:39:31,493 - INFO -   Epoch [110/237] Loss: 1.2135
2026-04-05 18:39:32,928 - INFO -   Epoch [120/237] Loss: 1.5340
2026-04-05 18:39:34,358 - INFO -   Epoch [130/237] Loss: 1.2496
2026-04-05 18:39:35,791 - INFO -   Epoch [140/237] Loss: 1.1987
2026-04-05 18:39:37,209 - INFO -   Epoch [150/237] Loss: 1.2541
2026-04-05 18:39:38,633 - INFO -   Epoch [160/237] Loss: 1.3115
2026-04-05 18:39:40,051 - INFO -   Epoch [170/237] Loss: 1.1795
2026-04-05 18:39:41,470 - INFO -   Epoch [180/237] Loss: 1.2645
2026-04-05 18:39:42,888 - INFO -   Epoch [190/237] Loss: 1.2093
2026-04-05 18:39:44,306 - INFO -   Epoch [200/237] Loss: 1.2140
2026-04-05 18:39:45,730 - INFO -   Epoch [210/237] Loss: 1.3956
2026-04-05 18:39:47,192 - INFO -   Epoch [220/237] Loss: 1.7484
2026-04-05 18:39:48,622 - INFO -   Epoch [230/237] Loss: 1.6717
2026-04-05 18:39:51,368 - INFO -   Train Loss: 1.3646
2026-04-05 18:39:51,369 - INFO -   Train Accuracy: 45.43%
2026-04-05 18:39:51,369 - INFO -   Val Loss: 1.2525
2026-04-05 18:39:51,369 - INFO -   Val Accuracy: 50.62% | F1: 0.5056
2026-04-05 18:39:51,369 - INFO -   LR: 0.000100
2026-04-05 18:39:51,369 - INFO -   Patience: 6/30
2026-04-05 18:39:51,369 - INFO - 
Epoch 18/300
2026-04-05 18:39:52,791 - INFO -   Epoch [10/237] Loss: 1.0848
2026-04-05 18:39:54,216 - INFO -   Epoch [20/237] Loss: 1.3310
2026-04-05 18:39:55,648 - INFO -   Epoch [30/237] Loss: 1.1703
2026-04-05 18:39:57,082 - INFO -   Epoch [40/237] Loss: 1.3434
2026-04-05 18:39:58,506 - INFO -   Epoch [50/237] Loss: 1.2390
2026-04-05 18:39:59,940 - INFO -   Epoch [60/237] Loss: 1.0795
2026-04-05 18:40:01,365 - INFO -   Epoch [70/237] Loss: 1.0579
2026-04-05 18:40:02,788 - INFO -   Epoch [80/237] Loss: 1.4606
2026-04-05 18:40:04,208 - INFO -   Epoch [90/237] Loss: 1.3260
2026-04-05 18:40:05,626 - INFO -   Epoch [100/237] Loss: 1.5492
2026-04-05 18:40:07,041 - INFO -   Epoch [110/237] Loss: 1.3287
2026-04-05 18:40:08,463 - INFO -   Epoch [120/237] Loss: 0.9807
2026-04-05 18:40:09,919 - INFO -   Epoch [130/237] Loss: 1.4339
2026-04-05 18:40:11,342 - INFO -   Epoch [140/237] Loss: 1.2421
2026-04-05 18:40:12,766 - INFO -   Epoch [150/237] Loss: 1.1559
2026-04-05 18:40:14,189 - INFO -   Epoch [160/237] Loss: 1.3788
2026-04-05 18:40:15,614 - INFO -   Epoch [170/237] Loss: 1.6104
2026-04-05 18:40:17,036 - INFO -   Epoch [180/237] Loss: 1.3905
2026-04-05 18:40:18,459 - INFO -   Epoch [190/237] Loss: 1.3663
2026-04-05 18:40:19,884 - INFO -   Epoch [200/237] Loss: 1.2140
2026-04-05 18:40:21,310 - INFO -   Epoch [210/237] Loss: 1.2827
2026-04-05 18:40:22,756 - INFO -   Epoch [220/237] Loss: 1.6429
2026-04-05 18:40:24,182 - INFO -   Epoch [230/237] Loss: 1.2043
2026-04-05 18:40:26,858 - INFO -   Train Loss: 1.3398
2026-04-05 18:40:26,858 - INFO -   Train Accuracy: 45.26%
2026-04-05 18:40:26,858 - INFO -   Val Loss: 1.2443
2026-04-05 18:40:26,859 - INFO -   Val Accuracy: 50.86% | F1: 0.5145
2026-04-05 18:40:26,859 - INFO -   LR: 0.000050
2026-04-05 18:40:26,859 - INFO -   Patience: 7/30
2026-04-05 18:40:26,859 - INFO - 
Epoch 19/300
2026-04-05 18:40:28,272 - INFO -   Epoch [10/237] Loss: 1.1788
2026-04-05 18:40:29,691 - INFO -   Epoch [20/237] Loss: 1.3929
2026-04-05 18:40:31,221 - INFO -   Epoch [30/237] Loss: 1.4464
2026-04-05 18:40:32,660 - INFO -   Epoch [40/237] Loss: 1.4079
2026-04-05 18:40:34,095 - INFO -   Epoch [50/237] Loss: 1.3181
2026-04-05 18:40:35,546 - INFO -   Epoch [60/237] Loss: 1.9869
2026-04-05 18:40:36,987 - INFO -   Epoch [70/237] Loss: 1.0343
2026-04-05 18:40:38,431 - INFO -   Epoch [80/237] Loss: 1.2899
2026-04-05 18:40:39,865 - INFO -   Epoch [90/237] Loss: 1.5730
2026-04-05 18:40:41,293 - INFO -   Epoch [100/237] Loss: 0.9233
2026-04-05 18:40:42,749 - INFO -   Epoch [110/237] Loss: 1.6592
2026-04-05 18:40:44,214 - INFO -   Epoch [120/237] Loss: 1.2762
2026-04-05 18:40:45,651 - INFO -   Epoch [130/237] Loss: 1.4156
2026-04-05 18:40:47,088 - INFO -   Epoch [140/237] Loss: 1.2148
2026-04-05 18:40:48,526 - INFO -   Epoch [150/237] Loss: 1.5013
2026-04-05 18:40:49,981 - INFO -   Epoch [160/237] Loss: 1.5210
2026-04-05 18:40:51,518 - INFO -   Epoch [170/237] Loss: 1.3481
2026-04-05 18:40:53,012 - INFO -   Epoch [180/237] Loss: 1.2090
2026-04-05 18:40:54,433 - INFO -   Epoch [190/237] Loss: 1.2039
2026-04-05 18:40:55,862 - INFO -   Epoch [200/237] Loss: 1.3344
2026-04-05 18:40:57,284 - INFO -   Epoch [210/237] Loss: 1.6370
2026-04-05 18:40:58,718 - INFO -   Epoch [220/237] Loss: 0.8446
2026-04-05 18:41:00,157 - INFO -   Epoch [230/237] Loss: 1.6227
2026-04-05 18:41:02,866 - INFO -   Train Loss: 1.3209
2026-04-05 18:41:02,866 - INFO -   Train Accuracy: 47.90%
2026-04-05 18:41:02,866 - INFO -   Val Loss: 1.2226
2026-04-05 18:41:02,866 - INFO -   Val Accuracy: 51.60% | F1: 0.5212
2026-04-05 18:41:02,866 - INFO -   LR: 0.000050
2026-04-05 18:41:02,866 - INFO -   Patience: 8/30
2026-04-05 18:41:02,866 - INFO - 
Epoch 20/300
2026-04-05 18:41:04,298 - INFO -   Epoch [10/237] Loss: 0.9420
2026-04-05 18:41:05,738 - INFO -   Epoch [20/237] Loss: 0.9570
2026-04-05 18:41:07,165 - INFO -   Epoch [30/237] Loss: 0.8576
2026-04-05 18:41:08,590 - INFO -   Epoch [40/237] Loss: 1.3014
2026-04-05 18:41:10,025 - INFO -   Epoch [50/237] Loss: 1.4780
2026-04-05 18:41:11,490 - INFO -   Epoch [60/237] Loss: 0.9555
2026-04-05 18:41:12,907 - INFO -   Epoch [70/237] Loss: 1.2015
2026-04-05 18:41:14,328 - INFO -   Epoch [80/237] Loss: 1.1902
2026-04-05 18:41:15,752 - INFO -   Epoch [90/237] Loss: 1.3816
2026-04-05 18:41:17,180 - INFO -   Epoch [100/237] Loss: 1.2514
2026-04-05 18:41:18,639 - INFO -   Epoch [110/237] Loss: 1.7075
2026-04-05 18:41:20,068 - INFO -   Epoch [120/237] Loss: 1.4089
2026-04-05 18:41:21,517 - INFO -   Epoch [130/237] Loss: 1.3232
2026-04-05 18:41:22,964 - INFO -   Epoch [140/237] Loss: 0.9718
2026-04-05 18:41:24,391 - INFO -   Epoch [150/237] Loss: 1.4899
2026-04-05 18:41:25,813 - INFO -   Epoch [160/237] Loss: 1.5572
2026-04-05 18:41:27,246 - INFO -   Epoch [170/237] Loss: 1.6496
2026-04-05 18:41:28,679 - INFO -   Epoch [180/237] Loss: 1.5979
2026-04-05 18:41:30,103 - INFO -   Epoch [190/237] Loss: 1.3241
2026-04-05 18:41:31,528 - INFO -   Epoch [200/237] Loss: 1.6533
2026-04-05 18:41:32,955 - INFO -   Epoch [210/237] Loss: 1.0301
2026-04-05 18:41:34,386 - INFO -   Epoch [220/237] Loss: 1.8605
2026-04-05 18:41:35,813 - INFO -   Epoch [230/237] Loss: 1.5550
2026-04-05 18:41:38,634 - INFO -   Train Loss: 1.3284
2026-04-05 18:41:38,634 - INFO -   Train Accuracy: 47.69%
2026-04-05 18:41:38,635 - INFO -   Val Loss: 1.2188
2026-04-05 18:41:38,635 - INFO -   Val Accuracy: 53.83% | F1: 0.5451
2026-04-05 18:41:38,635 - INFO -   LR: 0.000050
2026-04-05 18:41:38,898 - INFO -   ✓ New best model saved! (Acc: 53.83%)
2026-04-05 18:41:38,899 - INFO -   Patience: 0/30
2026-04-05 18:41:38,899 - INFO - 
Epoch 21/300
2026-04-05 18:41:40,332 - INFO -   Epoch [10/237] Loss: 1.3856
2026-04-05 18:41:41,763 - INFO -   Epoch [20/237] Loss: 1.3715
2026-04-05 18:41:43,316 - INFO -   Epoch [30/237] Loss: 1.5635
2026-04-05 18:41:44,742 - INFO -   Epoch [40/237] Loss: 1.0104
2026-04-05 18:41:46,249 - INFO -   Epoch [50/237] Loss: 1.1160
2026-04-05 18:41:47,729 - INFO -   Epoch [60/237] Loss: 0.9246
2026-04-05 18:41:49,169 - INFO -   Epoch [70/237] Loss: 1.1142
2026-04-05 18:41:50,608 - INFO -   Epoch [80/237] Loss: 1.0069
2026-04-05 18:41:52,046 - INFO -   Epoch [90/237] Loss: 1.0587
2026-04-05 18:41:53,549 - INFO -   Epoch [100/237] Loss: 1.6436
2026-04-05 18:41:55,031 - INFO -   Epoch [110/237] Loss: 1.6330
2026-04-05 18:41:56,468 - INFO -   Epoch [120/237] Loss: 1.5711
2026-04-05 18:41:57,899 - INFO -   Epoch [130/237] Loss: 1.4797
2026-04-05 18:41:59,330 - INFO -   Epoch [140/237] Loss: 1.3562
2026-04-05 18:42:00,788 - INFO -   Epoch [150/237] Loss: 1.2107
2026-04-05 18:42:02,254 - INFO -   Epoch [160/237] Loss: 1.5100
2026-04-05 18:42:03,687 - INFO -   Epoch [170/237] Loss: 1.1570
2026-04-05 18:42:05,184 - INFO -   Epoch [180/237] Loss: 1.5025
2026-04-05 18:42:06,612 - INFO -   Epoch [190/237] Loss: 1.3035
2026-04-05 18:42:08,048 - INFO -   Epoch [200/237] Loss: 1.3382
2026-04-05 18:42:09,520 - INFO -   Epoch [210/237] Loss: 1.4302
2026-04-05 18:42:10,943 - INFO -   Epoch [220/237] Loss: 1.0772
2026-04-05 18:42:12,388 - INFO -   Epoch [230/237] Loss: 1.1985
2026-04-05 18:42:15,104 - INFO -   Train Loss: 1.3133
2026-04-05 18:42:15,104 - INFO -   Train Accuracy: 48.61%
2026-04-05 18:42:15,104 - INFO -   Val Loss: 1.2247
2026-04-05 18:42:15,104 - INFO -   Val Accuracy: 51.11% | F1: 0.5132
2026-04-05 18:42:15,104 - INFO -   LR: 0.000050
2026-04-05 18:42:15,104 - INFO -   Patience: 1/30
2026-04-05 18:42:15,104 - INFO - 
Epoch 22/300
2026-04-05 18:42:16,526 - INFO -   Epoch [10/237] Loss: 1.1192
2026-04-05 18:42:17,959 - INFO -   Epoch [20/237] Loss: 1.1219
2026-04-05 18:42:19,427 - INFO -   Epoch [30/237] Loss: 0.9996
2026-04-05 18:42:20,853 - INFO -   Epoch [40/237] Loss: 1.2218
2026-04-05 18:42:22,276 - INFO -   Epoch [50/237] Loss: 1.5649
2026-04-05 18:42:23,719 - INFO -   Epoch [60/237] Loss: 1.2108
2026-04-05 18:42:25,145 - INFO -   Epoch [70/237] Loss: 1.0912
2026-04-05 18:42:26,574 - INFO -   Epoch [80/237] Loss: 1.0207
2026-04-05 18:42:27,994 - INFO -   Epoch [90/237] Loss: 1.2570
2026-04-05 18:42:29,410 - INFO -   Epoch [100/237] Loss: 1.2355
2026-04-05 18:42:30,823 - INFO -   Epoch [110/237] Loss: 1.1309
2026-04-05 18:42:32,243 - INFO -   Epoch [120/237] Loss: 0.7857
2026-04-05 18:42:33,666 - INFO -   Epoch [130/237] Loss: 1.8005
2026-04-05 18:42:35,081 - INFO -   Epoch [140/237] Loss: 1.1246
2026-04-05 18:42:36,497 - INFO -   Epoch [150/237] Loss: 1.0108
2026-04-05 18:42:37,912 - INFO -   Epoch [160/237] Loss: 1.5678
2026-04-05 18:42:39,332 - INFO -   Epoch [170/237] Loss: 1.1024
2026-04-05 18:42:40,758 - INFO -   Epoch [180/237] Loss: 1.0508
2026-04-05 18:42:42,178 - INFO -   Epoch [190/237] Loss: 1.0533
2026-04-05 18:42:43,597 - INFO -   Epoch [200/237] Loss: 1.4821
2026-04-05 18:42:45,025 - INFO -   Epoch [210/237] Loss: 1.7611
2026-04-05 18:42:46,448 - INFO -   Epoch [220/237] Loss: 1.3702
2026-04-05 18:42:47,870 - INFO -   Epoch [230/237] Loss: 0.9809
2026-04-05 18:42:50,563 - INFO -   Train Loss: 1.3201
2026-04-05 18:42:50,563 - INFO -   Train Accuracy: 47.83%
2026-04-05 18:42:50,563 - INFO -   Val Loss: 1.2325
2026-04-05 18:42:50,563 - INFO -   Val Accuracy: 49.14% | F1: 0.4900
2026-04-05 18:42:50,564 - INFO -   LR: 0.000050
2026-04-05 18:42:50,564 - INFO -   Patience: 2/30
2026-04-05 18:42:50,564 - INFO - 
Epoch 23/300
2026-04-05 18:42:52,007 - INFO -   Epoch [10/237] Loss: 1.4518
2026-04-05 18:42:53,445 - INFO -   Epoch [20/237] Loss: 1.1758
2026-04-05 18:42:54,878 - INFO -   Epoch [30/237] Loss: 1.5390
2026-04-05 18:42:56,385 - INFO -   Epoch [40/237] Loss: 0.9893
2026-04-05 18:42:57,811 - INFO -   Epoch [50/237] Loss: 1.7401
2026-04-05 18:42:59,229 - INFO -   Epoch [60/237] Loss: 1.2135
2026-04-05 18:43:00,696 - INFO -   Epoch [70/237] Loss: 1.6262
2026-04-05 18:43:02,130 - INFO -   Epoch [80/237] Loss: 1.4496
2026-04-05 18:43:03,561 - INFO -   Epoch [90/237] Loss: 1.2781
2026-04-05 18:43:04,995 - INFO -   Epoch [100/237] Loss: 1.2441
2026-04-05 18:43:06,420 - INFO -   Epoch [110/237] Loss: 1.0828
2026-04-05 18:43:07,839 - INFO -   Epoch [120/237] Loss: 1.0002
2026-04-05 18:43:09,280 - INFO -   Epoch [130/237] Loss: 1.4634
2026-04-05 18:43:10,762 - INFO -   Epoch [140/237] Loss: 1.1422
2026-04-05 18:43:12,202 - INFO -   Epoch [150/237] Loss: 1.4229
2026-04-05 18:43:13,641 - INFO -   Epoch [160/237] Loss: 1.6827
2026-04-05 18:43:15,073 - INFO -   Epoch [170/237] Loss: 1.5114
2026-04-05 18:43:16,508 - INFO -   Epoch [180/237] Loss: 1.3159
2026-04-05 18:43:17,947 - INFO -   Epoch [190/237] Loss: 1.2614
2026-04-05 18:43:19,375 - INFO -   Epoch [200/237] Loss: 1.3339
2026-04-05 18:43:20,867 - INFO -   Epoch [210/237] Loss: 0.9725
2026-04-05 18:43:22,388 - INFO -   Epoch [220/237] Loss: 1.0781
2026-04-05 18:43:23,846 - INFO -   Epoch [230/237] Loss: 0.9841
2026-04-05 18:43:26,530 - INFO -   Train Loss: 1.3086
2026-04-05 18:43:26,530 - INFO -   Train Accuracy: 47.30%
2026-04-05 18:43:26,530 - INFO -   Val Loss: 1.2071
2026-04-05 18:43:26,530 - INFO -   Val Accuracy: 51.60% | F1: 0.5246
2026-04-05 18:43:26,530 - INFO -   LR: 0.000050
2026-04-05 18:43:26,530 - INFO -   Patience: 3/30
2026-04-05 18:43:26,530 - INFO - 
Epoch 24/300
2026-04-05 18:43:27,945 - INFO -   Epoch [10/237] Loss: 1.9312
2026-04-05 18:43:29,380 - INFO -   Epoch [20/237] Loss: 1.2884
2026-04-05 18:43:30,804 - INFO -   Epoch [30/237] Loss: 1.2228
2026-04-05 18:43:32,222 - INFO -   Epoch [40/237] Loss: 0.8932
2026-04-05 18:43:33,638 - INFO -   Epoch [50/237] Loss: 1.5148
2026-04-05 18:43:35,062 - INFO -   Epoch [60/237] Loss: 0.9455
2026-04-05 18:43:36,484 - INFO -   Epoch [70/237] Loss: 1.2239
2026-04-05 18:43:37,909 - INFO -   Epoch [80/237] Loss: 1.2707
2026-04-05 18:43:39,328 - INFO -   Epoch [90/237] Loss: 1.1723
2026-04-05 18:43:40,764 - INFO -   Epoch [100/237] Loss: 1.3687
2026-04-05 18:43:42,200 - INFO -   Epoch [110/237] Loss: 1.6055
2026-04-05 18:43:43,638 - INFO -   Epoch [120/237] Loss: 1.1840
2026-04-05 18:43:45,075 - INFO -   Epoch [130/237] Loss: 1.0553
2026-04-05 18:43:46,518 - INFO -   Epoch [140/237] Loss: 0.9913
2026-04-05 18:43:47,941 - INFO -   Epoch [150/237] Loss: 1.4469
2026-04-05 18:43:49,360 - INFO -   Epoch [160/237] Loss: 1.4848
2026-04-05 18:43:50,777 - INFO -   Epoch [170/237] Loss: 1.7439
2026-04-05 18:43:52,198 - INFO -   Epoch [180/237] Loss: 0.9482
2026-04-05 18:43:53,615 - INFO -   Epoch [190/237] Loss: 1.0688
2026-04-05 18:43:55,094 - INFO -   Epoch [200/237] Loss: 1.5200
2026-04-05 18:43:56,646 - INFO -   Epoch [210/237] Loss: 0.9888
2026-04-05 18:43:58,198 - INFO -   Epoch [220/237] Loss: 1.5547
2026-04-05 18:43:59,754 - INFO -   Epoch [230/237] Loss: 1.3542
2026-04-05 18:44:02,971 - INFO -   Train Loss: 1.2887
2026-04-05 18:44:02,971 - INFO -   Train Accuracy: 49.56%
2026-04-05 18:44:02,971 - INFO -   Val Loss: 1.2110
2026-04-05 18:44:02,971 - INFO -   Val Accuracy: 52.35% | F1: 0.5323
2026-04-05 18:44:02,971 - INFO -   LR: 0.000050
2026-04-05 18:44:02,971 - INFO -   Patience: 4/30
2026-04-05 18:44:02,971 - INFO - 
Epoch 25/300
2026-04-05 18:44:04,512 - INFO -   Epoch [10/237] Loss: 1.4240
2026-04-05 18:44:06,059 - INFO -   Epoch [20/237] Loss: 0.8995
2026-04-05 18:44:07,503 - INFO -   Epoch [30/237] Loss: 1.4684
2026-04-05 18:44:08,954 - INFO -   Epoch [40/237] Loss: 1.4340
2026-04-05 18:44:10,392 - INFO -   Epoch [50/237] Loss: 1.3047
2026-04-05 18:44:11,820 - INFO -   Epoch [60/237] Loss: 1.4306
2026-04-05 18:44:13,260 - INFO -   Epoch [70/237] Loss: 1.4957
2026-04-05 18:44:14,703 - INFO -   Epoch [80/237] Loss: 1.4962
2026-04-05 18:44:16,175 - INFO -   Epoch [90/237] Loss: 1.3235
2026-04-05 18:44:17,653 - INFO -   Epoch [100/237] Loss: 0.9885
2026-04-05 18:44:19,117 - INFO -   Epoch [110/237] Loss: 1.1843
2026-04-05 18:44:20,546 - INFO -   Epoch [120/237] Loss: 1.0460
2026-04-05 18:44:21,985 - INFO -   Epoch [130/237] Loss: 1.2810
2026-04-05 18:44:23,424 - INFO -   Epoch [140/237] Loss: 1.6120
2026-04-05 18:44:24,900 - INFO -   Epoch [150/237] Loss: 1.4579
2026-04-05 18:44:26,378 - INFO -   Epoch [160/237] Loss: 1.3745
2026-04-05 18:44:27,824 - INFO -   Epoch [170/237] Loss: 1.1506
2026-04-05 18:44:29,243 - INFO -   Epoch [180/237] Loss: 0.9497
2026-04-05 18:44:30,683 - INFO -   Epoch [190/237] Loss: 1.2077
2026-04-05 18:44:32,119 - INFO -   Epoch [200/237] Loss: 1.0698
2026-04-05 18:44:33,547 - INFO -   Epoch [210/237] Loss: 1.3488
2026-04-05 18:44:34,980 - INFO -   Epoch [220/237] Loss: 1.8528
2026-04-05 18:44:36,412 - INFO -   Epoch [230/237] Loss: 1.5603
2026-04-05 18:44:39,132 - INFO -   Train Loss: 1.2922
2026-04-05 18:44:39,132 - INFO -   Train Accuracy: 48.89%
2026-04-05 18:44:39,132 - INFO -   Val Loss: 1.2144
2026-04-05 18:44:39,132 - INFO -   Val Accuracy: 52.35% | F1: 0.5324
2026-04-05 18:44:39,132 - INFO -   LR: 0.000050
2026-04-05 18:44:39,132 - INFO -   Patience: 5/30
2026-04-05 18:44:39,132 - INFO - 
Epoch 26/300
2026-04-05 18:44:40,551 - INFO -   Epoch [10/237] Loss: 1.4705
2026-04-05 18:44:41,991 - INFO -   Epoch [20/237] Loss: 1.5370
2026-04-05 18:44:43,423 - INFO -   Epoch [30/237] Loss: 1.0452
2026-04-05 18:44:44,841 - INFO -   Epoch [40/237] Loss: 1.3948
2026-04-05 18:44:46,259 - INFO -   Epoch [50/237] Loss: 1.2389
2026-04-05 18:44:47,682 - INFO -   Epoch [60/237] Loss: 1.2475
2026-04-05 18:44:49,100 - INFO -   Epoch [70/237] Loss: 1.0903
2026-04-05 18:44:50,517 - INFO -   Epoch [80/237] Loss: 1.1089
2026-04-05 18:44:51,939 - INFO -   Epoch [90/237] Loss: 0.9408
2026-04-05 18:44:53,364 - INFO -   Epoch [100/237] Loss: 1.1679
2026-04-05 18:44:54,785 - INFO -   Epoch [110/237] Loss: 1.7632
2026-04-05 18:44:56,201 - INFO -   Epoch [120/237] Loss: 1.0519
2026-04-05 18:44:57,618 - INFO -   Epoch [130/237] Loss: 1.1147
2026-04-05 18:44:59,034 - INFO -   Epoch [140/237] Loss: 1.0655
2026-04-05 18:45:00,451 - INFO -   Epoch [150/237] Loss: 1.4261
2026-04-05 18:45:01,877 - INFO -   Epoch [160/237] Loss: 1.2336
2026-04-05 18:45:03,303 - INFO -   Epoch [170/237] Loss: 0.8205
2026-04-05 18:45:04,722 - INFO -   Epoch [180/237] Loss: 1.5626
2026-04-05 18:45:06,147 - INFO -   Epoch [190/237] Loss: 0.8396
2026-04-05 18:45:07,567 - INFO -   Epoch [200/237] Loss: 1.0031
2026-04-05 18:45:08,990 - INFO -   Epoch [210/237] Loss: 1.4176
2026-04-05 18:45:10,423 - INFO -   Epoch [220/237] Loss: 1.1597
2026-04-05 18:45:11,857 - INFO -   Epoch [230/237] Loss: 1.3424
2026-04-05 18:45:14,576 - INFO -   Train Loss: 1.2785
2026-04-05 18:45:14,577 - INFO -   Train Accuracy: 49.24%
2026-04-05 18:45:14,577 - INFO -   Val Loss: 1.2151
2026-04-05 18:45:14,577 - INFO -   Val Accuracy: 51.36% | F1: 0.5242
2026-04-05 18:45:14,577 - INFO -   LR: 0.000050
2026-04-05 18:45:14,577 - INFO -   Patience: 6/30
2026-04-05 18:45:14,577 - INFO - 
Epoch 27/300
2026-04-05 18:45:16,036 - INFO -   Epoch [10/237] Loss: 1.0158
2026-04-05 18:45:17,463 - INFO -   Epoch [20/237] Loss: 1.0697
2026-04-05 18:45:18,891 - INFO -   Epoch [30/237] Loss: 1.2626
2026-04-05 18:45:20,323 - INFO -   Epoch [40/237] Loss: 1.1688
2026-04-05 18:45:21,749 - INFO -   Epoch [50/237] Loss: 1.3976
2026-04-05 18:45:23,179 - INFO -   Epoch [60/237] Loss: 1.4307
2026-04-05 18:45:24,607 - INFO -   Epoch [70/237] Loss: 1.1485
2026-04-05 18:45:26,034 - INFO -   Epoch [80/237] Loss: 1.7257
2026-04-05 18:45:27,463 - INFO -   Epoch [90/237] Loss: 0.8203
2026-04-05 18:45:28,895 - INFO -   Epoch [100/237] Loss: 1.6908
2026-04-05 18:45:30,323 - INFO -   Epoch [110/237] Loss: 0.9081
2026-04-05 18:45:31,780 - INFO -   Epoch [120/237] Loss: 1.1451
2026-04-05 18:45:33,222 - INFO -   Epoch [130/237] Loss: 1.5484
2026-04-05 18:45:34,670 - INFO -   Epoch [140/237] Loss: 0.8884
2026-04-05 18:45:36,099 - INFO -   Epoch [150/237] Loss: 1.3298
2026-04-05 18:45:37,543 - INFO -   Epoch [160/237] Loss: 1.1708
2026-04-05 18:45:38,960 - INFO -   Epoch [170/237] Loss: 1.1283
2026-04-05 18:45:40,378 - INFO -   Epoch [180/237] Loss: 1.1057
2026-04-05 18:45:41,839 - INFO -   Epoch [190/237] Loss: 0.8440
2026-04-05 18:45:43,293 - INFO -   Epoch [200/237] Loss: 1.3580
2026-04-05 18:45:44,733 - INFO -   Epoch [210/237] Loss: 1.1874
2026-04-05 18:45:46,190 - INFO -   Epoch [220/237] Loss: 1.3501
2026-04-05 18:45:47,626 - INFO -   Epoch [230/237] Loss: 1.4204
2026-04-05 18:45:50,431 - INFO -   Train Loss: 1.2899
2026-04-05 18:45:50,432 - INFO -   Train Accuracy: 49.45%
2026-04-05 18:45:50,432 - INFO -   Val Loss: 1.1843
2026-04-05 18:45:50,432 - INFO -   Val Accuracy: 53.58% | F1: 0.5471
2026-04-05 18:45:50,432 - INFO -   LR: 0.000025
2026-04-05 18:45:50,432 - INFO -   Patience: 7/30
2026-04-05 18:45:50,432 - INFO - 
Epoch 28/300
2026-04-05 18:45:51,887 - INFO -   Epoch [10/237] Loss: 1.4344
2026-04-05 18:45:53,311 - INFO -   Epoch [20/237] Loss: 0.9929
2026-04-05 18:45:54,746 - INFO -   Epoch [30/237] Loss: 0.9810
2026-04-05 18:45:56,196 - INFO -   Epoch [40/237] Loss: 1.4669
2026-04-05 18:45:57,633 - INFO -   Epoch [50/237] Loss: 1.0231
2026-04-05 18:45:59,066 - INFO -   Epoch [60/237] Loss: 1.1781
2026-04-05 18:46:00,531 - INFO -   Epoch [70/237] Loss: 1.3266
2026-04-05 18:46:01,964 - INFO -   Epoch [80/237] Loss: 1.2624
2026-04-05 18:46:03,472 - INFO -   Epoch [90/237] Loss: 0.7934
2026-04-05 18:46:04,915 - INFO -   Epoch [100/237] Loss: 0.9416
2026-04-05 18:46:06,354 - INFO -   Epoch [110/237] Loss: 1.2637
2026-04-05 18:46:07,785 - INFO -   Epoch [120/237] Loss: 0.8922
2026-04-05 18:46:09,212 - INFO -   Epoch [130/237] Loss: 0.9418
2026-04-05 18:46:10,638 - INFO -   Epoch [140/237] Loss: 1.4018
2026-04-05 18:46:12,058 - INFO -   Epoch [150/237] Loss: 1.1152
2026-04-05 18:46:13,492 - INFO -   Epoch [160/237] Loss: 1.2018
2026-04-05 18:46:14,916 - INFO -   Epoch [170/237] Loss: 0.9022
2026-04-05 18:46:16,362 - INFO -   Epoch [180/237] Loss: 1.4031
2026-04-05 18:46:17,789 - INFO -   Epoch [190/237] Loss: 1.5017
2026-04-05 18:46:19,228 - INFO -   Epoch [200/237] Loss: 0.8392
2026-04-05 18:46:20,663 - INFO -   Epoch [210/237] Loss: 1.0122
2026-04-05 18:46:22,112 - INFO -   Epoch [220/237] Loss: 1.1791
2026-04-05 18:46:23,539 - INFO -   Epoch [230/237] Loss: 1.2835
2026-04-05 18:46:26,267 - INFO -   Train Loss: 1.2972
2026-04-05 18:46:26,267 - INFO -   Train Accuracy: 48.75%
2026-04-05 18:46:26,268 - INFO -   Val Loss: 1.2063
2026-04-05 18:46:26,268 - INFO -   Val Accuracy: 53.58% | F1: 0.5479
2026-04-05 18:46:26,268 - INFO -   LR: 0.000025
2026-04-05 18:46:26,268 - INFO -   Patience: 8/30
2026-04-05 18:46:26,268 - INFO - 
Epoch 29/300
2026-04-05 18:46:27,691 - INFO -   Epoch [10/237] Loss: 1.3472
2026-04-05 18:46:29,143 - INFO -   Epoch [20/237] Loss: 0.9565
2026-04-05 18:46:30,568 - INFO -   Epoch [30/237] Loss: 0.9829
2026-04-05 18:46:31,996 - INFO -   Epoch [40/237] Loss: 1.0947
2026-04-05 18:46:33,428 - INFO -   Epoch [50/237] Loss: 1.2867
2026-04-05 18:46:34,873 - INFO -   Epoch [60/237] Loss: 1.4581
2026-04-05 18:46:36,305 - INFO -   Epoch [70/237] Loss: 1.3310
2026-04-05 18:46:37,742 - INFO -   Epoch [80/237] Loss: 1.3428
2026-04-05 18:46:39,183 - INFO -   Epoch [90/237] Loss: 1.4007
2026-04-05 18:46:40,618 - INFO -   Epoch [100/237] Loss: 1.3079
2026-04-05 18:46:42,050 - INFO -   Epoch [110/237] Loss: 1.0359
2026-04-05 18:46:43,504 - INFO -   Epoch [120/237] Loss: 1.4191
2026-04-05 18:46:44,939 - INFO -   Epoch [130/237] Loss: 1.4289
2026-04-05 18:46:46,381 - INFO -   Epoch [140/237] Loss: 1.0626
2026-04-05 18:46:47,818 - INFO -   Epoch [150/237] Loss: 1.1952
2026-04-05 18:46:49,266 - INFO -   Epoch [160/237] Loss: 1.0181
2026-04-05 18:46:50,720 - INFO -   Epoch [170/237] Loss: 1.1422
2026-04-05 18:46:52,156 - INFO -   Epoch [180/237] Loss: 1.2361
2026-04-05 18:46:53,583 - INFO -   Epoch [190/237] Loss: 1.1028
2026-04-05 18:46:55,013 - INFO -   Epoch [200/237] Loss: 1.6276
2026-04-05 18:46:56,434 - INFO -   Epoch [210/237] Loss: 1.3758
2026-04-05 18:46:57,856 - INFO -   Epoch [220/237] Loss: 0.8276
2026-04-05 18:46:59,275 - INFO -   Epoch [230/237] Loss: 1.6725
2026-04-05 18:47:02,077 - INFO -   Train Loss: 1.2626
2026-04-05 18:47:02,078 - INFO -   Train Accuracy: 50.79%
2026-04-05 18:47:02,078 - INFO -   Val Loss: 1.2085
2026-04-05 18:47:02,078 - INFO -   Val Accuracy: 51.11% | F1: 0.5233
2026-04-05 18:47:02,078 - INFO -   LR: 0.000025
2026-04-05 18:47:02,078 - INFO -   Patience: 9/30
2026-04-05 18:47:02,078 - INFO - 
Epoch 30/300
2026-04-05 18:47:03,493 - INFO -   Epoch [10/237] Loss: 1.0951
2026-04-05 18:47:04,916 - INFO -   Epoch [20/237] Loss: 1.3927
2026-04-05 18:47:06,337 - INFO -   Epoch [30/237] Loss: 1.3051
2026-04-05 18:47:07,794 - INFO -   Epoch [40/237] Loss: 1.3777
2026-04-05 18:47:09,232 - INFO -   Epoch [50/237] Loss: 1.5080
2026-04-05 18:47:10,676 - INFO -   Epoch [60/237] Loss: 1.3357
2026-04-05 18:47:12,103 - INFO -   Epoch [70/237] Loss: 1.1306
2026-04-05 18:47:13,535 - INFO -   Epoch [80/237] Loss: 1.2680
2026-04-05 18:47:14,966 - INFO -   Epoch [90/237] Loss: 1.3343
2026-04-05 18:47:16,398 - INFO -   Epoch [100/237] Loss: 1.0909
2026-04-05 18:47:17,841 - INFO -   Epoch [110/237] Loss: 0.7220
2026-04-05 18:47:19,288 - INFO -   Epoch [120/237] Loss: 1.8646
2026-04-05 18:47:20,723 - INFO -   Epoch [130/237] Loss: 1.1468
2026-04-05 18:47:22,147 - INFO -   Epoch [140/237] Loss: 1.1927
2026-04-05 18:47:23,578 - INFO -   Epoch [150/237] Loss: 1.1535
2026-04-05 18:47:25,003 - INFO -   Epoch [160/237] Loss: 1.4777
2026-04-05 18:47:26,431 - INFO -   Epoch [170/237] Loss: 0.9457
2026-04-05 18:47:27,853 - INFO -   Epoch [180/237] Loss: 1.5120
2026-04-05 18:47:29,273 - INFO -   Epoch [190/237] Loss: 1.4202
2026-04-05 18:47:30,696 - INFO -   Epoch [200/237] Loss: 1.3899
2026-04-05 18:47:32,118 - INFO -   Epoch [210/237] Loss: 1.2076
2026-04-05 18:47:33,556 - INFO -   Epoch [220/237] Loss: 1.6195
2026-04-05 18:47:34,979 - INFO -   Epoch [230/237] Loss: 1.7291
2026-04-05 18:47:37,706 - INFO -   Train Loss: 1.2783
2026-04-05 18:47:37,706 - INFO -   Train Accuracy: 49.81%
2026-04-05 18:47:37,706 - INFO -   Val Loss: 1.1916
2026-04-05 18:47:37,706 - INFO -   Val Accuracy: 52.59% | F1: 0.5362
2026-04-05 18:47:37,707 - INFO -   LR: 0.000025
2026-04-05 18:47:37,707 - INFO -   Patience: 10/30
2026-04-05 18:47:37,707 - INFO - 
Epoch 31/300
2026-04-05 18:47:39,133 - INFO -   Epoch [10/237] Loss: 1.5666
2026-04-05 18:47:40,559 - INFO -   Epoch [20/237] Loss: 1.4408
2026-04-05 18:47:41,984 - INFO -   Epoch [30/237] Loss: 1.3858
2026-04-05 18:47:43,410 - INFO -   Epoch [40/237] Loss: 1.4117
2026-04-05 18:47:44,845 - INFO -   Epoch [50/237] Loss: 0.6846
2026-04-05 18:47:46,278 - INFO -   Epoch [60/237] Loss: 1.1415
2026-04-05 18:47:47,704 - INFO -   Epoch [70/237] Loss: 1.0483
2026-04-05 18:47:49,148 - INFO -   Epoch [80/237] Loss: 1.4631
2026-04-05 18:47:50,596 - INFO -   Epoch [90/237] Loss: 1.2273
2026-04-05 18:47:52,046 - INFO -   Epoch [100/237] Loss: 1.1433
2026-04-05 18:47:53,480 - INFO -   Epoch [110/237] Loss: 1.2086
2026-04-05 18:47:54,903 - INFO -   Epoch [120/237] Loss: 1.4424
2026-04-05 18:47:56,324 - INFO -   Epoch [130/237] Loss: 1.2811
2026-04-05 18:47:57,745 - INFO -   Epoch [140/237] Loss: 1.4481
2026-04-05 18:47:59,165 - INFO -   Epoch [150/237] Loss: 1.2575
2026-04-05 18:48:00,590 - INFO -   Epoch [160/237] Loss: 1.0245
2026-04-05 18:48:02,006 - INFO -   Epoch [170/237] Loss: 1.1894
2026-04-05 18:48:03,459 - INFO -   Epoch [180/237] Loss: 1.8413
2026-04-05 18:48:04,908 - INFO -   Epoch [190/237] Loss: 1.2664
2026-04-05 18:48:06,341 - INFO -   Epoch [200/237] Loss: 1.5923
2026-04-05 18:48:07,771 - INFO -   Epoch [210/237] Loss: 1.0250
2026-04-05 18:48:09,209 - INFO -   Epoch [220/237] Loss: 1.2178
2026-04-05 18:48:10,628 - INFO -   Epoch [230/237] Loss: 1.3190
2026-04-05 18:48:13,358 - INFO -   Train Loss: 1.2800
2026-04-05 18:48:13,359 - INFO -   Train Accuracy: 49.95%
2026-04-05 18:48:13,359 - INFO -   Val Loss: 1.1993
2026-04-05 18:48:13,359 - INFO -   Val Accuracy: 52.10% | F1: 0.5329
2026-04-05 18:48:13,359 - INFO -   LR: 0.000025
2026-04-05 18:48:13,359 - INFO -   Patience: 11/30
2026-04-05 18:48:13,359 - INFO - 
Epoch 32/300
2026-04-05 18:48:14,794 - INFO -   Epoch [10/237] Loss: 1.6186
2026-04-05 18:48:16,229 - INFO -   Epoch [20/237] Loss: 1.4480
2026-04-05 18:48:17,662 - INFO -   Epoch [30/237] Loss: 1.5048
2026-04-05 18:48:19,101 - INFO -   Epoch [40/237] Loss: 1.1878
2026-04-05 18:48:20,533 - INFO -   Epoch [50/237] Loss: 1.4062
2026-04-05 18:48:21,963 - INFO -   Epoch [60/237] Loss: 1.1762
2026-04-05 18:48:23,386 - INFO -   Epoch [70/237] Loss: 1.1975
2026-04-05 18:48:24,839 - INFO -   Epoch [80/237] Loss: 1.1066
2026-04-05 18:48:26,278 - INFO -   Epoch [90/237] Loss: 1.5794
2026-04-05 18:48:27,716 - INFO -   Epoch [100/237] Loss: 1.0899
2026-04-05 18:48:29,140 - INFO -   Epoch [110/237] Loss: 1.6163
2026-04-05 18:48:30,562 - INFO -   Epoch [120/237] Loss: 1.1319
2026-04-05 18:48:31,985 - INFO -   Epoch [130/237] Loss: 1.3988
2026-04-05 18:48:33,404 - INFO -   Epoch [140/237] Loss: 1.2858
2026-04-05 18:48:34,824 - INFO -   Epoch [150/237] Loss: 0.8396
2026-04-05 18:48:36,266 - INFO -   Epoch [160/237] Loss: 1.5277
2026-04-05 18:48:37,688 - INFO -   Epoch [170/237] Loss: 1.2795
2026-04-05 18:48:39,115 - INFO -   Epoch [180/237] Loss: 1.5993
2026-04-05 18:48:40,542 - INFO -   Epoch [190/237] Loss: 1.6666
2026-04-05 18:48:41,968 - INFO -   Epoch [200/237] Loss: 1.5729
2026-04-05 18:48:43,396 - INFO -   Epoch [210/237] Loss: 1.0347
2026-04-05 18:48:44,837 - INFO -   Epoch [220/237] Loss: 1.0637
2026-04-05 18:48:46,262 - INFO -   Epoch [230/237] Loss: 1.4292
2026-04-05 18:48:49,004 - INFO -   Train Loss: 1.2677
2026-04-05 18:48:49,004 - INFO -   Train Accuracy: 49.81%
2026-04-05 18:48:49,004 - INFO -   Val Loss: 1.1988
2026-04-05 18:48:49,004 - INFO -   Val Accuracy: 53.83% | F1: 0.5489
2026-04-05 18:48:49,004 - INFO -   LR: 0.000025
2026-04-05 18:48:49,004 - INFO -   Patience: 12/30
2026-04-05 18:48:49,004 - INFO - 
Epoch 33/300
2026-04-05 18:48:50,429 - INFO -   Epoch [10/237] Loss: 0.9441
2026-04-05 18:48:51,854 - INFO -   Epoch [20/237] Loss: 1.6469
2026-04-05 18:48:53,270 - INFO -   Epoch [30/237] Loss: 0.9925
2026-04-05 18:48:54,701 - INFO -   Epoch [40/237] Loss: 1.8573
2026-04-05 18:48:56,116 - INFO -   Epoch [50/237] Loss: 1.1500
2026-04-05 18:48:57,543 - INFO -   Epoch [60/237] Loss: 1.5719
2026-04-05 18:48:59,075 - INFO -   Epoch [70/237] Loss: 1.6434
2026-04-05 18:49:00,626 - INFO -   Epoch [80/237] Loss: 1.3363
2026-04-05 18:49:02,075 - INFO -   Epoch [90/237] Loss: 1.4137
2026-04-05 18:49:03,534 - INFO -   Epoch [100/237] Loss: 1.5827
2026-04-05 18:49:04,979 - INFO -   Epoch [110/237] Loss: 1.2920
2026-04-05 18:49:06,431 - INFO -   Epoch [120/237] Loss: 1.2616
2026-04-05 18:49:07,883 - INFO -   Epoch [130/237] Loss: 1.4870
2026-04-05 18:49:09,327 - INFO -   Epoch [140/237] Loss: 1.4242
2026-04-05 18:49:10,799 - INFO -   Epoch [150/237] Loss: 1.6138
2026-04-05 18:49:12,222 - INFO -   Epoch [160/237] Loss: 1.3557
2026-04-05 18:49:13,645 - INFO -   Epoch [170/237] Loss: 1.2235
2026-04-05 18:49:15,068 - INFO -   Epoch [180/237] Loss: 1.0737
2026-04-05 18:49:16,526 - INFO -   Epoch [190/237] Loss: 1.0942
2026-04-05 18:49:17,974 - INFO -   Epoch [200/237] Loss: 1.6787
2026-04-05 18:49:19,414 - INFO -   Epoch [210/237] Loss: 1.1802
2026-04-05 18:49:20,861 - INFO -   Epoch [220/237] Loss: 1.0653
2026-04-05 18:49:22,305 - INFO -   Epoch [230/237] Loss: 1.1914
2026-04-05 18:49:25,059 - INFO -   Train Loss: 1.2651
2026-04-05 18:49:25,059 - INFO -   Train Accuracy: 49.88%
2026-04-05 18:49:25,059 - INFO -   Val Loss: 1.1973
2026-04-05 18:49:25,059 - INFO -   Val Accuracy: 53.09% | F1: 0.5419
2026-04-05 18:49:25,059 - INFO -   LR: 0.000013
2026-04-05 18:49:25,059 - INFO -   Patience: 13/30
2026-04-05 18:49:25,059 - INFO - 
Epoch 34/300
2026-04-05 18:49:26,484 - INFO -   Epoch [10/237] Loss: 0.8915
2026-04-05 18:49:27,911 - INFO -   Epoch [20/237] Loss: 1.3401
2026-04-05 18:49:29,330 - INFO -   Epoch [30/237] Loss: 1.0803
2026-04-05 18:49:30,760 - INFO -   Epoch [40/237] Loss: 1.2725
2026-04-05 18:49:32,193 - INFO -   Epoch [50/237] Loss: 1.4685
2026-04-05 18:49:33,620 - INFO -   Epoch [60/237] Loss: 0.8104
2026-04-05 18:49:35,054 - INFO -   Epoch [70/237] Loss: 1.7190
2026-04-05 18:49:36,486 - INFO -   Epoch [80/237] Loss: 1.5631
2026-04-05 18:49:37,916 - INFO -   Epoch [90/237] Loss: 1.2745
2026-04-05 18:49:39,344 - INFO -   Epoch [100/237] Loss: 1.2535
2026-04-05 18:49:40,774 - INFO -   Epoch [110/237] Loss: 1.3440
2026-04-05 18:49:42,204 - INFO -   Epoch [120/237] Loss: 1.5874
2026-04-05 18:49:43,632 - INFO -   Epoch [130/237] Loss: 1.5289
2026-04-05 18:49:45,063 - INFO -   Epoch [140/237] Loss: 1.1756
2026-04-05 18:49:46,495 - INFO -   Epoch [150/237] Loss: 0.9940
2026-04-05 18:49:47,923 - INFO -   Epoch [160/237] Loss: 1.1938
2026-04-05 18:49:49,359 - INFO -   Epoch [170/237] Loss: 1.7292
2026-04-05 18:49:50,798 - INFO -   Epoch [180/237] Loss: 1.4342
2026-04-05 18:49:52,235 - INFO -   Epoch [190/237] Loss: 1.3811
2026-04-05 18:49:53,673 - INFO -   Epoch [200/237] Loss: 1.1709
2026-04-05 18:49:55,099 - INFO -   Epoch [210/237] Loss: 0.8860
2026-04-05 18:49:56,519 - INFO -   Epoch [220/237] Loss: 0.9659
2026-04-05 18:49:57,942 - INFO -   Epoch [230/237] Loss: 1.3211
2026-04-05 18:50:00,629 - INFO -   Train Loss: 1.2564
2026-04-05 18:50:00,629 - INFO -   Train Accuracy: 49.45%
2026-04-05 18:50:00,629 - INFO -   Val Loss: 1.1997
2026-04-05 18:50:00,629 - INFO -   Val Accuracy: 52.35% | F1: 0.5351
2026-04-05 18:50:00,629 - INFO -   LR: 0.000013
2026-04-05 18:50:00,629 - INFO -   Patience: 14/30
2026-04-05 18:50:00,629 - INFO - 
Epoch 35/300
2026-04-05 18:50:02,046 - INFO -   Epoch [10/237] Loss: 1.4215
2026-04-05 18:50:03,468 - INFO -   Epoch [20/237] Loss: 1.3625
2026-04-05 18:50:04,907 - INFO -   Epoch [30/237] Loss: 1.7669
2026-04-05 18:50:06,328 - INFO -   Epoch [40/237] Loss: 1.0272
2026-04-05 18:50:07,749 - INFO -   Epoch [50/237] Loss: 1.3347
2026-04-05 18:50:09,172 - INFO -   Epoch [60/237] Loss: 1.1973
2026-04-05 18:50:10,587 - INFO -   Epoch [70/237] Loss: 0.9817
2026-04-05 18:50:12,008 - INFO -   Epoch [80/237] Loss: 1.1351
2026-04-05 18:50:13,425 - INFO -   Epoch [90/237] Loss: 0.7756
2026-04-05 18:50:14,864 - INFO -   Epoch [100/237] Loss: 1.4406
2026-04-05 18:50:16,305 - INFO -   Epoch [110/237] Loss: 0.8679
2026-04-05 18:50:17,763 - INFO -   Epoch [120/237] Loss: 1.0353
2026-04-05 18:50:19,188 - INFO -   Epoch [130/237] Loss: 1.3264
2026-04-05 18:50:20,613 - INFO -   Epoch [140/237] Loss: 0.7622
2026-04-05 18:50:22,036 - INFO -   Epoch [150/237] Loss: 1.3940
2026-04-05 18:50:23,474 - INFO -   Epoch [160/237] Loss: 1.6017
2026-04-05 18:50:24,915 - INFO -   Epoch [170/237] Loss: 1.5687
2026-04-05 18:50:26,339 - INFO -   Epoch [180/237] Loss: 1.3993
2026-04-05 18:50:27,786 - INFO -   Epoch [190/237] Loss: 1.5814
2026-04-05 18:50:29,251 - INFO -   Epoch [200/237] Loss: 1.6093
2026-04-05 18:50:30,676 - INFO -   Epoch [210/237] Loss: 1.4488
2026-04-05 18:50:32,098 - INFO -   Epoch [220/237] Loss: 1.2554
2026-04-05 18:50:33,520 - INFO -   Epoch [230/237] Loss: 0.9069
2026-04-05 18:50:36,278 - INFO -   Train Loss: 1.2450
2026-04-05 18:50:36,279 - INFO -   Train Accuracy: 50.72%
2026-04-05 18:50:36,279 - INFO -   Val Loss: 1.1971
2026-04-05 18:50:36,279 - INFO -   Val Accuracy: 53.09% | F1: 0.5404
2026-04-05 18:50:36,279 - INFO -   LR: 0.000013
2026-04-05 18:50:36,279 - INFO -   Patience: 15/30
2026-04-05 18:50:36,279 - INFO - 
Epoch 36/300
2026-04-05 18:50:37,701 - INFO -   Epoch [10/237] Loss: 1.6240
2026-04-05 18:50:39,122 - INFO -   Epoch [20/237] Loss: 1.6021
2026-04-05 18:50:40,544 - INFO -   Epoch [30/237] Loss: 1.4206
2026-04-05 18:50:41,982 - INFO -   Epoch [40/237] Loss: 1.4614
2026-04-05 18:50:43,420 - INFO -   Epoch [50/237] Loss: 1.3063
2026-04-05 18:50:44,844 - INFO -   Epoch [60/237] Loss: 1.0815
2026-04-05 18:50:46,266 - INFO -   Epoch [70/237] Loss: 1.1578
2026-04-05 18:50:47,686 - INFO -   Epoch [80/237] Loss: 0.8926
2026-04-05 18:50:49,109 - INFO -   Epoch [90/237] Loss: 1.1325
2026-04-05 18:50:50,655 - INFO -   Epoch [100/237] Loss: 1.7938
2026-04-05 18:50:52,078 - INFO -   Epoch [110/237] Loss: 1.6191
2026-04-05 18:50:53,589 - INFO -   Epoch [120/237] Loss: 1.1505
2026-04-05 18:50:55,069 - INFO -   Epoch [130/237] Loss: 1.5905
2026-04-05 18:50:56,517 - INFO -   Epoch [140/237] Loss: 1.0628
2026-04-05 18:50:57,945 - INFO -   Epoch [150/237] Loss: 1.5882
2026-04-05 18:50:59,457 - INFO -   Epoch [160/237] Loss: 0.9431
2026-04-05 18:51:00,928 - INFO -   Epoch [170/237] Loss: 0.8764
2026-04-05 18:51:02,366 - INFO -   Epoch [180/237] Loss: 1.8057
2026-04-05 18:51:03,796 - INFO -   Epoch [190/237] Loss: 1.2111
2026-04-05 18:51:05,219 - INFO -   Epoch [200/237] Loss: 1.1211
2026-04-05 18:51:06,682 - INFO -   Epoch [210/237] Loss: 1.2773
2026-04-05 18:51:08,110 - INFO -   Epoch [220/237] Loss: 0.6881
2026-04-05 18:51:09,564 - INFO -   Epoch [230/237] Loss: 1.2264
2026-04-05 18:51:12,318 - INFO -   Train Loss: 1.2562
2026-04-05 18:51:12,318 - INFO -   Train Accuracy: 50.23%
2026-04-05 18:51:12,318 - INFO -   Val Loss: 1.1995
2026-04-05 18:51:12,318 - INFO -   Val Accuracy: 53.09% | F1: 0.5418
2026-04-05 18:51:12,318 - INFO -   LR: 0.000013
2026-04-05 18:51:12,318 - INFO -   Patience: 16/30
2026-04-05 18:51:12,318 - INFO - 
Epoch 37/300
2026-04-05 18:51:13,743 - INFO -   Epoch [10/237] Loss: 1.1766
2026-04-05 18:51:15,166 - INFO -   Epoch [20/237] Loss: 1.5157
2026-04-05 18:51:16,596 - INFO -   Epoch [30/237] Loss: 1.9044
2026-04-05 18:51:18,023 - INFO -   Epoch [40/237] Loss: 0.9517
2026-04-05 18:51:19,485 - INFO -   Epoch [50/237] Loss: 1.6581
2026-04-05 18:51:20,912 - INFO -   Epoch [60/237] Loss: 1.9493
2026-04-05 18:51:22,335 - INFO -   Epoch [70/237] Loss: 1.1010
2026-04-05 18:51:23,768 - INFO -   Epoch [80/237] Loss: 1.4576
2026-04-05 18:51:25,212 - INFO -   Epoch [90/237] Loss: 1.4506
2026-04-05 18:51:26,636 - INFO -   Epoch [100/237] Loss: 1.1953
2026-04-05 18:51:28,057 - INFO -   Epoch [110/237] Loss: 1.1621
2026-04-05 18:51:29,494 - INFO -   Epoch [120/237] Loss: 1.4288
2026-04-05 18:51:30,928 - INFO -   Epoch [130/237] Loss: 1.5375
2026-04-05 18:51:32,348 - INFO -   Epoch [140/237] Loss: 1.3703
2026-04-05 18:51:33,769 - INFO -   Epoch [150/237] Loss: 1.1855
2026-04-05 18:51:35,195 - INFO -   Epoch [160/237] Loss: 0.8926
2026-04-05 18:51:36,615 - INFO -   Epoch [170/237] Loss: 1.0690
2026-04-05 18:51:38,051 - INFO -   Epoch [180/237] Loss: 0.8483
2026-04-05 18:51:39,499 - INFO -   Epoch [190/237] Loss: 1.1151
2026-04-05 18:51:40,936 - INFO -   Epoch [200/237] Loss: 1.1596
2026-04-05 18:51:42,355 - INFO -   Epoch [210/237] Loss: 1.1186
2026-04-05 18:51:43,772 - INFO -   Epoch [220/237] Loss: 1.4461
2026-04-05 18:51:45,207 - INFO -   Epoch [230/237] Loss: 0.8247
2026-04-05 18:51:47,949 - INFO -   Train Loss: 1.2651
2026-04-05 18:51:47,949 - INFO -   Train Accuracy: 51.18%
2026-04-05 18:51:47,949 - INFO -   Val Loss: 1.1966
2026-04-05 18:51:47,949 - INFO -   Val Accuracy: 52.59% | F1: 0.5350
2026-04-05 18:51:47,949 - INFO -   LR: 0.000013
2026-04-05 18:51:47,949 - INFO -   Patience: 17/30
2026-04-05 18:51:47,950 - INFO - 
Epoch 38/300
2026-04-05 18:51:49,371 - INFO -   Epoch [10/237] Loss: 1.5671
2026-04-05 18:51:50,796 - INFO -   Epoch [20/237] Loss: 1.0269
2026-04-05 18:51:52,220 - INFO -   Epoch [30/237] Loss: 1.3773
2026-04-05 18:51:53,648 - INFO -   Epoch [40/237] Loss: 1.5490
2026-04-05 18:51:55,074 - INFO -   Epoch [50/237] Loss: 1.2400
2026-04-05 18:51:56,501 - INFO -   Epoch [60/237] Loss: 1.3202
2026-04-05 18:51:57,935 - INFO -   Epoch [70/237] Loss: 1.3349
2026-04-05 18:51:59,365 - INFO -   Epoch [80/237] Loss: 1.1799
2026-04-05 18:52:00,793 - INFO -   Epoch [90/237] Loss: 1.2654
2026-04-05 18:52:02,223 - INFO -   Epoch [100/237] Loss: 0.9993
2026-04-05 18:52:03,656 - INFO -   Epoch [110/237] Loss: 0.6134
2026-04-05 18:52:05,100 - INFO -   Epoch [120/237] Loss: 0.9891
2026-04-05 18:52:06,577 - INFO -   Epoch [130/237] Loss: 1.4176
2026-04-05 18:52:08,035 - INFO -   Epoch [140/237] Loss: 1.1241
2026-04-05 18:52:09,469 - INFO -   Epoch [150/237] Loss: 1.2128
2026-04-05 18:52:10,902 - INFO -   Epoch [160/237] Loss: 1.2261
2026-04-05 18:52:12,338 - INFO -   Epoch [170/237] Loss: 1.2674
2026-04-05 18:52:13,797 - INFO -   Epoch [180/237] Loss: 1.1949
2026-04-05 18:52:15,234 - INFO -   Epoch [190/237] Loss: 1.7580
2026-04-05 18:52:16,669 - INFO -   Epoch [200/237] Loss: 1.5280
2026-04-05 18:52:18,104 - INFO -   Epoch [210/237] Loss: 1.3912
2026-04-05 18:52:19,538 - INFO -   Epoch [220/237] Loss: 1.0096
2026-04-05 18:52:20,969 - INFO -   Epoch [230/237] Loss: 1.4857
2026-04-05 18:52:23,722 - INFO -   Train Loss: 1.2686
2026-04-05 18:52:23,722 - INFO -   Train Accuracy: 48.40%
2026-04-05 18:52:23,722 - INFO -   Val Loss: 1.1895
2026-04-05 18:52:23,722 - INFO -   Val Accuracy: 53.09% | F1: 0.5411
2026-04-05 18:52:23,723 - INFO -   LR: 0.000013
2026-04-05 18:52:23,723 - INFO -   Patience: 18/30
2026-04-05 18:52:23,723 - INFO - 
Epoch 39/300
2026-04-05 18:52:25,159 - INFO -   Epoch [10/237] Loss: 1.2414
2026-04-05 18:52:26,603 - INFO -   Epoch [20/237] Loss: 1.4671
2026-04-05 18:52:28,059 - INFO -   Epoch [30/237] Loss: 1.4793
2026-04-05 18:52:29,522 - INFO -   Epoch [40/237] Loss: 0.6848
2026-04-05 18:52:30,984 - INFO -   Epoch [50/237] Loss: 1.1995
2026-04-05 18:52:32,408 - INFO -   Epoch [60/237] Loss: 1.0518
2026-04-05 18:52:33,826 - INFO -   Epoch [70/237] Loss: 1.3147
2026-04-05 18:52:35,246 - INFO -   Epoch [80/237] Loss: 1.8293
2026-04-05 18:52:36,665 - INFO -   Epoch [90/237] Loss: 1.3820
2026-04-05 18:52:38,118 - INFO -   Epoch [100/237] Loss: 0.8404
2026-04-05 18:52:39,602 - INFO -   Epoch [110/237] Loss: 0.9531
2026-04-05 18:52:41,043 - INFO -   Epoch [120/237] Loss: 1.3944
2026-04-05 18:52:42,488 - INFO -   Epoch [130/237] Loss: 1.2981
2026-04-05 18:52:43,943 - INFO -   Epoch [140/237] Loss: 1.5740
2026-04-05 18:52:45,377 - INFO -   Epoch [150/237] Loss: 0.9869
2026-04-05 18:52:46,810 - INFO -   Epoch [160/237] Loss: 1.4646
2026-04-05 18:52:48,244 - INFO -   Epoch [170/237] Loss: 0.9183
2026-04-05 18:52:49,669 - INFO -   Epoch [180/237] Loss: 1.6069
2026-04-05 18:52:51,091 - INFO -   Epoch [190/237] Loss: 1.1539
2026-04-05 18:52:52,522 - INFO -   Epoch [200/237] Loss: 1.4454
2026-04-05 18:52:53,942 - INFO -   Epoch [210/237] Loss: 1.4153
2026-04-05 18:52:55,370 - INFO -   Epoch [220/237] Loss: 1.7079
2026-04-05 18:52:56,801 - INFO -   Epoch [230/237] Loss: 1.0941
2026-04-05 18:52:59,525 - INFO -   Train Loss: 1.2562
2026-04-05 18:52:59,525 - INFO -   Train Accuracy: 50.44%
2026-04-05 18:52:59,526 - INFO -   Val Loss: 1.1807
2026-04-05 18:52:59,526 - INFO -   Val Accuracy: 53.83% | F1: 0.5493
2026-04-05 18:52:59,526 - INFO -   LR: 0.000006
2026-04-05 18:52:59,526 - INFO -   Patience: 19/30
2026-04-05 18:52:59,526 - INFO - 
Epoch 40/300
2026-04-05 18:53:00,948 - INFO -   Epoch [10/237] Loss: 1.5867
2026-04-05 18:53:02,369 - INFO -   Epoch [20/237] Loss: 1.2825
2026-04-05 18:53:03,787 - INFO -   Epoch [30/237] Loss: 1.4814
2026-04-05 18:53:05,210 - INFO -   Epoch [40/237] Loss: 1.3266
2026-04-05 18:53:06,628 - INFO -   Epoch [50/237] Loss: 1.3211
2026-04-05 18:53:08,052 - INFO -   Epoch [60/237] Loss: 0.9850
2026-04-05 18:53:09,486 - INFO -   Epoch [70/237] Loss: 1.6541
2026-04-05 18:53:10,922 - INFO -   Epoch [80/237] Loss: 1.8253
2026-04-05 18:53:12,349 - INFO -   Epoch [90/237] Loss: 1.1626
2026-04-05 18:53:13,855 - INFO -   Epoch [100/237] Loss: 1.0052
2026-04-05 18:53:15,290 - INFO -   Epoch [110/237] Loss: 1.5715
2026-04-05 18:53:16,722 - INFO -   Epoch [120/237] Loss: 1.4910
2026-04-05 18:53:18,162 - INFO -   Epoch [130/237] Loss: 1.4327
2026-04-05 18:53:19,596 - INFO -   Epoch [140/237] Loss: 1.1644
2026-04-05 18:53:21,029 - INFO -   Epoch [150/237] Loss: 0.9793
2026-04-05 18:53:22,458 - INFO -   Epoch [160/237] Loss: 1.2187
2026-04-05 18:53:23,880 - INFO -   Epoch [170/237] Loss: 0.8859
2026-04-05 18:53:25,306 - INFO -   Epoch [180/237] Loss: 1.6402
2026-04-05 18:53:26,735 - INFO -   Epoch [190/237] Loss: 1.0500
2026-04-05 18:53:28,160 - INFO -   Epoch [200/237] Loss: 1.2166
2026-04-05 18:53:29,587 - INFO -   Epoch [210/237] Loss: 1.2801
2026-04-05 18:53:31,011 - INFO -   Epoch [220/237] Loss: 0.8132
2026-04-05 18:53:32,436 - INFO -   Epoch [230/237] Loss: 1.3536
2026-04-05 18:53:35,148 - INFO -   Train Loss: 1.2618
2026-04-05 18:53:35,148 - INFO -   Train Accuracy: 49.91%
2026-04-05 18:53:35,148 - INFO -   Val Loss: 1.1902
2026-04-05 18:53:35,148 - INFO -   Val Accuracy: 53.58% | F1: 0.5451
2026-04-05 18:53:35,148 - INFO -   LR: 0.000006
2026-04-05 18:53:35,148 - INFO -   Patience: 20/30
2026-04-05 18:53:35,148 - INFO - 
Epoch 41/300
2026-04-05 18:53:36,579 - INFO -   Epoch [10/237] Loss: 1.0744
2026-04-05 18:53:38,011 - INFO -   Epoch [20/237] Loss: 1.2949
2026-04-05 18:53:39,439 - INFO -   Epoch [30/237] Loss: 1.5826
2026-04-05 18:53:40,867 - INFO -   Epoch [40/237] Loss: 0.8363
2026-04-05 18:53:42,293 - INFO -   Epoch [50/237] Loss: 1.1649
2026-04-05 18:53:43,721 - INFO -   Epoch [60/237] Loss: 1.6611
2026-04-05 18:53:45,150 - INFO -   Epoch [70/237] Loss: 1.5251
2026-04-05 18:53:46,597 - INFO -   Epoch [80/237] Loss: 2.1216
2026-04-05 18:53:48,049 - INFO -   Epoch [90/237] Loss: 1.1060
2026-04-05 18:53:49,468 - INFO -   Epoch [100/237] Loss: 1.4849
2026-04-05 18:53:50,889 - INFO -   Epoch [110/237] Loss: 1.3000
2026-04-05 18:53:52,314 - INFO -   Epoch [120/237] Loss: 1.0702
2026-04-05 18:53:53,754 - INFO -   Epoch [130/237] Loss: 1.0512
2026-04-05 18:53:55,195 - INFO -   Epoch [140/237] Loss: 1.4670
2026-04-05 18:53:56,638 - INFO -   Epoch [150/237] Loss: 1.4713
2026-04-05 18:53:58,071 - INFO -   Epoch [160/237] Loss: 0.7504
2026-04-05 18:53:59,506 - INFO -   Epoch [170/237] Loss: 1.0622
2026-04-05 18:54:00,942 - INFO -   Epoch [180/237] Loss: 1.2240
2026-04-05 18:54:02,365 - INFO -   Epoch [190/237] Loss: 1.0232
2026-04-05 18:54:03,790 - INFO -   Epoch [200/237] Loss: 1.1690
2026-04-05 18:54:05,219 - INFO -   Epoch [210/237] Loss: 1.3616
2026-04-05 18:54:06,658 - INFO -   Epoch [220/237] Loss: 0.9665
2026-04-05 18:54:08,104 - INFO -   Epoch [230/237] Loss: 1.4267
2026-04-05 18:54:10,871 - INFO -   Train Loss: 1.2416
2026-04-05 18:54:10,872 - INFO -   Train Accuracy: 51.85%
2026-04-05 18:54:10,872 - INFO -   Val Loss: 1.1865
2026-04-05 18:54:10,872 - INFO -   Val Accuracy: 53.33% | F1: 0.5395
2026-04-05 18:54:10,872 - INFO -   LR: 0.000006
2026-04-05 18:54:10,872 - INFO -   Patience: 21/30
2026-04-05 18:54:10,872 - INFO - 
Epoch 42/300
2026-04-05 18:54:12,314 - INFO -   Epoch [10/237] Loss: 1.3726
2026-04-05 18:54:13,751 - INFO -   Epoch [20/237] Loss: 1.1498
2026-04-05 18:54:15,172 - INFO -   Epoch [30/237] Loss: 1.6173
2026-04-05 18:54:16,603 - INFO -   Epoch [40/237] Loss: 1.3056
2026-04-05 18:54:18,023 - INFO -   Epoch [50/237] Loss: 1.4400
2026-04-05 18:54:19,442 - INFO -   Epoch [60/237] Loss: 1.3677
2026-04-05 18:54:20,915 - INFO -   Epoch [70/237] Loss: 1.4551
2026-04-05 18:54:22,344 - INFO -   Epoch [80/237] Loss: 1.3453
2026-04-05 18:54:23,762 - INFO -   Epoch [90/237] Loss: 1.1400
2026-04-05 18:54:25,207 - INFO -   Epoch [100/237] Loss: 1.0237
2026-04-05 18:54:26,643 - INFO -   Epoch [110/237] Loss: 1.1973
2026-04-05 18:54:28,081 - INFO -   Epoch [120/237] Loss: 1.0015
2026-04-05 18:54:29,517 - INFO -   Epoch [130/237] Loss: 1.0452
2026-04-05 18:54:30,956 - INFO -   Epoch [140/237] Loss: 1.2020
2026-04-05 18:54:32,388 - INFO -   Epoch [150/237] Loss: 1.2481
2026-04-05 18:54:33,867 - INFO -   Epoch [160/237] Loss: 0.6943
2026-04-05 18:54:35,305 - INFO -   Epoch [170/237] Loss: 1.2874
2026-04-05 18:54:36,736 - INFO -   Epoch [180/237] Loss: 1.5766
2026-04-05 18:54:38,158 - INFO -   Epoch [190/237] Loss: 1.2539
2026-04-05 18:54:39,581 - INFO -   Epoch [200/237] Loss: 1.2821
2026-04-05 18:54:41,008 - INFO -   Epoch [210/237] Loss: 1.1894
2026-04-05 18:54:42,442 - INFO -   Epoch [220/237] Loss: 0.8596
2026-04-05 18:54:43,859 - INFO -   Epoch [230/237] Loss: 1.0421
2026-04-05 18:54:46,543 - INFO -   Train Loss: 1.2578
2026-04-05 18:54:46,543 - INFO -   Train Accuracy: 50.02%
2026-04-05 18:54:46,543 - INFO -   Val Loss: 1.1889
2026-04-05 18:54:46,543 - INFO -   Val Accuracy: 53.33% | F1: 0.5410
2026-04-05 18:54:46,543 - INFO -   LR: 0.000006
2026-04-05 18:54:46,543 - INFO -   Patience: 22/30
2026-04-05 18:54:46,543 - INFO - 
Epoch 43/300
2026-04-05 18:54:47,960 - INFO -   Epoch [10/237] Loss: 1.9058
2026-04-05 18:54:49,385 - INFO -   Epoch [20/237] Loss: 1.4207
2026-04-05 18:54:50,824 - INFO -   Epoch [30/237] Loss: 1.1225
2026-04-05 18:54:52,275 - INFO -   Epoch [40/237] Loss: 1.0687
2026-04-05 18:54:53,701 - INFO -   Epoch [50/237] Loss: 1.3367
2026-04-05 18:54:55,136 - INFO -   Epoch [60/237] Loss: 1.2510
2026-04-05 18:54:56,572 - INFO -   Epoch [70/237] Loss: 1.1875
2026-04-05 18:54:58,009 - INFO -   Epoch [80/237] Loss: 1.2590
2026-04-05 18:54:59,447 - INFO -   Epoch [90/237] Loss: 1.1442
2026-04-05 18:55:00,882 - INFO -   Epoch [100/237] Loss: 1.4931
2026-04-05 18:55:02,356 - INFO -   Epoch [110/237] Loss: 1.0782
2026-04-05 18:55:03,799 - INFO -   Epoch [120/237] Loss: 1.4296
2026-04-05 18:55:05,257 - INFO -   Epoch [130/237] Loss: 0.9994
2026-04-05 18:55:06,711 - INFO -   Epoch [140/237] Loss: 1.3328
2026-04-05 18:55:08,149 - INFO -   Epoch [150/237] Loss: 1.0314
2026-04-05 18:55:09,600 - INFO -   Epoch [160/237] Loss: 1.3843
2026-04-05 18:55:11,037 - INFO -   Epoch [170/237] Loss: 1.2890
2026-04-05 18:55:12,475 - INFO -   Epoch [180/237] Loss: 0.9224
2026-04-05 18:55:13,906 - INFO -   Epoch [190/237] Loss: 0.9967
2026-04-05 18:55:15,329 - INFO -   Epoch [200/237] Loss: 1.1671
2026-04-05 18:55:16,749 - INFO -   Epoch [210/237] Loss: 1.4708
2026-04-05 18:55:18,171 - INFO -   Epoch [220/237] Loss: 1.5359
2026-04-05 18:55:19,588 - INFO -   Epoch [230/237] Loss: 1.2252
2026-04-05 18:55:22,274 - INFO -   Train Loss: 1.2543
2026-04-05 18:55:22,274 - INFO -   Train Accuracy: 49.66%
2026-04-05 18:55:22,274 - INFO -   Val Loss: 1.1849
2026-04-05 18:55:22,274 - INFO -   Val Accuracy: 53.58% | F1: 0.5439
2026-04-05 18:55:22,274 - INFO -   LR: 0.000006
2026-04-05 18:55:22,274 - INFO -   Patience: 23/30
2026-04-05 18:55:22,274 - INFO - 
Epoch 44/300
2026-04-05 18:55:23,707 - INFO -   Epoch [10/237] Loss: 1.1720
2026-04-05 18:55:25,167 - INFO -   Epoch [20/237] Loss: 0.6791
2026-04-05 18:55:26,607 - INFO -   Epoch [30/237] Loss: 1.0470
2026-04-05 18:55:28,078 - INFO -   Epoch [40/237] Loss: 1.0616
2026-04-05 18:55:29,513 - INFO -   Epoch [50/237] Loss: 0.9122
2026-04-05 18:55:30,943 - INFO -   Epoch [60/237] Loss: 1.2504
2026-04-05 18:55:32,369 - INFO -   Epoch [70/237] Loss: 1.2707
2026-04-05 18:55:33,796 - INFO -   Epoch [80/237] Loss: 1.0075
2026-04-05 18:55:35,236 - INFO -   Epoch [90/237] Loss: 1.1550
2026-04-05 18:55:36,670 - INFO -   Epoch [100/237] Loss: 1.3582
2026-04-05 18:55:38,095 - INFO -   Epoch [110/237] Loss: 1.1869
2026-04-05 18:55:39,523 - INFO -   Epoch [120/237] Loss: 1.4198
2026-04-05 18:55:40,971 - INFO -   Epoch [130/237] Loss: 0.9645
2026-04-05 18:55:42,431 - INFO -   Epoch [140/237] Loss: 1.1083
2026-04-05 18:55:43,928 - INFO -   Epoch [150/237] Loss: 1.1361
2026-04-05 18:55:45,352 - INFO -   Epoch [160/237] Loss: 1.8708
2026-04-05 18:55:46,776 - INFO -   Epoch [170/237] Loss: 1.2408
2026-04-05 18:55:48,199 - INFO -   Epoch [180/237] Loss: 1.2131
2026-04-05 18:55:49,621 - INFO -   Epoch [190/237] Loss: 1.4196
2026-04-05 18:55:51,057 - INFO -   Epoch [200/237] Loss: 1.0377
2026-04-05 18:55:52,496 - INFO -   Epoch [210/237] Loss: 1.5875
2026-04-05 18:55:53,942 - INFO -   Epoch [220/237] Loss: 1.3051
2026-04-05 18:55:55,382 - INFO -   Epoch [230/237] Loss: 0.8647
2026-04-05 18:55:58,149 - INFO -   Train Loss: 1.2465
2026-04-05 18:55:58,149 - INFO -   Train Accuracy: 51.36%
2026-04-05 18:55:58,149 - INFO -   Val Loss: 1.1829
2026-04-05 18:55:58,149 - INFO -   Val Accuracy: 53.58% | F1: 0.5446
2026-04-05 18:55:58,149 - INFO -   LR: 0.000006
2026-04-05 18:55:58,149 - INFO -   Patience: 24/30
2026-04-05 18:55:58,149 - INFO - 
Epoch 45/300
2026-04-05 18:55:59,614 - INFO -   Epoch [10/237] Loss: 1.1738
2026-04-05 18:56:01,058 - INFO -   Epoch [20/237] Loss: 0.9977
2026-04-05 18:56:02,483 - INFO -   Epoch [30/237] Loss: 1.5512
2026-04-05 18:56:03,941 - INFO -   Epoch [40/237] Loss: 1.1361
2026-04-05 18:56:05,380 - INFO -   Epoch [50/237] Loss: 1.1160
2026-04-05 18:56:06,810 - INFO -   Epoch [60/237] Loss: 1.7267
2026-04-05 18:56:08,235 - INFO -   Epoch [70/237] Loss: 1.5483
2026-04-05 18:56:09,655 - INFO -   Epoch [80/237] Loss: 1.1292
2026-04-05 18:56:11,071 - INFO -   Epoch [90/237] Loss: 1.0934
2026-04-05 18:56:12,491 - INFO -   Epoch [100/237] Loss: 1.6142
2026-04-05 18:56:13,910 - INFO -   Epoch [110/237] Loss: 1.2281
2026-04-05 18:56:15,328 - INFO -   Epoch [120/237] Loss: 1.1335
2026-04-05 18:56:16,760 - INFO -   Epoch [130/237] Loss: 1.0164
2026-04-05 18:56:18,227 - INFO -   Epoch [140/237] Loss: 1.2594
2026-04-05 18:56:19,679 - INFO -   Epoch [150/237] Loss: 1.0718
2026-04-05 18:56:21,098 - INFO -   Epoch [160/237] Loss: 1.5759
2026-04-05 18:56:22,526 - INFO -   Epoch [170/237] Loss: 1.0401
2026-04-05 18:56:23,949 - INFO -   Epoch [180/237] Loss: 1.2225
2026-04-05 18:56:25,406 - INFO -   Epoch [190/237] Loss: 1.2769
2026-04-05 18:56:26,849 - INFO -   Epoch [200/237] Loss: 1.4721
2026-04-05 18:56:28,307 - INFO -   Epoch [210/237] Loss: 1.5443
2026-04-05 18:56:29,739 - INFO -   Epoch [220/237] Loss: 1.2433
2026-04-05 18:56:31,170 - INFO -   Epoch [230/237] Loss: 1.0895
2026-04-05 18:56:33,894 - INFO -   Train Loss: 1.2435
2026-04-05 18:56:33,895 - INFO -   Train Accuracy: 50.76%
2026-04-05 18:56:33,895 - INFO -   Val Loss: 1.1852
2026-04-05 18:56:33,895 - INFO -   Val Accuracy: 53.58% | F1: 0.5443
2026-04-05 18:56:33,895 - INFO -   LR: 0.000003
2026-04-05 18:56:33,895 - INFO -   Patience: 25/30
2026-04-05 18:56:33,895 - INFO - 
Epoch 46/300
2026-04-05 18:56:35,322 - INFO -   Epoch [10/237] Loss: 0.6482
2026-04-05 18:56:36,753 - INFO -   Epoch [20/237] Loss: 1.2870
2026-04-05 18:56:38,180 - INFO -   Epoch [30/237] Loss: 0.8872
2026-04-05 18:56:39,612 - INFO -   Epoch [40/237] Loss: 1.4587
2026-04-05 18:56:41,036 - INFO -   Epoch [50/237] Loss: 1.2887
2026-04-05 18:56:42,477 - INFO -   Epoch [60/237] Loss: 1.1957
2026-04-05 18:56:43,938 - INFO -   Epoch [70/237] Loss: 1.3888
2026-04-05 18:56:45,375 - INFO -   Epoch [80/237] Loss: 1.3294
2026-04-05 18:56:46,821 - INFO -   Epoch [90/237] Loss: 1.2843
2026-04-05 18:56:48,246 - INFO -   Epoch [100/237] Loss: 1.1419
2026-04-05 18:56:49,679 - INFO -   Epoch [110/237] Loss: 1.3083
2026-04-05 18:56:51,116 - INFO -   Epoch [120/237] Loss: 1.5086
2026-04-05 18:56:52,552 - INFO -   Epoch [130/237] Loss: 1.3656
2026-04-05 18:56:53,980 - INFO -   Epoch [140/237] Loss: 1.1230
2026-04-05 18:56:55,408 - INFO -   Epoch [150/237] Loss: 1.6481
2026-04-05 18:56:56,842 - INFO -   Epoch [160/237] Loss: 1.1782
2026-04-05 18:56:58,299 - INFO -   Epoch [170/237] Loss: 0.7258
2026-04-05 18:56:59,741 - INFO -   Epoch [180/237] Loss: 1.2057
2026-04-05 18:57:01,179 - INFO -   Epoch [190/237] Loss: 1.4971
2026-04-05 18:57:02,618 - INFO -   Epoch [200/237] Loss: 1.3836
2026-04-05 18:57:04,056 - INFO -   Epoch [210/237] Loss: 1.3130
2026-04-05 18:57:05,498 - INFO -   Epoch [220/237] Loss: 1.0545
2026-04-05 18:57:06,937 - INFO -   Epoch [230/237] Loss: 1.3191
2026-04-05 18:57:09,652 - INFO -   Train Loss: 1.2382
2026-04-05 18:57:09,653 - INFO -   Train Accuracy: 51.99%
2026-04-05 18:57:09,653 - INFO -   Val Loss: 1.1830
2026-04-05 18:57:09,653 - INFO -   Val Accuracy: 53.83% | F1: 0.5463
2026-04-05 18:57:09,653 - INFO -   LR: 0.000003
2026-04-05 18:57:09,653 - INFO -   Patience: 26/30
2026-04-05 18:57:09,653 - INFO - 
Epoch 47/300
2026-04-05 18:57:11,087 - INFO -   Epoch [10/237] Loss: 1.4055
2026-04-05 18:57:12,562 - INFO -   Epoch [20/237] Loss: 1.3076
2026-04-05 18:57:14,097 - INFO -   Epoch [30/237] Loss: 1.1468
2026-04-05 18:57:15,616 - INFO -   Epoch [40/237] Loss: 1.2176
2026-04-05 18:57:17,046 - INFO -   Epoch [50/237] Loss: 1.1272
2026-04-05 18:57:18,547 - INFO -   Epoch [60/237] Loss: 1.3716
2026-04-05 18:57:19,987 - INFO -   Epoch [70/237] Loss: 1.3671
2026-04-05 18:57:21,438 - INFO -   Epoch [80/237] Loss: 1.3514
2026-04-05 18:57:22,932 - INFO -   Epoch [90/237] Loss: 1.4558
2026-04-05 18:57:24,364 - INFO -   Epoch [100/237] Loss: 1.0632
2026-04-05 18:57:25,790 - INFO -   Epoch [110/237] Loss: 1.8463
2026-04-05 18:57:27,216 - INFO -   Epoch [120/237] Loss: 1.4171
2026-04-05 18:57:28,650 - INFO -   Epoch [130/237] Loss: 1.4263
2026-04-05 18:57:30,080 - INFO -   Epoch [140/237] Loss: 1.0673
2026-04-05 18:57:31,526 - INFO -   Epoch [150/237] Loss: 1.3703
2026-04-05 18:57:33,024 - INFO -   Epoch [160/237] Loss: 1.5212
2026-04-05 18:57:34,453 - INFO -   Epoch [170/237] Loss: 1.1633
2026-04-05 18:57:35,887 - INFO -   Epoch [180/237] Loss: 1.6472
2026-04-05 18:57:37,318 - INFO -   Epoch [190/237] Loss: 1.1448
2026-04-05 18:57:38,758 - INFO -   Epoch [200/237] Loss: 1.0853
2026-04-05 18:57:40,186 - INFO -   Epoch [210/237] Loss: 1.2173
2026-04-05 18:57:41,620 - INFO -   Epoch [220/237] Loss: 1.3464
2026-04-05 18:57:43,048 - INFO -   Epoch [230/237] Loss: 1.4591
2026-04-05 18:57:45,760 - INFO -   Train Loss: 1.2388
2026-04-05 18:57:45,760 - INFO -   Train Accuracy: 50.02%
2026-04-05 18:57:45,760 - INFO -   Val Loss: 1.1809
2026-04-05 18:57:45,760 - INFO -   Val Accuracy: 53.83% | F1: 0.5466
2026-04-05 18:57:45,760 - INFO -   LR: 0.000003
2026-04-05 18:57:45,760 - INFO -   Patience: 27/30
2026-04-05 18:57:45,761 - INFO - 
Epoch 48/300
2026-04-05 18:57:47,196 - INFO -   Epoch [10/237] Loss: 1.1759
2026-04-05 18:57:48,634 - INFO -   Epoch [20/237] Loss: 1.4366
2026-04-05 18:57:50,062 - INFO -   Epoch [30/237] Loss: 1.3258
2026-04-05 18:57:51,494 - INFO -   Epoch [40/237] Loss: 1.6042
2026-04-05 18:57:52,926 - INFO -   Epoch [50/237] Loss: 1.3287
2026-04-05 18:57:54,346 - INFO -   Epoch [60/237] Loss: 1.3364
2026-04-05 18:57:55,778 - INFO -   Epoch [70/237] Loss: 0.8903
2026-04-05 18:57:57,218 - INFO -   Epoch [80/237] Loss: 1.5130
2026-04-05 18:57:58,641 - INFO -   Epoch [90/237] Loss: 1.5556
2026-04-05 18:58:00,076 - INFO -   Epoch [100/237] Loss: 1.3120
2026-04-05 18:58:01,499 - INFO -   Epoch [110/237] Loss: 0.7352
2026-04-05 18:58:02,919 - INFO -   Epoch [120/237] Loss: 1.5535
2026-04-05 18:58:04,355 - INFO -   Epoch [130/237] Loss: 1.1013
2026-04-05 18:58:05,783 - INFO -   Epoch [140/237] Loss: 1.0134
2026-04-05 18:58:07,204 - INFO -   Epoch [150/237] Loss: 1.1663
2026-04-05 18:58:08,626 - INFO -   Epoch [160/237] Loss: 1.1479
2026-04-05 18:58:10,052 - INFO -   Epoch [170/237] Loss: 1.4758
2026-04-05 18:58:11,477 - INFO -   Epoch [180/237] Loss: 0.8245
2026-04-05 18:58:12,898 - INFO -   Epoch [190/237] Loss: 1.5052
2026-04-05 18:58:14,356 - INFO -   Epoch [200/237] Loss: 1.0375
2026-04-05 18:58:15,788 - INFO -   Epoch [210/237] Loss: 0.8298
2026-04-05 18:58:17,231 - INFO -   Epoch [220/237] Loss: 1.0225
2026-04-05 18:58:18,677 - INFO -   Epoch [230/237] Loss: 0.9661
2026-04-05 18:58:21,399 - INFO -   Train Loss: 1.2391
2026-04-05 18:58:21,399 - INFO -   Train Accuracy: 51.85%
2026-04-05 18:58:21,399 - INFO -   Val Loss: 1.1822
2026-04-05 18:58:21,399 - INFO -   Val Accuracy: 54.07% | F1: 0.5487
2026-04-05 18:58:21,399 - INFO -   LR: 0.000003
2026-04-05 18:58:21,830 - INFO -   ✓ New best model saved! (Acc: 54.07%)
2026-04-05 18:58:21,832 - INFO -   Patience: 0/30
2026-04-05 18:58:21,832 - INFO - 
Epoch 49/300
2026-04-05 18:58:23,304 - INFO -   Epoch [10/237] Loss: 1.0269
2026-04-05 18:58:24,735 - INFO -   Epoch [20/237] Loss: 1.1624
2026-04-05 18:58:26,171 - INFO -   Epoch [30/237] Loss: 1.3237
2026-04-05 18:58:27,615 - INFO -   Epoch [40/237] Loss: 1.1300
2026-04-05 18:58:29,086 - INFO -   Epoch [50/237] Loss: 1.4963
2026-04-05 18:58:30,510 - INFO -   Epoch [60/237] Loss: 1.4578
2026-04-05 18:58:31,934 - INFO -   Epoch [70/237] Loss: 1.1776
2026-04-05 18:58:33,407 - INFO -   Epoch [80/237] Loss: 1.3776
2026-04-05 18:58:34,869 - INFO -   Epoch [90/237] Loss: 1.4482
2026-04-05 18:58:36,327 - INFO -   Epoch [100/237] Loss: 1.5598
2026-04-05 18:58:37,767 - INFO -   Epoch [110/237] Loss: 1.0501
2026-04-05 18:58:39,234 - INFO -   Epoch [120/237] Loss: 1.2623
2026-04-05 18:58:40,673 - INFO -   Epoch [130/237] Loss: 0.9607
2026-04-05 18:58:42,112 - INFO -   Epoch [140/237] Loss: 1.4697
2026-04-05 18:58:43,550 - INFO -   Epoch [150/237] Loss: 0.9647
2026-04-05 18:58:44,987 - INFO -   Epoch [160/237] Loss: 0.7918
2026-04-05 18:58:46,419 - INFO -   Epoch [170/237] Loss: 0.9280
2026-04-05 18:58:47,854 - INFO -   Epoch [180/237] Loss: 1.0454
2026-04-05 18:58:49,294 - INFO -   Epoch [190/237] Loss: 1.1782
2026-04-05 18:58:50,771 - INFO -   Epoch [200/237] Loss: 0.8778
2026-04-05 18:58:52,217 - INFO -   Epoch [210/237] Loss: 0.9584
2026-04-05 18:58:53,698 - INFO -   Epoch [220/237] Loss: 1.6055
2026-04-05 18:58:55,156 - INFO -   Epoch [230/237] Loss: 0.9871
2026-04-05 18:58:57,853 - INFO -   Train Loss: 1.2400
2026-04-05 18:58:57,854 - INFO -   Train Accuracy: 51.29%
2026-04-05 18:58:57,854 - INFO -   Val Loss: 1.1828
2026-04-05 18:58:57,854 - INFO -   Val Accuracy: 54.07% | F1: 0.5484
2026-04-05 18:58:57,854 - INFO -   LR: 0.000003
2026-04-05 18:58:57,854 - INFO -   Patience: 1/30
2026-04-05 18:58:57,854 - INFO - 
Epoch 50/300
2026-04-05 18:58:59,321 - INFO -   Epoch [10/237] Loss: 1.3604
2026-04-05 18:59:00,744 - INFO -   Epoch [20/237] Loss: 1.3289
2026-04-05 18:59:02,163 - INFO -   Epoch [30/237] Loss: 1.4605
2026-04-05 18:59:03,596 - INFO -   Epoch [40/237] Loss: 0.8492
2026-04-05 18:59:05,024 - INFO -   Epoch [50/237] Loss: 0.9110
2026-04-05 18:59:06,453 - INFO -   Epoch [60/237] Loss: 1.0787
2026-04-05 18:59:07,910 - INFO -   Epoch [70/237] Loss: 0.8910
2026-04-05 18:59:09,339 - INFO -   Epoch [80/237] Loss: 1.3754
2026-04-05 18:59:10,803 - INFO -   Epoch [90/237] Loss: 1.6517
2026-04-05 18:59:12,266 - INFO -   Epoch [100/237] Loss: 1.3254
2026-04-05 18:59:13,732 - INFO -   Epoch [110/237] Loss: 1.2572
2026-04-05 18:59:15,162 - INFO -   Epoch [120/237] Loss: 0.9776
2026-04-05 18:59:16,583 - INFO -   Epoch [130/237] Loss: 1.1383
2026-04-05 18:59:18,033 - INFO -   Epoch [140/237] Loss: 1.6022
2026-04-05 18:59:19,471 - INFO -   Epoch [150/237] Loss: 1.2988
2026-04-05 18:59:20,896 - INFO -   Epoch [160/237] Loss: 1.3221
2026-04-05 18:59:22,318 - INFO -   Epoch [170/237] Loss: 1.4835
2026-04-05 18:59:23,760 - INFO -   Epoch [180/237] Loss: 0.9581
2026-04-05 18:59:25,215 - INFO -   Epoch [190/237] Loss: 1.7970
2026-04-05 18:59:26,641 - INFO -   Epoch [200/237] Loss: 1.2646
2026-04-05 18:59:28,065 - INFO -   Epoch [210/237] Loss: 0.8575
2026-04-05 18:59:29,508 - INFO -   Epoch [220/237] Loss: 1.1131
2026-04-05 18:59:30,978 - INFO -   Epoch [230/237] Loss: 1.7027
2026-04-05 18:59:33,705 - INFO -   Train Loss: 1.2546
2026-04-05 18:59:33,705 - INFO -   Train Accuracy: 50.83%
2026-04-05 18:59:33,705 - INFO -   Val Loss: 1.1808
2026-04-05 18:59:33,705 - INFO -   Val Accuracy: 54.57% | F1: 0.5530
2026-04-05 18:59:33,705 - INFO -   LR: 0.000003
2026-04-05 18:59:34,019 - INFO -   ✓ New best model saved! (Acc: 54.57%)
2026-04-05 18:59:34,019 - INFO -   Patience: 0/30
2026-04-05 18:59:34,019 - INFO - 
Epoch 51/300
2026-04-05 18:59:35,446 - INFO -   Epoch [10/237] Loss: 1.3708
2026-04-05 18:59:36,878 - INFO -   Epoch [20/237] Loss: 1.2970
2026-04-05 18:59:38,331 - INFO -   Epoch [30/237] Loss: 1.5848
2026-04-05 18:59:39,753 - INFO -   Epoch [40/237] Loss: 0.9732
2026-04-05 18:59:41,182 - INFO -   Epoch [50/237] Loss: 1.1683
2026-04-05 18:59:42,608 - INFO -   Epoch [60/237] Loss: 1.3287
2026-04-05 18:59:44,038 - INFO -   Epoch [70/237] Loss: 1.0171
2026-04-05 18:59:45,466 - INFO -   Epoch [80/237] Loss: 1.0770
2026-04-05 18:59:46,880 - INFO -   Epoch [90/237] Loss: 0.8721
2026-04-05 18:59:48,300 - INFO -   Epoch [100/237] Loss: 1.5487
2026-04-05 18:59:49,725 - INFO -   Epoch [110/237] Loss: 1.7397
2026-04-05 18:59:51,150 - INFO -   Epoch [120/237] Loss: 1.3448
2026-04-05 18:59:52,571 - INFO -   Epoch [130/237] Loss: 0.9324
2026-04-05 18:59:53,991 - INFO -   Epoch [140/237] Loss: 1.2691
2026-04-05 18:59:55,441 - INFO -   Epoch [150/237] Loss: 1.4563
2026-04-05 18:59:56,883 - INFO -   Epoch [160/237] Loss: 1.6766
2026-04-05 18:59:58,308 - INFO -   Epoch [170/237] Loss: 1.3099
2026-04-05 18:59:59,731 - INFO -   Epoch [180/237] Loss: 0.8202
2026-04-05 19:00:01,153 - INFO -   Epoch [190/237] Loss: 1.1399
2026-04-05 19:00:02,591 - INFO -   Epoch [200/237] Loss: 1.3131
2026-04-05 19:00:04,013 - INFO -   Epoch [210/237] Loss: 1.1617
2026-04-05 19:00:05,440 - INFO -   Epoch [220/237] Loss: 1.4411
2026-04-05 19:00:06,895 - INFO -   Epoch [230/237] Loss: 1.5979
2026-04-05 19:00:09,605 - INFO -   Train Loss: 1.2504
2026-04-05 19:00:09,605 - INFO -   Train Accuracy: 50.79%
2026-04-05 19:00:09,605 - INFO -   Val Loss: 1.1809
2026-04-05 19:00:09,605 - INFO -   Val Accuracy: 54.57% | F1: 0.5526
2026-04-05 19:00:09,605 - INFO -   LR: 0.000003
2026-04-05 19:00:09,605 - INFO -   Patience: 1/30
2026-04-05 19:00:09,605 - INFO - 
Epoch 52/300
2026-04-05 19:00:11,039 - INFO -   Epoch [10/237] Loss: 0.9715
2026-04-05 19:00:12,459 - INFO -   Epoch [20/237] Loss: 1.6911
2026-04-05 19:00:13,885 - INFO -   Epoch [30/237] Loss: 1.3645
2026-04-05 19:00:15,316 - INFO -   Epoch [40/237] Loss: 0.7754
2026-04-05 19:00:16,748 - INFO -   Epoch [50/237] Loss: 1.1399
2026-04-05 19:00:18,182 - INFO -   Epoch [60/237] Loss: 1.2870
2026-04-05 19:00:19,643 - INFO -   Epoch [70/237] Loss: 1.1334
2026-04-05 19:00:21,112 - INFO -   Epoch [80/237] Loss: 1.0510
2026-04-05 19:00:22,546 - INFO -   Epoch [90/237] Loss: 1.0624
2026-04-05 19:00:23,979 - INFO -   Epoch [100/237] Loss: 2.0894
2026-04-05 19:00:25,407 - INFO -   Epoch [110/237] Loss: 1.1755
2026-04-05 19:00:26,828 - INFO -   Epoch [120/237] Loss: 1.3566
2026-04-05 19:00:28,245 - INFO -   Epoch [130/237] Loss: 1.0100
2026-04-05 19:00:29,682 - INFO -   Epoch [140/237] Loss: 1.6278
2026-04-05 19:00:31,106 - INFO -   Epoch [150/237] Loss: 1.0803
2026-04-05 19:00:32,529 - INFO -   Epoch [160/237] Loss: 0.9767
2026-04-05 19:00:33,947 - INFO -   Epoch [170/237] Loss: 1.3289
2026-04-05 19:00:35,366 - INFO -   Epoch [180/237] Loss: 0.9508
2026-04-05 19:00:36,792 - INFO -   Epoch [190/237] Loss: 1.3396
2026-04-05 19:00:38,220 - INFO -   Epoch [200/237] Loss: 1.0688
2026-04-05 19:00:39,678 - INFO -   Epoch [210/237] Loss: 0.9984
2026-04-05 19:00:41,109 - INFO -   Epoch [220/237] Loss: 1.1805
2026-04-05 19:00:42,529 - INFO -   Epoch [230/237] Loss: 1.3180
2026-04-05 19:00:45,214 - INFO -   Train Loss: 1.2248
2026-04-05 19:00:45,215 - INFO -   Train Accuracy: 51.46%
2026-04-05 19:00:45,215 - INFO -   Val Loss: 1.1806
2026-04-05 19:00:45,215 - INFO -   Val Accuracy: 54.32% | F1: 0.5506
2026-04-05 19:00:45,215 - INFO -   LR: 0.000003
2026-04-05 19:00:45,215 - INFO -   Patience: 2/30
2026-04-05 19:00:45,215 - INFO - 
Epoch 53/300
2026-04-05 19:00:46,633 - INFO -   Epoch [10/237] Loss: 1.2621
2026-04-05 19:00:48,054 - INFO -   Epoch [20/237] Loss: 1.2961
2026-04-05 19:00:49,484 - INFO -   Epoch [30/237] Loss: 1.6350
2026-04-05 19:00:50,902 - INFO -   Epoch [40/237] Loss: 1.2995
2026-04-05 19:00:52,336 - INFO -   Epoch [50/237] Loss: 1.0498
2026-04-05 19:00:53,760 - INFO -   Epoch [60/237] Loss: 1.5988
2026-04-05 19:00:55,185 - INFO -   Epoch [70/237] Loss: 0.9481
2026-04-05 19:00:56,610 - INFO -   Epoch [80/237] Loss: 1.0035
2026-04-05 19:00:58,030 - INFO -   Epoch [90/237] Loss: 1.1862
2026-04-05 19:00:59,453 - INFO -   Epoch [100/237] Loss: 1.5878
2026-04-05 19:01:00,878 - INFO -   Epoch [110/237] Loss: 0.8790
2026-04-05 19:01:02,300 - INFO -   Epoch [120/237] Loss: 0.9305
2026-04-05 19:01:03,719 - INFO -   Epoch [130/237] Loss: 1.1012
2026-04-05 19:01:05,145 - INFO -   Epoch [140/237] Loss: 1.1140
2026-04-05 19:01:06,576 - INFO -   Epoch [150/237] Loss: 1.4421
2026-04-05 19:01:07,997 - INFO -   Epoch [160/237] Loss: 1.0479
2026-04-05 19:01:09,417 - INFO -   Epoch [170/237] Loss: 1.2535
2026-04-05 19:01:10,841 - INFO -   Epoch [180/237] Loss: 1.3722
2026-04-05 19:01:12,262 - INFO -   Epoch [190/237] Loss: 1.2861
2026-04-05 19:01:13,689 - INFO -   Epoch [200/237] Loss: 1.1358
2026-04-05 19:01:15,110 - INFO -   Epoch [210/237] Loss: 1.2071
2026-04-05 19:01:16,530 - INFO -   Epoch [220/237] Loss: 1.0072
2026-04-05 19:01:17,950 - INFO -   Epoch [230/237] Loss: 0.8525
2026-04-05 19:01:20,654 - INFO -   Train Loss: 1.2439
2026-04-05 19:01:20,654 - INFO -   Train Accuracy: 49.84%
2026-04-05 19:01:20,654 - INFO -   Val Loss: 1.1816
2026-04-05 19:01:20,654 - INFO -   Val Accuracy: 53.83% | F1: 0.5458
2026-04-05 19:01:20,654 - INFO -   LR: 0.000003
2026-04-05 19:01:20,654 - INFO -   Patience: 3/30
2026-04-05 19:01:20,654 - INFO - 
Epoch 54/300
2026-04-05 19:01:22,078 - INFO -   Epoch [10/237] Loss: 1.2469
2026-04-05 19:01:23,498 - INFO -   Epoch [20/237] Loss: 1.4918
2026-04-05 19:01:24,921 - INFO -   Epoch [30/237] Loss: 1.3371
2026-04-05 19:01:26,349 - INFO -   Epoch [40/237] Loss: 1.1285
2026-04-05 19:01:27,768 - INFO -   Epoch [50/237] Loss: 1.0931
2026-04-05 19:01:29,191 - INFO -   Epoch [60/237] Loss: 1.2809
2026-04-05 19:01:30,613 - INFO -   Epoch [70/237] Loss: 0.8299
2026-04-05 19:01:32,035 - INFO -   Epoch [80/237] Loss: 1.4947
2026-04-05 19:01:33,460 - INFO -   Epoch [90/237] Loss: 1.5251
2026-04-05 19:01:34,895 - INFO -   Epoch [100/237] Loss: 1.0865
2026-04-05 19:01:36,315 - INFO -   Epoch [110/237] Loss: 1.4813
2026-04-05 19:01:37,744 - INFO -   Epoch [120/237] Loss: 1.3044
2026-04-05 19:01:39,164 - INFO -   Epoch [130/237] Loss: 1.1290
2026-04-05 19:01:40,593 - INFO -   Epoch [140/237] Loss: 1.0319
2026-04-05 19:01:42,013 - INFO -   Epoch [150/237] Loss: 1.1885
2026-04-05 19:01:43,438 - INFO -   Epoch [160/237] Loss: 1.3034
2026-04-05 19:01:44,859 - INFO -   Epoch [170/237] Loss: 0.9420
2026-04-05 19:01:46,278 - INFO -   Epoch [180/237] Loss: 1.1690
2026-04-05 19:01:47,700 - INFO -   Epoch [190/237] Loss: 1.0316
2026-04-05 19:01:49,126 - INFO -   Epoch [200/237] Loss: 1.0879
2026-04-05 19:01:50,610 - INFO -   Epoch [210/237] Loss: 1.1720
2026-04-05 19:01:52,053 - INFO -   Epoch [220/237] Loss: 1.1968
2026-04-05 19:01:53,469 - INFO -   Epoch [230/237] Loss: 1.3277
2026-04-05 19:01:56,174 - INFO -   Train Loss: 1.2348
2026-04-05 19:01:56,175 - INFO -   Train Accuracy: 51.39%
2026-04-05 19:01:56,175 - INFO -   Val Loss: 1.1774
2026-04-05 19:01:56,175 - INFO -   Val Accuracy: 54.32% | F1: 0.5504
2026-04-05 19:01:56,175 - INFO -   LR: 0.000003
2026-04-05 19:01:56,175 - INFO -   Patience: 4/30
2026-04-05 19:01:56,175 - INFO - 
Epoch 55/300
2026-04-05 19:01:57,602 - INFO -   Epoch [10/237] Loss: 1.4261
2026-04-05 19:01:59,051 - INFO -   Epoch [20/237] Loss: 1.8148
2026-04-05 19:02:00,541 - INFO -   Epoch [30/237] Loss: 1.1093
2026-04-05 19:02:02,010 - INFO -   Epoch [40/237] Loss: 1.2163
2026-04-05 19:02:03,479 - INFO -   Epoch [50/237] Loss: 1.4808
2026-04-05 19:02:04,903 - INFO -   Epoch [60/237] Loss: 1.7558
2026-04-05 19:02:06,327 - INFO -   Epoch [70/237] Loss: 1.6972
2026-04-05 19:02:07,798 - INFO -   Epoch [80/237] Loss: 0.9413
2026-04-05 19:02:09,231 - INFO -   Epoch [90/237] Loss: 1.4440
2026-04-05 19:02:10,655 - INFO -   Epoch [100/237] Loss: 1.1888
2026-04-05 19:02:12,091 - INFO -   Epoch [110/237] Loss: 1.4441
2026-04-05 19:02:13,528 - INFO -   Epoch [120/237] Loss: 1.3329
2026-04-05 19:02:14,962 - INFO -   Epoch [130/237] Loss: 1.6654
2026-04-05 19:02:16,398 - INFO -   Epoch [140/237] Loss: 0.7110
2026-04-05 19:02:17,838 - INFO -   Epoch [150/237] Loss: 1.1195
2026-04-05 19:02:19,280 - INFO -   Epoch [160/237] Loss: 0.9913
2026-04-05 19:02:20,722 - INFO -   Epoch [170/237] Loss: 1.3175
2026-04-05 19:02:22,158 - INFO -   Epoch [180/237] Loss: 1.6273
2026-04-05 19:02:23,583 - INFO -   Epoch [190/237] Loss: 1.5740
2026-04-05 19:02:25,014 - INFO -   Epoch [200/237] Loss: 0.9062
2026-04-05 19:02:26,450 - INFO -   Epoch [210/237] Loss: 0.8498
2026-04-05 19:02:27,901 - INFO -   Epoch [220/237] Loss: 1.0457
2026-04-05 19:02:29,321 - INFO -   Epoch [230/237] Loss: 0.9666
2026-04-05 19:02:32,025 - INFO -   Train Loss: 1.2466
2026-04-05 19:02:32,025 - INFO -   Train Accuracy: 50.44%
2026-04-05 19:02:32,025 - INFO -   Val Loss: 1.1789
2026-04-05 19:02:32,025 - INFO -   Val Accuracy: 54.57% | F1: 0.5524
2026-04-05 19:02:32,025 - INFO -   LR: 0.000003
2026-04-05 19:02:32,025 - INFO -   Patience: 5/30
2026-04-05 19:02:32,025 - INFO - 
Epoch 56/300
2026-04-05 19:02:33,447 - INFO -   Epoch [10/237] Loss: 1.1656
2026-04-05 19:02:34,870 - INFO -   Epoch [20/237] Loss: 1.2601
2026-04-05 19:02:36,304 - INFO -   Epoch [30/237] Loss: 1.5250
2026-04-05 19:02:37,737 - INFO -   Epoch [40/237] Loss: 1.0288
2026-04-05 19:02:39,169 - INFO -   Epoch [50/237] Loss: 1.1018
2026-04-05 19:02:40,610 - INFO -   Epoch [60/237] Loss: 0.9378
2026-04-05 19:02:42,050 - INFO -   Epoch [70/237] Loss: 1.4694
2026-04-05 19:02:43,473 - INFO -   Epoch [80/237] Loss: 1.0399
2026-04-05 19:02:44,909 - INFO -   Epoch [90/237] Loss: 1.3800
2026-04-05 19:02:46,331 - INFO -   Epoch [100/237] Loss: 1.3026
2026-04-05 19:02:47,755 - INFO -   Epoch [110/237] Loss: 1.2249
2026-04-05 19:02:49,185 - INFO -   Epoch [120/237] Loss: 1.1952
2026-04-05 19:02:50,621 - INFO -   Epoch [130/237] Loss: 1.1353
2026-04-05 19:02:52,051 - INFO -   Epoch [140/237] Loss: 0.7818
2026-04-05 19:02:53,478 - INFO -   Epoch [150/237] Loss: 1.1727
2026-04-05 19:02:54,915 - INFO -   Epoch [160/237] Loss: 1.0566
2026-04-05 19:02:56,367 - INFO -   Epoch [170/237] Loss: 1.3869
2026-04-05 19:02:57,792 - INFO -   Epoch [180/237] Loss: 1.2438
2026-04-05 19:02:59,215 - INFO -   Epoch [190/237] Loss: 1.0428
2026-04-05 19:03:00,661 - INFO -   Epoch [200/237] Loss: 1.2574
2026-04-05 19:03:02,078 - INFO -   Epoch [210/237] Loss: 1.1118
2026-04-05 19:03:03,505 - INFO -   Epoch [220/237] Loss: 0.8798
2026-04-05 19:03:04,932 - INFO -   Epoch [230/237] Loss: 1.0008
2026-04-05 19:03:07,652 - INFO -   Train Loss: 1.2370
2026-04-05 19:03:07,653 - INFO -   Train Accuracy: 50.86%
2026-04-05 19:03:07,653 - INFO -   Val Loss: 1.1779
2026-04-05 19:03:07,653 - INFO -   Val Accuracy: 54.32% | F1: 0.5503
2026-04-05 19:03:07,653 - INFO -   LR: 0.000003
2026-04-05 19:03:07,653 - INFO -   Patience: 6/30
2026-04-05 19:03:07,653 - INFO - 
Epoch 57/300
2026-04-05 19:03:09,073 - INFO -   Epoch [10/237] Loss: 1.5275
2026-04-05 19:03:10,495 - INFO -   Epoch [20/237] Loss: 1.0316
2026-04-05 19:03:11,911 - INFO -   Epoch [30/237] Loss: 1.0500
2026-04-05 19:03:13,336 - INFO -   Epoch [40/237] Loss: 1.1587
2026-04-05 19:03:14,756 - INFO -   Epoch [50/237] Loss: 1.0202
2026-04-05 19:03:16,181 - INFO -   Epoch [60/237] Loss: 0.8375
2026-04-05 19:03:17,605 - INFO -   Epoch [70/237] Loss: 1.1728
2026-04-05 19:03:19,023 - INFO -   Epoch [80/237] Loss: 0.9070
2026-04-05 19:03:20,455 - INFO -   Epoch [90/237] Loss: 1.5337
2026-04-05 19:03:22,023 - INFO -   Epoch [100/237] Loss: 1.4783
2026-04-05 19:03:23,457 - INFO -   Epoch [110/237] Loss: 1.1062
2026-04-05 19:03:24,896 - INFO -   Epoch [120/237] Loss: 1.7307
2026-04-05 19:03:26,335 - INFO -   Epoch [130/237] Loss: 1.3862
2026-04-05 19:03:27,767 - INFO -   Epoch [140/237] Loss: 1.4114
2026-04-05 19:03:29,197 - INFO -   Epoch [150/237] Loss: 1.3627
2026-04-05 19:03:30,668 - INFO -   Epoch [160/237] Loss: 1.4446
2026-04-05 19:03:32,105 - INFO -   Epoch [170/237] Loss: 1.6976
2026-04-05 19:03:33,569 - INFO -   Epoch [180/237] Loss: 0.8273
2026-04-05 19:03:35,027 - INFO -   Epoch [190/237] Loss: 1.5249
2026-04-05 19:03:36,466 - INFO -   Epoch [200/237] Loss: 1.3023
2026-04-05 19:03:37,902 - INFO -   Epoch [210/237] Loss: 1.5372
2026-04-05 19:03:39,331 - INFO -   Epoch [220/237] Loss: 1.0581
2026-04-05 19:03:40,750 - INFO -   Epoch [230/237] Loss: 1.4323
2026-04-05 19:03:43,512 - INFO -   Train Loss: 1.2275
2026-04-05 19:03:43,512 - INFO -   Train Accuracy: 50.83%
2026-04-05 19:03:43,512 - INFO -   Val Loss: 1.1775
2026-04-05 19:03:43,512 - INFO -   Val Accuracy: 54.32% | F1: 0.5508
2026-04-05 19:03:43,512 - INFO -   LR: 0.000002
2026-04-05 19:03:43,512 - INFO -   Patience: 7/30
2026-04-05 19:03:43,512 - INFO - 
Epoch 58/300
2026-04-05 19:03:44,962 - INFO -   Epoch [10/237] Loss: 1.0677
2026-04-05 19:03:46,398 - INFO -   Epoch [20/237] Loss: 1.4039
2026-04-05 19:03:47,831 - INFO -   Epoch [30/237] Loss: 1.3264
2026-04-05 19:03:49,281 - INFO -   Epoch [40/237] Loss: 1.3473
2026-04-05 19:03:50,732 - INFO -   Epoch [50/237] Loss: 1.4837
2026-04-05 19:03:52,180 - INFO -   Epoch [60/237] Loss: 1.0796
2026-04-05 19:03:53,625 - INFO -   Epoch [70/237] Loss: 1.1638
2026-04-05 19:03:55,048 - INFO -   Epoch [80/237] Loss: 1.3183
2026-04-05 19:03:56,502 - INFO -   Epoch [90/237] Loss: 1.6411
2026-04-05 19:03:57,934 - INFO -   Epoch [100/237] Loss: 1.0806
2026-04-05 19:03:59,367 - INFO -   Epoch [110/237] Loss: 1.3157
2026-04-05 19:04:00,799 - INFO -   Epoch [120/237] Loss: 1.2249
2026-04-05 19:04:02,229 - INFO -   Epoch [130/237] Loss: 1.1621
2026-04-05 19:04:03,666 - INFO -   Epoch [140/237] Loss: 1.5805
2026-04-05 19:04:05,095 - INFO -   Epoch [150/237] Loss: 1.1392
2026-04-05 19:04:06,518 - INFO -   Epoch [160/237] Loss: 1.1206
2026-04-05 19:04:07,936 - INFO -   Epoch [170/237] Loss: 1.2350
2026-04-05 19:04:09,362 - INFO -   Epoch [180/237] Loss: 1.2492
2026-04-05 19:04:10,786 - INFO -   Epoch [190/237] Loss: 0.7909
2026-04-05 19:04:12,216 - INFO -   Epoch [200/237] Loss: 1.0261
2026-04-05 19:04:13,650 - INFO -   Epoch [210/237] Loss: 1.5683
2026-04-05 19:04:15,092 - INFO -   Epoch [220/237] Loss: 1.0081
2026-04-05 19:04:16,538 - INFO -   Epoch [230/237] Loss: 1.1774
2026-04-05 19:04:19,300 - INFO -   Train Loss: 1.2443
2026-04-05 19:04:19,300 - INFO -   Train Accuracy: 50.72%
2026-04-05 19:04:19,300 - INFO -   Val Loss: 1.1758
2026-04-05 19:04:19,300 - INFO -   Val Accuracy: 54.32% | F1: 0.5508
2026-04-05 19:04:19,300 - INFO -   LR: 0.000002
2026-04-05 19:04:19,300 - INFO -   Patience: 8/30
2026-04-05 19:04:19,300 - INFO - 
Epoch 59/300
2026-04-05 19:04:20,741 - INFO -   Epoch [10/237] Loss: 1.1813
2026-04-05 19:04:22,177 - INFO -   Epoch [20/237] Loss: 1.5601
2026-04-05 19:04:23,622 - INFO -   Epoch [30/237] Loss: 1.3173
2026-04-05 19:04:25,071 - INFO -   Epoch [40/237] Loss: 1.4490
2026-04-05 19:04:26,545 - INFO -   Epoch [50/237] Loss: 1.2448
2026-04-05 19:04:28,017 - INFO -   Epoch [60/237] Loss: 0.9310
2026-04-05 19:04:29,442 - INFO -   Epoch [70/237] Loss: 1.2423
2026-04-05 19:04:30,883 - INFO -   Epoch [80/237] Loss: 1.4073
2026-04-05 19:04:32,334 - INFO -   Epoch [90/237] Loss: 1.3148
2026-04-05 19:04:33,769 - INFO -   Epoch [100/237] Loss: 1.1735
2026-04-05 19:04:35,208 - INFO -   Epoch [110/237] Loss: 1.2616
2026-04-05 19:04:36,651 - INFO -   Epoch [120/237] Loss: 1.1083
2026-04-05 19:04:38,093 - INFO -   Epoch [130/237] Loss: 1.0568
2026-04-05 19:04:39,527 - INFO -   Epoch [140/237] Loss: 1.4038
2026-04-05 19:04:40,948 - INFO -   Epoch [150/237] Loss: 1.2146
2026-04-05 19:04:42,380 - INFO -   Epoch [160/237] Loss: 1.1721
2026-04-05 19:04:43,823 - INFO -   Epoch [170/237] Loss: 1.4182
2026-04-05 19:04:45,271 - INFO -   Epoch [180/237] Loss: 0.7585
2026-04-05 19:04:46,720 - INFO -   Epoch [190/237] Loss: 0.8963
2026-04-05 19:04:48,145 - INFO -   Epoch [200/237] Loss: 1.2783
2026-04-05 19:04:49,569 - INFO -   Epoch [210/237] Loss: 1.4060
2026-04-05 19:04:50,994 - INFO -   Epoch [220/237] Loss: 1.4672
2026-04-05 19:04:52,421 - INFO -   Epoch [230/237] Loss: 1.2281
2026-04-05 19:04:55,130 - INFO -   Train Loss: 1.2353
2026-04-05 19:04:55,130 - INFO -   Train Accuracy: 51.11%
2026-04-05 19:04:55,130 - INFO -   Val Loss: 1.1759
2026-04-05 19:04:55,130 - INFO -   Val Accuracy: 54.07% | F1: 0.5478
2026-04-05 19:04:55,130 - INFO -   LR: 0.000002
2026-04-05 19:04:55,130 - INFO -   Patience: 9/30
2026-04-05 19:04:55,130 - INFO - 
Epoch 60/300
2026-04-05 19:04:56,560 - INFO -   Epoch [10/237] Loss: 1.4940
2026-04-05 19:04:58,003 - INFO -   Epoch [20/237] Loss: 1.0279
2026-04-05 19:04:59,428 - INFO -   Epoch [30/237] Loss: 1.4392
2026-04-05 19:05:00,859 - INFO -   Epoch [40/237] Loss: 1.4385
2026-04-05 19:05:02,300 - INFO -   Epoch [50/237] Loss: 0.8950
2026-04-05 19:05:03,751 - INFO -   Epoch [60/237] Loss: 1.5383
2026-04-05 19:05:05,170 - INFO -   Epoch [70/237] Loss: 0.8595
2026-04-05 19:05:06,593 - INFO -   Epoch [80/237] Loss: 1.1915
2026-04-05 19:05:08,015 - INFO -   Epoch [90/237] Loss: 1.5295
2026-04-05 19:05:09,436 - INFO -   Epoch [100/237] Loss: 1.4139
2026-04-05 19:05:10,857 - INFO -   Epoch [110/237] Loss: 1.2955
2026-04-05 19:05:12,282 - INFO -   Epoch [120/237] Loss: 1.3281
2026-04-05 19:05:13,709 - INFO -   Epoch [130/237] Loss: 1.1775
2026-04-05 19:05:15,141 - INFO -   Epoch [140/237] Loss: 1.1387
2026-04-05 19:05:16,579 - INFO -   Epoch [150/237] Loss: 1.5130
2026-04-05 19:05:18,023 - INFO -   Epoch [160/237] Loss: 1.0557
2026-04-05 19:05:19,462 - INFO -   Epoch [170/237] Loss: 1.1251
2026-04-05 19:05:20,927 - INFO -   Epoch [180/237] Loss: 1.4713
2026-04-05 19:05:22,348 - INFO -   Epoch [190/237] Loss: 1.5613
2026-04-05 19:05:23,776 - INFO -   Epoch [200/237] Loss: 1.2032
2026-04-05 19:05:25,201 - INFO -   Epoch [210/237] Loss: 1.3740
2026-04-05 19:05:26,626 - INFO -   Epoch [220/237] Loss: 1.3992
2026-04-05 19:05:28,048 - INFO -   Epoch [230/237] Loss: 0.9931
2026-04-05 19:05:30,908 - INFO -   Train Loss: 1.2298
2026-04-05 19:05:30,908 - INFO -   Train Accuracy: 51.43%
2026-04-05 19:05:30,908 - INFO -   Val Loss: 1.1762
2026-04-05 19:05:30,908 - INFO -   Val Accuracy: 54.32% | F1: 0.5508
2026-04-05 19:05:30,908 - INFO -   LR: 0.000002
2026-04-05 19:05:30,908 - INFO -   Patience: 10/30
2026-04-05 19:05:30,908 - INFO - 
Epoch 61/300
2026-04-05 19:05:32,378 - INFO -   Epoch [10/237] Loss: 0.9255
2026-04-05 19:05:33,812 - INFO -   Epoch [20/237] Loss: 1.1225
2026-04-05 19:05:35,240 - INFO -   Epoch [30/237] Loss: 0.8544
2026-04-05 19:05:36,668 - INFO -   Epoch [40/237] Loss: 1.3947
2026-04-05 19:05:38,099 - INFO -   Epoch [50/237] Loss: 1.1819
2026-04-05 19:05:39,529 - INFO -   Epoch [60/237] Loss: 1.4423
2026-04-05 19:05:40,968 - INFO -   Epoch [70/237] Loss: 1.2689
2026-04-05 19:05:42,399 - INFO -   Epoch [80/237] Loss: 1.4221
2026-04-05 19:05:43,828 - INFO -   Epoch [90/237] Loss: 1.0467
2026-04-05 19:05:45,265 - INFO -   Epoch [100/237] Loss: 1.3378
2026-04-05 19:05:46,711 - INFO -   Epoch [110/237] Loss: 1.2328
2026-04-05 19:05:48,139 - INFO -   Epoch [120/237] Loss: 0.9254
2026-04-05 19:05:49,567 - INFO -   Epoch [130/237] Loss: 0.9514
2026-04-05 19:05:50,989 - INFO -   Epoch [140/237] Loss: 1.4195
2026-04-05 19:05:52,414 - INFO -   Epoch [150/237] Loss: 1.4207
2026-04-05 19:05:53,839 - INFO -   Epoch [160/237] Loss: 0.9349
2026-04-05 19:05:55,259 - INFO -   Epoch [170/237] Loss: 0.9032
2026-04-05 19:05:56,682 - INFO -   Epoch [180/237] Loss: 0.9265
2026-04-05 19:05:58,107 - INFO -   Epoch [190/237] Loss: 1.3523
2026-04-05 19:05:59,529 - INFO -   Epoch [200/237] Loss: 1.6065
2026-04-05 19:06:00,952 - INFO -   Epoch [210/237] Loss: 1.2441
2026-04-05 19:06:02,379 - INFO -   Epoch [220/237] Loss: 0.9915
2026-04-05 19:06:03,802 - INFO -   Epoch [230/237] Loss: 1.1935
2026-04-05 19:06:06,505 - INFO -   Train Loss: 1.2344
2026-04-05 19:06:06,505 - INFO -   Train Accuracy: 49.98%
2026-04-05 19:06:06,505 - INFO -   Val Loss: 1.1768
2026-04-05 19:06:06,505 - INFO -   Val Accuracy: 54.07% | F1: 0.5486
2026-04-05 19:06:06,505 - INFO -   LR: 0.000002
2026-04-05 19:06:06,505 - INFO -   Patience: 11/30
2026-04-05 19:06:06,505 - INFO - 
Epoch 62/300
2026-04-05 19:06:07,930 - INFO -   Epoch [10/237] Loss: 1.6314
2026-04-05 19:06:09,379 - INFO -   Epoch [20/237] Loss: 1.2526
2026-04-05 19:06:10,799 - INFO -   Epoch [30/237] Loss: 1.4741
2026-04-05 19:06:12,221 - INFO -   Epoch [40/237] Loss: 1.1247
2026-04-05 19:06:13,664 - INFO -   Epoch [50/237] Loss: 1.4821
2026-04-05 19:06:15,101 - INFO -   Epoch [60/237] Loss: 1.4131
2026-04-05 19:06:16,536 - INFO -   Epoch [70/237] Loss: 0.7174
2026-04-05 19:06:17,973 - INFO -   Epoch [80/237] Loss: 1.4826
2026-04-05 19:06:19,417 - INFO -   Epoch [90/237] Loss: 1.1714
2026-04-05 19:06:20,858 - INFO -   Epoch [100/237] Loss: 1.6136
2026-04-05 19:06:22,307 - INFO -   Epoch [110/237] Loss: 1.0043
2026-04-05 19:06:23,747 - INFO -   Epoch [120/237] Loss: 0.9923
2026-04-05 19:06:25,187 - INFO -   Epoch [130/237] Loss: 1.0045
2026-04-05 19:06:26,622 - INFO -   Epoch [140/237] Loss: 1.1247
2026-04-05 19:06:28,084 - INFO -   Epoch [150/237] Loss: 1.1773
2026-04-05 19:06:29,529 - INFO -   Epoch [160/237] Loss: 1.3315
2026-04-05 19:06:30,949 - INFO -   Epoch [170/237] Loss: 0.7703
2026-04-05 19:06:32,369 - INFO -   Epoch [180/237] Loss: 1.2426
2026-04-05 19:06:33,791 - INFO -   Epoch [190/237] Loss: 1.0555
2026-04-05 19:06:35,212 - INFO -   Epoch [200/237] Loss: 1.2800
2026-04-05 19:06:36,631 - INFO -   Epoch [210/237] Loss: 1.1165
2026-04-05 19:06:38,052 - INFO -   Epoch [220/237] Loss: 1.1267
2026-04-05 19:06:39,474 - INFO -   Epoch [230/237] Loss: 1.1041
2026-04-05 19:06:42,175 - INFO -   Train Loss: 1.2362
2026-04-05 19:06:42,175 - INFO -   Train Accuracy: 50.58%
2026-04-05 19:06:42,176 - INFO -   Val Loss: 1.1777
2026-04-05 19:06:42,176 - INFO -   Val Accuracy: 53.83% | F1: 0.5467
2026-04-05 19:06:42,176 - INFO -   LR: 0.000002
2026-04-05 19:06:42,176 - INFO -   Patience: 12/30
2026-04-05 19:06:42,176 - INFO - 
Epoch 63/300
2026-04-05 19:06:43,602 - INFO -   Epoch [10/237] Loss: 1.3646
2026-04-05 19:06:45,022 - INFO -   Epoch [20/237] Loss: 1.0382
2026-04-05 19:06:46,447 - INFO -   Epoch [30/237] Loss: 1.6741
2026-04-05 19:06:47,881 - INFO -   Epoch [40/237] Loss: 0.8920
2026-04-05 19:06:49,318 - INFO -   Epoch [50/237] Loss: 0.9844
2026-04-05 19:06:50,756 - INFO -   Epoch [60/237] Loss: 1.3883
2026-04-05 19:06:52,192 - INFO -   Epoch [70/237] Loss: 1.4583
2026-04-05 19:06:53,616 - INFO -   Epoch [80/237] Loss: 1.6123
2026-04-05 19:06:55,054 - INFO -   Epoch [90/237] Loss: 1.2109
2026-04-05 19:06:56,511 - INFO -   Epoch [100/237] Loss: 1.3026
2026-04-05 19:06:57,928 - INFO -   Epoch [110/237] Loss: 1.5660
2026-04-05 19:06:59,353 - INFO -   Epoch [120/237] Loss: 1.1570
2026-04-05 19:07:00,773 - INFO -   Epoch [130/237] Loss: 1.3330
2026-04-05 19:07:02,214 - INFO -   Epoch [140/237] Loss: 1.2585
2026-04-05 19:07:03,639 - INFO -   Epoch [150/237] Loss: 0.8660
2026-04-05 19:07:05,066 - INFO -   Epoch [160/237] Loss: 1.3932
2026-04-05 19:07:06,507 - INFO -   Epoch [170/237] Loss: 1.1395
2026-04-05 19:07:07,937 - INFO -   Epoch [180/237] Loss: 1.4279
2026-04-05 19:07:09,371 - INFO -   Epoch [190/237] Loss: 0.7231
2026-04-05 19:07:10,813 - INFO -   Epoch [200/237] Loss: 1.4456
2026-04-05 19:07:12,251 - INFO -   Epoch [210/237] Loss: 0.9590
2026-04-05 19:07:13,697 - INFO -   Epoch [220/237] Loss: 1.2849
2026-04-05 19:07:15,135 - INFO -   Epoch [230/237] Loss: 1.1818
2026-04-05 19:07:17,881 - INFO -   Train Loss: 1.2412
2026-04-05 19:07:17,881 - INFO -   Train Accuracy: 51.57%
2026-04-05 19:07:17,883 - INFO -   Val Loss: 1.1770
2026-04-05 19:07:17,883 - INFO -   Val Accuracy: 54.07% | F1: 0.5489
2026-04-05 19:07:17,883 - INFO -   LR: 0.000001
2026-04-05 19:07:17,883 - INFO -   Patience: 13/30
2026-04-05 19:07:17,883 - INFO - 
Epoch 64/300
2026-04-05 19:07:19,314 - INFO -   Epoch [10/237] Loss: 1.0590
2026-04-05 19:07:20,741 - INFO -   Epoch [20/237] Loss: 1.4372
2026-04-05 19:07:22,169 - INFO -   Epoch [30/237] Loss: 1.2644
2026-04-05 19:07:23,673 - INFO -   Epoch [40/237] Loss: 1.3200
2026-04-05 19:07:25,120 - INFO -   Epoch [50/237] Loss: 1.0295
2026-04-05 19:07:26,560 - INFO -   Epoch [60/237] Loss: 1.4792
2026-04-05 19:07:28,070 - INFO -   Epoch [70/237] Loss: 1.2954
2026-04-05 19:07:29,540 - INFO -   Epoch [80/237] Loss: 1.1566
2026-04-05 19:07:31,008 - INFO -   Epoch [90/237] Loss: 1.7491
2026-04-05 19:07:32,462 - INFO -   Epoch [100/237] Loss: 0.9647
2026-04-05 19:07:33,920 - INFO -   Epoch [110/237] Loss: 1.0664
2026-04-05 19:07:35,389 - INFO -   Epoch [120/237] Loss: 0.9730
2026-04-05 19:07:36,863 - INFO -   Epoch [130/237] Loss: 1.1471
2026-04-05 19:07:38,330 - INFO -   Epoch [140/237] Loss: 0.9571
2026-04-05 19:07:39,795 - INFO -   Epoch [150/237] Loss: 1.1338
2026-04-05 19:07:41,233 - INFO -   Epoch [160/237] Loss: 1.2442
2026-04-05 19:07:42,675 - INFO -   Epoch [170/237] Loss: 1.1013
2026-04-05 19:07:44,119 - INFO -   Epoch [180/237] Loss: 1.2479
2026-04-05 19:07:45,561 - INFO -   Epoch [190/237] Loss: 1.5576
2026-04-05 19:07:47,005 - INFO -   Epoch [200/237] Loss: 1.3317
2026-04-05 19:07:48,442 - INFO -   Epoch [210/237] Loss: 1.2872
2026-04-05 19:07:49,872 - INFO -   Epoch [220/237] Loss: 1.2728
2026-04-05 19:07:51,305 - INFO -   Epoch [230/237] Loss: 1.2913
2026-04-05 19:07:54,026 - INFO -   Train Loss: 1.2407
2026-04-05 19:07:54,026 - INFO -   Train Accuracy: 51.75%
2026-04-05 19:07:54,026 - INFO -   Val Loss: 1.1768
2026-04-05 19:07:54,026 - INFO -   Val Accuracy: 54.32% | F1: 0.5511
2026-04-05 19:07:54,026 - INFO -   LR: 0.000001
2026-04-05 19:07:54,026 - INFO -   Patience: 14/30
2026-04-05 19:07:54,026 - INFO - 
Epoch 65/300
2026-04-05 19:07:55,458 - INFO -   Epoch [10/237] Loss: 1.2059
2026-04-05 19:07:56,889 - INFO -   Epoch [20/237] Loss: 1.2801
2026-04-05 19:07:58,318 - INFO -   Epoch [30/237] Loss: 1.2970
2026-04-05 19:07:59,753 - INFO -   Epoch [40/237] Loss: 1.2504
2026-04-05 19:08:01,184 - INFO -   Epoch [50/237] Loss: 1.2703
2026-04-05 19:08:02,626 - INFO -   Epoch [60/237] Loss: 1.2156
2026-04-05 19:08:04,078 - INFO -   Epoch [70/237] Loss: 1.5216
2026-04-05 19:08:05,508 - INFO -   Epoch [80/237] Loss: 1.1289
2026-04-05 19:08:06,933 - INFO -   Epoch [90/237] Loss: 0.8463
2026-04-05 19:08:08,358 - INFO -   Epoch [100/237] Loss: 1.5642
2026-04-05 19:08:09,781 - INFO -   Epoch [110/237] Loss: 1.2173
2026-04-05 19:08:11,212 - INFO -   Epoch [120/237] Loss: 1.0799
2026-04-05 19:08:12,658 - INFO -   Epoch [130/237] Loss: 0.8209
2026-04-05 19:08:14,103 - INFO -   Epoch [140/237] Loss: 1.0984
2026-04-05 19:08:15,543 - INFO -   Epoch [150/237] Loss: 1.2380
2026-04-05 19:08:16,987 - INFO -   Epoch [160/237] Loss: 1.3825
2026-04-05 19:08:18,414 - INFO -   Epoch [170/237] Loss: 1.2883
2026-04-05 19:08:19,839 - INFO -   Epoch [180/237] Loss: 1.1821
2026-04-05 19:08:21,265 - INFO -   Epoch [190/237] Loss: 1.2175
2026-04-05 19:08:22,693 - INFO -   Epoch [200/237] Loss: 1.2251
2026-04-05 19:08:24,130 - INFO -   Epoch [210/237] Loss: 1.5760
2026-04-05 19:08:25,553 - INFO -   Epoch [220/237] Loss: 1.1614
2026-04-05 19:08:26,973 - INFO -   Epoch [230/237] Loss: 0.8373
2026-04-05 19:08:29,824 - INFO -   Train Loss: 1.2387
2026-04-05 19:08:29,824 - INFO -   Train Accuracy: 51.29%
2026-04-05 19:08:29,824 - INFO -   Val Loss: 1.1773
2026-04-05 19:08:29,824 - INFO -   Val Accuracy: 54.32% | F1: 0.5511
2026-04-05 19:08:29,824 - INFO -   LR: 0.000001
2026-04-05 19:08:29,824 - INFO -   Patience: 15/30
2026-04-05 19:08:29,824 - INFO - 
Epoch 66/300
2026-04-05 19:08:31,262 - INFO -   Epoch [10/237] Loss: 1.3838
2026-04-05 19:08:32,702 - INFO -   Epoch [20/237] Loss: 1.4640
2026-04-05 19:08:34,130 - INFO -   Epoch [30/237] Loss: 1.2586
2026-04-05 19:08:35,560 - INFO -   Epoch [40/237] Loss: 0.7725
2026-04-05 19:08:36,983 - INFO -   Epoch [50/237] Loss: 1.3315
2026-04-05 19:08:38,412 - INFO -   Epoch [60/237] Loss: 1.5746
2026-04-05 19:08:39,850 - INFO -   Epoch [70/237] Loss: 1.2983
2026-04-05 19:08:41,279 - INFO -   Epoch [80/237] Loss: 1.0519
2026-04-05 19:08:42,718 - INFO -   Epoch [90/237] Loss: 1.0930
2026-04-05 19:08:44,161 - INFO -   Epoch [100/237] Loss: 1.3436
2026-04-05 19:08:45,593 - INFO -   Epoch [110/237] Loss: 1.0423
2026-04-05 19:08:47,057 - INFO -   Epoch [120/237] Loss: 0.8595
2026-04-05 19:08:48,490 - INFO -   Epoch [130/237] Loss: 0.9435
2026-04-05 19:08:49,932 - INFO -   Epoch [140/237] Loss: 1.0307
2026-04-05 19:08:51,369 - INFO -   Epoch [150/237] Loss: 1.5386
2026-04-05 19:08:52,825 - INFO -   Epoch [160/237] Loss: 1.4089
2026-04-05 19:08:54,249 - INFO -   Epoch [170/237] Loss: 1.2229
2026-04-05 19:08:55,676 - INFO -   Epoch [180/237] Loss: 1.8128
2026-04-05 19:08:57,145 - INFO -   Epoch [190/237] Loss: 1.2942
2026-04-05 19:08:58,706 - INFO -   Epoch [200/237] Loss: 1.2949
2026-04-05 19:09:00,137 - INFO -   Epoch [210/237] Loss: 1.4133
2026-04-05 19:09:01,670 - INFO -   Epoch [220/237] Loss: 1.3898
2026-04-05 19:09:03,131 - INFO -   Epoch [230/237] Loss: 1.4879
2026-04-05 19:09:05,861 - INFO -   Train Loss: 1.2336
2026-04-05 19:09:05,861 - INFO -   Train Accuracy: 52.10%
2026-04-05 19:09:05,862 - INFO -   Val Loss: 1.1780
2026-04-05 19:09:05,862 - INFO -   Val Accuracy: 54.32% | F1: 0.5511
2026-04-05 19:09:05,862 - INFO -   LR: 0.000001
2026-04-05 19:09:05,862 - INFO -   Patience: 16/30
2026-04-05 19:09:05,862 - INFO - 
Epoch 67/300
2026-04-05 19:09:07,419 - INFO -   Epoch [10/237] Loss: 0.7595
2026-04-05 19:09:08,886 - INFO -   Epoch [20/237] Loss: 1.1166
2026-04-05 19:09:10,308 - INFO -   Epoch [30/237] Loss: 1.3039
2026-04-05 19:09:11,745 - INFO -   Epoch [40/237] Loss: 1.2585
2026-04-05 19:09:13,196 - INFO -   Epoch [50/237] Loss: 0.8389
2026-04-05 19:09:14,662 - INFO -   Epoch [60/237] Loss: 1.0703
2026-04-05 19:09:16,103 - INFO -   Epoch [70/237] Loss: 0.8852
2026-04-05 19:09:17,534 - INFO -   Epoch [80/237] Loss: 1.3212
2026-04-05 19:09:18,979 - INFO -   Epoch [90/237] Loss: 1.1797
2026-04-05 19:09:20,478 - INFO -   Epoch [100/237] Loss: 1.1860
2026-04-05 19:09:21,925 - INFO -   Epoch [110/237] Loss: 0.9978
2026-04-05 19:09:23,348 - INFO -   Epoch [120/237] Loss: 1.1314
2026-04-05 19:09:24,767 - INFO -   Epoch [130/237] Loss: 1.5473
2026-04-05 19:09:26,185 - INFO -   Epoch [140/237] Loss: 1.1230
2026-04-05 19:09:27,608 - INFO -   Epoch [150/237] Loss: 0.9999
2026-04-05 19:09:29,027 - INFO -   Epoch [160/237] Loss: 1.0205
2026-04-05 19:09:30,444 - INFO -   Epoch [170/237] Loss: 0.9674
2026-04-05 19:09:31,877 - INFO -   Epoch [180/237] Loss: 1.9396
2026-04-05 19:09:33,300 - INFO -   Epoch [190/237] Loss: 1.6162
2026-04-05 19:09:34,732 - INFO -   Epoch [200/237] Loss: 1.1096
2026-04-05 19:09:36,158 - INFO -   Epoch [210/237] Loss: 1.2988
2026-04-05 19:09:37,590 - INFO -   Epoch [220/237] Loss: 1.2931
2026-04-05 19:09:39,020 - INFO -   Epoch [230/237] Loss: 0.8696
2026-04-05 19:09:41,773 - INFO -   Train Loss: 1.2567
2026-04-05 19:09:41,773 - INFO -   Train Accuracy: 50.65%
2026-04-05 19:09:41,773 - INFO -   Val Loss: 1.1770
2026-04-05 19:09:41,773 - INFO -   Val Accuracy: 54.32% | F1: 0.5511
2026-04-05 19:09:41,774 - INFO -   LR: 0.000001
2026-04-05 19:09:41,774 - INFO -   Patience: 17/30
2026-04-05 19:09:41,774 - INFO - 
Epoch 68/300
2026-04-05 19:09:43,195 - INFO -   Epoch [10/237] Loss: 1.3355
2026-04-05 19:09:44,616 - INFO -   Epoch [20/237] Loss: 1.0519
2026-04-05 19:09:46,040 - INFO -   Epoch [30/237] Loss: 1.1454
2026-04-05 19:09:47,468 - INFO -   Epoch [40/237] Loss: 1.4467
2026-04-05 19:09:48,889 - INFO -   Epoch [50/237] Loss: 1.4083
2026-04-05 19:09:50,350 - INFO -   Epoch [60/237] Loss: 1.7636
2026-04-05 19:09:51,805 - INFO -   Epoch [70/237] Loss: 1.2270
2026-04-05 19:09:53,247 - INFO -   Epoch [80/237] Loss: 1.1726
2026-04-05 19:09:54,674 - INFO -   Epoch [90/237] Loss: 1.4455
2026-04-05 19:09:56,101 - INFO -   Epoch [100/237] Loss: 1.1608
2026-04-05 19:09:57,524 - INFO -   Epoch [110/237] Loss: 1.3930
2026-04-05 19:09:58,948 - INFO -   Epoch [120/237] Loss: 1.5459
2026-04-05 19:10:00,378 - INFO -   Epoch [130/237] Loss: 1.1040
2026-04-05 19:10:01,814 - INFO -   Epoch [140/237] Loss: 1.1093
2026-04-05 19:10:03,250 - INFO -   Epoch [150/237] Loss: 1.1684
2026-04-05 19:10:04,691 - INFO -   Epoch [160/237] Loss: 1.8075
2026-04-05 19:10:06,141 - INFO -   Epoch [170/237] Loss: 1.2100
2026-04-05 19:10:07,570 - INFO -   Epoch [180/237] Loss: 1.1984
2026-04-05 19:10:09,007 - INFO -   Epoch [190/237] Loss: 0.7830
2026-04-05 19:10:10,439 - INFO -   Epoch [200/237] Loss: 1.3351
2026-04-05 19:10:11,872 - INFO -   Epoch [210/237] Loss: 0.7846
2026-04-05 19:10:13,327 - INFO -   Epoch [220/237] Loss: 1.2868
2026-04-05 19:10:14,777 - INFO -   Epoch [230/237] Loss: 1.0191
2026-04-05 19:10:17,665 - INFO -   Train Loss: 1.2290
2026-04-05 19:10:17,666 - INFO -   Train Accuracy: 51.04%
2026-04-05 19:10:17,666 - INFO -   Val Loss: 1.1764
2026-04-05 19:10:17,666 - INFO -   Val Accuracy: 54.32% | F1: 0.5507
2026-04-05 19:10:17,666 - INFO -   LR: 0.000001
2026-04-05 19:10:17,666 - INFO -   Patience: 18/30
2026-04-05 19:10:17,666 - INFO - 
Epoch 69/300
2026-04-05 19:10:19,112 - INFO -   Epoch [10/237] Loss: 1.4937
2026-04-05 19:10:20,551 - INFO -   Epoch [20/237] Loss: 1.1632
2026-04-05 19:10:22,024 - INFO -   Epoch [30/237] Loss: 0.9307
2026-04-05 19:10:23,503 - INFO -   Epoch [40/237] Loss: 1.0151
2026-04-05 19:10:24,963 - INFO -   Epoch [50/237] Loss: 1.2737
2026-04-05 19:10:26,399 - INFO -   Epoch [60/237] Loss: 1.2227
2026-04-05 19:10:27,832 - INFO -   Epoch [70/237] Loss: 1.3198
2026-04-05 19:10:29,264 - INFO -   Epoch [80/237] Loss: 1.0428
2026-04-05 19:10:30,689 - INFO -   Epoch [90/237] Loss: 1.4883
2026-04-05 19:10:32,117 - INFO -   Epoch [100/237] Loss: 0.9088
2026-04-05 19:10:33,546 - INFO -   Epoch [110/237] Loss: 1.0065
2026-04-05 19:10:34,972 - INFO -   Epoch [120/237] Loss: 1.2038
2026-04-05 19:10:36,394 - INFO -   Epoch [130/237] Loss: 1.0434
2026-04-05 19:10:37,813 - INFO -   Epoch [140/237] Loss: 1.0091
2026-04-05 19:10:39,246 - INFO -   Epoch [150/237] Loss: 1.2534
2026-04-05 19:10:40,684 - INFO -   Epoch [160/237] Loss: 1.1910
2026-04-05 19:10:42,128 - INFO -   Epoch [170/237] Loss: 1.0911
2026-04-05 19:10:43,654 - INFO -   Epoch [180/237] Loss: 1.0911
2026-04-05 19:10:45,086 - INFO -   Epoch [190/237] Loss: 1.1882
2026-04-05 19:10:46,509 - INFO -   Epoch [200/237] Loss: 1.3073
2026-04-05 19:10:47,935 - INFO -   Epoch [210/237] Loss: 1.5967
2026-04-05 19:10:49,355 - INFO -   Epoch [220/237] Loss: 0.8931
2026-04-05 19:10:50,773 - INFO -   Epoch [230/237] Loss: 1.2289
2026-04-05 19:10:53,520 - INFO -   Train Loss: 1.2424
2026-04-05 19:10:53,520 - INFO -   Train Accuracy: 51.25%
2026-04-05 19:10:53,520 - INFO -   Val Loss: 1.1768
2026-04-05 19:10:53,520 - INFO -   Val Accuracy: 54.32% | F1: 0.5507
2026-04-05 19:10:53,520 - INFO -   LR: 0.000000
2026-04-05 19:10:53,520 - INFO -   Patience: 19/30
2026-04-05 19:10:53,520 - INFO - 
Epoch 70/300
2026-04-05 19:10:54,942 - INFO -   Epoch [10/237] Loss: 1.1310
2026-04-05 19:10:56,370 - INFO -   Epoch [20/237] Loss: 1.0116
2026-04-05 19:10:57,803 - INFO -   Epoch [30/237] Loss: 0.9344
2026-04-05 19:10:59,239 - INFO -   Epoch [40/237] Loss: 0.8377
2026-04-05 19:11:00,670 - INFO -   Epoch [50/237] Loss: 1.2944
2026-04-05 19:11:02,109 - INFO -   Epoch [60/237] Loss: 1.4134
2026-04-05 19:11:03,560 - INFO -   Epoch [70/237] Loss: 1.5986
2026-04-05 19:11:04,990 - INFO -   Epoch [80/237] Loss: 0.6636
2026-04-05 19:11:06,422 - INFO -   Epoch [90/237] Loss: 1.4414
2026-04-05 19:11:07,851 - INFO -   Epoch [100/237] Loss: 1.3026
2026-04-05 19:11:09,282 - INFO -   Epoch [110/237] Loss: 1.2642
2026-04-05 19:11:10,726 - INFO -   Epoch [120/237] Loss: 0.8463
2026-04-05 19:11:12,170 - INFO -   Epoch [130/237] Loss: 1.2731
2026-04-05 19:11:13,617 - INFO -   Epoch [140/237] Loss: 1.6085
2026-04-05 19:11:15,064 - INFO -   Epoch [150/237] Loss: 1.1545
2026-04-05 19:11:16,506 - INFO -   Epoch [160/237] Loss: 1.1485
2026-04-05 19:11:17,946 - INFO -   Epoch [170/237] Loss: 1.2735
2026-04-05 19:11:19,393 - INFO -   Epoch [180/237] Loss: 0.9074
2026-04-05 19:11:20,835 - INFO -   Epoch [190/237] Loss: 0.9295
2026-04-05 19:11:22,273 - INFO -   Epoch [200/237] Loss: 0.8765
2026-04-05 19:11:23,714 - INFO -   Epoch [210/237] Loss: 1.2718
2026-04-05 19:11:25,152 - INFO -   Epoch [220/237] Loss: 0.8027
2026-04-05 19:11:26,592 - INFO -   Epoch [230/237] Loss: 1.0340
2026-04-05 19:11:29,364 - INFO -   Train Loss: 1.2479
2026-04-05 19:11:29,364 - INFO -   Train Accuracy: 50.65%
2026-04-05 19:11:29,364 - INFO -   Val Loss: 1.1768
2026-04-05 19:11:29,365 - INFO -   Val Accuracy: 54.32% | F1: 0.5507
2026-04-05 19:11:29,365 - INFO -   LR: 0.000000
2026-04-05 19:11:29,365 - INFO -   Patience: 20/30
2026-04-05 19:11:29,365 - INFO - 
Epoch 71/300
2026-04-05 19:11:30,800 - INFO -   Epoch [10/237] Loss: 1.0894
2026-04-05 19:11:32,258 - INFO -   Epoch [20/237] Loss: 0.9828
2026-04-05 19:11:33,713 - INFO -   Epoch [30/237] Loss: 1.4747
2026-04-05 19:11:35,151 - INFO -   Epoch [40/237] Loss: 1.2594
2026-04-05 19:11:36,585 - INFO -   Epoch [50/237] Loss: 1.1555
2026-04-05 19:11:38,021 - INFO -   Epoch [60/237] Loss: 0.9333
2026-04-05 19:11:39,459 - INFO -   Epoch [70/237] Loss: 1.5817
2026-04-05 19:11:40,900 - INFO -   Epoch [80/237] Loss: 0.9983
2026-04-05 19:11:42,350 - INFO -   Epoch [90/237] Loss: 1.0097
2026-04-05 19:11:43,769 - INFO -   Epoch [100/237] Loss: 1.0093
2026-04-05 19:11:45,191 - INFO -   Epoch [110/237] Loss: 1.6088
2026-04-05 19:11:46,630 - INFO -   Epoch [120/237] Loss: 1.0651
2026-04-05 19:11:48,074 - INFO -   Epoch [130/237] Loss: 1.3264
2026-04-05 19:11:49,515 - INFO -   Epoch [140/237] Loss: 1.2973
2026-04-05 19:11:50,967 - INFO -   Epoch [150/237] Loss: 1.6868
2026-04-05 19:11:52,417 - INFO -   Epoch [160/237] Loss: 1.1910
2026-04-05 19:11:53,897 - INFO -   Epoch [170/237] Loss: 1.2870
2026-04-05 19:11:55,332 - INFO -   Epoch [180/237] Loss: 1.0882
2026-04-05 19:11:56,764 - INFO -   Epoch [190/237] Loss: 1.3295
2026-04-05 19:11:58,200 - INFO -   Epoch [200/237] Loss: 1.4175
2026-04-05 19:11:59,634 - INFO -   Epoch [210/237] Loss: 1.0076
2026-04-05 19:12:01,071 - INFO -   Epoch [220/237] Loss: 1.7200
2026-04-05 19:12:02,510 - INFO -   Epoch [230/237] Loss: 1.1126
2026-04-05 19:12:05,224 - INFO -   Train Loss: 1.2368
2026-04-05 19:12:05,225 - INFO -   Train Accuracy: 50.55%
2026-04-05 19:12:05,225 - INFO -   Val Loss: 1.1770
2026-04-05 19:12:05,225 - INFO -   Val Accuracy: 54.32% | F1: 0.5507
2026-04-05 19:12:05,225 - INFO -   LR: 0.000000
2026-04-05 19:12:05,225 - INFO -   Patience: 21/30
2026-04-05 19:12:05,225 - INFO - 
Epoch 72/300
2026-04-05 19:12:06,654 - INFO -   Epoch [10/237] Loss: 1.5573
2026-04-05 19:12:08,081 - INFO -   Epoch [20/237] Loss: 1.0236
2026-04-05 19:12:09,507 - INFO -   Epoch [30/237] Loss: 1.0573
2026-04-05 19:12:10,949 - INFO -   Epoch [40/237] Loss: 1.3978
2026-04-05 19:12:12,382 - INFO -   Epoch [50/237] Loss: 1.1353
2026-04-05 19:12:13,811 - INFO -   Epoch [60/237] Loss: 1.5520
2026-04-05 19:12:15,247 - INFO -   Epoch [70/237] Loss: 1.1053
2026-04-05 19:12:16,675 - INFO -   Epoch [80/237] Loss: 0.9809
2026-04-05 19:12:18,129 - INFO -   Epoch [90/237] Loss: 1.0418
2026-04-05 19:12:19,572 - INFO -   Epoch [100/237] Loss: 1.2123
2026-04-05 19:12:21,002 - INFO -   Epoch [110/237] Loss: 1.0125
2026-04-05 19:12:22,431 - INFO -   Epoch [120/237] Loss: 1.5720
2026-04-05 19:12:23,857 - INFO -   Epoch [130/237] Loss: 0.9168
2026-04-05 19:12:25,282 - INFO -   Epoch [140/237] Loss: 1.3652
2026-04-05 19:12:26,707 - INFO -   Epoch [150/237] Loss: 0.9982
2026-04-05 19:12:28,137 - INFO -   Epoch [160/237] Loss: 0.9518
2026-04-05 19:12:29,569 - INFO -   Epoch [170/237] Loss: 0.8529
2026-04-05 19:12:31,004 - INFO -   Epoch [180/237] Loss: 0.9066
2026-04-05 19:12:32,447 - INFO -   Epoch [190/237] Loss: 1.2604
2026-04-05 19:12:33,889 - INFO -   Epoch [200/237] Loss: 1.6211
2026-04-05 19:12:35,331 - INFO -   Epoch [210/237] Loss: 0.9265
2026-04-05 19:12:36,787 - INFO -   Epoch [220/237] Loss: 1.2977
2026-04-05 19:12:38,224 - INFO -   Epoch [230/237] Loss: 0.8746
2026-04-05 19:12:40,987 - INFO -   Train Loss: 1.2314
2026-04-05 19:12:40,987 - INFO -   Train Accuracy: 51.08%
2026-04-05 19:12:40,987 - INFO -   Val Loss: 1.1768
2026-04-05 19:12:40,987 - INFO -   Val Accuracy: 54.32% | F1: 0.5507
2026-04-05 19:12:40,987 - INFO -   LR: 0.000000
2026-04-05 19:12:40,987 - INFO -   Patience: 22/30
2026-04-05 19:12:40,987 - INFO - 
Epoch 73/300
2026-04-05 19:12:42,420 - INFO -   Epoch [10/237] Loss: 1.1767
2026-04-05 19:12:43,860 - INFO -   Epoch [20/237] Loss: 1.0547
2026-04-05 19:12:45,301 - INFO -   Epoch [30/237] Loss: 0.9178
2026-04-05 19:12:46,730 - INFO -   Epoch [40/237] Loss: 0.8433
2026-04-05 19:12:48,156 - INFO -   Epoch [50/237] Loss: 0.9177
2026-04-05 19:12:49,580 - INFO -   Epoch [60/237] Loss: 1.9233
2026-04-05 19:12:51,012 - INFO -   Epoch [70/237] Loss: 1.1777
2026-04-05 19:12:52,444 - INFO -   Epoch [80/237] Loss: 1.3062
2026-04-05 19:12:53,873 - INFO -   Epoch [90/237] Loss: 0.9760
2026-04-05 19:12:55,302 - INFO -   Epoch [100/237] Loss: 1.3159
2026-04-05 19:12:56,733 - INFO -   Epoch [110/237] Loss: 1.5002
2026-04-05 19:12:58,175 - INFO -   Epoch [120/237] Loss: 1.3413
2026-04-05 19:12:59,614 - INFO -   Epoch [130/237] Loss: 1.4485
2026-04-05 19:13:01,040 - INFO -   Epoch [140/237] Loss: 0.9967
2026-04-05 19:13:02,475 - INFO -   Epoch [150/237] Loss: 1.0126
2026-04-05 19:13:03,906 - INFO -   Epoch [160/237] Loss: 1.0611
2026-04-05 19:13:05,331 - INFO -   Epoch [170/237] Loss: 1.2736
2026-04-05 19:13:06,757 - INFO -   Epoch [180/237] Loss: 1.3902
2026-04-05 19:13:08,179 - INFO -   Epoch [190/237] Loss: 1.0521
2026-04-05 19:13:09,616 - INFO -   Epoch [200/237] Loss: 1.0812
2026-04-05 19:13:11,049 - INFO -   Epoch [210/237] Loss: 1.1060
2026-04-05 19:13:12,476 - INFO -   Epoch [220/237] Loss: 1.2337
2026-04-05 19:13:13,913 - INFO -   Epoch [230/237] Loss: 1.1817
2026-04-05 19:13:16,658 - INFO -   Train Loss: 1.2407
2026-04-05 19:13:16,658 - INFO -   Train Accuracy: 50.83%
2026-04-05 19:13:16,658 - INFO -   Val Loss: 1.1767
2026-04-05 19:13:16,658 - INFO -   Val Accuracy: 54.32% | F1: 0.5507
2026-04-05 19:13:16,658 - INFO -   LR: 0.000000
2026-04-05 19:13:16,659 - INFO -   Patience: 23/30
2026-04-05 19:13:16,659 - INFO - 
Epoch 74/300
2026-04-05 19:13:18,087 - INFO -   Epoch [10/237] Loss: 0.8801
2026-04-05 19:13:19,516 - INFO -   Epoch [20/237] Loss: 0.9746
2026-04-05 19:13:20,937 - INFO -   Epoch [30/237] Loss: 1.1269
2026-04-05 19:13:22,382 - INFO -   Epoch [40/237] Loss: 1.2506
2026-04-05 19:13:23,833 - INFO -   Epoch [50/237] Loss: 0.8211
2026-04-05 19:13:25,257 - INFO -   Epoch [60/237] Loss: 1.1786
2026-04-05 19:13:26,705 - INFO -   Epoch [70/237] Loss: 1.1050
2026-04-05 19:13:28,131 - INFO -   Epoch [80/237] Loss: 1.0944
2026-04-05 19:13:29,564 - INFO -   Epoch [90/237] Loss: 1.6062
2026-04-05 19:13:30,997 - INFO -   Epoch [100/237] Loss: 0.9517
2026-04-05 19:13:32,439 - INFO -   Epoch [110/237] Loss: 1.0765
2026-04-05 19:13:33,870 - INFO -   Epoch [120/237] Loss: 1.3500
2026-04-05 19:13:35,328 - INFO -   Epoch [130/237] Loss: 1.3278
2026-04-05 19:13:36,790 - INFO -   Epoch [140/237] Loss: 1.2026
2026-04-05 19:13:38,227 - INFO -   Epoch [150/237] Loss: 1.3433
2026-04-05 19:13:39,656 - INFO -   Epoch [160/237] Loss: 1.3041
2026-04-05 19:13:41,085 - INFO -   Epoch [170/237] Loss: 0.9834
2026-04-05 19:13:42,517 - INFO -   Epoch [180/237] Loss: 1.2190
2026-04-05 19:13:43,947 - INFO -   Epoch [190/237] Loss: 1.4108
2026-04-05 19:13:45,378 - INFO -   Epoch [200/237] Loss: 0.9501
2026-04-05 19:13:46,813 - INFO -   Epoch [210/237] Loss: 1.5097
2026-04-05 19:13:48,281 - INFO -   Epoch [220/237] Loss: 1.2697
2026-04-05 19:13:49,703 - INFO -   Epoch [230/237] Loss: 1.7485
2026-04-05 19:13:52,481 - INFO -   Train Loss: 1.2416
2026-04-05 19:13:52,482 - INFO -   Train Accuracy: 51.18%
2026-04-05 19:13:52,482 - INFO -   Val Loss: 1.1770
2026-04-05 19:13:52,482 - INFO -   Val Accuracy: 54.32% | F1: 0.5507
2026-04-05 19:13:52,482 - INFO -   LR: 0.000000
2026-04-05 19:13:52,482 - INFO -   Patience: 24/30
2026-04-05 19:13:52,482 - INFO - 
Epoch 75/300
2026-04-05 19:13:53,918 - INFO -   Epoch [10/237] Loss: 1.3633
2026-04-05 19:13:55,349 - INFO -   Epoch [20/237] Loss: 1.3973
2026-04-05 19:13:56,780 - INFO -   Epoch [30/237] Loss: 1.1908
2026-04-05 19:13:58,208 - INFO -   Epoch [40/237] Loss: 1.1203
2026-04-05 19:13:59,640 - INFO -   Epoch [50/237] Loss: 1.8737
2026-04-05 19:14:01,069 - INFO -   Epoch [60/237] Loss: 1.0423
2026-04-05 19:14:02,496 - INFO -   Epoch [70/237] Loss: 1.3390
2026-04-05 19:14:03,945 - INFO -   Epoch [80/237] Loss: 1.0969
2026-04-05 19:14:05,403 - INFO -   Epoch [90/237] Loss: 1.4548
2026-04-05 19:14:06,882 - INFO -   Epoch [100/237] Loss: 1.3796
2026-04-05 19:14:08,354 - INFO -   Epoch [110/237] Loss: 1.0662
2026-04-05 19:14:09,777 - INFO -   Epoch [120/237] Loss: 1.0770
2026-04-05 19:14:11,207 - INFO -   Epoch [130/237] Loss: 1.1201
2026-04-05 19:14:12,638 - INFO -   Epoch [140/237] Loss: 1.0430
2026-04-05 19:14:14,077 - INFO -   Epoch [150/237] Loss: 1.3474
2026-04-05 19:14:15,533 - INFO -   Epoch [160/237] Loss: 1.2308
2026-04-05 19:14:16,959 - INFO -   Epoch [170/237] Loss: 1.3017
2026-04-05 19:14:18,396 - INFO -   Epoch [180/237] Loss: 1.0185
2026-04-05 19:14:19,823 - INFO -   Epoch [190/237] Loss: 1.1468
2026-04-05 19:14:21,251 - INFO -   Epoch [200/237] Loss: 1.2533
2026-04-05 19:14:22,688 - INFO -   Epoch [210/237] Loss: 0.9086
2026-04-05 19:14:24,122 - INFO -   Epoch [220/237] Loss: 1.2595
2026-04-05 19:14:25,552 - INFO -   Epoch [230/237] Loss: 1.0994
2026-04-05 19:14:28,290 - INFO -   Train Loss: 1.2602
2026-04-05 19:14:28,291 - INFO -   Train Accuracy: 50.69%
2026-04-05 19:14:28,291 - INFO -   Val Loss: 1.1771
2026-04-05 19:14:28,291 - INFO -   Val Accuracy: 54.32% | F1: 0.5507
2026-04-05 19:14:28,291 - INFO -   LR: 0.000000
2026-04-05 19:14:28,291 - INFO -   Patience: 25/30
2026-04-05 19:14:28,291 - INFO - 
Epoch 76/300
2026-04-05 19:14:29,719 - INFO -   Epoch [10/237] Loss: 1.1647
2026-04-05 19:14:31,149 - INFO -   Epoch [20/237] Loss: 1.2105
2026-04-05 19:14:32,580 - INFO -   Epoch [30/237] Loss: 0.8619
2026-04-05 19:14:34,030 - INFO -   Epoch [40/237] Loss: 1.1162
2026-04-05 19:14:35,480 - INFO -   Epoch [50/237] Loss: 1.2367
2026-04-05 19:14:36,902 - INFO -   Epoch [60/237] Loss: 1.3094
2026-04-05 19:14:38,321 - INFO -   Epoch [70/237] Loss: 1.4795
2026-04-05 19:14:39,741 - INFO -   Epoch [80/237] Loss: 0.8329
2026-04-05 19:14:41,160 - INFO -   Epoch [90/237] Loss: 1.2077
2026-04-05 19:14:42,584 - INFO -   Epoch [100/237] Loss: 1.1018
2026-04-05 19:14:44,043 - INFO -   Epoch [110/237] Loss: 1.4770
2026-04-05 19:14:45,493 - INFO -   Epoch [120/237] Loss: 1.2867
2026-04-05 19:14:46,957 - INFO -   Epoch [130/237] Loss: 1.5106
2026-04-05 19:14:48,402 - INFO -   Epoch [140/237] Loss: 1.2383
2026-04-05 19:14:49,823 - INFO -   Epoch [150/237] Loss: 0.9845
2026-04-05 19:14:51,251 - INFO -   Epoch [160/237] Loss: 1.2263
2026-04-05 19:14:52,682 - INFO -   Epoch [170/237] Loss: 1.2416
2026-04-05 19:14:54,142 - INFO -   Epoch [180/237] Loss: 1.5630
2026-04-05 19:14:55,613 - INFO -   Epoch [190/237] Loss: 1.3662
2026-04-05 19:14:57,074 - INFO -   Epoch [200/237] Loss: 1.5398
2026-04-05 19:14:58,492 - INFO -   Epoch [210/237] Loss: 1.2936
2026-04-05 19:14:59,911 - INFO -   Epoch [220/237] Loss: 0.9797
2026-04-05 19:15:01,336 - INFO -   Epoch [230/237] Loss: 1.3476
2026-04-05 19:15:04,042 - INFO -   Train Loss: 1.2446
2026-04-05 19:15:04,043 - INFO -   Train Accuracy: 50.93%
2026-04-05 19:15:04,043 - INFO -   Val Loss: 1.1772
2026-04-05 19:15:04,043 - INFO -   Val Accuracy: 54.32% | F1: 0.5507
2026-04-05 19:15:04,043 - INFO -   LR: 0.000000
2026-04-05 19:15:04,043 - INFO -   Patience: 26/30
2026-04-05 19:15:04,043 - INFO - 
Epoch 77/300
2026-04-05 19:15:05,470 - INFO -   Epoch [10/237] Loss: 1.5427
2026-04-05 19:15:06,904 - INFO -   Epoch [20/237] Loss: 1.5386
2026-04-05 19:15:08,336 - INFO -   Epoch [30/237] Loss: 1.4263
2026-04-05 19:15:09,756 - INFO -   Epoch [40/237] Loss: 1.3104
2026-04-05 19:15:11,175 - INFO -   Epoch [50/237] Loss: 1.1758
2026-04-05 19:15:12,604 - INFO -   Epoch [60/237] Loss: 1.1830
2026-04-05 19:15:14,027 - INFO -   Epoch [70/237] Loss: 1.5368
2026-04-05 19:15:15,449 - INFO -   Epoch [80/237] Loss: 1.3412
2026-04-05 19:15:16,871 - INFO -   Epoch [90/237] Loss: 0.9583
2026-04-05 19:15:18,305 - INFO -   Epoch [100/237] Loss: 1.2183
2026-04-05 19:15:19,744 - INFO -   Epoch [110/237] Loss: 1.1676
2026-04-05 19:15:21,185 - INFO -   Epoch [120/237] Loss: 1.2770
2026-04-05 19:15:22,609 - INFO -   Epoch [130/237] Loss: 1.0085
2026-04-05 19:15:24,036 - INFO -   Epoch [140/237] Loss: 1.5673
2026-04-05 19:15:25,467 - INFO -   Epoch [150/237] Loss: 0.9699
2026-04-05 19:15:26,893 - INFO -   Epoch [160/237] Loss: 0.9051
2026-04-05 19:15:28,316 - INFO -   Epoch [170/237] Loss: 0.9017
2026-04-05 19:15:29,743 - INFO -   Epoch [180/237] Loss: 0.9765
2026-04-05 19:15:31,167 - INFO -   Epoch [190/237] Loss: 1.2313
2026-04-05 19:15:32,592 - INFO -   Epoch [200/237] Loss: 1.3203
2026-04-05 19:15:34,015 - INFO -   Epoch [210/237] Loss: 1.0983
2026-04-05 19:15:35,453 - INFO -   Epoch [220/237] Loss: 0.7853
2026-04-05 19:15:36,884 - INFO -   Epoch [230/237] Loss: 1.3170
2026-04-05 19:15:39,597 - INFO -   Train Loss: 1.2535
2026-04-05 19:15:39,598 - INFO -   Train Accuracy: 50.41%
2026-04-05 19:15:39,598 - INFO -   Val Loss: 1.1770
2026-04-05 19:15:39,598 - INFO -   Val Accuracy: 54.32% | F1: 0.5507
2026-04-05 19:15:39,598 - INFO -   LR: 0.000000
2026-04-05 19:15:39,598 - INFO -   Patience: 27/30
2026-04-05 19:15:39,598 - INFO - 
Epoch 78/300
2026-04-05 19:15:41,022 - INFO -   Epoch [10/237] Loss: 1.1077
2026-04-05 19:15:42,449 - INFO -   Epoch [20/237] Loss: 1.0150
2026-04-05 19:15:43,872 - INFO -   Epoch [30/237] Loss: 1.2745
2026-04-05 19:15:45,301 - INFO -   Epoch [40/237] Loss: 1.4331
2026-04-05 19:15:46,730 - INFO -   Epoch [50/237] Loss: 1.3558
2026-04-05 19:15:48,161 - INFO -   Epoch [60/237] Loss: 0.9784
2026-04-05 19:15:49,592 - INFO -   Epoch [70/237] Loss: 1.4914
2026-04-05 19:15:51,028 - INFO -   Epoch [80/237] Loss: 1.3097
2026-04-05 19:15:52,468 - INFO -   Epoch [90/237] Loss: 0.7322
2026-04-05 19:15:53,916 - INFO -   Epoch [100/237] Loss: 1.3715
2026-04-05 19:15:55,347 - INFO -   Epoch [110/237] Loss: 1.0537
2026-04-05 19:15:56,778 - INFO -   Epoch [120/237] Loss: 1.0969
2026-04-05 19:15:58,222 - INFO -   Epoch [130/237] Loss: 1.0315
2026-04-05 19:15:59,654 - INFO -   Epoch [140/237] Loss: 0.8241
2026-04-05 19:16:01,074 - INFO -   Epoch [150/237] Loss: 0.7824
2026-04-05 19:16:02,518 - INFO -   Epoch [160/237] Loss: 0.8594
2026-04-05 19:16:03,942 - INFO -   Epoch [170/237] Loss: 1.3912
2026-04-05 19:16:05,362 - INFO -   Epoch [180/237] Loss: 1.0152
2026-04-05 19:16:06,795 - INFO -   Epoch [190/237] Loss: 1.1124
2026-04-05 19:16:08,244 - INFO -   Epoch [200/237] Loss: 0.9406
2026-04-05 19:16:09,688 - INFO -   Epoch [210/237] Loss: 1.1906
2026-04-05 19:16:11,133 - INFO -   Epoch [220/237] Loss: 1.6195
2026-04-05 19:16:12,573 - INFO -   Epoch [230/237] Loss: 1.0081
2026-04-05 19:16:15,347 - INFO -   Train Loss: 1.2374
2026-04-05 19:16:15,348 - INFO -   Train Accuracy: 51.18%
2026-04-05 19:16:15,348 - INFO -   Val Loss: 1.1770
2026-04-05 19:16:15,348 - INFO -   Val Accuracy: 54.32% | F1: 0.5507
2026-04-05 19:16:15,348 - INFO -   LR: 0.000000
2026-04-05 19:16:15,348 - INFO -   Patience: 28/30
2026-04-05 19:16:15,348 - INFO - 
Epoch 79/300
2026-04-05 19:16:16,789 - INFO -   Epoch [10/237] Loss: 1.1655
2026-04-05 19:16:18,223 - INFO -   Epoch [20/237] Loss: 1.0475
2026-04-05 19:16:19,650 - INFO -   Epoch [30/237] Loss: 1.2755
2026-04-05 19:16:21,072 - INFO -   Epoch [40/237] Loss: 1.2980
2026-04-05 19:16:22,493 - INFO -   Epoch [50/237] Loss: 1.3177
2026-04-05 19:16:23,919 - INFO -   Epoch [60/237] Loss: 1.0532
2026-04-05 19:16:25,344 - INFO -   Epoch [70/237] Loss: 1.1131
2026-04-05 19:16:26,776 - INFO -   Epoch [80/237] Loss: 0.7102
2026-04-05 19:16:28,207 - INFO -   Epoch [90/237] Loss: 1.1171
2026-04-05 19:16:29,674 - INFO -   Epoch [100/237] Loss: 1.3430
2026-04-05 19:16:31,116 - INFO -   Epoch [110/237] Loss: 0.7131
2026-04-05 19:16:32,542 - INFO -   Epoch [120/237] Loss: 0.6494
2026-04-05 19:16:33,965 - INFO -   Epoch [130/237] Loss: 1.7660
2026-04-05 19:16:35,395 - INFO -   Epoch [140/237] Loss: 1.6441
2026-04-05 19:16:36,829 - INFO -   Epoch [150/237] Loss: 1.0643
2026-04-05 19:16:38,249 - INFO -   Epoch [160/237] Loss: 1.1516
2026-04-05 19:16:39,670 - INFO -   Epoch [170/237] Loss: 1.6930
2026-04-05 19:16:41,094 - INFO -   Epoch [180/237] Loss: 1.4378
2026-04-05 19:16:42,529 - INFO -   Epoch [190/237] Loss: 0.9761
2026-04-05 19:16:43,973 - INFO -   Epoch [200/237] Loss: 1.1892
2026-04-05 19:16:45,414 - INFO -   Epoch [210/237] Loss: 1.1973
2026-04-05 19:16:46,859 - INFO -   Epoch [220/237] Loss: 1.2966
2026-04-05 19:16:48,303 - INFO -   Epoch [230/237] Loss: 1.6223
2026-04-05 19:16:51,093 - INFO -   Train Loss: 1.2570
2026-04-05 19:16:51,093 - INFO -   Train Accuracy: 50.34%
2026-04-05 19:16:51,093 - INFO -   Val Loss: 1.1768
2026-04-05 19:16:51,094 - INFO -   Val Accuracy: 54.32% | F1: 0.5507
2026-04-05 19:16:51,094 - INFO -   LR: 0.000000
2026-04-05 19:16:51,094 - INFO -   Patience: 29/30
2026-04-05 19:16:51,094 - INFO - 
Epoch 80/300
2026-04-05 19:16:52,536 - INFO -   Epoch [10/237] Loss: 0.8077
2026-04-05 19:16:53,967 - INFO -   Epoch [20/237] Loss: 0.8357
2026-04-05 19:16:55,391 - INFO -   Epoch [30/237] Loss: 1.1872
2026-04-05 19:16:56,821 - INFO -   Epoch [40/237] Loss: 1.4291
2026-04-05 19:16:58,261 - INFO -   Epoch [50/237] Loss: 1.0442
2026-04-05 19:16:59,705 - INFO -   Epoch [60/237] Loss: 1.3088
2026-04-05 19:17:01,148 - INFO -   Epoch [70/237] Loss: 1.3611
2026-04-05 19:17:02,590 - INFO -   Epoch [80/237] Loss: 1.5660
2026-04-05 19:17:04,029 - INFO -   Epoch [90/237] Loss: 1.3506
2026-04-05 19:17:05,467 - INFO -   Epoch [100/237] Loss: 1.0739
2026-04-05 19:17:06,912 - INFO -   Epoch [110/237] Loss: 1.0032
2026-04-05 19:17:08,356 - INFO -   Epoch [120/237] Loss: 1.1919
2026-04-05 19:17:09,777 - INFO -   Epoch [130/237] Loss: 1.1097
2026-04-05 19:17:11,208 - INFO -   Epoch [140/237] Loss: 1.8349
2026-04-05 19:17:12,627 - INFO -   Epoch [150/237] Loss: 1.2894
2026-04-05 19:17:14,048 - INFO -   Epoch [160/237] Loss: 1.1493
2026-04-05 19:17:15,472 - INFO -   Epoch [170/237] Loss: 1.5892
2026-04-05 19:17:16,912 - INFO -   Epoch [180/237] Loss: 1.4793
2026-04-05 19:17:18,330 - INFO -   Epoch [190/237] Loss: 1.1845
2026-04-05 19:17:19,752 - INFO -   Epoch [200/237] Loss: 1.2366
2026-04-05 19:17:21,178 - INFO -   Epoch [210/237] Loss: 1.4816
2026-04-05 19:17:22,616 - INFO -   Epoch [220/237] Loss: 1.2634
2026-04-05 19:17:24,050 - INFO -   Epoch [230/237] Loss: 1.2749
2026-04-05 19:17:26,816 - INFO -   Train Loss: 1.2379
2026-04-05 19:17:26,816 - INFO -   Train Accuracy: 51.39%
2026-04-05 19:17:26,816 - INFO -   Val Loss: 1.1768
2026-04-05 19:17:26,816 - INFO -   Val Accuracy: 54.32% | F1: 0.5507
2026-04-05 19:17:26,816 - INFO -   LR: 0.000000
2026-04-05 19:17:26,817 - INFO -   Patience: 30/30
2026-04-05 19:17:26,817 - INFO - 
✓ Early stopping at epoch 80
2026-04-05 19:17:26,817 - INFO - 
✓ Training completed!
2026-04-05 19:17:26,817 - INFO -   Best Accuracy: 54.57%
2026-04-05 19:17:26,817 - INFO - 
================================================================================
2026-04-05 19:17:26,817 - INFO - Step 7: Testing
2026-04-05 19:17:26,817 - INFO - ================================================================================
/workspace/Graph_Deep_Learning/20251001-PRD_18-21-24-mobility_change_pattern/analysis/PRD-Mobility-Change-Pattern/train_multiscale_temporal.py:930: FutureWarning: You are using `torch.load` with `weights_only=False` (the current default value), which uses the default pickle module implicitly. It is possible to construct malicious pickle data which will execute arbitrary code during unpickling (See https://github.com/pytorch/pytorch/blob/main/SECURITY.md#untrusted-models for more details). In a future release, the default value for `weights_only` will be flipped to `True`. This limits the functions that could be executed during unpickling. Arbitrary objects will no longer be allowed to be loaded via this mode unless they are explicitly allowlisted by the user via `torch.serialization.add_safe_globals`. We recommend you start setting `weights_only=True` for any use case where you don't have full control of the loaded file. Please open an issue on GitHub for any issues related to this experimental feature.
  checkpoint = torch.load(f"{output_dir}/models/best_model.pth")
2026-04-05 19:17:26,893 - INFO - ✓ Loaded best model from epoch 50
2026-04-05 19:17:30,393 - INFO - 
Test Results:
2026-04-05 19:17:30,394 - INFO -   - Accuracy: 54.57%
2026-04-05 19:17:30,394 - INFO -   - F1 Score: 0.5545
2026-04-05 19:17:30,395 - INFO -   - Kappa: 0.4883
2026-04-05 19:17:30,403 - INFO - 
✓ All results saved to outputs/multiscale_temporal_20260405_182939_labels_sgh_entropy_0.05_per_450_comparison_A2_gcn/metrics/
2026-04-05 19:17:30,403 - INFO -   - test_results.json
2026-04-05 19:17:30,403 - INFO -   - classification_report.txt
2026-04-05 19:17:30,403 - INFO -   - confusion_matrix.npy
2026-04-05 19:17:30,403 - INFO - 
================================================================================
2026-04-05 19:17:30,403 - INFO - Training Time Statistics
2026-04-05 19:17:30,404 - INFO - ================================================================================
2026-04-05 19:17:30,404 - INFO - Start time:    2026-04-05 18:29:39
2026-04-05 19:17:30,404 - INFO - End time:      2026-04-05 19:17:30
2026-04-05 19:17:30,404 - INFO - Total time:    00:47:50 (2870.53 seconds)
2026-04-05 19:17:30,404 - INFO -                (47.84 minutes, 0.80 hours)
2026-04-05 19:17:30,404 - INFO - ================================================================================
2026-04-05 19:17:30,404 - INFO - ✓ Timing info saved to outputs/multiscale_temporal_20260405_182939_labels_sgh_entropy_0.05_per_450_comparison_A2_gcn/metrics/timing_info.json
2026-04-05 19:17:30,404 - INFO - ================================================================================
