2026-04-05 17:33:55,082 - INFO - ================================================================================
2026-04-05 17:33:55,082 - INFO - Multi-Scale Temporal Branch Training
2026-04-05 17:33:55,082 - INFO - ================================================================================
2026-04-05 17:33:55,082 - INFO - Training started at: 2026-04-05 17:33:55
2026-04-05 17:33:55,082 - INFO - 
Improvement: Multi-Scale Temporal Branch (hourly + daily + weekly)
2026-04-05 17:33:55,082 - INFO - Dataset: data/labels_sgh_entropy_0.05_per_450.csv with flow threshold 0.0 and 168 time steps
2026-04-05 17:33:55,082 - INFO - Runtime overrides | spatial_model=GINE, samples_per_class=None, epochs=300, batch_size=12, lr=0.0001, grad_accum=4, early_stop=30, use_cache=True
2026-04-05 17:33:55,082 - INFO - Temporal override | temporal_model=TRANSFORMER
2026-04-05 17:33:55,082 - INFO - Temporal layer override | layers=3
2026-04-05 17:33:55,082 - INFO - Graph overrides | topk_out=20, topk_in=20, topk_enabled=True
2026-04-05 17:33:55,082 - INFO - Graph temporal mode | mode=static
2026-04-05 17:33:55,082 - INFO - Seed override | random_seed=202
2026-04-05 17:33:55,082 - INFO - Spatial node feature mode | mode=raw_temporal_mean
2026-04-05 17:33:55,082 - INFO - GINE edge feature mode | mode=flow_distance_direction
2026-04-05 17:33:55,082 - INFO - Temporal feature mode | mode=inflow_outflow
2026-04-05 17:33:55,082 - INFO - Split manifest | load=None, export=None
2026-04-05 17:33:55,082 - INFO - Branch ablation mode | mode=temporal_only
2026-04-05 17:33:55,082 - INFO - Fusion ablation mode | mode=gated
2026-04-05 17:33:55,082 - INFO - 
Output directory: outputs/multiscale_temporal_20260405_173355_labels_sgh_entropy_0.05_per_450_ablation_B2_temporal_only
2026-04-05 17:33:55,083 - INFO - Log file: outputs/multiscale_temporal_20260405_173355_labels_sgh_entropy_0.05_per_450_ablation_B2_temporal_only/training.log
2026-04-05 17:33:55,083 - INFO - 
================================================================================
2026-04-05 17:33:55,083 - INFO - Step 1: Loading data
2026-04-05 17:33:55,083 - INFO - ================================================================================
2026-04-05 17:33:55,084 - INFO - ================================================================================
2026-04-05 17:33:55,084 - INFO - Dual-Year Experiment Data Preparation
2026-04-05 17:33:55,084 - INFO - ================================================================================
2026-04-05 17:33:55,084 - INFO - Label file: data/labels_sgh_entropy_0.05_per_450.csv
2026-04-05 17:33:55,084 - INFO - Samples per class: ALL
2026-04-05 17:33:55,084 - INFO - 
2026-04-05 17:33:55,084 - INFO - Loading grid metadata...
2026-04-05 17:33:55,084 - INFO - Loading grid metadata from data/grid_metadata/sgh_grid_metadata.csv
2026-04-05 17:33:55,151 - INFO - Loaded 65049 valid grid cells
2026-04-05 17:33:55,157 - INFO - ================================================================================
2026-04-05 17:33:55,157 - INFO - Loading Feature Cache (Level-1)
2026-04-05 17:33:55,157 - INFO - ================================================================================
2026-04-05 17:33:55,157 - INFO - Feature cache file: data/cache/features/dual_year_features_cb92786c4c45.pkl
/opt/conda/lib/python3.11/site-packages/torch/storage.py:414: FutureWarning: You are using `torch.load` with `weights_only=False` (the current default value), which uses the default pickle module implicitly. It is possible to construct malicious pickle data which will execute arbitrary code during unpickling (See https://github.com/pytorch/pytorch/blob/main/SECURITY.md#untrusted-models for more details). In a future release, the default value for `weights_only` will be flipped to `True`. This limits the functions that could be executed during unpickling. Arbitrary objects will no longer be allowed to be loaded via this mode unless they are explicitly allowlisted by the user via `torch.serialization.add_safe_globals`. We recommend you start setting `weights_only=True` for any use case where you don't have full control of the loaded file. Please open an issue on GitHub for any issues related to this experimental feature.
  return torch.load(io.BytesIO(b))
2026-04-05 17:33:55,226 - INFO - ✓ Feature cache hit
2026-04-05 17:33:55,226 - INFO -   - Total labeled grids: 4050
2026-04-05 17:33:55,226 - INFO - Building/loading spatial graphs...
2026-04-05 17:33:55,226 - INFO - CRITICAL FIX: Using GLOBAL metadata (all 65049 grids)
2026-04-05 17:33:55,327 - INFO - ================================================================================
2026-04-05 17:33:55,327 - INFO - Loading Graph Cache (Level-2 variant)
2026-04-05 17:33:55,327 - INFO - ================================================================================
2026-04-05 17:33:55,327 - INFO - Graph cache file: data/cache/graphs/dual_year_graph_variant_0e1f7f20f21e.pkl
2026-04-05 17:33:55,387 - INFO - ✓ Graph variant cache hit
2026-04-05 17:33:55,387 - INFO - 
✓ CRITICAL FIX APPLIED:
2026-04-05 17:33:55,387 - INFO -   - Global graph nodes: 65049 (from 65049 metadata)
2026-04-05 17:33:55,387 - INFO -   - Labeled nodes for training: 4050
2026-04-05 17:33:55,387 - INFO -   - Unlabeled nodes in graph: 60999
2026-04-05 17:33:55,387 - INFO -   - Graph temporal mode: static
2026-04-05 17:33:55,387 - INFO -   - Graph edge feature mode: flow_distance_direction
2026-04-05 17:33:55,387 - INFO -   - Graph snapshots per year: 1
2026-04-05 17:33:55,387 - INFO -   - Graph 2021 edges (snapshot0): 1034676
2026-04-05 17:33:55,387 - INFO -   - Graph 2024 edges (snapshot0): 1179275
2026-04-05 17:33:55,387 - INFO - 
Architecture:
2026-04-05 17:33:55,387 - INFO -   - Temporal Branch (LSTM): Uses 4050 labeled nodes with (168, 2) features
2026-04-05 17:33:55,387 - INFO -   - Spatial Branch (GCN/SAGE): Uses 65049 nodes with all-1 features
2026-04-05 17:33:55,388 - INFO -   - Feature dimension per labeled node: (168, 4)
2026-04-05 17:33:55,388 - INFO - 
Two-level cache summary:
2026-04-05 17:33:55,388 - INFO -   - Feature cache: data/cache/features/dual_year_features_cb92786c4c45.pkl
2026-04-05 17:33:55,388 - INFO -   - Graph base cache: data/cache/graphs/dual_year_graph_base_d4d046bfdc14.pkl
2026-04-05 17:33:55,388 - INFO -   - Graph variant cache: data/cache/graphs/dual_year_graph_variant_0e1f7f20f21e.pkl
2026-04-05 17:33:55,395 - INFO - ✓ Data loaded successfully
2026-04-05 17:33:55,395 - INFO -   - Total grids: 4050
2026-04-05 17:33:55,395 - INFO -   - Feature shape: (168, 4)
2026-04-05 17:33:55,395 - INFO -   - Graph 2021 edges: 1034676
2026-04-05 17:33:55,395 - INFO -   - Graph 2024 edges: 1179275
2026-04-05 17:33:55,395 - INFO -   - Graph edge feature mode: flow_distance_direction
2026-04-05 17:33:55,395 - INFO - 
================================================================================
2026-04-05 17:33:55,395 - INFO - Step 2: Preparing temporal features
2026-04-05 17:33:55,395 - INFO - ================================================================================
2026-04-05 17:33:55,436 - INFO - ✓ Temporal features prepared
2026-04-05 17:33:55,436 - INFO - 
================================================================================
2026-04-05 17:33:55,437 - INFO - Step 3: Creating dataset
2026-04-05 17:33:55,437 - INFO - ================================================================================
2026-04-05 17:33:55,437 - INFO - ✓ Dataset created: 4050 samples
2026-04-05 17:33:55,441 - INFO -   - Split Source: seeded_random_split
2026-04-05 17:33:55,441 - INFO -   - Wrote Split Manifest: outputs/multiscale_temporal_20260405_173355_labels_sgh_entropy_0.05_per_450_ablation_B2_temporal_only/metrics/split_manifest.json
2026-04-05 17:33:55,441 - INFO -   - Train: 2835 samples
2026-04-05 17:33:55,441 - INFO -   - Val: 405 samples
2026-04-05 17:33:55,441 - INFO -   - Test: 810 samples
2026-04-05 17:33:55,741 - INFO - ✓ Data loaders created
2026-04-05 17:33:55,742 - INFO - 
================================================================================
2026-04-05 17:33:55,742 - INFO - Step 4: Creating Enhanced Model
2026-04-05 17:33:55,742 - INFO - ================================================================================
2026-04-05 17:33:55,742 - INFO - Using device: cuda
2026-04-05 17:33:55,742 - INFO - Spatial model: GINE
2026-04-05 17:33:55,743 - INFO - Temporal model: TRANSFORMER
2026-04-05 17:33:57,775 - INFO -   - Registered spatial coordinates for GINE node features (torch.Size([65049, 2]))
2026-04-05 17:33:58,055 - INFO - ✓ Enhanced model created
2026-04-05 17:33:58,056 - INFO -   - Total parameters: 4,844,174
2026-04-05 17:33:58,056 - INFO -   - Trainable parameters: 4,844,174
2026-04-05 17:33:58,056 - INFO -   - Multi-scale temporal: Hourly + Daily + Weekly
2026-04-05 17:33:58,056 - INFO -   - Temporal branch model: TRANSFORMER
2026-04-05 17:33:58,056 - INFO -   - Spatial branch: GINE
2026-04-05 17:33:58,056 - INFO -   - Laplacian PE dimension: 8
2026-04-05 17:33:58,056 - INFO -   - Branch ablation mode: temporal_only
2026-04-05 17:33:58,056 - INFO -   - Fusion ablation mode: gated
2026-04-05 17:33:58,056 - INFO - 
================================================================================
2026-04-05 17:33:58,056 - INFO - Step 5: Setting up training
2026-04-05 17:33:58,056 - INFO - ================================================================================
/opt/conda/lib/python3.11/site-packages/torch/optim/lr_scheduler.py:60: UserWarning: The verbose parameter is deprecated. Please use get_last_lr() to access the learning rate.
  warnings.warn(
2026-04-05 17:33:58,058 - INFO - ✓ Training setup complete
2026-04-05 17:33:58,059 - INFO -   - Optimizer: Adam (lr=0.0001, wd=0.001)
2026-04-05 17:33:58,059 - INFO -   - Scheduler: ReduceLROnPlateau (patience=5, factor=0.5)
2026-04-05 17:33:58,059 - INFO -   - Loss: Weighted CrossEntropy
2026-04-05 17:33:58,059 - INFO - 
================================================================================
2026-04-05 17:33:58,059 - INFO - Step 6: Training
2026-04-05 17:33:58,059 - INFO - ================================================================================
2026-04-05 17:33:58,059 - INFO - 
Epoch 1/300
2026-04-05 17:33:59,308 - INFO -   Epoch [10/237] Loss: 2.1584
2026-04-05 17:34:00,137 - INFO -   Epoch [20/237] Loss: 2.1485
2026-04-05 17:34:00,986 - INFO -   Epoch [30/237] Loss: 2.0763
2026-04-05 17:34:01,902 - INFO -   Epoch [40/237] Loss: 2.1007
2026-04-05 17:34:02,741 - INFO -   Epoch [50/237] Loss: 2.0876
2026-04-05 17:34:03,593 - INFO -   Epoch [60/237] Loss: 2.0585
2026-04-05 17:34:04,468 - INFO -   Epoch [70/237] Loss: 2.0950
2026-04-05 17:34:05,355 - INFO -   Epoch [80/237] Loss: 2.0373
2026-04-05 17:34:06,356 - INFO -   Epoch [90/237] Loss: 1.9274
2026-04-05 17:34:07,198 - INFO -   Epoch [100/237] Loss: 2.0602
2026-04-05 17:34:08,077 - INFO -   Epoch [110/237] Loss: 1.7752
2026-04-05 17:34:08,901 - INFO -   Epoch [120/237] Loss: 1.9021
2026-04-05 17:34:09,723 - INFO -   Epoch [130/237] Loss: 1.9037
2026-04-05 17:34:10,525 - INFO -   Epoch [140/237] Loss: 2.0023
2026-04-05 17:34:11,337 - INFO -   Epoch [150/237] Loss: 1.7515
2026-04-05 17:34:12,165 - INFO -   Epoch [160/237] Loss: 1.8768
2026-04-05 17:34:13,051 - INFO -   Epoch [170/237] Loss: 2.0589
2026-04-05 17:34:13,869 - INFO -   Epoch [180/237] Loss: 1.6495
2026-04-05 17:34:14,705 - INFO -   Epoch [190/237] Loss: 1.8812
2026-04-05 17:34:15,528 - INFO -   Epoch [200/237] Loss: 1.8768
2026-04-05 17:34:16,352 - INFO -   Epoch [210/237] Loss: 1.6052
2026-04-05 17:34:17,162 - INFO -   Epoch [220/237] Loss: 1.7167
2026-04-05 17:34:17,973 - INFO -   Epoch [230/237] Loss: 1.9954
2026-04-05 17:34:20,530 - INFO -   Train Loss: 1.9648
2026-04-05 17:34:20,531 - INFO -   Train Accuracy: 24.83%
2026-04-05 17:34:20,531 - INFO -   Val Loss: 1.6869
2026-04-05 17:34:20,531 - INFO -   Val Accuracy: 36.54% | F1: 0.3261
2026-04-05 17:34:20,531 - INFO -   LR: 0.000100
2026-04-05 17:34:20,625 - INFO -   ✓ New best model saved! (Acc: 36.54%)
2026-04-05 17:34:20,625 - INFO -   Patience: 0/30
2026-04-05 17:34:20,625 - INFO - 
Epoch 2/300
2026-04-05 17:34:21,446 - INFO -   Epoch [10/237] Loss: 1.5899
2026-04-05 17:34:22,284 - INFO -   Epoch [20/237] Loss: 1.8202
2026-04-05 17:34:23,109 - INFO -   Epoch [30/237] Loss: 1.9157
2026-04-05 17:34:23,931 - INFO -   Epoch [40/237] Loss: 1.4970
2026-04-05 17:34:24,745 - INFO -   Epoch [50/237] Loss: 1.5310
2026-04-05 17:34:25,577 - INFO -   Epoch [60/237] Loss: 1.5953
2026-04-05 17:34:26,397 - INFO -   Epoch [70/237] Loss: 2.0907
2026-04-05 17:34:27,216 - INFO -   Epoch [80/237] Loss: 1.7233
2026-04-05 17:34:28,025 - INFO -   Epoch [90/237] Loss: 1.7186
2026-04-05 17:34:28,847 - INFO -   Epoch [100/237] Loss: 1.8075
2026-04-05 17:34:29,680 - INFO -   Epoch [110/237] Loss: 1.8848
2026-04-05 17:34:30,550 - INFO -   Epoch [120/237] Loss: 1.6771
2026-04-05 17:34:31,374 - INFO -   Epoch [130/237] Loss: 1.6055
2026-04-05 17:34:32,207 - INFO -   Epoch [140/237] Loss: 1.4445
2026-04-05 17:34:33,074 - INFO -   Epoch [150/237] Loss: 2.0063
2026-04-05 17:34:33,889 - INFO -   Epoch [160/237] Loss: 1.8051
2026-04-05 17:34:34,675 - INFO -   Epoch [170/237] Loss: 1.6195
2026-04-05 17:34:35,477 - INFO -   Epoch [180/237] Loss: 1.7492
2026-04-05 17:34:36,282 - INFO -   Epoch [190/237] Loss: 1.7030
2026-04-05 17:34:37,110 - INFO -   Epoch [200/237] Loss: 1.6750
2026-04-05 17:34:37,912 - INFO -   Epoch [210/237] Loss: 1.6259
2026-04-05 17:34:38,751 - INFO -   Epoch [220/237] Loss: 1.8670
2026-04-05 17:34:39,550 - INFO -   Epoch [230/237] Loss: 1.2774
2026-04-05 17:34:42,087 - INFO -   Train Loss: 1.7486
2026-04-05 17:34:42,087 - INFO -   Train Accuracy: 33.16%
2026-04-05 17:34:42,087 - INFO -   Val Loss: 1.5760
2026-04-05 17:34:42,087 - INFO -   Val Accuracy: 41.48% | F1: 0.3859
2026-04-05 17:34:42,087 - INFO -   LR: 0.000100
2026-04-05 17:34:42,383 - INFO -   ✓ New best model saved! (Acc: 41.48%)
2026-04-05 17:34:42,383 - INFO -   Patience: 0/30
2026-04-05 17:34:42,383 - INFO - 
Epoch 3/300
2026-04-05 17:34:43,188 - INFO -   Epoch [10/237] Loss: 1.6758
2026-04-05 17:34:43,991 - INFO -   Epoch [20/237] Loss: 1.3947
2026-04-05 17:34:44,794 - INFO -   Epoch [30/237] Loss: 1.7411
2026-04-05 17:34:45,620 - INFO -   Epoch [40/237] Loss: 2.0515
2026-04-05 17:34:46,432 - INFO -   Epoch [50/237] Loss: 1.4910
2026-04-05 17:34:47,270 - INFO -   Epoch [60/237] Loss: 1.5550
2026-04-05 17:34:48,068 - INFO -   Epoch [70/237] Loss: 1.5999
2026-04-05 17:34:48,870 - INFO -   Epoch [80/237] Loss: 1.4881
2026-04-05 17:34:49,713 - INFO -   Epoch [90/237] Loss: 1.7759
2026-04-05 17:34:50,558 - INFO -   Epoch [100/237] Loss: 1.6585
2026-04-05 17:34:51,470 - INFO -   Epoch [110/237] Loss: 1.6992
2026-04-05 17:34:52,295 - INFO -   Epoch [120/237] Loss: 1.8525
2026-04-05 17:34:53,111 - INFO -   Epoch [130/237] Loss: 1.3759
2026-04-05 17:34:54,016 - INFO -   Epoch [140/237] Loss: 1.6688
2026-04-05 17:34:54,855 - INFO -   Epoch [150/237] Loss: 1.1355
2026-04-05 17:34:55,656 - INFO -   Epoch [160/237] Loss: 1.2195
2026-04-05 17:34:56,497 - INFO -   Epoch [170/237] Loss: 1.4722
2026-04-05 17:34:57,393 - INFO -   Epoch [180/237] Loss: 1.4572
2026-04-05 17:34:58,212 - INFO -   Epoch [190/237] Loss: 1.8181
2026-04-05 17:34:59,030 - INFO -   Epoch [200/237] Loss: 1.7375
2026-04-05 17:34:59,848 - INFO -   Epoch [210/237] Loss: 1.5227
2026-04-05 17:35:00,688 - INFO -   Epoch [220/237] Loss: 1.5646
2026-04-05 17:35:01,511 - INFO -   Epoch [230/237] Loss: 1.4985
2026-04-05 17:35:04,044 - INFO -   Train Loss: 1.6597
2026-04-05 17:35:04,044 - INFO -   Train Accuracy: 36.90%
2026-04-05 17:35:04,044 - INFO -   Val Loss: 1.4822
2026-04-05 17:35:04,044 - INFO -   Val Accuracy: 43.95% | F1: 0.3965
2026-04-05 17:35:04,044 - INFO -   LR: 0.000100
2026-04-05 17:35:04,317 - INFO -   ✓ New best model saved! (Acc: 43.95%)
2026-04-05 17:35:04,317 - INFO -   Patience: 0/30
2026-04-05 17:35:04,317 - INFO - 
Epoch 4/300
2026-04-05 17:35:05,213 - INFO -   Epoch [10/237] Loss: 1.8092
2026-04-05 17:35:06,028 - INFO -   Epoch [20/237] Loss: 1.6355
2026-04-05 17:35:06,840 - INFO -   Epoch [30/237] Loss: 1.9108
2026-04-05 17:35:07,649 - INFO -   Epoch [40/237] Loss: 1.3772
2026-04-05 17:35:08,482 - INFO -   Epoch [50/237] Loss: 1.1599
2026-04-05 17:35:09,302 - INFO -   Epoch [60/237] Loss: 1.8248
2026-04-05 17:35:10,106 - INFO -   Epoch [70/237] Loss: 1.4059
2026-04-05 17:35:10,930 - INFO -   Epoch [80/237] Loss: 1.5086
2026-04-05 17:35:11,777 - INFO -   Epoch [90/237] Loss: 1.4229
2026-04-05 17:35:12,621 - INFO -   Epoch [100/237] Loss: 1.5066
2026-04-05 17:35:13,448 - INFO -   Epoch [110/237] Loss: 1.6811
2026-04-05 17:35:14,287 - INFO -   Epoch [120/237] Loss: 1.4469
2026-04-05 17:35:15,099 - INFO -   Epoch [130/237] Loss: 1.7199
2026-04-05 17:35:15,933 - INFO -   Epoch [140/237] Loss: 1.7283
2026-04-05 17:35:16,781 - INFO -   Epoch [150/237] Loss: 1.4958
2026-04-05 17:35:17,595 - INFO -   Epoch [160/237] Loss: 1.8874
2026-04-05 17:35:18,401 - INFO -   Epoch [170/237] Loss: 1.6383
2026-04-05 17:35:19,219 - INFO -   Epoch [180/237] Loss: 1.7293
2026-04-05 17:35:20,024 - INFO -   Epoch [190/237] Loss: 1.4750
2026-04-05 17:35:20,884 - INFO -   Epoch [200/237] Loss: 1.6756
2026-04-05 17:35:21,746 - INFO -   Epoch [210/237] Loss: 1.3707
2026-04-05 17:35:22,605 - INFO -   Epoch [220/237] Loss: 1.4716
2026-04-05 17:35:23,416 - INFO -   Epoch [230/237] Loss: 1.6506
2026-04-05 17:35:25,978 - INFO -   Train Loss: 1.6140
2026-04-05 17:35:25,978 - INFO -   Train Accuracy: 37.57%
2026-04-05 17:35:25,978 - INFO -   Val Loss: 1.4446
2026-04-05 17:35:25,979 - INFO -   Val Accuracy: 47.16% | F1: 0.4622
2026-04-05 17:35:25,979 - INFO -   LR: 0.000100
2026-04-05 17:35:26,281 - INFO -   ✓ New best model saved! (Acc: 47.16%)
2026-04-05 17:35:26,281 - INFO -   Patience: 0/30
2026-04-05 17:35:26,281 - INFO - 
Epoch 5/300
2026-04-05 17:35:27,110 - INFO -   Epoch [10/237] Loss: 1.5310
2026-04-05 17:35:27,995 - INFO -   Epoch [20/237] Loss: 1.3620
2026-04-05 17:35:28,809 - INFO -   Epoch [30/237] Loss: 1.4968
2026-04-05 17:35:29,634 - INFO -   Epoch [40/237] Loss: 2.0129
2026-04-05 17:35:30,504 - INFO -   Epoch [50/237] Loss: 1.4305
2026-04-05 17:35:31,367 - INFO -   Epoch [60/237] Loss: 1.6863
2026-04-05 17:35:32,194 - INFO -   Epoch [70/237] Loss: 1.4290
2026-04-05 17:35:33,019 - INFO -   Epoch [80/237] Loss: 1.8366
2026-04-05 17:35:33,838 - INFO -   Epoch [90/237] Loss: 1.3430
2026-04-05 17:35:34,720 - INFO -   Epoch [100/237] Loss: 1.6436
2026-04-05 17:35:35,535 - INFO -   Epoch [110/237] Loss: 1.8658
2026-04-05 17:35:36,361 - INFO -   Epoch [120/237] Loss: 1.7979
2026-04-05 17:35:37,182 - INFO -   Epoch [130/237] Loss: 1.2507
2026-04-05 17:35:38,009 - INFO -   Epoch [140/237] Loss: 1.8360
2026-04-05 17:35:38,827 - INFO -   Epoch [150/237] Loss: 1.8560
2026-04-05 17:35:39,640 - INFO -   Epoch [160/237] Loss: 1.8863
2026-04-05 17:35:40,456 - INFO -   Epoch [170/237] Loss: 1.2668
2026-04-05 17:35:41,259 - INFO -   Epoch [180/237] Loss: 1.4353
2026-04-05 17:35:42,088 - INFO -   Epoch [190/237] Loss: 1.3903
2026-04-05 17:35:42,963 - INFO -   Epoch [200/237] Loss: 1.1069
2026-04-05 17:35:43,773 - INFO -   Epoch [210/237] Loss: 1.4032
2026-04-05 17:35:44,595 - INFO -   Epoch [220/237] Loss: 1.6073
2026-04-05 17:35:45,406 - INFO -   Epoch [230/237] Loss: 1.6737
2026-04-05 17:35:48,036 - INFO -   Train Loss: 1.5772
2026-04-05 17:35:48,036 - INFO -   Train Accuracy: 38.41%
2026-04-05 17:35:48,037 - INFO -   Val Loss: 1.4101
2026-04-05 17:35:48,037 - INFO -   Val Accuracy: 44.20% | F1: 0.4117
2026-04-05 17:35:48,037 - INFO -   LR: 0.000100
2026-04-05 17:35:48,037 - INFO -   Patience: 1/30
2026-04-05 17:35:48,037 - INFO - 
Epoch 6/300
2026-04-05 17:35:48,898 - INFO -   Epoch [10/237] Loss: 1.1669
2026-04-05 17:35:49,749 - INFO -   Epoch [20/237] Loss: 0.9305
2026-04-05 17:35:50,601 - INFO -   Epoch [30/237] Loss: 1.5686
2026-04-05 17:35:51,513 - INFO -   Epoch [40/237] Loss: 1.2056
2026-04-05 17:35:52,348 - INFO -   Epoch [50/237] Loss: 1.2993
2026-04-05 17:35:53,195 - INFO -   Epoch [60/237] Loss: 1.5957
2026-04-05 17:35:54,048 - INFO -   Epoch [70/237] Loss: 1.5718
2026-04-05 17:35:54,884 - INFO -   Epoch [80/237] Loss: 1.4470
2026-04-05 17:35:55,701 - INFO -   Epoch [90/237] Loss: 1.1792
2026-04-05 17:35:56,512 - INFO -   Epoch [100/237] Loss: 1.5996
2026-04-05 17:35:57,336 - INFO -   Epoch [110/237] Loss: 1.4660
2026-04-05 17:35:58,168 - INFO -   Epoch [120/237] Loss: 1.4517
2026-04-05 17:35:58,983 - INFO -   Epoch [130/237] Loss: 1.6270
2026-04-05 17:35:59,873 - INFO -   Epoch [140/237] Loss: 1.7894
2026-04-05 17:36:00,691 - INFO -   Epoch [150/237] Loss: 1.4061
2026-04-05 17:36:01,577 - INFO -   Epoch [160/237] Loss: 1.4111
2026-04-05 17:36:02,397 - INFO -   Epoch [170/237] Loss: 2.1163
2026-04-05 17:36:03,214 - INFO -   Epoch [180/237] Loss: 1.5217
2026-04-05 17:36:04,037 - INFO -   Epoch [190/237] Loss: 1.5359
2026-04-05 17:36:04,853 - INFO -   Epoch [200/237] Loss: 1.3673
2026-04-05 17:36:05,681 - INFO -   Epoch [210/237] Loss: 1.8179
2026-04-05 17:36:06,499 - INFO -   Epoch [220/237] Loss: 1.1874
2026-04-05 17:36:07,314 - INFO -   Epoch [230/237] Loss: 1.5785
2026-04-05 17:36:09,910 - INFO -   Train Loss: 1.5262
2026-04-05 17:36:09,910 - INFO -   Train Accuracy: 40.04%
2026-04-05 17:36:09,910 - INFO -   Val Loss: 1.3616
2026-04-05 17:36:09,911 - INFO -   Val Accuracy: 48.40% | F1: 0.4679
2026-04-05 17:36:09,911 - INFO -   LR: 0.000100
2026-04-05 17:36:10,199 - INFO -   ✓ New best model saved! (Acc: 48.40%)
2026-04-05 17:36:10,199 - INFO -   Patience: 0/30
2026-04-05 17:36:10,199 - INFO - 
Epoch 7/300
2026-04-05 17:36:11,025 - INFO -   Epoch [10/237] Loss: 1.5518
2026-04-05 17:36:11,873 - INFO -   Epoch [20/237] Loss: 1.3357
2026-04-05 17:36:12,694 - INFO -   Epoch [30/237] Loss: 1.6285
2026-04-05 17:36:13,548 - INFO -   Epoch [40/237] Loss: 1.4250
2026-04-05 17:36:14,423 - INFO -   Epoch [50/237] Loss: 1.3568
2026-04-05 17:36:15,263 - INFO -   Epoch [60/237] Loss: 1.6578
2026-04-05 17:36:16,075 - INFO -   Epoch [70/237] Loss: 1.4325
2026-04-05 17:36:16,935 - INFO -   Epoch [80/237] Loss: 1.4152
2026-04-05 17:36:17,776 - INFO -   Epoch [90/237] Loss: 1.7250
2026-04-05 17:36:18,608 - INFO -   Epoch [100/237] Loss: 1.6728
2026-04-05 17:36:19,433 - INFO -   Epoch [110/237] Loss: 1.3709
2026-04-05 17:36:20,250 - INFO -   Epoch [120/237] Loss: 1.5827
2026-04-05 17:36:21,092 - INFO -   Epoch [130/237] Loss: 1.3808
2026-04-05 17:36:21,931 - INFO -   Epoch [140/237] Loss: 1.4721
2026-04-05 17:36:22,743 - INFO -   Epoch [150/237] Loss: 1.5400
2026-04-05 17:36:23,556 - INFO -   Epoch [160/237] Loss: 1.2496
2026-04-05 17:36:24,376 - INFO -   Epoch [170/237] Loss: 1.6201
2026-04-05 17:36:25,210 - INFO -   Epoch [180/237] Loss: 0.9687
2026-04-05 17:36:26,042 - INFO -   Epoch [190/237] Loss: 1.4811
2026-04-05 17:36:26,884 - INFO -   Epoch [200/237] Loss: 0.9421
2026-04-05 17:36:27,708 - INFO -   Epoch [210/237] Loss: 1.3457
2026-04-05 17:36:28,537 - INFO -   Epoch [220/237] Loss: 1.7115
2026-04-05 17:36:29,391 - INFO -   Epoch [230/237] Loss: 1.6022
2026-04-05 17:36:31,945 - INFO -   Train Loss: 1.4986
2026-04-05 17:36:31,945 - INFO -   Train Accuracy: 40.63%
2026-04-05 17:36:31,945 - INFO -   Val Loss: 1.4049
2026-04-05 17:36:31,946 - INFO -   Val Accuracy: 46.17% | F1: 0.4701
2026-04-05 17:36:31,946 - INFO -   LR: 0.000100
2026-04-05 17:36:31,946 - INFO -   Patience: 1/30
2026-04-05 17:36:31,946 - INFO - 
Epoch 8/300
2026-04-05 17:36:32,750 - INFO -   Epoch [10/237] Loss: 2.1849
2026-04-05 17:36:33,547 - INFO -   Epoch [20/237] Loss: 1.6266
2026-04-05 17:36:34,365 - INFO -   Epoch [30/237] Loss: 1.2343
2026-04-05 17:36:35,229 - INFO -   Epoch [40/237] Loss: 1.5345
2026-04-05 17:36:36,061 - INFO -   Epoch [50/237] Loss: 1.3483
2026-04-05 17:36:36,873 - INFO -   Epoch [60/237] Loss: 1.1462
2026-04-05 17:36:37,699 - INFO -   Epoch [70/237] Loss: 1.9353
2026-04-05 17:36:38,548 - INFO -   Epoch [80/237] Loss: 1.4754
2026-04-05 17:36:39,352 - INFO -   Epoch [90/237] Loss: 2.0170
2026-04-05 17:36:40,182 - INFO -   Epoch [100/237] Loss: 1.3003
2026-04-05 17:36:40,991 - INFO -   Epoch [110/237] Loss: 2.0650
2026-04-05 17:36:41,868 - INFO -   Epoch [120/237] Loss: 1.3663
2026-04-05 17:36:42,671 - INFO -   Epoch [130/237] Loss: 1.3415
2026-04-05 17:36:43,493 - INFO -   Epoch [140/237] Loss: 1.4587
2026-04-05 17:36:44,314 - INFO -   Epoch [150/237] Loss: 1.5009
2026-04-05 17:36:45,120 - INFO -   Epoch [160/237] Loss: 1.5117
2026-04-05 17:36:45,954 - INFO -   Epoch [170/237] Loss: 1.2878
2026-04-05 17:36:46,835 - INFO -   Epoch [180/237] Loss: 1.6121
2026-04-05 17:36:47,662 - INFO -   Epoch [190/237] Loss: 1.4811
2026-04-05 17:36:48,495 - INFO -   Epoch [200/237] Loss: 1.2402
2026-04-05 17:36:49,321 - INFO -   Epoch [210/237] Loss: 1.5774
2026-04-05 17:36:50,169 - INFO -   Epoch [220/237] Loss: 1.2562
2026-04-05 17:36:51,005 - INFO -   Epoch [230/237] Loss: 1.3518
2026-04-05 17:36:53,626 - INFO -   Train Loss: 1.4776
2026-04-05 17:36:53,626 - INFO -   Train Accuracy: 40.67%
2026-04-05 17:36:53,627 - INFO -   Val Loss: 1.3497
2026-04-05 17:36:53,627 - INFO -   Val Accuracy: 44.94% | F1: 0.4428
2026-04-05 17:36:53,627 - INFO -   LR: 0.000100
2026-04-05 17:36:53,627 - INFO -   Patience: 2/30
2026-04-05 17:36:53,627 - INFO - 
Epoch 9/300
2026-04-05 17:36:54,467 - INFO -   Epoch [10/237] Loss: 1.2129
2026-04-05 17:36:55,323 - INFO -   Epoch [20/237] Loss: 1.4357
2026-04-05 17:36:56,158 - INFO -   Epoch [30/237] Loss: 1.4748
2026-04-05 17:36:56,981 - INFO -   Epoch [40/237] Loss: 1.3612
2026-04-05 17:36:57,810 - INFO -   Epoch [50/237] Loss: 2.0702
2026-04-05 17:36:58,644 - INFO -   Epoch [60/237] Loss: 1.2317
2026-04-05 17:36:59,483 - INFO -   Epoch [70/237] Loss: 1.4591
2026-04-05 17:37:00,316 - INFO -   Epoch [80/237] Loss: 1.6420
2026-04-05 17:37:01,160 - INFO -   Epoch [90/237] Loss: 1.4670
2026-04-05 17:37:01,977 - INFO -   Epoch [100/237] Loss: 1.7257
2026-04-05 17:37:02,786 - INFO -   Epoch [110/237] Loss: 0.9946
2026-04-05 17:37:03,593 - INFO -   Epoch [120/237] Loss: 1.0333
2026-04-05 17:37:04,447 - INFO -   Epoch [130/237] Loss: 1.2822
2026-04-05 17:37:05,271 - INFO -   Epoch [140/237] Loss: 1.3446
2026-04-05 17:37:06,098 - INFO -   Epoch [150/237] Loss: 1.2702
2026-04-05 17:37:06,945 - INFO -   Epoch [160/237] Loss: 1.3021
2026-04-05 17:37:07,788 - INFO -   Epoch [170/237] Loss: 1.5480
2026-04-05 17:37:08,621 - INFO -   Epoch [180/237] Loss: 1.5706
2026-04-05 17:37:09,437 - INFO -   Epoch [190/237] Loss: 1.5101
2026-04-05 17:37:10,293 - INFO -   Epoch [200/237] Loss: 1.3818
2026-04-05 17:37:11,110 - INFO -   Epoch [210/237] Loss: 1.4701
2026-04-05 17:37:11,958 - INFO -   Epoch [220/237] Loss: 1.5977
2026-04-05 17:37:12,770 - INFO -   Epoch [230/237] Loss: 1.6421
2026-04-05 17:37:15,379 - INFO -   Train Loss: 1.4563
2026-04-05 17:37:15,380 - INFO -   Train Accuracy: 43.35%
2026-04-05 17:37:15,380 - INFO -   Val Loss: 1.3206
2026-04-05 17:37:15,380 - INFO -   Val Accuracy: 48.40% | F1: 0.4810
2026-04-05 17:37:15,380 - INFO -   LR: 0.000100
2026-04-05 17:37:15,380 - INFO -   Patience: 3/30
2026-04-05 17:37:15,380 - INFO - 
Epoch 10/300
2026-04-05 17:37:16,189 - INFO -   Epoch [10/237] Loss: 1.2977
2026-04-05 17:37:17,073 - INFO -   Epoch [20/237] Loss: 1.8286
2026-04-05 17:37:17,947 - INFO -   Epoch [30/237] Loss: 1.6325
2026-04-05 17:37:18,775 - INFO -   Epoch [40/237] Loss: 1.4115
2026-04-05 17:37:19,600 - INFO -   Epoch [50/237] Loss: 1.5830
2026-04-05 17:37:20,411 - INFO -   Epoch [60/237] Loss: 1.4438
2026-04-05 17:37:21,219 - INFO -   Epoch [70/237] Loss: 1.2775
2026-04-05 17:37:22,053 - INFO -   Epoch [80/237] Loss: 1.4257
2026-04-05 17:37:22,863 - INFO -   Epoch [90/237] Loss: 1.2540
2026-04-05 17:37:23,696 - INFO -   Epoch [100/237] Loss: 1.7317
2026-04-05 17:37:24,501 - INFO -   Epoch [110/237] Loss: 1.1949
2026-04-05 17:37:25,333 - INFO -   Epoch [120/237] Loss: 1.3522
2026-04-05 17:37:26,161 - INFO -   Epoch [130/237] Loss: 1.5965
2026-04-05 17:37:26,993 - INFO -   Epoch [140/237] Loss: 1.5786
2026-04-05 17:37:27,816 - INFO -   Epoch [150/237] Loss: 1.4486
2026-04-05 17:37:28,641 - INFO -   Epoch [160/237] Loss: 1.1376
2026-04-05 17:37:29,466 - INFO -   Epoch [170/237] Loss: 1.8327
2026-04-05 17:37:30,291 - INFO -   Epoch [180/237] Loss: 1.1528
2026-04-05 17:37:31,109 - INFO -   Epoch [190/237] Loss: 1.5582
2026-04-05 17:37:31,944 - INFO -   Epoch [200/237] Loss: 1.7486
2026-04-05 17:37:32,773 - INFO -   Epoch [210/237] Loss: 1.4974
2026-04-05 17:37:33,600 - INFO -   Epoch [220/237] Loss: 1.1726
2026-04-05 17:37:34,417 - INFO -   Epoch [230/237] Loss: 1.4537
2026-04-05 17:37:37,078 - INFO -   Train Loss: 1.4495
2026-04-05 17:37:37,079 - INFO -   Train Accuracy: 41.66%
2026-04-05 17:37:37,079 - INFO -   Val Loss: 1.3268
2026-04-05 17:37:37,079 - INFO -   Val Accuracy: 48.40% | F1: 0.4841
2026-04-05 17:37:37,079 - INFO -   LR: 0.000100
2026-04-05 17:37:37,079 - INFO -   Patience: 4/30
2026-04-05 17:37:37,079 - INFO - 
Epoch 11/300
2026-04-05 17:37:37,921 - INFO -   Epoch [10/237] Loss: 1.3142
2026-04-05 17:37:38,777 - INFO -   Epoch [20/237] Loss: 1.6340
2026-04-05 17:37:39,582 - INFO -   Epoch [30/237] Loss: 1.5025
2026-04-05 17:37:40,403 - INFO -   Epoch [40/237] Loss: 1.5137
2026-04-05 17:37:41,204 - INFO -   Epoch [50/237] Loss: 1.1584
2026-04-05 17:37:42,057 - INFO -   Epoch [60/237] Loss: 1.4157
2026-04-05 17:37:42,886 - INFO -   Epoch [70/237] Loss: 1.8346
2026-04-05 17:37:43,705 - INFO -   Epoch [80/237] Loss: 1.0683
2026-04-05 17:37:44,581 - INFO -   Epoch [90/237] Loss: 1.0693
2026-04-05 17:37:45,407 - INFO -   Epoch [100/237] Loss: 1.5834
2026-04-05 17:37:46,238 - INFO -   Epoch [110/237] Loss: 1.5343
2026-04-05 17:37:47,056 - INFO -   Epoch [120/237] Loss: 1.4098
2026-04-05 17:37:47,867 - INFO -   Epoch [130/237] Loss: 1.2727
2026-04-05 17:37:48,681 - INFO -   Epoch [140/237] Loss: 1.5163
2026-04-05 17:37:49,506 - INFO -   Epoch [150/237] Loss: 1.6542
2026-04-05 17:37:50,357 - INFO -   Epoch [160/237] Loss: 1.8148
2026-04-05 17:37:51,174 - INFO -   Epoch [170/237] Loss: 1.1142
2026-04-05 17:37:52,003 - INFO -   Epoch [180/237] Loss: 1.4381
2026-04-05 17:37:52,850 - INFO -   Epoch [190/237] Loss: 1.7273
2026-04-05 17:37:53,683 - INFO -   Epoch [200/237] Loss: 1.1778
2026-04-05 17:37:54,491 - INFO -   Epoch [210/237] Loss: 1.2904
2026-04-05 17:37:55,326 - INFO -   Epoch [220/237] Loss: 1.3334
2026-04-05 17:37:56,152 - INFO -   Epoch [230/237] Loss: 1.0723
2026-04-05 17:37:58,818 - INFO -   Train Loss: 1.4058
2026-04-05 17:37:58,818 - INFO -   Train Accuracy: 44.69%
2026-04-05 17:37:58,818 - INFO -   Val Loss: 1.3013
2026-04-05 17:37:58,819 - INFO -   Val Accuracy: 48.64% | F1: 0.4934
2026-04-05 17:37:58,819 - INFO -   LR: 0.000100
2026-04-05 17:37:59,240 - INFO -   ✓ New best model saved! (Acc: 48.64%)
2026-04-05 17:37:59,240 - INFO -   Patience: 0/30
2026-04-05 17:37:59,241 - INFO - 
Epoch 12/300
2026-04-05 17:38:00,078 - INFO -   Epoch [10/237] Loss: 1.2988
2026-04-05 17:38:00,945 - INFO -   Epoch [20/237] Loss: 1.3047
2026-04-05 17:38:01,761 - INFO -   Epoch [30/237] Loss: 1.6177
2026-04-05 17:38:02,599 - INFO -   Epoch [40/237] Loss: 1.5409
2026-04-05 17:38:03,508 - INFO -   Epoch [50/237] Loss: 1.4799
2026-04-05 17:38:04,340 - INFO -   Epoch [60/237] Loss: 1.3914
2026-04-05 17:38:05,160 - INFO -   Epoch [70/237] Loss: 1.2985
2026-04-05 17:38:06,028 - INFO -   Epoch [80/237] Loss: 1.2910
2026-04-05 17:38:06,828 - INFO -   Epoch [90/237] Loss: 1.7923
2026-04-05 17:38:07,653 - INFO -   Epoch [100/237] Loss: 1.5686
2026-04-05 17:38:08,506 - INFO -   Epoch [110/237] Loss: 1.7950
2026-04-05 17:38:09,399 - INFO -   Epoch [120/237] Loss: 1.3338
2026-04-05 17:38:10,258 - INFO -   Epoch [130/237] Loss: 1.7703
2026-04-05 17:38:11,086 - INFO -   Epoch [140/237] Loss: 0.9694
2026-04-05 17:38:11,907 - INFO -   Epoch [150/237] Loss: 1.2273
2026-04-05 17:38:12,740 - INFO -   Epoch [160/237] Loss: 1.5656
2026-04-05 17:38:13,548 - INFO -   Epoch [170/237] Loss: 1.5208
2026-04-05 17:38:14,424 - INFO -   Epoch [180/237] Loss: 1.3127
2026-04-05 17:38:15,253 - INFO -   Epoch [190/237] Loss: 1.5430
2026-04-05 17:38:16,086 - INFO -   Epoch [200/237] Loss: 0.9145
2026-04-05 17:38:16,898 - INFO -   Epoch [210/237] Loss: 1.5726
2026-04-05 17:38:17,711 - INFO -   Epoch [220/237] Loss: 0.9924
2026-04-05 17:38:18,527 - INFO -   Epoch [230/237] Loss: 1.5642
2026-04-05 17:38:21,152 - INFO -   Train Loss: 1.4248
2026-04-05 17:38:21,153 - INFO -   Train Accuracy: 43.42%
2026-04-05 17:38:21,153 - INFO -   Val Loss: 1.2837
2026-04-05 17:38:21,153 - INFO -   Val Accuracy: 48.89% | F1: 0.4845
2026-04-05 17:38:21,153 - INFO -   LR: 0.000100
2026-04-05 17:38:21,627 - INFO -   ✓ New best model saved! (Acc: 48.89%)
2026-04-05 17:38:21,628 - INFO -   Patience: 0/30
2026-04-05 17:38:21,628 - INFO - 
Epoch 13/300
2026-04-05 17:38:22,474 - INFO -   Epoch [10/237] Loss: 1.6674
2026-04-05 17:38:23,329 - INFO -   Epoch [20/237] Loss: 1.3568
2026-04-05 17:38:24,179 - INFO -   Epoch [30/237] Loss: 1.4929
2026-04-05 17:38:25,001 - INFO -   Epoch [40/237] Loss: 1.5000
2026-04-05 17:38:25,834 - INFO -   Epoch [50/237] Loss: 1.2579
2026-04-05 17:38:26,730 - INFO -   Epoch [60/237] Loss: 1.4197
2026-04-05 17:38:27,556 - INFO -   Epoch [70/237] Loss: 1.6376
2026-04-05 17:38:28,372 - INFO -   Epoch [80/237] Loss: 1.4838
2026-04-05 17:38:29,194 - INFO -   Epoch [90/237] Loss: 1.2697
2026-04-05 17:38:30,040 - INFO -   Epoch [100/237] Loss: 1.3664
2026-04-05 17:38:30,929 - INFO -   Epoch [110/237] Loss: 1.2191
2026-04-05 17:38:31,742 - INFO -   Epoch [120/237] Loss: 1.0627
2026-04-05 17:38:32,539 - INFO -   Epoch [130/237] Loss: 1.6625
2026-04-05 17:38:33,369 - INFO -   Epoch [140/237] Loss: 1.3581
2026-04-05 17:38:34,203 - INFO -   Epoch [150/237] Loss: 1.1996
2026-04-05 17:38:35,035 - INFO -   Epoch [160/237] Loss: 1.4121
2026-04-05 17:38:35,871 - INFO -   Epoch [170/237] Loss: 1.5583
2026-04-05 17:38:36,714 - INFO -   Epoch [180/237] Loss: 1.1555
2026-04-05 17:38:37,527 - INFO -   Epoch [190/237] Loss: 1.3485
2026-04-05 17:38:38,360 - INFO -   Epoch [200/237] Loss: 1.4319
2026-04-05 17:38:39,209 - INFO -   Epoch [210/237] Loss: 1.6292
2026-04-05 17:38:40,052 - INFO -   Epoch [220/237] Loss: 1.6029
2026-04-05 17:38:40,868 - INFO -   Epoch [230/237] Loss: 1.3526
2026-04-05 17:38:43,517 - INFO -   Train Loss: 1.4117
2026-04-05 17:38:43,517 - INFO -   Train Accuracy: 43.28%
2026-04-05 17:38:43,517 - INFO -   Val Loss: 1.2975
2026-04-05 17:38:43,517 - INFO -   Val Accuracy: 49.14% | F1: 0.4991
2026-04-05 17:38:43,518 - INFO -   LR: 0.000100
2026-04-05 17:38:43,832 - INFO -   ✓ New best model saved! (Acc: 49.14%)
2026-04-05 17:38:43,833 - INFO -   Patience: 0/30
2026-04-05 17:38:43,833 - INFO - 
Epoch 14/300
2026-04-05 17:38:44,701 - INFO -   Epoch [10/237] Loss: 1.0391
2026-04-05 17:38:45,520 - INFO -   Epoch [20/237] Loss: 1.7825
2026-04-05 17:38:46,404 - INFO -   Epoch [30/237] Loss: 1.1421
2026-04-05 17:38:47,226 - INFO -   Epoch [40/237] Loss: 1.5911
2026-04-05 17:38:48,044 - INFO -   Epoch [50/237] Loss: 1.4479
2026-04-05 17:38:48,878 - INFO -   Epoch [60/237] Loss: 1.3300
2026-04-05 17:38:49,747 - INFO -   Epoch [70/237] Loss: 1.2420
2026-04-05 17:38:50,567 - INFO -   Epoch [80/237] Loss: 1.3945
2026-04-05 17:38:51,434 - INFO -   Epoch [90/237] Loss: 1.5512
2026-04-05 17:38:52,273 - INFO -   Epoch [100/237] Loss: 1.7309
2026-04-05 17:38:53,102 - INFO -   Epoch [110/237] Loss: 1.3944
2026-04-05 17:38:53,973 - INFO -   Epoch [120/237] Loss: 0.9167
2026-04-05 17:38:54,865 - INFO -   Epoch [130/237] Loss: 1.1790
2026-04-05 17:38:55,676 - INFO -   Epoch [140/237] Loss: 1.3230
2026-04-05 17:38:56,496 - INFO -   Epoch [150/237] Loss: 1.2982
2026-04-05 17:38:57,337 - INFO -   Epoch [160/237] Loss: 1.1384
2026-04-05 17:38:58,155 - INFO -   Epoch [170/237] Loss: 1.5142
2026-04-05 17:38:58,971 - INFO -   Epoch [180/237] Loss: 1.2755
2026-04-05 17:38:59,795 - INFO -   Epoch [190/237] Loss: 1.9757
2026-04-05 17:39:00,621 - INFO -   Epoch [200/237] Loss: 1.4540
2026-04-05 17:39:01,475 - INFO -   Epoch [210/237] Loss: 1.5641
2026-04-05 17:39:02,283 - INFO -   Epoch [220/237] Loss: 1.0291
2026-04-05 17:39:03,087 - INFO -   Epoch [230/237] Loss: 1.0609
2026-04-05 17:39:05,867 - INFO -   Train Loss: 1.3929
2026-04-05 17:39:05,868 - INFO -   Train Accuracy: 44.62%
2026-04-05 17:39:05,868 - INFO -   Val Loss: 1.3020
2026-04-05 17:39:05,868 - INFO -   Val Accuracy: 46.91% | F1: 0.4719
2026-04-05 17:39:05,868 - INFO -   LR: 0.000100
2026-04-05 17:39:05,868 - INFO -   Patience: 1/30
2026-04-05 17:39:05,868 - INFO - 
Epoch 15/300
2026-04-05 17:39:06,757 - INFO -   Epoch [10/237] Loss: 1.2160
2026-04-05 17:39:07,609 - INFO -   Epoch [20/237] Loss: 1.2184
2026-04-05 17:39:08,436 - INFO -   Epoch [30/237] Loss: 1.1125
2026-04-05 17:39:09,254 - INFO -   Epoch [40/237] Loss: 1.3058
2026-04-05 17:39:10,077 - INFO -   Epoch [50/237] Loss: 1.6402
2026-04-05 17:39:10,893 - INFO -   Epoch [60/237] Loss: 1.7582
2026-04-05 17:39:11,696 - INFO -   Epoch [70/237] Loss: 1.6222
2026-04-05 17:39:12,501 - INFO -   Epoch [80/237] Loss: 1.1112
2026-04-05 17:39:13,315 - INFO -   Epoch [90/237] Loss: 1.2126
2026-04-05 17:39:14,128 - INFO -   Epoch [100/237] Loss: 1.4092
2026-04-05 17:39:14,935 - INFO -   Epoch [110/237] Loss: 1.6482
2026-04-05 17:39:15,750 - INFO -   Epoch [120/237] Loss: 1.6170
2026-04-05 17:39:16,570 - INFO -   Epoch [130/237] Loss: 1.4451
2026-04-05 17:39:17,391 - INFO -   Epoch [140/237] Loss: 1.4916
2026-04-05 17:39:18,208 - INFO -   Epoch [150/237] Loss: 1.5366
2026-04-05 17:39:19,057 - INFO -   Epoch [160/237] Loss: 1.0997
2026-04-05 17:39:19,896 - INFO -   Epoch [170/237] Loss: 1.3328
2026-04-05 17:39:20,722 - INFO -   Epoch [180/237] Loss: 1.6237
2026-04-05 17:39:21,577 - INFO -   Epoch [190/237] Loss: 1.6211
2026-04-05 17:39:22,411 - INFO -   Epoch [200/237] Loss: 1.4785
2026-04-05 17:39:23,236 - INFO -   Epoch [210/237] Loss: 1.3211
2026-04-05 17:39:24,089 - INFO -   Epoch [220/237] Loss: 1.2950
2026-04-05 17:39:24,935 - INFO -   Epoch [230/237] Loss: 1.0924
2026-04-05 17:39:27,597 - INFO -   Train Loss: 1.3897
2026-04-05 17:39:27,597 - INFO -   Train Accuracy: 44.55%
2026-04-05 17:39:27,597 - INFO -   Val Loss: 1.3128
2026-04-05 17:39:27,597 - INFO -   Val Accuracy: 46.67% | F1: 0.4677
2026-04-05 17:39:27,598 - INFO -   LR: 0.000100
2026-04-05 17:39:27,598 - INFO -   Patience: 2/30
2026-04-05 17:39:27,598 - INFO - 
Epoch 16/300
2026-04-05 17:39:28,417 - INFO -   Epoch [10/237] Loss: 1.4555
2026-04-05 17:39:29,277 - INFO -   Epoch [20/237] Loss: 1.2989
2026-04-05 17:39:30,162 - INFO -   Epoch [30/237] Loss: 1.0123
2026-04-05 17:39:31,052 - INFO -   Epoch [40/237] Loss: 1.1097
2026-04-05 17:39:31,903 - INFO -   Epoch [50/237] Loss: 1.3829
2026-04-05 17:39:32,723 - INFO -   Epoch [60/237] Loss: 1.2493
2026-04-05 17:39:33,530 - INFO -   Epoch [70/237] Loss: 0.9996
2026-04-05 17:39:34,361 - INFO -   Epoch [80/237] Loss: 2.0391
2026-04-05 17:39:35,193 - INFO -   Epoch [90/237] Loss: 1.3496
2026-04-05 17:39:36,070 - INFO -   Epoch [100/237] Loss: 0.9038
2026-04-05 17:39:36,962 - INFO -   Epoch [110/237] Loss: 1.1116
2026-04-05 17:39:37,821 - INFO -   Epoch [120/237] Loss: 1.4221
2026-04-05 17:39:38,631 - INFO -   Epoch [130/237] Loss: 1.2515
2026-04-05 17:39:39,455 - INFO -   Epoch [140/237] Loss: 0.9529
2026-04-05 17:39:40,291 - INFO -   Epoch [150/237] Loss: 1.7093
2026-04-05 17:39:41,134 - INFO -   Epoch [160/237] Loss: 1.4692
2026-04-05 17:39:41,949 - INFO -   Epoch [170/237] Loss: 1.7122
2026-04-05 17:39:42,758 - INFO -   Epoch [180/237] Loss: 1.1093
2026-04-05 17:39:43,577 - INFO -   Epoch [190/237] Loss: 1.5816
2026-04-05 17:39:44,386 - INFO -   Epoch [200/237] Loss: 1.2990
2026-04-05 17:39:45,179 - INFO -   Epoch [210/237] Loss: 1.7271
2026-04-05 17:39:45,981 - INFO -   Epoch [220/237] Loss: 1.0197
2026-04-05 17:39:46,791 - INFO -   Epoch [230/237] Loss: 1.0924
2026-04-05 17:39:49,361 - INFO -   Train Loss: 1.3904
2026-04-05 17:39:49,361 - INFO -   Train Accuracy: 44.02%
2026-04-05 17:39:49,362 - INFO -   Val Loss: 1.3091
2026-04-05 17:39:49,362 - INFO -   Val Accuracy: 47.90% | F1: 0.4893
2026-04-05 17:39:49,362 - INFO -   LR: 0.000100
2026-04-05 17:39:49,362 - INFO -   Patience: 3/30
2026-04-05 17:39:49,362 - INFO - 
Epoch 17/300
2026-04-05 17:39:50,179 - INFO -   Epoch [10/237] Loss: 1.4334
2026-04-05 17:39:51,019 - INFO -   Epoch [20/237] Loss: 1.3200
2026-04-05 17:39:51,829 - INFO -   Epoch [30/237] Loss: 1.0849
2026-04-05 17:39:52,657 - INFO -   Epoch [40/237] Loss: 2.0318
2026-04-05 17:39:53,499 - INFO -   Epoch [50/237] Loss: 1.2826
2026-04-05 17:39:54,367 - INFO -   Epoch [60/237] Loss: 1.4411
2026-04-05 17:39:55,253 - INFO -   Epoch [70/237] Loss: 1.3877
2026-04-05 17:39:56,088 - INFO -   Epoch [80/237] Loss: 1.1627
2026-04-05 17:39:56,928 - INFO -   Epoch [90/237] Loss: 1.3308
2026-04-05 17:39:57,792 - INFO -   Epoch [100/237] Loss: 1.4626
2026-04-05 17:39:58,593 - INFO -   Epoch [110/237] Loss: 1.0811
2026-04-05 17:39:59,463 - INFO -   Epoch [120/237] Loss: 1.5081
2026-04-05 17:40:00,290 - INFO -   Epoch [130/237] Loss: 1.7133
2026-04-05 17:40:01,119 - INFO -   Epoch [140/237] Loss: 1.0683
2026-04-05 17:40:01,946 - INFO -   Epoch [150/237] Loss: 1.1647
2026-04-05 17:40:02,752 - INFO -   Epoch [160/237] Loss: 1.0925
2026-04-05 17:40:03,561 - INFO -   Epoch [170/237] Loss: 1.2437
2026-04-05 17:40:04,389 - INFO -   Epoch [180/237] Loss: 1.3269
2026-04-05 17:40:05,202 - INFO -   Epoch [190/237] Loss: 1.1246
2026-04-05 17:40:06,049 - INFO -   Epoch [200/237] Loss: 1.5481
2026-04-05 17:40:06,847 - INFO -   Epoch [210/237] Loss: 1.4774
2026-04-05 17:40:07,652 - INFO -   Epoch [220/237] Loss: 1.3950
2026-04-05 17:40:08,473 - INFO -   Epoch [230/237] Loss: 1.2315
2026-04-05 17:40:11,158 - INFO -   Train Loss: 1.3807
2026-04-05 17:40:11,158 - INFO -   Train Accuracy: 44.87%
2026-04-05 17:40:11,158 - INFO -   Val Loss: 1.2853
2026-04-05 17:40:11,158 - INFO -   Val Accuracy: 47.90% | F1: 0.4844
2026-04-05 17:40:11,158 - INFO -   LR: 0.000100
2026-04-05 17:40:11,158 - INFO -   Patience: 4/30
2026-04-05 17:40:11,158 - INFO - 
Epoch 18/300
2026-04-05 17:40:12,024 - INFO -   Epoch [10/237] Loss: 1.3711
2026-04-05 17:40:12,844 - INFO -   Epoch [20/237] Loss: 0.9268
2026-04-05 17:40:13,662 - INFO -   Epoch [30/237] Loss: 1.1147
2026-04-05 17:40:14,515 - INFO -   Epoch [40/237] Loss: 1.5670
2026-04-05 17:40:15,369 - INFO -   Epoch [50/237] Loss: 1.7658
2026-04-05 17:40:16,278 - INFO -   Epoch [60/237] Loss: 1.4222
2026-04-05 17:40:17,091 - INFO -   Epoch [70/237] Loss: 1.2141
2026-04-05 17:40:17,902 - INFO -   Epoch [80/237] Loss: 1.5304
2026-04-05 17:40:18,713 - INFO -   Epoch [90/237] Loss: 1.1350
2026-04-05 17:40:19,516 - INFO -   Epoch [100/237] Loss: 1.3114
2026-04-05 17:40:20,324 - INFO -   Epoch [110/237] Loss: 1.2118
2026-04-05 17:40:21,125 - INFO -   Epoch [120/237] Loss: 1.5501
2026-04-05 17:40:21,942 - INFO -   Epoch [130/237] Loss: 0.9660
2026-04-05 17:40:22,732 - INFO -   Epoch [140/237] Loss: 1.2838
2026-04-05 17:40:23,514 - INFO -   Epoch [150/237] Loss: 1.2706
2026-04-05 17:40:24,334 - INFO -   Epoch [160/237] Loss: 1.2714
2026-04-05 17:40:25,130 - INFO -   Epoch [170/237] Loss: 1.8160
2026-04-05 17:40:25,920 - INFO -   Epoch [180/237] Loss: 1.4283
2026-04-05 17:40:26,708 - INFO -   Epoch [190/237] Loss: 1.5326
2026-04-05 17:40:27,532 - INFO -   Epoch [200/237] Loss: 1.4568
2026-04-05 17:40:28,333 - INFO -   Epoch [210/237] Loss: 1.9049
2026-04-05 17:40:29,144 - INFO -   Epoch [220/237] Loss: 1.2903
2026-04-05 17:40:29,930 - INFO -   Epoch [230/237] Loss: 1.5627
2026-04-05 17:40:32,521 - INFO -   Train Loss: 1.3754
2026-04-05 17:40:32,521 - INFO -   Train Accuracy: 45.57%
2026-04-05 17:40:32,521 - INFO -   Val Loss: 1.2790
2026-04-05 17:40:32,521 - INFO -   Val Accuracy: 48.64% | F1: 0.4931
2026-04-05 17:40:32,521 - INFO -   LR: 0.000100
2026-04-05 17:40:32,521 - INFO -   Patience: 5/30
2026-04-05 17:40:32,521 - INFO - 
Epoch 19/300
2026-04-05 17:40:33,326 - INFO -   Epoch [10/237] Loss: 1.5996
2026-04-05 17:40:34,138 - INFO -   Epoch [20/237] Loss: 1.2988
2026-04-05 17:40:34,982 - INFO -   Epoch [30/237] Loss: 1.3911
2026-04-05 17:40:35,804 - INFO -   Epoch [40/237] Loss: 1.4913
2026-04-05 17:40:36,615 - INFO -   Epoch [50/237] Loss: 1.1709
2026-04-05 17:40:37,452 - INFO -   Epoch [60/237] Loss: 0.9961
2026-04-05 17:40:38,263 - INFO -   Epoch [70/237] Loss: 1.2139
2026-04-05 17:40:39,077 - INFO -   Epoch [80/237] Loss: 1.7362
2026-04-05 17:40:39,939 - INFO -   Epoch [90/237] Loss: 1.3634
2026-04-05 17:40:40,780 - INFO -   Epoch [100/237] Loss: 1.1396
2026-04-05 17:40:41,590 - INFO -   Epoch [110/237] Loss: 1.6214
2026-04-05 17:40:42,399 - INFO -   Epoch [120/237] Loss: 1.2934
2026-04-05 17:40:43,208 - INFO -   Epoch [130/237] Loss: 1.9398
2026-04-05 17:40:44,035 - INFO -   Epoch [140/237] Loss: 1.5648
2026-04-05 17:40:44,907 - INFO -   Epoch [150/237] Loss: 1.3936
2026-04-05 17:40:45,718 - INFO -   Epoch [160/237] Loss: 1.3073
2026-04-05 17:40:46,524 - INFO -   Epoch [170/237] Loss: 1.3497
2026-04-05 17:40:47,331 - INFO -   Epoch [180/237] Loss: 1.6499
2026-04-05 17:40:48,145 - INFO -   Epoch [190/237] Loss: 1.1867
2026-04-05 17:40:48,978 - INFO -   Epoch [200/237] Loss: 1.4283
2026-04-05 17:40:49,809 - INFO -   Epoch [210/237] Loss: 1.1021
2026-04-05 17:40:50,634 - INFO -   Epoch [220/237] Loss: 1.4447
2026-04-05 17:40:51,474 - INFO -   Epoch [230/237] Loss: 1.4115
2026-04-05 17:40:54,104 - INFO -   Train Loss: 1.3697
2026-04-05 17:40:54,104 - INFO -   Train Accuracy: 46.24%
2026-04-05 17:40:54,104 - INFO -   Val Loss: 1.2994
2026-04-05 17:40:54,105 - INFO -   Val Accuracy: 47.90% | F1: 0.4869
2026-04-05 17:40:54,105 - INFO -   LR: 0.000100
2026-04-05 17:40:54,105 - INFO -   Patience: 6/30
2026-04-05 17:40:54,105 - INFO - 
Epoch 20/300
2026-04-05 17:40:54,957 - INFO -   Epoch [10/237] Loss: 1.3866
2026-04-05 17:40:55,810 - INFO -   Epoch [20/237] Loss: 1.2495
2026-04-05 17:40:56,616 - INFO -   Epoch [30/237] Loss: 1.4984
2026-04-05 17:40:57,429 - INFO -   Epoch [40/237] Loss: 1.4279
2026-04-05 17:40:58,236 - INFO -   Epoch [50/237] Loss: 0.9745
2026-04-05 17:40:59,065 - INFO -   Epoch [60/237] Loss: 1.7673
2026-04-05 17:40:59,885 - INFO -   Epoch [70/237] Loss: 1.4559
2026-04-05 17:41:00,718 - INFO -   Epoch [80/237] Loss: 1.2078
2026-04-05 17:41:01,537 - INFO -   Epoch [90/237] Loss: 1.0854
2026-04-05 17:41:02,371 - INFO -   Epoch [100/237] Loss: 1.4229
2026-04-05 17:41:03,181 - INFO -   Epoch [110/237] Loss: 1.2217
2026-04-05 17:41:04,035 - INFO -   Epoch [120/237] Loss: 1.6869
2026-04-05 17:41:04,837 - INFO -   Epoch [130/237] Loss: 1.1147
2026-04-05 17:41:05,711 - INFO -   Epoch [140/237] Loss: 1.2964
2026-04-05 17:41:06,527 - INFO -   Epoch [150/237] Loss: 1.6037
2026-04-05 17:41:07,346 - INFO -   Epoch [160/237] Loss: 0.9834
2026-04-05 17:41:08,162 - INFO -   Epoch [170/237] Loss: 1.9071
2026-04-05 17:41:09,014 - INFO -   Epoch [180/237] Loss: 1.8828
2026-04-05 17:41:09,839 - INFO -   Epoch [190/237] Loss: 1.5115
2026-04-05 17:41:10,691 - INFO -   Epoch [200/237] Loss: 1.3359
2026-04-05 17:41:11,543 - INFO -   Epoch [210/237] Loss: 0.8853
2026-04-05 17:41:12,380 - INFO -   Epoch [220/237] Loss: 1.4468
2026-04-05 17:41:13,192 - INFO -   Epoch [230/237] Loss: 1.5374
2026-04-05 17:41:15,747 - INFO -   Train Loss: 1.3536
2026-04-05 17:41:15,747 - INFO -   Train Accuracy: 46.24%
2026-04-05 17:41:15,747 - INFO -   Val Loss: 1.2668
2026-04-05 17:41:15,747 - INFO -   Val Accuracy: 49.38% | F1: 0.5023
2026-04-05 17:41:15,747 - INFO -   LR: 0.000050
2026-04-05 17:41:16,090 - INFO -   ✓ New best model saved! (Acc: 49.38%)
2026-04-05 17:41:16,090 - INFO -   Patience: 0/30
2026-04-05 17:41:16,090 - INFO - 
Epoch 21/300
2026-04-05 17:41:16,954 - INFO -   Epoch [10/237] Loss: 1.0980
2026-04-05 17:41:17,804 - INFO -   Epoch [20/237] Loss: 1.0881
2026-04-05 17:41:18,640 - INFO -   Epoch [30/237] Loss: 0.8732
2026-04-05 17:41:19,467 - INFO -   Epoch [40/237] Loss: 1.2291
2026-04-05 17:41:20,344 - INFO -   Epoch [50/237] Loss: 1.4415
2026-04-05 17:41:21,165 - INFO -   Epoch [60/237] Loss: 1.1709
2026-04-05 17:41:21,962 - INFO -   Epoch [70/237] Loss: 1.1114
2026-04-05 17:41:22,808 - INFO -   Epoch [80/237] Loss: 1.8170
2026-04-05 17:41:23,641 - INFO -   Epoch [90/237] Loss: 1.3992
2026-04-05 17:41:24,520 - INFO -   Epoch [100/237] Loss: 1.4028
2026-04-05 17:41:25,340 - INFO -   Epoch [110/237] Loss: 1.1617
2026-04-05 17:41:26,177 - INFO -   Epoch [120/237] Loss: 1.0978
2026-04-05 17:41:27,062 - INFO -   Epoch [130/237] Loss: 1.3351
2026-04-05 17:41:27,912 - INFO -   Epoch [140/237] Loss: 0.9334
2026-04-05 17:41:28,716 - INFO -   Epoch [150/237] Loss: 1.6415
2026-04-05 17:41:29,575 - INFO -   Epoch [160/237] Loss: 1.5389
2026-04-05 17:41:30,400 - INFO -   Epoch [170/237] Loss: 1.8065
2026-04-05 17:41:31,211 - INFO -   Epoch [180/237] Loss: 1.1767
2026-04-05 17:41:32,061 - INFO -   Epoch [190/237] Loss: 1.5611
2026-04-05 17:41:32,874 - INFO -   Epoch [200/237] Loss: 1.4401
2026-04-05 17:41:33,711 - INFO -   Epoch [210/237] Loss: 0.8946
2026-04-05 17:41:34,586 - INFO -   Epoch [220/237] Loss: 1.1664
2026-04-05 17:41:35,422 - INFO -   Epoch [230/237] Loss: 1.3466
2026-04-05 17:41:38,129 - INFO -   Train Loss: 1.3322
2026-04-05 17:41:38,129 - INFO -   Train Accuracy: 46.88%
2026-04-05 17:41:38,129 - INFO -   Val Loss: 1.2472
2026-04-05 17:41:38,129 - INFO -   Val Accuracy: 50.62% | F1: 0.5078
2026-04-05 17:41:38,129 - INFO -   LR: 0.000050
2026-04-05 17:41:38,450 - INFO -   ✓ New best model saved! (Acc: 50.62%)
2026-04-05 17:41:38,451 - INFO -   Patience: 0/30
2026-04-05 17:41:38,451 - INFO - 
Epoch 22/300
2026-04-05 17:41:39,275 - INFO -   Epoch [10/237] Loss: 1.2884
2026-04-05 17:41:40,114 - INFO -   Epoch [20/237] Loss: 1.3950
2026-04-05 17:41:40,992 - INFO -   Epoch [30/237] Loss: 1.6747
2026-04-05 17:41:41,822 - INFO -   Epoch [40/237] Loss: 1.1779
2026-04-05 17:41:42,649 - INFO -   Epoch [50/237] Loss: 1.1008
2026-04-05 17:41:43,510 - INFO -   Epoch [60/237] Loss: 1.4698
2026-04-05 17:41:44,390 - INFO -   Epoch [70/237] Loss: 1.3093
2026-04-05 17:41:45,247 - INFO -   Epoch [80/237] Loss: 1.3306
2026-04-05 17:41:46,052 - INFO -   Epoch [90/237] Loss: 1.4744
2026-04-05 17:41:46,868 - INFO -   Epoch [100/237] Loss: 1.2149
2026-04-05 17:41:47,651 - INFO -   Epoch [110/237] Loss: 1.4290
2026-04-05 17:41:48,462 - INFO -   Epoch [120/237] Loss: 0.8172
2026-04-05 17:41:49,326 - INFO -   Epoch [130/237] Loss: 1.8212
2026-04-05 17:41:50,204 - INFO -   Epoch [140/237] Loss: 1.0845
2026-04-05 17:41:50,995 - INFO -   Epoch [150/237] Loss: 0.7596
2026-04-05 17:41:51,797 - INFO -   Epoch [160/237] Loss: 2.0766
2026-04-05 17:41:52,603 - INFO -   Epoch [170/237] Loss: 1.1725
2026-04-05 17:41:53,472 - INFO -   Epoch [180/237] Loss: 1.2646
2026-04-05 17:41:54,282 - INFO -   Epoch [190/237] Loss: 1.7196
2026-04-05 17:41:55,115 - INFO -   Epoch [200/237] Loss: 1.4582
2026-04-05 17:41:55,919 - INFO -   Epoch [210/237] Loss: 1.5445
2026-04-05 17:41:56,741 - INFO -   Epoch [220/237] Loss: 1.6109
2026-04-05 17:41:57,562 - INFO -   Epoch [230/237] Loss: 1.3107
2026-04-05 17:42:00,131 - INFO -   Train Loss: 1.3490
2026-04-05 17:42:00,132 - INFO -   Train Accuracy: 45.50%
2026-04-05 17:42:00,132 - INFO -   Val Loss: 1.2896
2026-04-05 17:42:00,132 - INFO -   Val Accuracy: 47.90% | F1: 0.4877
2026-04-05 17:42:00,132 - INFO -   LR: 0.000050
2026-04-05 17:42:00,132 - INFO -   Patience: 1/30
2026-04-05 17:42:00,132 - INFO - 
Epoch 23/300
2026-04-05 17:42:00,939 - INFO -   Epoch [10/237] Loss: 1.3945
2026-04-05 17:42:01,759 - INFO -   Epoch [20/237] Loss: 1.7580
2026-04-05 17:42:02,555 - INFO -   Epoch [30/237] Loss: 1.3306
2026-04-05 17:42:03,453 - INFO -   Epoch [40/237] Loss: 1.5557
2026-04-05 17:42:04,274 - INFO -   Epoch [50/237] Loss: 1.3871
2026-04-05 17:42:05,091 - INFO -   Epoch [60/237] Loss: 1.1041
2026-04-05 17:42:05,914 - INFO -   Epoch [70/237] Loss: 1.3875
2026-04-05 17:42:06,784 - INFO -   Epoch [80/237] Loss: 1.2664
2026-04-05 17:42:07,592 - INFO -   Epoch [90/237] Loss: 1.0169
2026-04-05 17:42:08,422 - INFO -   Epoch [100/237] Loss: 1.3429
2026-04-05 17:42:09,252 - INFO -   Epoch [110/237] Loss: 1.4178
2026-04-05 17:42:10,071 - INFO -   Epoch [120/237] Loss: 1.2393
2026-04-05 17:42:10,872 - INFO -   Epoch [130/237] Loss: 1.7790
2026-04-05 17:42:11,704 - INFO -   Epoch [140/237] Loss: 1.4413
2026-04-05 17:42:12,522 - INFO -   Epoch [150/237] Loss: 1.4463
2026-04-05 17:42:13,368 - INFO -   Epoch [160/237] Loss: 1.4741
2026-04-05 17:42:14,262 - INFO -   Epoch [170/237] Loss: 1.0300
2026-04-05 17:42:15,100 - INFO -   Epoch [180/237] Loss: 1.3682
2026-04-05 17:42:15,933 - INFO -   Epoch [190/237] Loss: 1.0600
2026-04-05 17:42:16,757 - INFO -   Epoch [200/237] Loss: 1.1690
2026-04-05 17:42:17,581 - INFO -   Epoch [210/237] Loss: 1.1447
2026-04-05 17:42:18,408 - INFO -   Epoch [220/237] Loss: 1.4952
2026-04-05 17:42:19,239 - INFO -   Epoch [230/237] Loss: 1.6072
2026-04-05 17:42:21,843 - INFO -   Train Loss: 1.3539
2026-04-05 17:42:21,843 - INFO -   Train Accuracy: 45.96%
2026-04-05 17:42:21,843 - INFO -   Val Loss: 1.2542
2026-04-05 17:42:21,843 - INFO -   Val Accuracy: 49.38% | F1: 0.4981
2026-04-05 17:42:21,843 - INFO -   LR: 0.000050
2026-04-05 17:42:21,843 - INFO -   Patience: 2/30
2026-04-05 17:42:21,843 - INFO - 
Epoch 24/300
2026-04-05 17:42:22,660 - INFO -   Epoch [10/237] Loss: 1.6841
2026-04-05 17:42:23,494 - INFO -   Epoch [20/237] Loss: 1.9623
2026-04-05 17:42:24,317 - INFO -   Epoch [30/237] Loss: 1.3996
2026-04-05 17:42:25,164 - INFO -   Epoch [40/237] Loss: 1.4542
2026-04-05 17:42:26,001 - INFO -   Epoch [50/237] Loss: 1.3870
2026-04-05 17:42:26,847 - INFO -   Epoch [60/237] Loss: 1.8025
2026-04-05 17:42:27,684 - INFO -   Epoch [70/237] Loss: 1.5893
2026-04-05 17:42:28,519 - INFO -   Epoch [80/237] Loss: 1.1675
2026-04-05 17:42:29,358 - INFO -   Epoch [90/237] Loss: 1.7739
2026-04-05 17:42:30,185 - INFO -   Epoch [100/237] Loss: 1.1756
2026-04-05 17:42:31,019 - INFO -   Epoch [110/237] Loss: 1.2451
2026-04-05 17:42:31,855 - INFO -   Epoch [120/237] Loss: 1.5018
2026-04-05 17:42:32,652 - INFO -   Epoch [130/237] Loss: 1.2141
2026-04-05 17:42:33,473 - INFO -   Epoch [140/237] Loss: 1.3484
2026-04-05 17:42:34,333 - INFO -   Epoch [150/237] Loss: 1.2419
2026-04-05 17:42:35,144 - INFO -   Epoch [160/237] Loss: 1.3289
2026-04-05 17:42:35,964 - INFO -   Epoch [170/237] Loss: 1.7811
2026-04-05 17:42:36,870 - INFO -   Epoch [180/237] Loss: 1.5606
2026-04-05 17:42:37,732 - INFO -   Epoch [190/237] Loss: 1.4066
2026-04-05 17:42:38,566 - INFO -   Epoch [200/237] Loss: 0.9915
2026-04-05 17:42:39,367 - INFO -   Epoch [210/237] Loss: 1.1108
2026-04-05 17:42:40,161 - INFO -   Epoch [220/237] Loss: 1.1489
2026-04-05 17:42:40,951 - INFO -   Epoch [230/237] Loss: 1.3775
2026-04-05 17:42:43,572 - INFO -   Train Loss: 1.3329
2026-04-05 17:42:43,572 - INFO -   Train Accuracy: 47.23%
2026-04-05 17:42:43,572 - INFO -   Val Loss: 1.2523
2026-04-05 17:42:43,572 - INFO -   Val Accuracy: 50.37% | F1: 0.5061
2026-04-05 17:42:43,572 - INFO -   LR: 0.000050
2026-04-05 17:42:43,572 - INFO -   Patience: 3/30
2026-04-05 17:42:43,572 - INFO - 
Epoch 25/300
2026-04-05 17:42:44,359 - INFO -   Epoch [10/237] Loss: 1.2522
2026-04-05 17:42:45,146 - INFO -   Epoch [20/237] Loss: 1.2241
2026-04-05 17:42:46,020 - INFO -   Epoch [30/237] Loss: 1.2370
2026-04-05 17:42:46,834 - INFO -   Epoch [40/237] Loss: 1.5968
2026-04-05 17:42:47,648 - INFO -   Epoch [50/237] Loss: 1.4091
2026-04-05 17:42:48,474 - INFO -   Epoch [60/237] Loss: 1.3444
2026-04-05 17:42:49,322 - INFO -   Epoch [70/237] Loss: 0.9071
2026-04-05 17:42:50,193 - INFO -   Epoch [80/237] Loss: 1.3503
2026-04-05 17:42:51,047 - INFO -   Epoch [90/237] Loss: 0.9933
2026-04-05 17:42:51,944 - INFO -   Epoch [100/237] Loss: 1.5932
2026-04-05 17:42:52,760 - INFO -   Epoch [110/237] Loss: 1.6519
2026-04-05 17:42:53,602 - INFO -   Epoch [120/237] Loss: 1.0125
2026-04-05 17:42:54,431 - INFO -   Epoch [130/237] Loss: 1.5720
2026-04-05 17:42:55,266 - INFO -   Epoch [140/237] Loss: 1.6566
2026-04-05 17:42:56,120 - INFO -   Epoch [150/237] Loss: 1.2615
2026-04-05 17:42:56,938 - INFO -   Epoch [160/237] Loss: 1.6738
2026-04-05 17:42:57,749 - INFO -   Epoch [170/237] Loss: 1.4301
2026-04-05 17:42:58,557 - INFO -   Epoch [180/237] Loss: 1.0770
2026-04-05 17:42:59,370 - INFO -   Epoch [190/237] Loss: 1.0478
2026-04-05 17:43:00,183 - INFO -   Epoch [200/237] Loss: 1.3541
2026-04-05 17:43:00,987 - INFO -   Epoch [210/237] Loss: 1.1469
2026-04-05 17:43:01,787 - INFO -   Epoch [220/237] Loss: 1.3160
2026-04-05 17:43:02,568 - INFO -   Epoch [230/237] Loss: 1.0287
2026-04-05 17:43:05,007 - INFO -   Train Loss: 1.3357
2026-04-05 17:43:05,007 - INFO -   Train Accuracy: 47.13%
2026-04-05 17:43:05,007 - INFO -   Val Loss: 1.2545
2026-04-05 17:43:05,007 - INFO -   Val Accuracy: 48.40% | F1: 0.4901
2026-04-05 17:43:05,007 - INFO -   LR: 0.000050
2026-04-05 17:43:05,007 - INFO -   Patience: 4/30
2026-04-05 17:43:05,007 - INFO - 
Epoch 26/300
2026-04-05 17:43:05,810 - INFO -   Epoch [10/237] Loss: 0.9510
2026-04-05 17:43:06,632 - INFO -   Epoch [20/237] Loss: 1.4773
2026-04-05 17:43:07,427 - INFO -   Epoch [30/237] Loss: 1.0483
2026-04-05 17:43:08,230 - INFO -   Epoch [40/237] Loss: 1.3670
2026-04-05 17:43:09,088 - INFO -   Epoch [50/237] Loss: 1.1442
2026-04-05 17:43:09,898 - INFO -   Epoch [60/237] Loss: 1.3728
2026-04-05 17:43:10,698 - INFO -   Epoch [70/237] Loss: 1.5947
2026-04-05 17:43:11,559 - INFO -   Epoch [80/237] Loss: 1.2621
2026-04-05 17:43:12,356 - INFO -   Epoch [90/237] Loss: 1.1116
2026-04-05 17:43:13,165 - INFO -   Epoch [100/237] Loss: 1.4042
2026-04-05 17:43:13,974 - INFO -   Epoch [110/237] Loss: 1.6254
2026-04-05 17:43:14,794 - INFO -   Epoch [120/237] Loss: 1.3744
2026-04-05 17:43:15,598 - INFO -   Epoch [130/237] Loss: 1.3972
2026-04-05 17:43:16,456 - INFO -   Epoch [140/237] Loss: 1.5132
2026-04-05 17:43:17,267 - INFO -   Epoch [150/237] Loss: 0.7901
2026-04-05 17:43:18,085 - INFO -   Epoch [160/237] Loss: 1.1799
2026-04-05 17:43:18,876 - INFO -   Epoch [170/237] Loss: 0.9577
2026-04-05 17:43:19,675 - INFO -   Epoch [180/237] Loss: 1.3488
2026-04-05 17:43:20,513 - INFO -   Epoch [190/237] Loss: 1.5472
2026-04-05 17:43:21,365 - INFO -   Epoch [200/237] Loss: 1.0748
2026-04-05 17:43:22,158 - INFO -   Epoch [210/237] Loss: 0.9665
2026-04-05 17:43:22,995 - INFO -   Epoch [220/237] Loss: 1.4288
2026-04-05 17:43:23,868 - INFO -   Epoch [230/237] Loss: 1.4706
2026-04-05 17:43:26,414 - INFO -   Train Loss: 1.3323
2026-04-05 17:43:26,414 - INFO -   Train Accuracy: 46.70%
2026-04-05 17:43:26,414 - INFO -   Val Loss: 1.2520
2026-04-05 17:43:26,414 - INFO -   Val Accuracy: 47.90% | F1: 0.4785
2026-04-05 17:43:26,414 - INFO -   LR: 0.000050
2026-04-05 17:43:26,414 - INFO -   Patience: 5/30
2026-04-05 17:43:26,414 - INFO - 
Epoch 27/300
2026-04-05 17:43:27,229 - INFO -   Epoch [10/237] Loss: 1.7059
2026-04-05 17:43:28,049 - INFO -   Epoch [20/237] Loss: 1.8819
2026-04-05 17:43:28,866 - INFO -   Epoch [30/237] Loss: 1.4094
2026-04-05 17:43:29,705 - INFO -   Epoch [40/237] Loss: 1.2748
2026-04-05 17:43:30,512 - INFO -   Epoch [50/237] Loss: 1.1799
2026-04-05 17:43:31,401 - INFO -   Epoch [60/237] Loss: 1.2368
2026-04-05 17:43:32,229 - INFO -   Epoch [70/237] Loss: 1.7462
2026-04-05 17:43:33,054 - INFO -   Epoch [80/237] Loss: 1.7729
2026-04-05 17:43:33,877 - INFO -   Epoch [90/237] Loss: 1.1208
2026-04-05 17:43:34,708 - INFO -   Epoch [100/237] Loss: 1.5719
2026-04-05 17:43:35,536 - INFO -   Epoch [110/237] Loss: 1.4797
2026-04-05 17:43:36,357 - INFO -   Epoch [120/237] Loss: 0.7662
2026-04-05 17:43:37,177 - INFO -   Epoch [130/237] Loss: 0.9662
2026-04-05 17:43:37,985 - INFO -   Epoch [140/237] Loss: 1.3435
2026-04-05 17:43:38,777 - INFO -   Epoch [150/237] Loss: 1.6808
2026-04-05 17:43:39,560 - INFO -   Epoch [160/237] Loss: 1.5957
2026-04-05 17:43:40,372 - INFO -   Epoch [170/237] Loss: 1.1160
2026-04-05 17:43:41,235 - INFO -   Epoch [180/237] Loss: 1.3082
2026-04-05 17:43:42,063 - INFO -   Epoch [190/237] Loss: 1.5452
2026-04-05 17:43:42,922 - INFO -   Epoch [200/237] Loss: 1.1847
2026-04-05 17:43:43,727 - INFO -   Epoch [210/237] Loss: 0.9584
2026-04-05 17:43:44,562 - INFO -   Epoch [220/237] Loss: 1.3656
2026-04-05 17:43:45,383 - INFO -   Epoch [230/237] Loss: 1.5079
2026-04-05 17:43:47,996 - INFO -   Train Loss: 1.3507
2026-04-05 17:43:47,996 - INFO -   Train Accuracy: 46.17%
2026-04-05 17:43:47,996 - INFO -   Val Loss: 1.2591
2026-04-05 17:43:47,996 - INFO -   Val Accuracy: 49.88% | F1: 0.5100
2026-04-05 17:43:47,996 - INFO -   LR: 0.000050
2026-04-05 17:43:47,996 - INFO -   Patience: 6/30
2026-04-05 17:43:47,996 - INFO - 
Epoch 28/300
2026-04-05 17:43:48,817 - INFO -   Epoch [10/237] Loss: 1.7454
2026-04-05 17:43:49,641 - INFO -   Epoch [20/237] Loss: 1.2204
2026-04-05 17:43:50,479 - INFO -   Epoch [30/237] Loss: 1.1967
2026-04-05 17:43:51,320 - INFO -   Epoch [40/237] Loss: 1.1998
2026-04-05 17:43:52,136 - INFO -   Epoch [50/237] Loss: 1.3432
2026-04-05 17:43:52,977 - INFO -   Epoch [60/237] Loss: 1.4336
2026-04-05 17:43:53,805 - INFO -   Epoch [70/237] Loss: 1.1233
2026-04-05 17:43:54,623 - INFO -   Epoch [80/237] Loss: 1.4100
2026-04-05 17:43:55,441 - INFO -   Epoch [90/237] Loss: 1.1999
2026-04-05 17:43:56,264 - INFO -   Epoch [100/237] Loss: 1.8058
2026-04-05 17:43:57,065 - INFO -   Epoch [110/237] Loss: 1.4963
2026-04-05 17:43:57,878 - INFO -   Epoch [120/237] Loss: 1.0105
2026-04-05 17:43:58,683 - INFO -   Epoch [130/237] Loss: 1.6610
2026-04-05 17:43:59,533 - INFO -   Epoch [140/237] Loss: 1.4313
2026-04-05 17:44:00,425 - INFO -   Epoch [150/237] Loss: 1.2828
2026-04-05 17:44:01,243 - INFO -   Epoch [160/237] Loss: 1.3134
2026-04-05 17:44:02,073 - INFO -   Epoch [170/237] Loss: 1.2713
2026-04-05 17:44:02,893 - INFO -   Epoch [180/237] Loss: 1.3008
2026-04-05 17:44:03,705 - INFO -   Epoch [190/237] Loss: 1.2422
2026-04-05 17:44:04,508 - INFO -   Epoch [200/237] Loss: 1.1196
2026-04-05 17:44:05,344 - INFO -   Epoch [210/237] Loss: 1.5663
2026-04-05 17:44:06,188 - INFO -   Epoch [220/237] Loss: 1.0523
2026-04-05 17:44:07,019 - INFO -   Epoch [230/237] Loss: 1.3879
2026-04-05 17:44:09,609 - INFO -   Train Loss: 1.3270
2026-04-05 17:44:09,609 - INFO -   Train Accuracy: 47.02%
2026-04-05 17:44:09,609 - INFO -   Val Loss: 1.2526
2026-04-05 17:44:09,609 - INFO -   Val Accuracy: 50.12% | F1: 0.5121
2026-04-05 17:44:09,609 - INFO -   LR: 0.000025
2026-04-05 17:44:09,610 - INFO -   Patience: 7/30
2026-04-05 17:44:09,610 - INFO - 
Epoch 29/300
2026-04-05 17:44:10,430 - INFO -   Epoch [10/237] Loss: 1.5149
2026-04-05 17:44:11,263 - INFO -   Epoch [20/237] Loss: 1.3348
2026-04-05 17:44:12,118 - INFO -   Epoch [30/237] Loss: 1.1893
2026-04-05 17:44:12,969 - INFO -   Epoch [40/237] Loss: 1.6252
2026-04-05 17:44:13,817 - INFO -   Epoch [50/237] Loss: 1.2388
2026-04-05 17:44:14,654 - INFO -   Epoch [60/237] Loss: 1.1552
2026-04-05 17:44:15,522 - INFO -   Epoch [70/237] Loss: 1.1184
2026-04-05 17:44:16,374 - INFO -   Epoch [80/237] Loss: 1.0797
2026-04-05 17:44:17,186 - INFO -   Epoch [90/237] Loss: 1.3120
2026-04-05 17:44:17,998 - INFO -   Epoch [100/237] Loss: 1.7103
2026-04-05 17:44:18,835 - INFO -   Epoch [110/237] Loss: 1.5494
2026-04-05 17:44:19,675 - INFO -   Epoch [120/237] Loss: 1.6174
2026-04-05 17:44:20,494 - INFO -   Epoch [130/237] Loss: 1.3573
2026-04-05 17:44:21,306 - INFO -   Epoch [140/237] Loss: 1.2416
2026-04-05 17:44:22,165 - INFO -   Epoch [150/237] Loss: 1.1542
2026-04-05 17:44:22,990 - INFO -   Epoch [160/237] Loss: 1.2054
2026-04-05 17:44:23,826 - INFO -   Epoch [170/237] Loss: 1.0998
2026-04-05 17:44:24,708 - INFO -   Epoch [180/237] Loss: 1.5370
2026-04-05 17:44:25,566 - INFO -   Epoch [190/237] Loss: 0.8910
2026-04-05 17:44:26,398 - INFO -   Epoch [200/237] Loss: 0.9537
2026-04-05 17:44:27,260 - INFO -   Epoch [210/237] Loss: 1.2400
2026-04-05 17:44:28,093 - INFO -   Epoch [220/237] Loss: 1.6177
2026-04-05 17:44:28,919 - INFO -   Epoch [230/237] Loss: 1.2336
2026-04-05 17:44:31,553 - INFO -   Train Loss: 1.3319
2026-04-05 17:44:31,553 - INFO -   Train Accuracy: 46.84%
2026-04-05 17:44:31,553 - INFO -   Val Loss: 1.2445
2026-04-05 17:44:31,553 - INFO -   Val Accuracy: 49.38% | F1: 0.5032
2026-04-05 17:44:31,553 - INFO -   LR: 0.000025
2026-04-05 17:44:31,554 - INFO -   Patience: 8/30
2026-04-05 17:44:31,554 - INFO - 
Epoch 30/300
2026-04-05 17:44:32,369 - INFO -   Epoch [10/237] Loss: 1.2520
2026-04-05 17:44:33,188 - INFO -   Epoch [20/237] Loss: 1.0376
2026-04-05 17:44:34,020 - INFO -   Epoch [30/237] Loss: 1.6606
2026-04-05 17:44:34,885 - INFO -   Epoch [40/237] Loss: 1.1907
2026-04-05 17:44:35,687 - INFO -   Epoch [50/237] Loss: 1.4192
2026-04-05 17:44:36,493 - INFO -   Epoch [60/237] Loss: 1.2019
2026-04-05 17:44:37,340 - INFO -   Epoch [70/237] Loss: 0.8879
2026-04-05 17:44:38,171 - INFO -   Epoch [80/237] Loss: 1.1385
2026-04-05 17:44:39,017 - INFO -   Epoch [90/237] Loss: 1.8456
2026-04-05 17:44:39,849 - INFO -   Epoch [100/237] Loss: 1.0620
2026-04-05 17:44:40,681 - INFO -   Epoch [110/237] Loss: 1.5283
2026-04-05 17:44:41,500 - INFO -   Epoch [120/237] Loss: 1.5181
2026-04-05 17:44:42,315 - INFO -   Epoch [130/237] Loss: 1.5701
2026-04-05 17:44:43,166 - INFO -   Epoch [140/237] Loss: 1.2883
2026-04-05 17:44:43,995 - INFO -   Epoch [150/237] Loss: 1.4363
2026-04-05 17:44:44,817 - INFO -   Epoch [160/237] Loss: 1.8120
2026-04-05 17:44:45,641 - INFO -   Epoch [170/237] Loss: 1.3229
2026-04-05 17:44:46,469 - INFO -   Epoch [180/237] Loss: 1.1517
2026-04-05 17:44:47,290 - INFO -   Epoch [190/237] Loss: 1.3130
2026-04-05 17:44:48,097 - INFO -   Epoch [200/237] Loss: 1.3564
2026-04-05 17:44:48,918 - INFO -   Epoch [210/237] Loss: 0.8891
2026-04-05 17:44:49,745 - INFO -   Epoch [220/237] Loss: 1.5582
2026-04-05 17:44:50,556 - INFO -   Epoch [230/237] Loss: 1.3547
2026-04-05 17:44:53,128 - INFO -   Train Loss: 1.3220
2026-04-05 17:44:53,129 - INFO -   Train Accuracy: 46.42%
2026-04-05 17:44:53,129 - INFO -   Val Loss: 1.2425
2026-04-05 17:44:53,130 - INFO -   Val Accuracy: 49.38% | F1: 0.5032
2026-04-05 17:44:53,130 - INFO -   LR: 0.000025
2026-04-05 17:44:53,131 - INFO -   Patience: 9/30
2026-04-05 17:44:53,131 - INFO - 
Epoch 31/300
2026-04-05 17:44:53,936 - INFO -   Epoch [10/237] Loss: 1.3648
2026-04-05 17:44:54,762 - INFO -   Epoch [20/237] Loss: 1.2484
2026-04-05 17:44:55,586 - INFO -   Epoch [30/237] Loss: 1.1913
2026-04-05 17:44:56,414 - INFO -   Epoch [40/237] Loss: 0.9007
2026-04-05 17:44:57,229 - INFO -   Epoch [50/237] Loss: 1.1108
2026-04-05 17:44:58,055 - INFO -   Epoch [60/237] Loss: 1.3078
2026-04-05 17:44:58,936 - INFO -   Epoch [70/237] Loss: 1.5630
2026-04-05 17:44:59,767 - INFO -   Epoch [80/237] Loss: 1.5833
2026-04-05 17:45:00,583 - INFO -   Epoch [90/237] Loss: 1.1053
2026-04-05 17:45:01,427 - INFO -   Epoch [100/237] Loss: 1.0040
2026-04-05 17:45:02,240 - INFO -   Epoch [110/237] Loss: 1.4509
2026-04-05 17:45:03,056 - INFO -   Epoch [120/237] Loss: 1.4680
2026-04-05 17:45:03,902 - INFO -   Epoch [130/237] Loss: 1.0856
2026-04-05 17:45:04,759 - INFO -   Epoch [140/237] Loss: 1.3894
2026-04-05 17:45:05,569 - INFO -   Epoch [150/237] Loss: 1.0216
2026-04-05 17:45:06,384 - INFO -   Epoch [160/237] Loss: 1.4941
2026-04-05 17:45:07,196 - INFO -   Epoch [170/237] Loss: 1.7205
2026-04-05 17:45:08,021 - INFO -   Epoch [180/237] Loss: 2.1071
2026-04-05 17:45:08,846 - INFO -   Epoch [190/237] Loss: 1.4404
2026-04-05 17:45:09,667 - INFO -   Epoch [200/237] Loss: 1.6989
2026-04-05 17:45:10,495 - INFO -   Epoch [210/237] Loss: 1.3269
2026-04-05 17:45:11,331 - INFO -   Epoch [220/237] Loss: 1.5410
2026-04-05 17:45:12,158 - INFO -   Epoch [230/237] Loss: 1.5385
2026-04-05 17:45:14,775 - INFO -   Train Loss: 1.3305
2026-04-05 17:45:14,775 - INFO -   Train Accuracy: 46.56%
2026-04-05 17:45:14,775 - INFO -   Val Loss: 1.2455
2026-04-05 17:45:14,775 - INFO -   Val Accuracy: 49.38% | F1: 0.5046
2026-04-05 17:45:14,775 - INFO -   LR: 0.000025
2026-04-05 17:45:14,776 - INFO -   Patience: 10/30
2026-04-05 17:45:14,776 - INFO - 
Epoch 32/300
2026-04-05 17:45:15,593 - INFO -   Epoch [10/237] Loss: 1.0835
2026-04-05 17:45:16,410 - INFO -   Epoch [20/237] Loss: 1.5564
2026-04-05 17:45:17,222 - INFO -   Epoch [30/237] Loss: 1.3788
2026-04-05 17:45:18,052 - INFO -   Epoch [40/237] Loss: 1.1855
2026-04-05 17:45:18,878 - INFO -   Epoch [50/237] Loss: 1.1580
2026-04-05 17:45:19,719 - INFO -   Epoch [60/237] Loss: 1.1498
2026-04-05 17:45:20,551 - INFO -   Epoch [70/237] Loss: 1.1195
2026-04-05 17:45:21,387 - INFO -   Epoch [80/237] Loss: 0.9713
2026-04-05 17:45:22,211 - INFO -   Epoch [90/237] Loss: 1.3542
2026-04-05 17:45:23,053 - INFO -   Epoch [100/237] Loss: 1.5294
2026-04-05 17:45:23,885 - INFO -   Epoch [110/237] Loss: 0.9128
2026-04-05 17:45:24,765 - INFO -   Epoch [120/237] Loss: 1.2032
2026-04-05 17:45:25,609 - INFO -   Epoch [130/237] Loss: 1.4387
2026-04-05 17:45:26,439 - INFO -   Epoch [140/237] Loss: 1.7488
2026-04-05 17:45:27,258 - INFO -   Epoch [150/237] Loss: 0.9547
2026-04-05 17:45:28,069 - INFO -   Epoch [160/237] Loss: 1.6355
2026-04-05 17:45:28,876 - INFO -   Epoch [170/237] Loss: 1.5035
2026-04-05 17:45:29,693 - INFO -   Epoch [180/237] Loss: 1.7167
2026-04-05 17:45:30,506 - INFO -   Epoch [190/237] Loss: 1.7244
2026-04-05 17:45:31,326 - INFO -   Epoch [200/237] Loss: 1.5111
2026-04-05 17:45:32,133 - INFO -   Epoch [210/237] Loss: 1.2981
2026-04-05 17:45:32,953 - INFO -   Epoch [220/237] Loss: 1.3315
2026-04-05 17:45:33,793 - INFO -   Epoch [230/237] Loss: 1.2207
2026-04-05 17:45:36,408 - INFO -   Train Loss: 1.3228
2026-04-05 17:45:36,408 - INFO -   Train Accuracy: 48.32%
2026-04-05 17:45:36,409 - INFO -   Val Loss: 1.2365
2026-04-05 17:45:36,409 - INFO -   Val Accuracy: 50.37% | F1: 0.5124
2026-04-05 17:45:36,409 - INFO -   LR: 0.000025
2026-04-05 17:45:36,409 - INFO -   Patience: 11/30
2026-04-05 17:45:36,409 - INFO - 
Epoch 33/300
2026-04-05 17:45:37,234 - INFO -   Epoch [10/237] Loss: 1.3809
2026-04-05 17:45:38,058 - INFO -   Epoch [20/237] Loss: 1.3906
2026-04-05 17:45:38,889 - INFO -   Epoch [30/237] Loss: 1.4297
2026-04-05 17:45:39,712 - INFO -   Epoch [40/237] Loss: 1.5119
2026-04-05 17:45:40,530 - INFO -   Epoch [50/237] Loss: 1.0144
2026-04-05 17:45:41,380 - INFO -   Epoch [60/237] Loss: 0.9469
2026-04-05 17:45:42,220 - INFO -   Epoch [70/237] Loss: 1.3247
2026-04-05 17:45:43,044 - INFO -   Epoch [80/237] Loss: 1.0799
2026-04-05 17:45:43,870 - INFO -   Epoch [90/237] Loss: 1.3338
2026-04-05 17:45:44,752 - INFO -   Epoch [100/237] Loss: 1.2354
2026-04-05 17:45:45,598 - INFO -   Epoch [110/237] Loss: 1.2338
2026-04-05 17:45:46,466 - INFO -   Epoch [120/237] Loss: 1.2708
2026-04-05 17:45:47,296 - INFO -   Epoch [130/237] Loss: 1.2476
2026-04-05 17:45:48,155 - INFO -   Epoch [140/237] Loss: 1.1318
2026-04-05 17:45:48,983 - INFO -   Epoch [150/237] Loss: 1.3967
2026-04-05 17:45:49,823 - INFO -   Epoch [160/237] Loss: 1.4903
2026-04-05 17:45:50,650 - INFO -   Epoch [170/237] Loss: 1.2478
2026-04-05 17:45:51,481 - INFO -   Epoch [180/237] Loss: 1.1413
2026-04-05 17:45:52,314 - INFO -   Epoch [190/237] Loss: 1.6754
2026-04-05 17:45:53,154 - INFO -   Epoch [200/237] Loss: 1.0148
2026-04-05 17:45:54,037 - INFO -   Epoch [210/237] Loss: 1.1983
2026-04-05 17:45:54,918 - INFO -   Epoch [220/237] Loss: 1.7459
2026-04-05 17:45:55,793 - INFO -   Epoch [230/237] Loss: 1.4774
2026-04-05 17:45:58,435 - INFO -   Train Loss: 1.3140
2026-04-05 17:45:58,435 - INFO -   Train Accuracy: 47.37%
2026-04-05 17:45:58,435 - INFO -   Val Loss: 1.2378
2026-04-05 17:45:58,435 - INFO -   Val Accuracy: 49.63% | F1: 0.5059
2026-04-05 17:45:58,435 - INFO -   LR: 0.000025
2026-04-05 17:45:58,435 - INFO -   Patience: 12/30
2026-04-05 17:45:58,435 - INFO - 
Epoch 34/300
2026-04-05 17:45:59,271 - INFO -   Epoch [10/237] Loss: 1.1458
2026-04-05 17:46:00,086 - INFO -   Epoch [20/237] Loss: 1.0869
2026-04-05 17:46:00,903 - INFO -   Epoch [30/237] Loss: 1.2507
2026-04-05 17:46:01,719 - INFO -   Epoch [40/237] Loss: 1.2985
2026-04-05 17:46:02,546 - INFO -   Epoch [50/237] Loss: 1.3075
2026-04-05 17:46:03,359 - INFO -   Epoch [60/237] Loss: 1.2117
2026-04-05 17:46:04,194 - INFO -   Epoch [70/237] Loss: 1.1127
2026-04-05 17:46:05,017 - INFO -   Epoch [80/237] Loss: 1.3782
2026-04-05 17:46:05,832 - INFO -   Epoch [90/237] Loss: 1.1922
2026-04-05 17:46:06,679 - INFO -   Epoch [100/237] Loss: 1.0586
2026-04-05 17:46:07,534 - INFO -   Epoch [110/237] Loss: 1.0653
2026-04-05 17:46:08,356 - INFO -   Epoch [120/237] Loss: 1.4623
2026-04-05 17:46:09,206 - INFO -   Epoch [130/237] Loss: 1.1994
2026-04-05 17:46:10,075 - INFO -   Epoch [140/237] Loss: 1.1730
2026-04-05 17:46:10,932 - INFO -   Epoch [150/237] Loss: 1.5352
2026-04-05 17:46:11,808 - INFO -   Epoch [160/237] Loss: 1.2291
2026-04-05 17:46:12,634 - INFO -   Epoch [170/237] Loss: 1.4083
2026-04-05 17:46:13,454 - INFO -   Epoch [180/237] Loss: 1.0145
2026-04-05 17:46:14,276 - INFO -   Epoch [190/237] Loss: 1.5672
2026-04-05 17:46:15,135 - INFO -   Epoch [200/237] Loss: 1.5720
2026-04-05 17:46:15,962 - INFO -   Epoch [210/237] Loss: 1.6788
2026-04-05 17:46:16,783 - INFO -   Epoch [220/237] Loss: 1.2017
2026-04-05 17:46:17,615 - INFO -   Epoch [230/237] Loss: 1.6535
2026-04-05 17:46:20,258 - INFO -   Train Loss: 1.3097
2026-04-05 17:46:20,258 - INFO -   Train Accuracy: 48.08%
2026-04-05 17:46:20,259 - INFO -   Val Loss: 1.2324
2026-04-05 17:46:20,259 - INFO -   Val Accuracy: 49.88% | F1: 0.5082
2026-04-05 17:46:20,259 - INFO -   LR: 0.000013
2026-04-05 17:46:20,259 - INFO -   Patience: 13/30
2026-04-05 17:46:20,259 - INFO - 
Epoch 35/300
2026-04-05 17:46:21,087 - INFO -   Epoch [10/237] Loss: 0.7847
2026-04-05 17:46:21,905 - INFO -   Epoch [20/237] Loss: 1.2846
2026-04-05 17:46:22,712 - INFO -   Epoch [30/237] Loss: 1.4656
2026-04-05 17:46:23,520 - INFO -   Epoch [40/237] Loss: 1.1341
2026-04-05 17:46:24,336 - INFO -   Epoch [50/237] Loss: 1.4958
2026-04-05 17:46:25,174 - INFO -   Epoch [60/237] Loss: 1.5281
2026-04-05 17:46:26,052 - INFO -   Epoch [70/237] Loss: 1.2186
2026-04-05 17:46:26,905 - INFO -   Epoch [80/237] Loss: 1.5781
2026-04-05 17:46:27,764 - INFO -   Epoch [90/237] Loss: 1.8696
2026-04-05 17:46:28,648 - INFO -   Epoch [100/237] Loss: 1.6152
2026-04-05 17:46:29,457 - INFO -   Epoch [110/237] Loss: 1.1827
2026-04-05 17:46:30,323 - INFO -   Epoch [120/237] Loss: 1.0693
2026-04-05 17:46:31,194 - INFO -   Epoch [130/237] Loss: 1.1967
2026-04-05 17:46:32,016 - INFO -   Epoch [140/237] Loss: 1.3757
2026-04-05 17:46:32,906 - INFO -   Epoch [150/237] Loss: 1.0846
2026-04-05 17:46:33,749 - INFO -   Epoch [160/237] Loss: 1.2335
2026-04-05 17:46:34,573 - INFO -   Epoch [170/237] Loss: 1.1174
2026-04-05 17:46:35,400 - INFO -   Epoch [180/237] Loss: 1.1251
2026-04-05 17:46:36,222 - INFO -   Epoch [190/237] Loss: 1.6197
2026-04-05 17:46:37,062 - INFO -   Epoch [200/237] Loss: 0.7101
2026-04-05 17:46:37,879 - INFO -   Epoch [210/237] Loss: 1.3868
2026-04-05 17:46:38,701 - INFO -   Epoch [220/237] Loss: 0.9452
2026-04-05 17:46:39,533 - INFO -   Epoch [230/237] Loss: 1.8087
2026-04-05 17:46:42,167 - INFO -   Train Loss: 1.3093
2026-04-05 17:46:42,168 - INFO -   Train Accuracy: 47.94%
2026-04-05 17:46:42,168 - INFO -   Val Loss: 1.2320
2026-04-05 17:46:42,168 - INFO -   Val Accuracy: 49.38% | F1: 0.5027
2026-04-05 17:46:42,168 - INFO -   LR: 0.000013
2026-04-05 17:46:42,168 - INFO -   Patience: 14/30
2026-04-05 17:46:42,168 - INFO - 
Epoch 36/300
2026-04-05 17:46:42,995 - INFO -   Epoch [10/237] Loss: 1.0343
2026-04-05 17:46:43,843 - INFO -   Epoch [20/237] Loss: 1.1864
2026-04-05 17:46:44,661 - INFO -   Epoch [30/237] Loss: 1.5703
2026-04-05 17:46:45,472 - INFO -   Epoch [40/237] Loss: 1.4181
2026-04-05 17:46:46,286 - INFO -   Epoch [50/237] Loss: 2.0996
2026-04-05 17:46:47,098 - INFO -   Epoch [60/237] Loss: 1.4989
2026-04-05 17:46:47,916 - INFO -   Epoch [70/237] Loss: 1.5098
2026-04-05 17:46:48,739 - INFO -   Epoch [80/237] Loss: 1.0067
2026-04-05 17:46:49,554 - INFO -   Epoch [90/237] Loss: 1.6775
2026-04-05 17:46:50,371 - INFO -   Epoch [100/237] Loss: 1.3002
2026-04-05 17:46:51,185 - INFO -   Epoch [110/237] Loss: 1.3881
2026-04-05 17:46:52,002 - INFO -   Epoch [120/237] Loss: 1.3626
2026-04-05 17:46:52,821 - INFO -   Epoch [130/237] Loss: 0.8658
2026-04-05 17:46:53,653 - INFO -   Epoch [140/237] Loss: 1.3720
2026-04-05 17:46:54,480 - INFO -   Epoch [150/237] Loss: 1.2619
2026-04-05 17:46:55,294 - INFO -   Epoch [160/237] Loss: 1.3715
2026-04-05 17:46:56,120 - INFO -   Epoch [170/237] Loss: 1.1132
2026-04-05 17:46:56,941 - INFO -   Epoch [180/237] Loss: 1.6109
2026-04-05 17:46:57,757 - INFO -   Epoch [190/237] Loss: 1.0521
2026-04-05 17:46:58,598 - INFO -   Epoch [200/237] Loss: 1.3816
2026-04-05 17:46:59,423 - INFO -   Epoch [210/237] Loss: 1.3741
2026-04-05 17:47:00,250 - INFO -   Epoch [220/237] Loss: 1.4165
2026-04-05 17:47:01,067 - INFO -   Epoch [230/237] Loss: 1.0982
2026-04-05 17:47:03,668 - INFO -   Train Loss: 1.3085
2026-04-05 17:47:03,669 - INFO -   Train Accuracy: 47.37%
2026-04-05 17:47:03,669 - INFO -   Val Loss: 1.2376
2026-04-05 17:47:03,669 - INFO -   Val Accuracy: 49.88% | F1: 0.5106
2026-04-05 17:47:03,669 - INFO -   LR: 0.000013
2026-04-05 17:47:03,669 - INFO -   Patience: 15/30
2026-04-05 17:47:03,669 - INFO - 
Epoch 37/300
2026-04-05 17:47:04,493 - INFO -   Epoch [10/237] Loss: 1.1777
2026-04-05 17:47:05,327 - INFO -   Epoch [20/237] Loss: 1.0213
2026-04-05 17:47:06,198 - INFO -   Epoch [30/237] Loss: 1.3483
2026-04-05 17:47:07,074 - INFO -   Epoch [40/237] Loss: 1.2564
2026-04-05 17:47:07,910 - INFO -   Epoch [50/237] Loss: 1.2027
2026-04-05 17:47:08,744 - INFO -   Epoch [60/237] Loss: 0.9677
2026-04-05 17:47:09,604 - INFO -   Epoch [70/237] Loss: 1.2762
2026-04-05 17:47:10,433 - INFO -   Epoch [80/237] Loss: 1.0084
2026-04-05 17:47:11,260 - INFO -   Epoch [90/237] Loss: 1.2382
2026-04-05 17:47:12,091 - INFO -   Epoch [100/237] Loss: 1.6199
2026-04-05 17:47:12,917 - INFO -   Epoch [110/237] Loss: 1.2370
2026-04-05 17:47:13,758 - INFO -   Epoch [120/237] Loss: 1.8687
2026-04-05 17:47:14,580 - INFO -   Epoch [130/237] Loss: 1.2853
2026-04-05 17:47:15,406 - INFO -   Epoch [140/237] Loss: 1.4140
2026-04-05 17:47:16,225 - INFO -   Epoch [150/237] Loss: 0.6673
2026-04-05 17:47:17,056 - INFO -   Epoch [160/237] Loss: 1.0806
2026-04-05 17:47:17,863 - INFO -   Epoch [170/237] Loss: 1.7801
2026-04-05 17:47:18,686 - INFO -   Epoch [180/237] Loss: 1.0872
2026-04-05 17:47:19,526 - INFO -   Epoch [190/237] Loss: 0.9754
2026-04-05 17:47:20,352 - INFO -   Epoch [200/237] Loss: 1.4317
2026-04-05 17:47:21,191 - INFO -   Epoch [210/237] Loss: 1.7822
2026-04-05 17:47:22,038 - INFO -   Epoch [220/237] Loss: 1.1557
2026-04-05 17:47:22,872 - INFO -   Epoch [230/237] Loss: 1.5850
2026-04-05 17:47:25,492 - INFO -   Train Loss: 1.3369
2026-04-05 17:47:25,492 - INFO -   Train Accuracy: 47.55%
2026-04-05 17:47:25,492 - INFO -   Val Loss: 1.2371
2026-04-05 17:47:25,492 - INFO -   Val Accuracy: 49.88% | F1: 0.5100
2026-04-05 17:47:25,492 - INFO -   LR: 0.000013
2026-04-05 17:47:25,492 - INFO -   Patience: 16/30
2026-04-05 17:47:25,492 - INFO - 
Epoch 38/300
2026-04-05 17:47:26,312 - INFO -   Epoch [10/237] Loss: 1.0525
2026-04-05 17:47:27,136 - INFO -   Epoch [20/237] Loss: 1.2280
2026-04-05 17:47:27,959 - INFO -   Epoch [30/237] Loss: 1.5619
2026-04-05 17:47:28,771 - INFO -   Epoch [40/237] Loss: 1.2865
2026-04-05 17:47:29,575 - INFO -   Epoch [50/237] Loss: 1.5600
2026-04-05 17:47:30,390 - INFO -   Epoch [60/237] Loss: 1.2986
2026-04-05 17:47:31,192 - INFO -   Epoch [70/237] Loss: 1.3870
2026-04-05 17:47:32,017 - INFO -   Epoch [80/237] Loss: 1.3351
2026-04-05 17:47:32,827 - INFO -   Epoch [90/237] Loss: 1.0747
2026-04-05 17:47:33,655 - INFO -   Epoch [100/237] Loss: 1.2992
2026-04-05 17:47:34,530 - INFO -   Epoch [110/237] Loss: 1.0242
2026-04-05 17:47:35,411 - INFO -   Epoch [120/237] Loss: 1.1241
2026-04-05 17:47:36,255 - INFO -   Epoch [130/237] Loss: 1.1446
2026-04-05 17:47:37,076 - INFO -   Epoch [140/237] Loss: 1.3448
2026-04-05 17:47:37,895 - INFO -   Epoch [150/237] Loss: 1.8390
2026-04-05 17:47:38,768 - INFO -   Epoch [160/237] Loss: 1.7637
2026-04-05 17:47:39,616 - INFO -   Epoch [170/237] Loss: 1.7179
2026-04-05 17:47:40,451 - INFO -   Epoch [180/237] Loss: 1.4452
2026-04-05 17:47:41,329 - INFO -   Epoch [190/237] Loss: 1.6445
2026-04-05 17:47:42,149 - INFO -   Epoch [200/237] Loss: 0.8475
2026-04-05 17:47:42,958 - INFO -   Epoch [210/237] Loss: 1.2879
2026-04-05 17:47:43,778 - INFO -   Epoch [220/237] Loss: 1.4809
2026-04-05 17:47:44,580 - INFO -   Epoch [230/237] Loss: 1.3953
2026-04-05 17:47:47,185 - INFO -   Train Loss: 1.2966
2026-04-05 17:47:47,185 - INFO -   Train Accuracy: 48.57%
2026-04-05 17:47:47,185 - INFO -   Val Loss: 1.2343
2026-04-05 17:47:47,185 - INFO -   Val Accuracy: 49.38% | F1: 0.5037
2026-04-05 17:47:47,185 - INFO -   LR: 0.000013
2026-04-05 17:47:47,185 - INFO -   Patience: 17/30
2026-04-05 17:47:47,185 - INFO - 
Epoch 39/300
2026-04-05 17:47:48,006 - INFO -   Epoch [10/237] Loss: 1.4855
2026-04-05 17:47:48,822 - INFO -   Epoch [20/237] Loss: 1.2476
2026-04-05 17:47:49,630 - INFO -   Epoch [30/237] Loss: 1.1802
2026-04-05 17:47:50,480 - INFO -   Epoch [40/237] Loss: 1.7170
2026-04-05 17:47:51,326 - INFO -   Epoch [50/237] Loss: 1.2859
2026-04-05 17:47:52,156 - INFO -   Epoch [60/237] Loss: 1.7025
2026-04-05 17:47:52,992 - INFO -   Epoch [70/237] Loss: 1.4010
2026-04-05 17:47:53,846 - INFO -   Epoch [80/237] Loss: 1.5961
2026-04-05 17:47:54,676 - INFO -   Epoch [90/237] Loss: 1.4828
2026-04-05 17:47:55,523 - INFO -   Epoch [100/237] Loss: 1.4070
2026-04-05 17:47:56,364 - INFO -   Epoch [110/237] Loss: 1.3428
2026-04-05 17:47:57,255 - INFO -   Epoch [120/237] Loss: 1.5134
2026-04-05 17:47:58,060 - INFO -   Epoch [130/237] Loss: 1.8091
2026-04-05 17:47:58,887 - INFO -   Epoch [140/237] Loss: 1.4197
2026-04-05 17:47:59,700 - INFO -   Epoch [150/237] Loss: 1.3224
2026-04-05 17:48:00,527 - INFO -   Epoch [160/237] Loss: 1.4500
2026-04-05 17:48:01,346 - INFO -   Epoch [170/237] Loss: 1.3213
2026-04-05 17:48:02,177 - INFO -   Epoch [180/237] Loss: 1.1511
2026-04-05 17:48:03,018 - INFO -   Epoch [190/237] Loss: 1.3218
2026-04-05 17:48:03,845 - INFO -   Epoch [200/237] Loss: 1.6174
2026-04-05 17:48:04,659 - INFO -   Epoch [210/237] Loss: 1.3073
2026-04-05 17:48:05,474 - INFO -   Epoch [220/237] Loss: 1.2404
2026-04-05 17:48:06,308 - INFO -   Epoch [230/237] Loss: 0.8689
2026-04-05 17:48:08,878 - INFO -   Train Loss: 1.3150
2026-04-05 17:48:08,879 - INFO -   Train Accuracy: 48.11%
2026-04-05 17:48:08,879 - INFO -   Val Loss: 1.2384
2026-04-05 17:48:08,879 - INFO -   Val Accuracy: 49.63% | F1: 0.5071
2026-04-05 17:48:08,879 - INFO -   LR: 0.000013
2026-04-05 17:48:08,879 - INFO -   Patience: 18/30
2026-04-05 17:48:08,879 - INFO - 
Epoch 40/300
2026-04-05 17:48:09,689 - INFO -   Epoch [10/237] Loss: 1.2891
2026-04-05 17:48:10,510 - INFO -   Epoch [20/237] Loss: 1.6956
2026-04-05 17:48:11,373 - INFO -   Epoch [30/237] Loss: 1.3401
2026-04-05 17:48:12,209 - INFO -   Epoch [40/237] Loss: 1.0880
2026-04-05 17:48:13,037 - INFO -   Epoch [50/237] Loss: 1.4229
2026-04-05 17:48:13,873 - INFO -   Epoch [60/237] Loss: 1.5520
2026-04-05 17:48:14,727 - INFO -   Epoch [70/237] Loss: 1.1822
2026-04-05 17:48:15,526 - INFO -   Epoch [80/237] Loss: 1.5775
2026-04-05 17:48:16,313 - INFO -   Epoch [90/237] Loss: 0.9863
2026-04-05 17:48:17,142 - INFO -   Epoch [100/237] Loss: 0.9697
2026-04-05 17:48:18,009 - INFO -   Epoch [110/237] Loss: 1.5865
2026-04-05 17:48:18,835 - INFO -   Epoch [120/237] Loss: 1.1254
2026-04-05 17:48:19,660 - INFO -   Epoch [130/237] Loss: 1.3977
2026-04-05 17:48:20,491 - INFO -   Epoch [140/237] Loss: 1.4399
2026-04-05 17:48:21,317 - INFO -   Epoch [150/237] Loss: 1.1289
2026-04-05 17:48:22,154 - INFO -   Epoch [160/237] Loss: 1.2556
2026-04-05 17:48:22,995 - INFO -   Epoch [170/237] Loss: 1.0402
2026-04-05 17:48:23,797 - INFO -   Epoch [180/237] Loss: 0.9160
2026-04-05 17:48:24,602 - INFO -   Epoch [190/237] Loss: 1.2991
2026-04-05 17:48:25,435 - INFO -   Epoch [200/237] Loss: 1.3292
2026-04-05 17:48:26,282 - INFO -   Epoch [210/237] Loss: 1.3734
2026-04-05 17:48:27,154 - INFO -   Epoch [220/237] Loss: 1.0936
2026-04-05 17:48:28,050 - INFO -   Epoch [230/237] Loss: 1.1557
2026-04-05 17:48:30,741 - INFO -   Train Loss: 1.3035
2026-04-05 17:48:30,741 - INFO -   Train Accuracy: 47.23%
2026-04-05 17:48:30,741 - INFO -   Val Loss: 1.2391
2026-04-05 17:48:30,741 - INFO -   Val Accuracy: 49.38% | F1: 0.5047
2026-04-05 17:48:30,741 - INFO -   LR: 0.000006
2026-04-05 17:48:30,741 - INFO -   Patience: 19/30
2026-04-05 17:48:30,742 - INFO - 
Epoch 41/300
2026-04-05 17:48:31,556 - INFO -   Epoch [10/237] Loss: 1.0169
2026-04-05 17:48:32,388 - INFO -   Epoch [20/237] Loss: 1.4423
2026-04-05 17:48:33,234 - INFO -   Epoch [30/237] Loss: 1.2130
2026-04-05 17:48:34,076 - INFO -   Epoch [40/237] Loss: 1.3115
2026-04-05 17:48:34,882 - INFO -   Epoch [50/237] Loss: 1.5950
2026-04-05 17:48:35,706 - INFO -   Epoch [60/237] Loss: 1.1157
2026-04-05 17:48:36,519 - INFO -   Epoch [70/237] Loss: 1.2798
2026-04-05 17:48:37,330 - INFO -   Epoch [80/237] Loss: 1.1947
2026-04-05 17:48:38,146 - INFO -   Epoch [90/237] Loss: 1.3044
2026-04-05 17:48:38,968 - INFO -   Epoch [100/237] Loss: 1.1276
2026-04-05 17:48:39,809 - INFO -   Epoch [110/237] Loss: 1.5780
2026-04-05 17:48:40,623 - INFO -   Epoch [120/237] Loss: 1.0662
2026-04-05 17:48:41,447 - INFO -   Epoch [130/237] Loss: 1.3809
2026-04-05 17:48:42,275 - INFO -   Epoch [140/237] Loss: 1.4394
2026-04-05 17:48:43,086 - INFO -   Epoch [150/237] Loss: 1.6117
2026-04-05 17:48:43,899 - INFO -   Epoch [160/237] Loss: 1.5401
2026-04-05 17:48:44,711 - INFO -   Epoch [170/237] Loss: 1.0132
2026-04-05 17:48:45,529 - INFO -   Epoch [180/237] Loss: 0.8462
2026-04-05 17:48:46,337 - INFO -   Epoch [190/237] Loss: 0.7823
2026-04-05 17:48:47,144 - INFO -   Epoch [200/237] Loss: 0.8023
2026-04-05 17:48:47,973 - INFO -   Epoch [210/237] Loss: 1.6871
2026-04-05 17:48:48,795 - INFO -   Epoch [220/237] Loss: 1.2632
2026-04-05 17:48:49,636 - INFO -   Epoch [230/237] Loss: 1.4272
2026-04-05 17:48:52,211 - INFO -   Train Loss: 1.3029
2026-04-05 17:48:52,211 - INFO -   Train Accuracy: 48.29%
2026-04-05 17:48:52,211 - INFO -   Val Loss: 1.2334
2026-04-05 17:48:52,211 - INFO -   Val Accuracy: 49.63% | F1: 0.5068
2026-04-05 17:48:52,211 - INFO -   LR: 0.000006
2026-04-05 17:48:52,211 - INFO -   Patience: 20/30
2026-04-05 17:48:52,211 - INFO - 
Epoch 42/300
2026-04-05 17:48:53,034 - INFO -   Epoch [10/237] Loss: 1.0840
2026-04-05 17:48:53,851 - INFO -   Epoch [20/237] Loss: 1.0515
2026-04-05 17:48:54,694 - INFO -   Epoch [30/237] Loss: 1.5348
2026-04-05 17:48:55,524 - INFO -   Epoch [40/237] Loss: 1.4027
2026-04-05 17:48:56,370 - INFO -   Epoch [50/237] Loss: 1.7845
2026-04-05 17:48:57,191 - INFO -   Epoch [60/237] Loss: 1.4605
2026-04-05 17:48:58,017 - INFO -   Epoch [70/237] Loss: 1.5031
2026-04-05 17:48:58,847 - INFO -   Epoch [80/237] Loss: 1.3013
2026-04-05 17:48:59,712 - INFO -   Epoch [90/237] Loss: 1.4141
2026-04-05 17:49:00,549 - INFO -   Epoch [100/237] Loss: 1.2900
2026-04-05 17:49:01,366 - INFO -   Epoch [110/237] Loss: 1.3297
2026-04-05 17:49:02,235 - INFO -   Epoch [120/237] Loss: 1.2349
2026-04-05 17:49:03,048 - INFO -   Epoch [130/237] Loss: 2.0146
2026-04-05 17:49:03,852 - INFO -   Epoch [140/237] Loss: 1.6358
2026-04-05 17:49:04,654 - INFO -   Epoch [150/237] Loss: 1.4101
2026-04-05 17:49:05,463 - INFO -   Epoch [160/237] Loss: 1.1414
2026-04-05 17:49:06,278 - INFO -   Epoch [170/237] Loss: 1.4299
2026-04-05 17:49:07,104 - INFO -   Epoch [180/237] Loss: 1.0985
2026-04-05 17:49:07,943 - INFO -   Epoch [190/237] Loss: 1.0683
2026-04-05 17:49:08,780 - INFO -   Epoch [200/237] Loss: 1.4315
2026-04-05 17:49:09,600 - INFO -   Epoch [210/237] Loss: 1.6505
2026-04-05 17:49:10,426 - INFO -   Epoch [220/237] Loss: 1.6541
2026-04-05 17:49:11,251 - INFO -   Epoch [230/237] Loss: 1.0232
2026-04-05 17:49:14,045 - INFO -   Train Loss: 1.3099
2026-04-05 17:49:14,045 - INFO -   Train Accuracy: 47.23%
2026-04-05 17:49:14,045 - INFO -   Val Loss: 1.2358
2026-04-05 17:49:14,045 - INFO -   Val Accuracy: 49.14% | F1: 0.5021
2026-04-05 17:49:14,045 - INFO -   LR: 0.000006
2026-04-05 17:49:14,046 - INFO -   Patience: 21/30
2026-04-05 17:49:14,046 - INFO - 
Epoch 43/300
2026-04-05 17:49:14,886 - INFO -   Epoch [10/237] Loss: 1.4993
2026-04-05 17:49:15,707 - INFO -   Epoch [20/237] Loss: 1.3856
2026-04-05 17:49:16,518 - INFO -   Epoch [30/237] Loss: 1.2923
2026-04-05 17:49:17,338 - INFO -   Epoch [40/237] Loss: 1.3278
2026-04-05 17:49:18,164 - INFO -   Epoch [50/237] Loss: 1.6350
2026-04-05 17:49:18,982 - INFO -   Epoch [60/237] Loss: 1.2616
2026-04-05 17:49:19,801 - INFO -   Epoch [70/237] Loss: 0.9140
2026-04-05 17:49:20,698 - INFO -   Epoch [80/237] Loss: 1.5256
2026-04-05 17:49:21,542 - INFO -   Epoch [90/237] Loss: 1.5296
2026-04-05 17:49:22,372 - INFO -   Epoch [100/237] Loss: 0.9584
2026-04-05 17:49:23,205 - INFO -   Epoch [110/237] Loss: 1.2422
2026-04-05 17:49:24,045 - INFO -   Epoch [120/237] Loss: 1.2214
2026-04-05 17:49:24,844 - INFO -   Epoch [130/237] Loss: 1.3981
2026-04-05 17:49:25,670 - INFO -   Epoch [140/237] Loss: 1.4240
2026-04-05 17:49:26,512 - INFO -   Epoch [150/237] Loss: 1.0204
2026-04-05 17:49:27,346 - INFO -   Epoch [160/237] Loss: 1.4173
2026-04-05 17:49:28,159 - INFO -   Epoch [170/237] Loss: 1.3096
2026-04-05 17:49:29,003 - INFO -   Epoch [180/237] Loss: 1.2035
2026-04-05 17:49:29,852 - INFO -   Epoch [190/237] Loss: 1.4712
2026-04-05 17:49:30,674 - INFO -   Epoch [200/237] Loss: 0.9335
2026-04-05 17:49:31,549 - INFO -   Epoch [210/237] Loss: 1.5719
2026-04-05 17:49:32,367 - INFO -   Epoch [220/237] Loss: 1.5329
2026-04-05 17:49:33,185 - INFO -   Epoch [230/237] Loss: 1.0369
2026-04-05 17:49:35,815 - INFO -   Train Loss: 1.3136
2026-04-05 17:49:35,815 - INFO -   Train Accuracy: 47.72%
2026-04-05 17:49:35,815 - INFO -   Val Loss: 1.2365
2026-04-05 17:49:35,815 - INFO -   Val Accuracy: 48.89% | F1: 0.4987
2026-04-05 17:49:35,815 - INFO -   LR: 0.000006
2026-04-05 17:49:35,815 - INFO -   Patience: 22/30
2026-04-05 17:49:35,815 - INFO - 
Epoch 44/300
2026-04-05 17:49:36,647 - INFO -   Epoch [10/237] Loss: 1.3742
2026-04-05 17:49:37,477 - INFO -   Epoch [20/237] Loss: 1.2912
2026-04-05 17:49:38,314 - INFO -   Epoch [30/237] Loss: 1.3828
2026-04-05 17:49:39,142 - INFO -   Epoch [40/237] Loss: 1.7392
2026-04-05 17:49:39,982 - INFO -   Epoch [50/237] Loss: 1.1351
2026-04-05 17:49:40,834 - INFO -   Epoch [60/237] Loss: 1.0341
2026-04-05 17:49:41,700 - INFO -   Epoch [70/237] Loss: 1.4668
2026-04-05 17:49:42,538 - INFO -   Epoch [80/237] Loss: 1.2337
2026-04-05 17:49:43,362 - INFO -   Epoch [90/237] Loss: 0.9492
2026-04-05 17:49:44,157 - INFO -   Epoch [100/237] Loss: 1.1622
2026-04-05 17:49:44,987 - INFO -   Epoch [110/237] Loss: 1.6330
2026-04-05 17:49:45,806 - INFO -   Epoch [120/237] Loss: 1.1265
2026-04-05 17:49:46,640 - INFO -   Epoch [130/237] Loss: 1.5444
2026-04-05 17:49:47,531 - INFO -   Epoch [140/237] Loss: 0.8807
2026-04-05 17:49:48,388 - INFO -   Epoch [150/237] Loss: 1.1359
2026-04-05 17:49:49,199 - INFO -   Epoch [160/237] Loss: 1.3568
2026-04-05 17:49:50,014 - INFO -   Epoch [170/237] Loss: 1.1397
2026-04-05 17:49:50,846 - INFO -   Epoch [180/237] Loss: 1.4206
2026-04-05 17:49:51,646 - INFO -   Epoch [190/237] Loss: 1.1167
2026-04-05 17:49:52,455 - INFO -   Epoch [200/237] Loss: 1.6163
2026-04-05 17:49:53,271 - INFO -   Epoch [210/237] Loss: 1.5824
2026-04-05 17:49:54,125 - INFO -   Epoch [220/237] Loss: 1.4565
2026-04-05 17:49:54,951 - INFO -   Epoch [230/237] Loss: 1.3605
2026-04-05 17:49:57,533 - INFO -   Train Loss: 1.3103
2026-04-05 17:49:57,533 - INFO -   Train Accuracy: 46.70%
2026-04-05 17:49:57,533 - INFO -   Val Loss: 1.2357
2026-04-05 17:49:57,533 - INFO -   Val Accuracy: 49.14% | F1: 0.5023
2026-04-05 17:49:57,533 - INFO -   LR: 0.000006
2026-04-05 17:49:57,534 - INFO -   Patience: 23/30
2026-04-05 17:49:57,534 - INFO - 
Epoch 45/300
2026-04-05 17:49:58,364 - INFO -   Epoch [10/237] Loss: 0.9460
2026-04-05 17:49:59,215 - INFO -   Epoch [20/237] Loss: 1.1602
2026-04-05 17:50:00,033 - INFO -   Epoch [30/237] Loss: 0.9723
2026-04-05 17:50:00,851 - INFO -   Epoch [40/237] Loss: 1.5462
2026-04-05 17:50:01,673 - INFO -   Epoch [50/237] Loss: 1.8208
2026-04-05 17:50:02,504 - INFO -   Epoch [60/237] Loss: 1.2414
2026-04-05 17:50:03,315 - INFO -   Epoch [70/237] Loss: 1.6574
2026-04-05 17:50:04,137 - INFO -   Epoch [80/237] Loss: 1.2232
2026-04-05 17:50:04,953 - INFO -   Epoch [90/237] Loss: 1.1004
2026-04-05 17:50:05,768 - INFO -   Epoch [100/237] Loss: 1.7030
2026-04-05 17:50:06,567 - INFO -   Epoch [110/237] Loss: 0.9472
2026-04-05 17:50:07,387 - INFO -   Epoch [120/237] Loss: 1.5550
2026-04-05 17:50:08,210 - INFO -   Epoch [130/237] Loss: 1.0034
2026-04-05 17:50:09,034 - INFO -   Epoch [140/237] Loss: 1.4144
2026-04-05 17:50:09,833 - INFO -   Epoch [150/237] Loss: 1.2783
2026-04-05 17:50:10,652 - INFO -   Epoch [160/237] Loss: 1.0961
2026-04-05 17:50:11,462 - INFO -   Epoch [170/237] Loss: 1.3407
2026-04-05 17:50:12,292 - INFO -   Epoch [180/237] Loss: 1.1608
2026-04-05 17:50:13,113 - INFO -   Epoch [190/237] Loss: 1.0574
2026-04-05 17:50:13,946 - INFO -   Epoch [200/237] Loss: 1.4724
2026-04-05 17:50:14,823 - INFO -   Epoch [210/237] Loss: 1.2516
2026-04-05 17:50:15,718 - INFO -   Epoch [220/237] Loss: 2.1762
2026-04-05 17:50:16,612 - INFO -   Epoch [230/237] Loss: 1.3196
2026-04-05 17:50:19,231 - INFO -   Train Loss: 1.3178
2026-04-05 17:50:19,231 - INFO -   Train Accuracy: 46.77%
2026-04-05 17:50:19,231 - INFO -   Val Loss: 1.2356
2026-04-05 17:50:19,231 - INFO -   Val Accuracy: 49.63% | F1: 0.5075
2026-04-05 17:50:19,231 - INFO -   LR: 0.000006
2026-04-05 17:50:19,231 - INFO -   Patience: 24/30
2026-04-05 17:50:19,231 - INFO - 
Epoch 46/300
2026-04-05 17:50:20,070 - INFO -   Epoch [10/237] Loss: 1.0571
2026-04-05 17:50:20,908 - INFO -   Epoch [20/237] Loss: 1.5538
2026-04-05 17:50:21,731 - INFO -   Epoch [30/237] Loss: 2.0264
2026-04-05 17:50:22,553 - INFO -   Epoch [40/237] Loss: 1.9400
2026-04-05 17:50:23,399 - INFO -   Epoch [50/237] Loss: 0.9937
2026-04-05 17:50:24,231 - INFO -   Epoch [60/237] Loss: 1.0929
2026-04-05 17:50:25,074 - INFO -   Epoch [70/237] Loss: 1.1474
2026-04-05 17:50:25,926 - INFO -   Epoch [80/237] Loss: 1.2914
2026-04-05 17:50:26,803 - INFO -   Epoch [90/237] Loss: 1.3993
2026-04-05 17:50:27,658 - INFO -   Epoch [100/237] Loss: 1.3024
2026-04-05 17:50:28,525 - INFO -   Epoch [110/237] Loss: 1.1033
2026-04-05 17:50:29,412 - INFO -   Epoch [120/237] Loss: 1.2630
2026-04-05 17:50:30,294 - INFO -   Epoch [130/237] Loss: 1.3892
2026-04-05 17:50:31,114 - INFO -   Epoch [140/237] Loss: 1.0032
2026-04-05 17:50:31,925 - INFO -   Epoch [150/237] Loss: 1.0121
2026-04-05 17:50:32,748 - INFO -   Epoch [160/237] Loss: 1.3301
2026-04-05 17:50:33,581 - INFO -   Epoch [170/237] Loss: 0.8669
2026-04-05 17:50:34,409 - INFO -   Epoch [180/237] Loss: 1.1349
2026-04-05 17:50:35,232 - INFO -   Epoch [190/237] Loss: 1.0660
2026-04-05 17:50:36,055 - INFO -   Epoch [200/237] Loss: 1.3828
2026-04-05 17:50:36,876 - INFO -   Epoch [210/237] Loss: 1.1159
2026-04-05 17:50:37,788 - INFO -   Epoch [220/237] Loss: 1.2265
2026-04-05 17:50:38,605 - INFO -   Epoch [230/237] Loss: 1.5389
2026-04-05 17:50:41,181 - INFO -   Train Loss: 1.2982
2026-04-05 17:50:41,181 - INFO -   Train Accuracy: 48.47%
2026-04-05 17:50:41,181 - INFO -   Val Loss: 1.2346
2026-04-05 17:50:41,181 - INFO -   Val Accuracy: 50.12% | F1: 0.5130
2026-04-05 17:50:41,181 - INFO -   LR: 0.000003
2026-04-05 17:50:41,181 - INFO -   Patience: 25/30
2026-04-05 17:50:41,181 - INFO - 
Epoch 47/300
2026-04-05 17:50:42,014 - INFO -   Epoch [10/237] Loss: 1.4896
2026-04-05 17:50:42,828 - INFO -   Epoch [20/237] Loss: 1.1151
2026-04-05 17:50:43,623 - INFO -   Epoch [30/237] Loss: 1.0074
2026-04-05 17:50:44,443 - INFO -   Epoch [40/237] Loss: 1.4822
2026-04-05 17:50:45,312 - INFO -   Epoch [50/237] Loss: 1.4519
2026-04-05 17:50:46,129 - INFO -   Epoch [60/237] Loss: 0.9023
2026-04-05 17:50:46,934 - INFO -   Epoch [70/237] Loss: 1.1500
2026-04-05 17:50:47,738 - INFO -   Epoch [80/237] Loss: 1.1183
2026-04-05 17:50:48,547 - INFO -   Epoch [90/237] Loss: 1.3839
2026-04-05 17:50:49,387 - INFO -   Epoch [100/237] Loss: 1.2175
2026-04-05 17:50:50,245 - INFO -   Epoch [110/237] Loss: 1.0709
2026-04-05 17:50:51,060 - INFO -   Epoch [120/237] Loss: 1.2950
2026-04-05 17:50:52,001 - INFO -   Epoch [130/237] Loss: 1.4790
2026-04-05 17:50:52,824 - INFO -   Epoch [140/237] Loss: 1.5364
2026-04-05 17:50:53,608 - INFO -   Epoch [150/237] Loss: 1.2718
2026-04-05 17:50:54,420 - INFO -   Epoch [160/237] Loss: 1.1204
2026-04-05 17:50:55,190 - INFO -   Epoch [170/237] Loss: 1.7719
2026-04-05 17:50:56,014 - INFO -   Epoch [180/237] Loss: 1.0881
2026-04-05 17:50:56,891 - INFO -   Epoch [190/237] Loss: 1.3479
2026-04-05 17:50:57,780 - INFO -   Epoch [200/237] Loss: 1.4270
2026-04-05 17:50:58,675 - INFO -   Epoch [210/237] Loss: 1.6301
2026-04-05 17:50:59,573 - INFO -   Epoch [220/237] Loss: 1.6685
2026-04-05 17:51:00,459 - INFO -   Epoch [230/237] Loss: 1.0302
2026-04-05 17:51:03,318 - INFO -   Train Loss: 1.3033
2026-04-05 17:51:03,318 - INFO -   Train Accuracy: 47.83%
2026-04-05 17:51:03,318 - INFO -   Val Loss: 1.2354
2026-04-05 17:51:03,318 - INFO -   Val Accuracy: 50.12% | F1: 0.5131
2026-04-05 17:51:03,318 - INFO -   LR: 0.000003
2026-04-05 17:51:03,318 - INFO -   Patience: 26/30
2026-04-05 17:51:03,319 - INFO - 
Epoch 48/300
2026-04-05 17:51:04,168 - INFO -   Epoch [10/237] Loss: 1.1615
2026-04-05 17:51:04,941 - INFO -   Epoch [20/237] Loss: 1.5136
2026-04-05 17:51:05,709 - INFO -   Epoch [30/237] Loss: 1.4862
2026-04-05 17:51:06,487 - INFO -   Epoch [40/237] Loss: 1.3639
2026-04-05 17:51:07,251 - INFO -   Epoch [50/237] Loss: 1.2125
2026-04-05 17:51:08,024 - INFO -   Epoch [60/237] Loss: 1.5381
2026-04-05 17:51:08,774 - INFO -   Epoch [70/237] Loss: 1.0138
2026-04-05 17:51:09,549 - INFO -   Epoch [80/237] Loss: 1.4403
2026-04-05 17:51:10,339 - INFO -   Epoch [90/237] Loss: 1.3459
2026-04-05 17:51:11,107 - INFO -   Epoch [100/237] Loss: 1.3244
2026-04-05 17:51:11,851 - INFO -   Epoch [110/237] Loss: 1.3105
2026-04-05 17:51:12,613 - INFO -   Epoch [120/237] Loss: 1.9868
2026-04-05 17:51:13,374 - INFO -   Epoch [130/237] Loss: 1.1220
2026-04-05 17:51:14,189 - INFO -   Epoch [140/237] Loss: 1.5175
2026-04-05 17:51:14,962 - INFO -   Epoch [150/237] Loss: 1.5830
2026-04-05 17:51:15,724 - INFO -   Epoch [160/237] Loss: 1.4148
2026-04-05 17:51:16,480 - INFO -   Epoch [170/237] Loss: 1.3391
2026-04-05 17:51:17,250 - INFO -   Epoch [180/237] Loss: 1.1340
2026-04-05 17:51:18,054 - INFO -   Epoch [190/237] Loss: 1.1485
2026-04-05 17:51:18,890 - INFO -   Epoch [200/237] Loss: 1.2323
2026-04-05 17:51:19,726 - INFO -   Epoch [210/237] Loss: 1.3456
2026-04-05 17:51:20,512 - INFO -   Epoch [220/237] Loss: 0.9920
2026-04-05 17:51:21,264 - INFO -   Epoch [230/237] Loss: 0.8853
2026-04-05 17:51:23,595 - INFO -   Train Loss: 1.3259
2026-04-05 17:51:23,595 - INFO -   Train Accuracy: 46.46%
2026-04-05 17:51:23,595 - INFO -   Val Loss: 1.2319
2026-04-05 17:51:23,595 - INFO -   Val Accuracy: 50.12% | F1: 0.5131
2026-04-05 17:51:23,595 - INFO -   LR: 0.000003
2026-04-05 17:51:23,595 - INFO -   Patience: 27/30
2026-04-05 17:51:23,595 - INFO - 
Epoch 49/300
2026-04-05 17:51:24,349 - INFO -   Epoch [10/237] Loss: 1.2402
2026-04-05 17:51:25,129 - INFO -   Epoch [20/237] Loss: 1.1003
2026-04-05 17:51:25,890 - INFO -   Epoch [30/237] Loss: 1.2213
2026-04-05 17:51:26,725 - INFO -   Epoch [40/237] Loss: 1.5778
2026-04-05 17:51:27,504 - INFO -   Epoch [50/237] Loss: 1.4651
2026-04-05 17:51:28,293 - INFO -   Epoch [60/237] Loss: 1.2672
2026-04-05 17:51:29,043 - INFO -   Epoch [70/237] Loss: 1.6661
2026-04-05 17:51:29,801 - INFO -   Epoch [80/237] Loss: 1.6598
2026-04-05 17:51:30,568 - INFO -   Epoch [90/237] Loss: 0.7009
2026-04-05 17:51:31,345 - INFO -   Epoch [100/237] Loss: 1.2432
2026-04-05 17:51:32,135 - INFO -   Epoch [110/237] Loss: 2.0143
2026-04-05 17:51:32,875 - INFO -   Epoch [120/237] Loss: 1.4856
2026-04-05 17:51:33,630 - INFO -   Epoch [130/237] Loss: 1.6936
2026-04-05 17:51:34,389 - INFO -   Epoch [140/237] Loss: 1.1791
2026-04-05 17:51:35,250 - INFO -   Epoch [150/237] Loss: 1.1632
2026-04-05 17:51:36,016 - INFO -   Epoch [160/237] Loss: 1.7831
2026-04-05 17:51:36,786 - INFO -   Epoch [170/237] Loss: 1.6061
2026-04-05 17:51:37,565 - INFO -   Epoch [180/237] Loss: 1.4450
2026-04-05 17:51:38,340 - INFO -   Epoch [190/237] Loss: 1.1672
2026-04-05 17:51:39,130 - INFO -   Epoch [200/237] Loss: 1.2741
2026-04-05 17:51:39,924 - INFO -   Epoch [210/237] Loss: 1.5092
2026-04-05 17:51:40,714 - INFO -   Epoch [220/237] Loss: 1.4523
2026-04-05 17:51:41,504 - INFO -   Epoch [230/237] Loss: 1.3181
2026-04-05 17:51:44,042 - INFO -   Train Loss: 1.3029
2026-04-05 17:51:44,042 - INFO -   Train Accuracy: 47.48%
2026-04-05 17:51:44,042 - INFO -   Val Loss: 1.2314
2026-04-05 17:51:44,042 - INFO -   Val Accuracy: 50.37% | F1: 0.5152
2026-04-05 17:51:44,042 - INFO -   LR: 0.000003
2026-04-05 17:51:44,042 - INFO -   Patience: 28/30
2026-04-05 17:51:44,042 - INFO - 
Epoch 50/300
2026-04-05 17:51:44,877 - INFO -   Epoch [10/237] Loss: 1.2193
2026-04-05 17:51:45,670 - INFO -   Epoch [20/237] Loss: 1.5228
2026-04-05 17:51:46,443 - INFO -   Epoch [30/237] Loss: 1.1759
2026-04-05 17:51:47,223 - INFO -   Epoch [40/237] Loss: 1.0529
2026-04-05 17:51:48,034 - INFO -   Epoch [50/237] Loss: 1.2733
2026-04-05 17:51:48,871 - INFO -   Epoch [60/237] Loss: 1.5852
2026-04-05 17:51:49,646 - INFO -   Epoch [70/237] Loss: 1.2769
2026-04-05 17:51:50,429 - INFO -   Epoch [80/237] Loss: 0.9888
2026-04-05 17:51:51,207 - INFO -   Epoch [90/237] Loss: 1.5711
2026-04-05 17:51:51,989 - INFO -   Epoch [100/237] Loss: 1.1653
2026-04-05 17:51:52,756 - INFO -   Epoch [110/237] Loss: 1.3036
2026-04-05 17:51:53,536 - INFO -   Epoch [120/237] Loss: 1.0684
2026-04-05 17:51:54,303 - INFO -   Epoch [130/237] Loss: 1.3524
2026-04-05 17:51:55,078 - INFO -   Epoch [140/237] Loss: 0.9892
2026-04-05 17:51:55,839 - INFO -   Epoch [150/237] Loss: 1.1668
2026-04-05 17:51:56,621 - INFO -   Epoch [160/237] Loss: 1.7606
2026-04-05 17:51:57,411 - INFO -   Epoch [170/237] Loss: 1.4920
2026-04-05 17:51:58,193 - INFO -   Epoch [180/237] Loss: 1.3034
2026-04-05 17:51:58,963 - INFO -   Epoch [190/237] Loss: 0.9287
2026-04-05 17:51:59,739 - INFO -   Epoch [200/237] Loss: 1.9899
2026-04-05 17:52:00,519 - INFO -   Epoch [210/237] Loss: 1.7137
2026-04-05 17:52:01,298 - INFO -   Epoch [220/237] Loss: 1.4988
2026-04-05 17:52:02,063 - INFO -   Epoch [230/237] Loss: 1.3552
2026-04-05 17:52:04,408 - INFO -   Train Loss: 1.3143
2026-04-05 17:52:04,408 - INFO -   Train Accuracy: 47.02%
2026-04-05 17:52:04,408 - INFO -   Val Loss: 1.2312
2026-04-05 17:52:04,408 - INFO -   Val Accuracy: 50.62% | F1: 0.5177
2026-04-05 17:52:04,408 - INFO -   LR: 0.000003
2026-04-05 17:52:04,408 - INFO -   Patience: 29/30
2026-04-05 17:52:04,408 - INFO - 
Epoch 51/300
2026-04-05 17:52:05,191 - INFO -   Epoch [10/237] Loss: 1.3115
2026-04-05 17:52:05,972 - INFO -   Epoch [20/237] Loss: 1.7222
2026-04-05 17:52:06,740 - INFO -   Epoch [30/237] Loss: 1.5973
2026-04-05 17:52:07,532 - INFO -   Epoch [40/237] Loss: 1.1442
2026-04-05 17:52:08,377 - INFO -   Epoch [50/237] Loss: 1.6498
2026-04-05 17:52:09,379 - INFO -   Epoch [60/237] Loss: 1.3133
2026-04-05 17:52:10,192 - INFO -   Epoch [70/237] Loss: 1.0996
2026-04-05 17:52:10,989 - INFO -   Epoch [80/237] Loss: 1.2968
2026-04-05 17:52:11,761 - INFO -   Epoch [90/237] Loss: 0.9813
2026-04-05 17:52:12,594 - INFO -   Epoch [100/237] Loss: 0.9556
2026-04-05 17:52:13,374 - INFO -   Epoch [110/237] Loss: 1.2771
2026-04-05 17:52:14,217 - INFO -   Epoch [120/237] Loss: 1.4419
2026-04-05 17:52:15,040 - INFO -   Epoch [130/237] Loss: 1.3841
2026-04-05 17:52:15,818 - INFO -   Epoch [140/237] Loss: 1.3004
2026-04-05 17:52:16,596 - INFO -   Epoch [150/237] Loss: 1.5417
2026-04-05 17:52:17,367 - INFO -   Epoch [160/237] Loss: 1.4808
2026-04-05 17:52:18,137 - INFO -   Epoch [170/237] Loss: 1.2924
2026-04-05 17:52:18,905 - INFO -   Epoch [180/237] Loss: 1.7901
2026-04-05 17:52:19,722 - INFO -   Epoch [190/237] Loss: 1.5278
2026-04-05 17:52:20,551 - INFO -   Epoch [200/237] Loss: 1.2554
2026-04-05 17:52:21,312 - INFO -   Epoch [210/237] Loss: 1.4311
2026-04-05 17:52:22,102 - INFO -   Epoch [220/237] Loss: 1.3490
2026-04-05 17:52:22,875 - INFO -   Epoch [230/237] Loss: 1.3979
2026-04-05 17:52:25,236 - INFO -   Train Loss: 1.3201
2026-04-05 17:52:25,236 - INFO -   Train Accuracy: 47.44%
2026-04-05 17:52:25,236 - INFO -   Val Loss: 1.2304
2026-04-05 17:52:25,236 - INFO -   Val Accuracy: 49.88% | F1: 0.5101
2026-04-05 17:52:25,236 - INFO -   LR: 0.000003
2026-04-05 17:52:25,236 - INFO -   Patience: 30/30
2026-04-05 17:52:25,236 - INFO - 
✓ Early stopping at epoch 51
2026-04-05 17:52:25,236 - INFO - 
✓ Training completed!
2026-04-05 17:52:25,236 - INFO -   Best Accuracy: 50.62%
2026-04-05 17:52:25,237 - INFO - 
================================================================================
2026-04-05 17:52:25,237 - INFO - Step 7: Testing
2026-04-05 17:52:25,237 - INFO - ================================================================================
/workspace/Graph_Deep_Learning/20251001-PRD_18-21-24-mobility_change_pattern/analysis/PRD-Mobility-Change-Pattern/train_multiscale_temporal.py:930: FutureWarning: You are using `torch.load` with `weights_only=False` (the current default value), which uses the default pickle module implicitly. It is possible to construct malicious pickle data which will execute arbitrary code during unpickling (See https://github.com/pytorch/pytorch/blob/main/SECURITY.md#untrusted-models for more details). In a future release, the default value for `weights_only` will be flipped to `True`. This limits the functions that could be executed during unpickling. Arbitrary objects will no longer be allowed to be loaded via this mode unless they are explicitly allowlisted by the user via `torch.serialization.add_safe_globals`. We recommend you start setting `weights_only=True` for any use case where you don't have full control of the loaded file. Please open an issue on GitHub for any issues related to this experimental feature.
  checkpoint = torch.load(f"{output_dir}/models/best_model.pth")
2026-04-05 17:52:25,317 - INFO - ✓ Loaded best model from epoch 21
2026-04-05 17:52:28,971 - INFO - 
Test Results:
2026-04-05 17:52:28,971 - INFO -   - Accuracy: 53.33%
2026-04-05 17:52:28,971 - INFO -   - F1 Score: 0.5272
2026-04-05 17:52:28,972 - INFO -   - Kappa: 0.4746
2026-04-05 17:52:28,981 - INFO - 
✓ All results saved to outputs/multiscale_temporal_20260405_173355_labels_sgh_entropy_0.05_per_450_ablation_B2_temporal_only/metrics/
2026-04-05 17:52:28,981 - INFO -   - test_results.json
2026-04-05 17:52:28,981 - INFO -   - classification_report.txt
2026-04-05 17:52:28,981 - INFO -   - confusion_matrix.npy
2026-04-05 17:52:28,981 - INFO - 
================================================================================
2026-04-05 17:52:28,981 - INFO - Training Time Statistics
2026-04-05 17:52:28,981 - INFO - ================================================================================
2026-04-05 17:52:28,981 - INFO - Start time:    2026-04-05 17:33:55
2026-04-05 17:52:28,981 - INFO - End time:      2026-04-05 17:52:28
2026-04-05 17:52:28,981 - INFO - Total time:    00:18:33 (1113.90 seconds)
2026-04-05 17:52:28,982 - INFO -                (18.56 minutes, 0.31 hours)
2026-04-05 17:52:28,982 - INFO - ================================================================================
2026-04-05 17:52:28,982 - INFO - ✓ Timing info saved to outputs/multiscale_temporal_20260405_173355_labels_sgh_entropy_0.05_per_450_ablation_B2_temporal_only/metrics/timing_info.json
2026-04-05 17:52:28,982 - INFO - ================================================================================
