2026-02-23 16:16:14,100 - INFO - Output directory: outputs/shenzhen_pure_graph_20260223_161614
2026-02-23 16:16:14,100 - INFO - Log file: outputs/shenzhen_pure_graph_20260223_161614/training.log
2026-02-23 16:16:14,100 - INFO - 
================================================================================
2026-02-23 16:16:14,100 - INFO - Step 1: Loading data
2026-02-23 16:16:14,100 - INFO - ================================================================================
2026-02-23 16:32:33,842 - INFO - ✓ Data loaded successfully
2026-02-23 16:32:33,842 - INFO -   - Total grids: 4000
2026-02-23 16:32:33,842 - INFO -   - Feature shape: (7, 2)
2026-02-23 16:32:33,842 - INFO -   - Graph 2021 edges: 33776
2026-02-23 16:32:33,842 - INFO -   - Graph 2024 edges: 53162
2026-02-23 16:32:33,842 - INFO - 
================================================================================
2026-02-23 16:32:33,842 - INFO - Step 2: Preparing temporal features
2026-02-23 16:32:33,842 - INFO - ================================================================================
2026-02-23 16:32:33,863 - INFO - ✓ Temporal features prepared
2026-02-23 16:32:33,863 - INFO -   - 2021 features: 4000 grids
2026-02-23 16:32:33,863 - INFO -   - 2024 features: 4000 grids
2026-02-23 16:32:33,864 - INFO - 
================================================================================
2026-02-23 16:32:33,864 - INFO - Step 3: Creating dataset
2026-02-23 16:32:33,864 - INFO - ================================================================================
2026-02-23 16:32:33,864 - INFO - ✓ Dataset created: 4000 samples
2026-02-23 16:32:33,864 - INFO -   - Train: 2800 samples
2026-02-23 16:32:33,864 - INFO -   - Val: 400 samples
2026-02-23 16:32:33,864 - INFO -   - Test: 800 samples
2026-02-23 16:32:33,943 - INFO - ✓ Data loaders created
2026-02-23 16:32:33,943 - INFO - 
================================================================================
2026-02-23 16:32:33,943 - INFO - Step 4: Creating model
2026-02-23 16:32:33,943 - INFO - ================================================================================
2026-02-23 16:32:33,943 - INFO - Using device: cuda
2026-02-23 16:32:34,269 - INFO - ✓ Model created
2026-02-23 16:32:34,270 - INFO -   - Total parameters: 1,262,601
2026-02-23 16:32:34,270 - INFO -   - Trainable parameters: 1,262,601
2026-02-23 16:32:34,270 - INFO -   - Model type: Pure Graph-Based Dual-Branch
2026-02-23 16:32:34,270 - INFO -   - Spatial branch: Uses only graph structure (no external node features)
2026-02-23 16:32:34,270 - INFO - 
================================================================================
2026-02-23 16:32:34,270 - INFO - Step 5: Setting up training
2026-02-23 16:32:34,270 - INFO - ================================================================================
2026-02-23 16:32:34,270 - INFO - ✓ Training setup complete
2026-02-23 16:32:34,271 - INFO -   - Optimizer: Adam (lr=0.001, wd=1e-05)
2026-02-23 16:32:34,271 - INFO -   - Scheduler: ReduceLROnPlateau (patience=5)
2026-02-23 16:32:34,271 - INFO -   - Loss: Single 9-class cross-entropy with class weights
2026-02-23 16:32:34,271 - INFO -   - Gradient accumulation: 4 steps
2026-02-23 16:32:34,271 - INFO - 
================================================================================
2026-02-23 16:32:34,271 - INFO - Step 6: Training
2026-02-23 16:32:34,271 - INFO - ================================================================================
2026-02-23 16:32:34,271 - INFO - 
Epoch 1/100
2026-02-23 16:32:35,037 - INFO -   Epoch [10/175] Loss: 2.2891
2026-02-23 16:32:35,478 - INFO -   Epoch [20/175] Loss: 1.6703
2026-02-23 16:32:35,906 - INFO -   Epoch [30/175] Loss: 1.9695
2026-02-23 16:32:36,329 - INFO -   Epoch [40/175] Loss: 1.9048
2026-02-23 16:32:36,757 - INFO -   Epoch [50/175] Loss: 1.8545
2026-02-23 16:32:37,200 - INFO -   Epoch [60/175] Loss: 2.1228
2026-02-23 16:32:37,662 - INFO -   Epoch [70/175] Loss: 2.1143
2026-02-23 16:32:38,132 - INFO -   Epoch [80/175] Loss: 1.7150
2026-02-23 16:32:38,583 - INFO -   Epoch [90/175] Loss: 1.6166
2026-02-23 16:32:39,045 - INFO -   Epoch [100/175] Loss: 1.8598
2026-02-23 16:32:39,485 - INFO -   Epoch [110/175] Loss: 1.6771
2026-02-23 16:32:39,968 - INFO -   Epoch [120/175] Loss: 1.6968
2026-02-23 16:32:40,426 - INFO -   Epoch [130/175] Loss: 1.7837
2026-02-23 16:32:40,866 - INFO -   Epoch [140/175] Loss: 1.8854
2026-02-23 16:32:41,329 - INFO -   Epoch [150/175] Loss: 1.7215
2026-02-23 16:32:41,835 - INFO -   Epoch [160/175] Loss: 1.8316
2026-02-23 16:32:42,296 - INFO -   Epoch [170/175] Loss: 1.7212
2026-02-23 16:32:42,993 - INFO -   Train Loss: 2.0213
2026-02-23 16:32:42,993 - INFO -   Train Accuracy: 18.36%
2026-02-23 16:32:42,993 - INFO -   Val Loss: 2.0071
2026-02-23 16:32:42,993 - INFO -   Val Accuracy: 14.75% | F1: 0.1172
2026-02-23 16:32:42,993 - INFO -   LR: 0.001000
2026-02-23 16:32:43,030 - INFO -   ✓ New best model saved!
2026-02-23 16:32:43,030 - INFO -   Patience: 0/15
2026-02-23 16:32:43,030 - INFO - 
Epoch 2/100
2026-02-23 16:32:43,475 - INFO -   Epoch [10/175] Loss: 1.6234
2026-02-23 16:32:43,955 - INFO -   Epoch [20/175] Loss: 1.8206
2026-02-23 16:32:44,432 - INFO -   Epoch [30/175] Loss: 1.8502
2026-02-23 16:32:44,921 - INFO -   Epoch [40/175] Loss: 1.7101
2026-02-23 16:32:45,342 - INFO -   Epoch [50/175] Loss: 1.8282
2026-02-23 16:32:45,765 - INFO -   Epoch [60/175] Loss: 2.0186
2026-02-23 16:32:46,238 - INFO -   Epoch [70/175] Loss: 1.8345
2026-02-23 16:32:46,732 - INFO -   Epoch [80/175] Loss: 1.6028
2026-02-23 16:32:47,174 - INFO -   Epoch [90/175] Loss: 1.8299
2026-02-23 16:32:47,673 - INFO -   Epoch [100/175] Loss: 1.6483
2026-02-23 16:32:48,142 - INFO -   Epoch [110/175] Loss: 1.5624
2026-02-23 16:32:48,643 - INFO -   Epoch [120/175] Loss: 1.5153
2026-02-23 16:32:49,109 - INFO -   Epoch [130/175] Loss: 2.3981
2026-02-23 16:32:49,574 - INFO -   Epoch [140/175] Loss: 2.1323
2026-02-23 16:32:49,988 - INFO -   Epoch [150/175] Loss: 1.7609
2026-02-23 16:32:50,408 - INFO -   Epoch [160/175] Loss: 1.5764
2026-02-23 16:32:50,828 - INFO -   Epoch [170/175] Loss: 2.1044
2026-02-23 16:32:51,488 - INFO -   Train Loss: 1.8772
2026-02-23 16:32:51,488 - INFO -   Train Accuracy: 24.82%
2026-02-23 16:32:51,488 - INFO -   Val Loss: 1.8078
2026-02-23 16:32:51,488 - INFO -   Val Accuracy: 23.25% | F1: 0.2171
2026-02-23 16:32:51,488 - INFO -   LR: 0.001000
2026-02-23 16:32:51,578 - INFO -   ✓ New best model saved!
2026-02-23 16:32:51,579 - INFO -   Patience: 0/15
2026-02-23 16:32:51,579 - INFO - 
Epoch 3/100
2026-02-23 16:32:52,042 - INFO -   Epoch [10/175] Loss: 1.5784
2026-02-23 16:32:52,498 - INFO -   Epoch [20/175] Loss: 1.2783
2026-02-23 16:32:52,965 - INFO -   Epoch [30/175] Loss: 1.8897
2026-02-23 16:32:53,441 - INFO -   Epoch [40/175] Loss: 1.6151
2026-02-23 16:32:53,905 - INFO -   Epoch [50/175] Loss: 1.4424
2026-02-23 16:32:54,342 - INFO -   Epoch [60/175] Loss: 1.7923
2026-02-23 16:32:54,765 - INFO -   Epoch [70/175] Loss: 2.2864
2026-02-23 16:32:55,197 - INFO -   Epoch [80/175] Loss: 3.3999
2026-02-23 16:32:55,647 - INFO -   Epoch [90/175] Loss: 1.4693
2026-02-23 16:32:56,126 - INFO -   Epoch [100/175] Loss: 1.4976
2026-02-23 16:32:56,597 - INFO -   Epoch [110/175] Loss: 1.5454
2026-02-23 16:32:57,057 - INFO -   Epoch [120/175] Loss: 2.0121
2026-02-23 16:32:57,478 - INFO -   Epoch [130/175] Loss: 1.2909
2026-02-23 16:32:57,904 - INFO -   Epoch [140/175] Loss: 1.6725
2026-02-23 16:32:58,363 - INFO -   Epoch [150/175] Loss: 2.1002
2026-02-23 16:32:58,818 - INFO -   Epoch [160/175] Loss: 2.1927
2026-02-23 16:32:59,269 - INFO -   Epoch [170/175] Loss: 1.0783
2026-02-23 16:32:59,951 - INFO -   Train Loss: 1.7272
2026-02-23 16:32:59,951 - INFO -   Train Accuracy: 27.18%
2026-02-23 16:32:59,951 - INFO -   Val Loss: 1.7267
2026-02-23 16:32:59,951 - INFO -   Val Accuracy: 26.25% | F1: 0.2480
2026-02-23 16:32:59,951 - INFO -   LR: 0.001000
2026-02-23 16:33:00,230 - INFO -   ✓ New best model saved!
2026-02-23 16:33:00,230 - INFO -   Patience: 0/15
2026-02-23 16:33:00,230 - INFO - 
Epoch 4/100
2026-02-23 16:33:00,705 - INFO -   Epoch [10/175] Loss: 1.4822
2026-02-23 16:33:01,164 - INFO -   Epoch [20/175] Loss: 1.9187
2026-02-23 16:33:01,595 - INFO -   Epoch [30/175] Loss: 1.4405
2026-02-23 16:33:02,042 - INFO -   Epoch [40/175] Loss: 1.6147
2026-02-23 16:33:02,519 - INFO -   Epoch [50/175] Loss: 1.7071
2026-02-23 16:33:02,988 - INFO -   Epoch [60/175] Loss: 2.3631
2026-02-23 16:33:03,463 - INFO -   Epoch [70/175] Loss: 1.1608
2026-02-23 16:33:03,922 - INFO -   Epoch [80/175] Loss: 1.4875
2026-02-23 16:33:04,386 - INFO -   Epoch [90/175] Loss: 1.4869
2026-02-23 16:33:04,856 - INFO -   Epoch [100/175] Loss: 1.5240
2026-02-23 16:33:05,331 - INFO -   Epoch [110/175] Loss: 1.8724
2026-02-23 16:33:05,782 - INFO -   Epoch [120/175] Loss: 1.2824
2026-02-23 16:33:06,249 - INFO -   Epoch [130/175] Loss: 1.2806
2026-02-23 16:33:06,726 - INFO -   Epoch [140/175] Loss: 1.6737
2026-02-23 16:33:07,201 - INFO -   Epoch [150/175] Loss: 1.9323
2026-02-23 16:33:07,689 - INFO -   Epoch [160/175] Loss: 1.5675
2026-02-23 16:33:08,174 - INFO -   Epoch [170/175] Loss: 1.1154
2026-02-23 16:33:08,851 - INFO -   Train Loss: 1.7295
2026-02-23 16:33:08,851 - INFO -   Train Accuracy: 28.25%
2026-02-23 16:33:08,851 - INFO -   Val Loss: 1.7778
2026-02-23 16:33:08,851 - INFO -   Val Accuracy: 28.50% | F1: 0.2459
2026-02-23 16:33:08,851 - INFO -   LR: 0.001000
2026-02-23 16:33:09,097 - INFO -   ✓ New best model saved!
2026-02-23 16:33:09,097 - INFO -   Patience: 0/15
2026-02-23 16:33:09,097 - INFO - 
Epoch 5/100
2026-02-23 16:33:09,568 - INFO -   Epoch [10/175] Loss: 1.5674
2026-02-23 16:33:10,045 - INFO -   Epoch [20/175] Loss: 1.2129
2026-02-23 16:33:10,521 - INFO -   Epoch [30/175] Loss: 1.6056
2026-02-23 16:33:10,994 - INFO -   Epoch [40/175] Loss: 2.0361
2026-02-23 16:33:11,469 - INFO -   Epoch [50/175] Loss: 1.5974
2026-02-23 16:33:11,934 - INFO -   Epoch [60/175] Loss: 1.6213
2026-02-23 16:33:12,394 - INFO -   Epoch [70/175] Loss: 1.5488
2026-02-23 16:33:12,835 - INFO -   Epoch [80/175] Loss: 1.6569
2026-02-23 16:33:13,289 - INFO -   Epoch [90/175] Loss: 1.2653
2026-02-23 16:33:13,759 - INFO -   Epoch [100/175] Loss: 1.6068
2026-02-23 16:33:14,235 - INFO -   Epoch [110/175] Loss: 1.6462
2026-02-23 16:33:14,714 - INFO -   Epoch [120/175] Loss: 1.2339
2026-02-23 16:33:15,176 - INFO -   Epoch [130/175] Loss: 1.1634
2026-02-23 16:33:15,634 - INFO -   Epoch [140/175] Loss: 1.8144
2026-02-23 16:33:16,074 - INFO -   Epoch [150/175] Loss: 2.1225
2026-02-23 16:33:16,544 - INFO -   Epoch [160/175] Loss: 1.8708
2026-02-23 16:33:16,998 - INFO -   Epoch [170/175] Loss: 1.6356
2026-02-23 16:33:17,648 - INFO -   Train Loss: 1.6647
2026-02-23 16:33:17,648 - INFO -   Train Accuracy: 29.64%
2026-02-23 16:33:17,648 - INFO -   Val Loss: 1.6967
2026-02-23 16:33:17,648 - INFO -   Val Accuracy: 22.00% | F1: 0.2104
2026-02-23 16:33:17,648 - INFO -   LR: 0.001000
2026-02-23 16:33:17,648 - INFO -   Patience: 1/15
2026-02-23 16:33:17,648 - INFO - 
Epoch 6/100
2026-02-23 16:33:18,089 - INFO -   Epoch [10/175] Loss: 1.5233
2026-02-23 16:33:18,571 - INFO -   Epoch [20/175] Loss: 1.7756
2026-02-23 16:33:19,049 - INFO -   Epoch [30/175] Loss: 1.8376
2026-02-23 16:33:19,524 - INFO -   Epoch [40/175] Loss: 3.4228
2026-02-23 16:33:19,992 - INFO -   Epoch [50/175] Loss: 1.5481
2026-02-23 16:33:20,474 - INFO -   Epoch [60/175] Loss: 1.3787
2026-02-23 16:33:20,938 - INFO -   Epoch [70/175] Loss: 1.7483
2026-02-23 16:33:21,404 - INFO -   Epoch [80/175] Loss: 1.6297
2026-02-23 16:33:21,865 - INFO -   Epoch [90/175] Loss: 1.2933
2026-02-23 16:33:22,337 - INFO -   Epoch [100/175] Loss: 2.1705
2026-02-23 16:33:22,790 - INFO -   Epoch [110/175] Loss: 1.5542
2026-02-23 16:33:23,263 - INFO -   Epoch [120/175] Loss: 1.4127
2026-02-23 16:33:23,751 - INFO -   Epoch [130/175] Loss: 1.1784
2026-02-23 16:33:24,221 - INFO -   Epoch [140/175] Loss: 1.3582
2026-02-23 16:33:24,652 - INFO -   Epoch [150/175] Loss: 1.3960
2026-02-23 16:33:25,130 - INFO -   Epoch [160/175] Loss: 1.2670
2026-02-23 16:33:25,603 - INFO -   Epoch [170/175] Loss: 1.6200
2026-02-23 16:33:26,263 - INFO -   Train Loss: 1.6193
2026-02-23 16:33:26,263 - INFO -   Train Accuracy: 29.89%
2026-02-23 16:33:26,263 - INFO -   Val Loss: 1.7236
2026-02-23 16:33:26,263 - INFO -   Val Accuracy: 30.75% | F1: 0.2529
2026-02-23 16:33:26,263 - INFO -   LR: 0.001000
2026-02-23 16:33:26,484 - INFO -   ✓ New best model saved!
2026-02-23 16:33:26,485 - INFO -   Patience: 0/15
2026-02-23 16:33:26,485 - INFO - 
Epoch 7/100
2026-02-23 16:33:26,964 - INFO -   Epoch [10/175] Loss: 1.5585
2026-02-23 16:33:27,418 - INFO -   Epoch [20/175] Loss: 2.0861
2026-02-23 16:33:27,888 - INFO -   Epoch [30/175] Loss: 1.5567
2026-02-23 16:33:28,326 - INFO -   Epoch [40/175] Loss: 1.4290
2026-02-23 16:33:28,749 - INFO -   Epoch [50/175] Loss: 1.2080
2026-02-23 16:33:29,171 - INFO -   Epoch [60/175] Loss: 2.2462
2026-02-23 16:33:29,596 - INFO -   Epoch [70/175] Loss: 1.4588
2026-02-23 16:33:30,018 - INFO -   Epoch [80/175] Loss: 1.8426
2026-02-23 16:33:30,470 - INFO -   Epoch [90/175] Loss: 1.8092
2026-02-23 16:33:30,959 - INFO -   Epoch [100/175] Loss: 1.7331
2026-02-23 16:33:31,451 - INFO -   Epoch [110/175] Loss: 1.8516
2026-02-23 16:33:31,956 - INFO -   Epoch [120/175] Loss: 1.6671
2026-02-23 16:33:32,441 - INFO -   Epoch [130/175] Loss: 2.3789
2026-02-23 16:33:32,905 - INFO -   Epoch [140/175] Loss: 1.4799
2026-02-23 16:33:33,349 - INFO -   Epoch [150/175] Loss: 1.7157
2026-02-23 16:33:33,816 - INFO -   Epoch [160/175] Loss: 1.6453
2026-02-23 16:33:34,297 - INFO -   Epoch [170/175] Loss: 1.9293
2026-02-23 16:33:34,983 - INFO -   Train Loss: 1.6276
2026-02-23 16:33:34,983 - INFO -   Train Accuracy: 30.32%
2026-02-23 16:33:34,983 - INFO -   Val Loss: 1.6789
2026-02-23 16:33:34,983 - INFO -   Val Accuracy: 23.75% | F1: 0.2107
2026-02-23 16:33:34,983 - INFO -   LR: 0.001000
2026-02-23 16:33:34,984 - INFO -   Patience: 1/15
2026-02-23 16:33:34,984 - INFO - 
Epoch 8/100
2026-02-23 16:33:35,401 - INFO -   Epoch [10/175] Loss: 1.7325
2026-02-23 16:33:35,827 - INFO -   Epoch [20/175] Loss: 1.6481
2026-02-23 16:33:36,247 - INFO -   Epoch [30/175] Loss: 1.8600
2026-02-23 16:33:36,711 - INFO -   Epoch [40/175] Loss: 1.4640
2026-02-23 16:33:37,189 - INFO -   Epoch [50/175] Loss: 1.8506
2026-02-23 16:33:37,639 - INFO -   Epoch [60/175] Loss: 1.0285
2026-02-23 16:33:38,077 - INFO -   Epoch [70/175] Loss: 1.3616
2026-02-23 16:33:38,512 - INFO -   Epoch [80/175] Loss: 1.3390
2026-02-23 16:33:38,939 - INFO -   Epoch [90/175] Loss: 1.7277
2026-02-23 16:33:39,411 - INFO -   Epoch [100/175] Loss: 1.2796
2026-02-23 16:33:39,866 - INFO -   Epoch [110/175] Loss: 1.4736
2026-02-23 16:33:40,360 - INFO -   Epoch [120/175] Loss: 1.4239
2026-02-23 16:33:40,837 - INFO -   Epoch [130/175] Loss: 1.3069
2026-02-23 16:33:41,324 - INFO -   Epoch [140/175] Loss: 1.4942
2026-02-23 16:33:41,788 - INFO -   Epoch [150/175] Loss: 2.1199
2026-02-23 16:33:42,244 - INFO -   Epoch [160/175] Loss: 2.0122
2026-02-23 16:33:42,715 - INFO -   Epoch [170/175] Loss: 1.9424
2026-02-23 16:33:43,413 - INFO -   Train Loss: 1.6190
2026-02-23 16:33:43,413 - INFO -   Train Accuracy: 30.21%
2026-02-23 16:33:43,413 - INFO -   Val Loss: 1.6412
2026-02-23 16:33:43,413 - INFO -   Val Accuracy: 34.25% | F1: 0.2929
2026-02-23 16:33:43,413 - INFO -   LR: 0.001000
2026-02-23 16:33:43,570 - INFO -   ✓ New best model saved!
2026-02-23 16:33:43,570 - INFO -   Patience: 0/15
2026-02-23 16:33:43,570 - INFO - 
Epoch 9/100
2026-02-23 16:33:44,053 - INFO -   Epoch [10/175] Loss: 1.3132
2026-02-23 16:33:44,553 - INFO -   Epoch [20/175] Loss: 1.5038
2026-02-23 16:33:45,032 - INFO -   Epoch [30/175] Loss: 1.4766
2026-02-23 16:33:45,495 - INFO -   Epoch [40/175] Loss: 1.3071
2026-02-23 16:33:45,928 - INFO -   Epoch [50/175] Loss: 1.2263
2026-02-23 16:33:46,397 - INFO -   Epoch [60/175] Loss: 1.5995
2026-02-23 16:33:46,849 - INFO -   Epoch [70/175] Loss: 1.5999
2026-02-23 16:33:47,318 - INFO -   Epoch [80/175] Loss: 1.9729
2026-02-23 16:33:47,821 - INFO -   Epoch [90/175] Loss: 2.0071
2026-02-23 16:33:48,302 - INFO -   Epoch [100/175] Loss: 1.7875
2026-02-23 16:33:48,758 - INFO -   Epoch [110/175] Loss: 0.7925
2026-02-23 16:33:49,229 - INFO -   Epoch [120/175] Loss: 1.3951
2026-02-23 16:33:49,706 - INFO -   Epoch [130/175] Loss: 1.6414
2026-02-23 16:33:50,169 - INFO -   Epoch [140/175] Loss: 2.2523
2026-02-23 16:33:50,605 - INFO -   Epoch [150/175] Loss: 1.4252
2026-02-23 16:33:51,080 - INFO -   Epoch [160/175] Loss: 1.5163
2026-02-23 16:33:51,546 - INFO -   Epoch [170/175] Loss: 1.1736
2026-02-23 16:33:52,232 - INFO -   Train Loss: 1.6049
2026-02-23 16:33:52,232 - INFO -   Train Accuracy: 30.61%
2026-02-23 16:33:52,232 - INFO -   Val Loss: 1.6577
2026-02-23 16:33:52,232 - INFO -   Val Accuracy: 45.50% | F1: 0.3579
2026-02-23 16:33:52,233 - INFO -   LR: 0.001000
2026-02-23 16:33:52,441 - INFO -   ✓ New best model saved!
2026-02-23 16:33:52,442 - INFO -   Patience: 0/15
2026-02-23 16:33:52,442 - INFO - 
Epoch 10/100
2026-02-23 16:33:52,925 - INFO -   Epoch [10/175] Loss: 1.0881
2026-02-23 16:33:53,394 - INFO -   Epoch [20/175] Loss: 1.6220
2026-02-23 16:33:53,865 - INFO -   Epoch [30/175] Loss: 1.5141
2026-02-23 16:33:54,345 - INFO -   Epoch [40/175] Loss: 1.4911
2026-02-23 16:33:54,824 - INFO -   Epoch [50/175] Loss: 1.8696
2026-02-23 16:33:55,290 - INFO -   Epoch [60/175] Loss: 1.3111
2026-02-23 16:33:55,738 - INFO -   Epoch [70/175] Loss: 1.8037
2026-02-23 16:33:56,204 - INFO -   Epoch [80/175] Loss: 1.7624
2026-02-23 16:33:56,660 - INFO -   Epoch [90/175] Loss: 1.4201
2026-02-23 16:33:57,086 - INFO -   Epoch [100/175] Loss: 1.4752
2026-02-23 16:33:57,499 - INFO -   Epoch [110/175] Loss: 1.3872
2026-02-23 16:33:57,931 - INFO -   Epoch [120/175] Loss: 1.7719
2026-02-23 16:33:58,374 - INFO -   Epoch [130/175] Loss: 1.6524
2026-02-23 16:33:58,806 - INFO -   Epoch [140/175] Loss: 1.5574
2026-02-23 16:33:59,242 - INFO -   Epoch [150/175] Loss: 1.7837
2026-02-23 16:33:59,687 - INFO -   Epoch [160/175] Loss: 2.0976
2026-02-23 16:34:00,132 - INFO -   Epoch [170/175] Loss: 0.9133
2026-02-23 16:34:00,791 - INFO -   Train Loss: 1.5911
2026-02-23 16:34:00,791 - INFO -   Train Accuracy: 33.93%
2026-02-23 16:34:00,791 - INFO -   Val Loss: 1.5471
2026-02-23 16:34:00,791 - INFO -   Val Accuracy: 39.75% | F1: 0.3455
2026-02-23 16:34:00,791 - INFO -   LR: 0.001000
2026-02-23 16:34:00,792 - INFO -   Patience: 1/15
2026-02-23 16:34:00,792 - INFO - 
Epoch 11/100
2026-02-23 16:34:01,238 - INFO -   Epoch [10/175] Loss: 1.8630
2026-02-23 16:34:01,679 - INFO -   Epoch [20/175] Loss: 2.1758
2026-02-23 16:34:02,129 - INFO -   Epoch [30/175] Loss: 1.3434
2026-02-23 16:34:02,586 - INFO -   Epoch [40/175] Loss: 1.8307
2026-02-23 16:34:03,010 - INFO -   Epoch [50/175] Loss: 1.9148
2026-02-23 16:34:03,442 - INFO -   Epoch [60/175] Loss: 2.2975
2026-02-23 16:34:03,859 - INFO -   Epoch [70/175] Loss: 1.5953
2026-02-23 16:34:04,280 - INFO -   Epoch [80/175] Loss: 1.5802
2026-02-23 16:34:04,706 - INFO -   Epoch [90/175] Loss: 1.6602
2026-02-23 16:34:05,158 - INFO -   Epoch [100/175] Loss: 1.6683
2026-02-23 16:34:05,580 - INFO -   Epoch [110/175] Loss: 1.6992
2026-02-23 16:34:06,024 - INFO -   Epoch [120/175] Loss: 1.6512
2026-02-23 16:34:06,492 - INFO -   Epoch [130/175] Loss: 1.7200
2026-02-23 16:34:06,948 - INFO -   Epoch [140/175] Loss: 1.3991
2026-02-23 16:34:07,391 - INFO -   Epoch [150/175] Loss: 1.1367
2026-02-23 16:34:07,877 - INFO -   Epoch [160/175] Loss: 1.7620
2026-02-23 16:34:08,354 - INFO -   Epoch [170/175] Loss: 1.4514
2026-02-23 16:34:09,056 - INFO -   Train Loss: 1.5685
2026-02-23 16:34:09,056 - INFO -   Train Accuracy: 29.93%
2026-02-23 16:34:09,056 - INFO -   Val Loss: 1.5672
2026-02-23 16:34:09,056 - INFO -   Val Accuracy: 37.25% | F1: 0.3540
2026-02-23 16:34:09,056 - INFO -   LR: 0.001000
2026-02-23 16:34:09,056 - INFO -   Patience: 2/15
2026-02-23 16:34:09,056 - INFO - 
Epoch 12/100
2026-02-23 16:34:09,492 - INFO -   Epoch [10/175] Loss: 1.4527
2026-02-23 16:34:09,951 - INFO -   Epoch [20/175] Loss: 1.4170
2026-02-23 16:34:10,398 - INFO -   Epoch [30/175] Loss: 1.4526
2026-02-23 16:34:10,858 - INFO -   Epoch [40/175] Loss: 1.7848
2026-02-23 16:34:11,292 - INFO -   Epoch [50/175] Loss: 2.5835
2026-02-23 16:34:11,779 - INFO -   Epoch [60/175] Loss: 2.0675
2026-02-23 16:34:12,240 - INFO -   Epoch [70/175] Loss: 1.8480
2026-02-23 16:34:12,705 - INFO -   Epoch [80/175] Loss: 1.4738
2026-02-23 16:34:13,181 - INFO -   Epoch [90/175] Loss: 1.7863
2026-02-23 16:34:13,657 - INFO -   Epoch [100/175] Loss: 1.4119
2026-02-23 16:34:14,121 - INFO -   Epoch [110/175] Loss: 1.2521
2026-02-23 16:34:14,619 - INFO -   Epoch [120/175] Loss: 1.7712
2026-02-23 16:34:15,105 - INFO -   Epoch [130/175] Loss: 1.4827
2026-02-23 16:34:15,547 - INFO -   Epoch [140/175] Loss: 1.7456
2026-02-23 16:34:16,025 - INFO -   Epoch [150/175] Loss: 1.4178
2026-02-23 16:34:16,488 - INFO -   Epoch [160/175] Loss: 1.2927
2026-02-23 16:34:16,970 - INFO -   Epoch [170/175] Loss: 1.4338
2026-02-23 16:34:17,668 - INFO -   Train Loss: 1.6127
2026-02-23 16:34:17,668 - INFO -   Train Accuracy: 32.29%
2026-02-23 16:34:17,669 - INFO -   Val Loss: 1.5678
2026-02-23 16:34:17,669 - INFO -   Val Accuracy: 31.00% | F1: 0.2852
2026-02-23 16:34:17,669 - INFO -   LR: 0.001000
2026-02-23 16:34:17,669 - INFO -   Patience: 3/15
2026-02-23 16:34:17,669 - INFO - 
Epoch 13/100
2026-02-23 16:34:18,140 - INFO -   Epoch [10/175] Loss: 1.6487
2026-02-23 16:34:18,574 - INFO -   Epoch [20/175] Loss: 1.3042
2026-02-23 16:34:19,078 - INFO -   Epoch [30/175] Loss: 1.2952
2026-02-23 16:34:19,590 - INFO -   Epoch [40/175] Loss: 2.0792
2026-02-23 16:34:20,047 - INFO -   Epoch [50/175] Loss: 1.5045
2026-02-23 16:34:20,533 - INFO -   Epoch [60/175] Loss: 1.3258
2026-02-23 16:34:21,009 - INFO -   Epoch [70/175] Loss: 1.3510
2026-02-23 16:34:21,476 - INFO -   Epoch [80/175] Loss: 1.4906
2026-02-23 16:34:21,929 - INFO -   Epoch [90/175] Loss: 1.5169
2026-02-23 16:34:22,406 - INFO -   Epoch [100/175] Loss: 1.5343
2026-02-23 16:34:22,856 - INFO -   Epoch [110/175] Loss: 2.2450
2026-02-23 16:34:23,316 - INFO -   Epoch [120/175] Loss: 1.4379
2026-02-23 16:34:23,794 - INFO -   Epoch [130/175] Loss: 1.2956
2026-02-23 16:34:24,268 - INFO -   Epoch [140/175] Loss: 1.8487
2026-02-23 16:34:24,744 - INFO -   Epoch [150/175] Loss: 1.8508
2026-02-23 16:34:25,224 - INFO -   Epoch [160/175] Loss: 1.5473
2026-02-23 16:34:25,688 - INFO -   Epoch [170/175] Loss: 1.5942
2026-02-23 16:34:26,353 - INFO -   Train Loss: 1.6210
2026-02-23 16:34:26,353 - INFO -   Train Accuracy: 32.46%
2026-02-23 16:34:26,353 - INFO -   Val Loss: 1.4812
2026-02-23 16:34:26,353 - INFO -   Val Accuracy: 38.50% | F1: 0.3306
2026-02-23 16:34:26,353 - INFO -   LR: 0.001000
2026-02-23 16:34:26,353 - INFO -   Patience: 4/15
2026-02-23 16:34:26,353 - INFO - 
Epoch 14/100
2026-02-23 16:34:26,822 - INFO -   Epoch [10/175] Loss: 1.4702
2026-02-23 16:34:27,322 - INFO -   Epoch [20/175] Loss: 1.5630
2026-02-23 16:34:27,778 - INFO -   Epoch [30/175] Loss: 1.5999
2026-02-23 16:34:28,223 - INFO -   Epoch [40/175] Loss: 1.2800
2026-02-23 16:34:28,663 - INFO -   Epoch [50/175] Loss: 1.9205
2026-02-23 16:34:29,126 - INFO -   Epoch [60/175] Loss: 1.8157
2026-02-23 16:34:29,599 - INFO -   Epoch [70/175] Loss: 1.4123
2026-02-23 16:34:30,072 - INFO -   Epoch [80/175] Loss: 1.6815
2026-02-23 16:34:30,488 - INFO -   Epoch [90/175] Loss: 1.4085
2026-02-23 16:34:30,947 - INFO -   Epoch [100/175] Loss: 2.3776
2026-02-23 16:34:31,405 - INFO -   Epoch [110/175] Loss: 1.6045
2026-02-23 16:34:31,843 - INFO -   Epoch [120/175] Loss: 1.8611
2026-02-23 16:34:32,316 - INFO -   Epoch [130/175] Loss: 1.4980
2026-02-23 16:34:32,781 - INFO -   Epoch [140/175] Loss: 1.3324
2026-02-23 16:34:33,240 - INFO -   Epoch [150/175] Loss: 0.9941
2026-02-23 16:34:33,674 - INFO -   Epoch [160/175] Loss: 1.3753
2026-02-23 16:34:34,134 - INFO -   Epoch [170/175] Loss: 1.7306
2026-02-23 16:34:34,816 - INFO -   Train Loss: 1.5961
2026-02-23 16:34:34,816 - INFO -   Train Accuracy: 33.21%
2026-02-23 16:34:34,816 - INFO -   Val Loss: 1.4890
2026-02-23 16:34:34,816 - INFO -   Val Accuracy: 30.25% | F1: 0.2980
2026-02-23 16:34:34,816 - INFO -   LR: 0.001000
2026-02-23 16:34:34,816 - INFO -   Patience: 5/15
2026-02-23 16:34:34,816 - INFO - 
Epoch 15/100
2026-02-23 16:34:35,266 - INFO -   Epoch [10/175] Loss: 1.2231
2026-02-23 16:34:35,685 - INFO -   Epoch [20/175] Loss: 1.2837
2026-02-23 16:34:36,147 - INFO -   Epoch [30/175] Loss: 1.8905
2026-02-23 16:34:36,578 - INFO -   Epoch [40/175] Loss: 2.3126
2026-02-23 16:34:37,010 - INFO -   Epoch [50/175] Loss: 1.1075
2026-02-23 16:34:37,458 - INFO -   Epoch [60/175] Loss: 1.6086
2026-02-23 16:34:37,891 - INFO -   Epoch [70/175] Loss: 1.6250
2026-02-23 16:34:38,358 - INFO -   Epoch [80/175] Loss: 1.3105
2026-02-23 16:34:38,829 - INFO -   Epoch [90/175] Loss: 1.8725
2026-02-23 16:34:39,290 - INFO -   Epoch [100/175] Loss: 1.9780
2026-02-23 16:34:39,738 - INFO -   Epoch [110/175] Loss: 1.3508
2026-02-23 16:34:40,159 - INFO -   Epoch [120/175] Loss: 1.4425
2026-02-23 16:34:40,620 - INFO -   Epoch [130/175] Loss: 1.7502
2026-02-23 16:34:41,049 - INFO -   Epoch [140/175] Loss: 0.8449
2026-02-23 16:34:41,503 - INFO -   Epoch [150/175] Loss: 1.2851
2026-02-23 16:34:41,975 - INFO -   Epoch [160/175] Loss: 1.6363
2026-02-23 16:34:42,441 - INFO -   Epoch [170/175] Loss: 1.5197
2026-02-23 16:34:43,121 - INFO -   Train Loss: 1.5539
2026-02-23 16:34:43,121 - INFO -   Train Accuracy: 32.82%
2026-02-23 16:34:43,122 - INFO -   Val Loss: 1.5161
2026-02-23 16:34:43,122 - INFO -   Val Accuracy: 36.50% | F1: 0.2934
2026-02-23 16:34:43,122 - INFO -   LR: 0.001000
2026-02-23 16:34:43,122 - INFO -   Patience: 6/15
2026-02-23 16:34:43,122 - INFO - 
Epoch 16/100
2026-02-23 16:34:43,581 - INFO -   Epoch [10/175] Loss: 1.6166
2026-02-23 16:34:44,063 - INFO -   Epoch [20/175] Loss: 1.7981
2026-02-23 16:34:44,537 - INFO -   Epoch [30/175] Loss: 1.2442
2026-02-23 16:34:44,964 - INFO -   Epoch [40/175] Loss: 1.5932
2026-02-23 16:34:45,385 - INFO -   Epoch [50/175] Loss: 1.8828
2026-02-23 16:34:45,816 - INFO -   Epoch [60/175] Loss: 1.3672
2026-02-23 16:34:46,245 - INFO -   Epoch [70/175] Loss: 1.9561
2026-02-23 16:34:46,672 - INFO -   Epoch [80/175] Loss: 1.5401
2026-02-23 16:34:47,091 - INFO -   Epoch [90/175] Loss: 3.1032
2026-02-23 16:34:47,527 - INFO -   Epoch [100/175] Loss: 2.1413
2026-02-23 16:34:47,954 - INFO -   Epoch [110/175] Loss: 1.1453
2026-02-23 16:34:48,394 - INFO -   Epoch [120/175] Loss: 1.8030
2026-02-23 16:34:48,846 - INFO -   Epoch [130/175] Loss: 1.7810
2026-02-23 16:34:49,277 - INFO -   Epoch [140/175] Loss: 1.5801
2026-02-23 16:34:49,747 - INFO -   Epoch [150/175] Loss: 1.1391
2026-02-23 16:34:50,236 - INFO -   Epoch [160/175] Loss: 1.2778
2026-02-23 16:34:50,718 - INFO -   Epoch [170/175] Loss: 1.6255
2026-02-23 16:34:51,429 - INFO -   Train Loss: 1.5399
2026-02-23 16:34:51,429 - INFO -   Train Accuracy: 34.61%
2026-02-23 16:34:51,430 - INFO -   Val Loss: 1.4603
2026-02-23 16:34:51,430 - INFO -   Val Accuracy: 40.50% | F1: 0.3837
2026-02-23 16:34:51,430 - INFO -   LR: 0.000500
2026-02-23 16:34:51,430 - INFO -   Patience: 7/15
2026-02-23 16:34:51,430 - INFO - 
Epoch 17/100
2026-02-23 16:34:51,861 - INFO -   Epoch [10/175] Loss: 1.2384
2026-02-23 16:34:52,356 - INFO -   Epoch [20/175] Loss: 1.0059
2026-02-23 16:34:52,817 - INFO -   Epoch [30/175] Loss: 1.6059
2026-02-23 16:34:53,271 - INFO -   Epoch [40/175] Loss: 1.7772
2026-02-23 16:34:53,720 - INFO -   Epoch [50/175] Loss: 1.3504
2026-02-23 16:34:54,175 - INFO -   Epoch [60/175] Loss: 1.4205
2026-02-23 16:34:54,634 - INFO -   Epoch [70/175] Loss: 1.4135
2026-02-23 16:34:55,057 - INFO -   Epoch [80/175] Loss: 2.2240
2026-02-23 16:34:55,493 - INFO -   Epoch [90/175] Loss: 1.5604
2026-02-23 16:34:55,996 - INFO -   Epoch [100/175] Loss: 1.1759
2026-02-23 16:34:56,468 - INFO -   Epoch [110/175] Loss: 1.2499
2026-02-23 16:34:56,895 - INFO -   Epoch [120/175] Loss: 1.4168
2026-02-23 16:34:57,316 - INFO -   Epoch [130/175] Loss: 1.6490
2026-02-23 16:34:57,768 - INFO -   Epoch [140/175] Loss: 2.0617
2026-02-23 16:34:58,243 - INFO -   Epoch [150/175] Loss: 1.9895
2026-02-23 16:34:58,693 - INFO -   Epoch [160/175] Loss: 1.4276
2026-02-23 16:34:59,144 - INFO -   Epoch [170/175] Loss: 1.5062
2026-02-23 16:34:59,831 - INFO -   Train Loss: 1.5267
2026-02-23 16:34:59,831 - INFO -   Train Accuracy: 35.79%
2026-02-23 16:34:59,831 - INFO -   Val Loss: 1.4713
2026-02-23 16:34:59,831 - INFO -   Val Accuracy: 34.75% | F1: 0.3410
2026-02-23 16:34:59,831 - INFO -   LR: 0.000500
2026-02-23 16:34:59,831 - INFO -   Patience: 8/15
2026-02-23 16:34:59,831 - INFO - 
Epoch 18/100
2026-02-23 16:35:00,271 - INFO -   Epoch [10/175] Loss: 1.0808
2026-02-23 16:35:00,742 - INFO -   Epoch [20/175] Loss: 1.4039
2026-02-23 16:35:01,223 - INFO -   Epoch [30/175] Loss: 1.1027
2026-02-23 16:35:01,693 - INFO -   Epoch [40/175] Loss: 1.3653
2026-02-23 16:35:02,166 - INFO -   Epoch [50/175] Loss: 1.4936
2026-02-23 16:35:02,636 - INFO -   Epoch [60/175] Loss: 1.6309
2026-02-23 16:35:03,076 - INFO -   Epoch [70/175] Loss: 1.2716
2026-02-23 16:35:03,536 - INFO -   Epoch [80/175] Loss: 1.4250
2026-02-23 16:35:04,010 - INFO -   Epoch [90/175] Loss: 1.4816
2026-02-23 16:35:04,446 - INFO -   Epoch [100/175] Loss: 1.7554
2026-02-23 16:35:04,909 - INFO -   Epoch [110/175] Loss: 1.1483
2026-02-23 16:35:05,385 - INFO -   Epoch [120/175] Loss: 1.5507
2026-02-23 16:35:05,850 - INFO -   Epoch [130/175] Loss: 1.1862
2026-02-23 16:35:06,319 - INFO -   Epoch [140/175] Loss: 1.3469
2026-02-23 16:35:06,793 - INFO -   Epoch [150/175] Loss: 1.8576
2026-02-23 16:35:07,269 - INFO -   Epoch [160/175] Loss: 1.6442
2026-02-23 16:35:07,713 - INFO -   Epoch [170/175] Loss: 1.3174
2026-02-23 16:35:08,404 - INFO -   Train Loss: 1.5202
2026-02-23 16:35:08,404 - INFO -   Train Accuracy: 35.00%
2026-02-23 16:35:08,404 - INFO -   Val Loss: 1.4677
2026-02-23 16:35:08,404 - INFO -   Val Accuracy: 43.50% | F1: 0.3696
2026-02-23 16:35:08,404 - INFO -   LR: 0.000500
2026-02-23 16:35:08,404 - INFO -   Patience: 9/15
2026-02-23 16:35:08,404 - INFO - 
Epoch 19/100
2026-02-23 16:35:08,853 - INFO -   Epoch [10/175] Loss: 1.5591
2026-02-23 16:35:09,293 - INFO -   Epoch [20/175] Loss: 1.1837
2026-02-23 16:35:09,770 - INFO -   Epoch [30/175] Loss: 2.1958
2026-02-23 16:35:10,219 - INFO -   Epoch [40/175] Loss: 1.7439
2026-02-23 16:35:10,684 - INFO -   Epoch [50/175] Loss: 1.8899
2026-02-23 16:35:11,155 - INFO -   Epoch [60/175] Loss: 1.4099
2026-02-23 16:35:11,633 - INFO -   Epoch [70/175] Loss: 1.4840
2026-02-23 16:35:12,088 - INFO -   Epoch [80/175] Loss: 1.3067
2026-02-23 16:35:12,519 - INFO -   Epoch [90/175] Loss: 1.1016
2026-02-23 16:35:12,969 - INFO -   Epoch [100/175] Loss: 1.2035
2026-02-23 16:35:13,442 - INFO -   Epoch [110/175] Loss: 1.8093
2026-02-23 16:35:13,912 - INFO -   Epoch [120/175] Loss: 1.3055
2026-02-23 16:35:14,390 - INFO -   Epoch [130/175] Loss: 1.3219
2026-02-23 16:35:14,859 - INFO -   Epoch [140/175] Loss: 1.1203
2026-02-23 16:35:15,329 - INFO -   Epoch [150/175] Loss: 1.2927
2026-02-23 16:35:15,816 - INFO -   Epoch [160/175] Loss: 1.5271
2026-02-23 16:35:16,284 - INFO -   Epoch [170/175] Loss: 1.3584
2026-02-23 16:35:16,964 - INFO -   Train Loss: 1.5199
2026-02-23 16:35:16,964 - INFO -   Train Accuracy: 36.71%
2026-02-23 16:35:16,964 - INFO -   Val Loss: 1.5211
2026-02-23 16:35:16,964 - INFO -   Val Accuracy: 39.75% | F1: 0.3413
2026-02-23 16:35:16,965 - INFO -   LR: 0.000500
2026-02-23 16:35:16,965 - INFO -   Patience: 10/15
2026-02-23 16:35:16,965 - INFO - 
Epoch 20/100
2026-02-23 16:35:17,417 - INFO -   Epoch [10/175] Loss: 1.0688
2026-02-23 16:35:17,887 - INFO -   Epoch [20/175] Loss: 1.7746
2026-02-23 16:35:18,345 - INFO -   Epoch [30/175] Loss: 1.1382
2026-02-23 16:35:18,845 - INFO -   Epoch [40/175] Loss: 1.5778
2026-02-23 16:35:19,308 - INFO -   Epoch [50/175] Loss: 1.3660
2026-02-23 16:35:19,766 - INFO -   Epoch [60/175] Loss: 1.1616
2026-02-23 16:35:20,231 - INFO -   Epoch [70/175] Loss: 1.6024
2026-02-23 16:35:20,714 - INFO -   Epoch [80/175] Loss: 1.6125
2026-02-23 16:35:21,191 - INFO -   Epoch [90/175] Loss: 1.4136
2026-02-23 16:35:21,651 - INFO -   Epoch [100/175] Loss: 2.0195
2026-02-23 16:35:22,128 - INFO -   Epoch [110/175] Loss: 1.2362
2026-02-23 16:35:22,585 - INFO -   Epoch [120/175] Loss: 1.1757
2026-02-23 16:35:23,060 - INFO -   Epoch [130/175] Loss: 2.1697
2026-02-23 16:35:23,536 - INFO -   Epoch [140/175] Loss: 1.2028
2026-02-23 16:35:23,989 - INFO -   Epoch [150/175] Loss: 1.5304
2026-02-23 16:35:24,421 - INFO -   Epoch [160/175] Loss: 1.1441
2026-02-23 16:35:24,842 - INFO -   Epoch [170/175] Loss: 0.9034
2026-02-23 16:35:25,504 - INFO -   Train Loss: 1.5012
2026-02-23 16:35:25,504 - INFO -   Train Accuracy: 34.25%
2026-02-23 16:35:25,504 - INFO -   Val Loss: 1.5064
2026-02-23 16:35:25,504 - INFO -   Val Accuracy: 44.25% | F1: 0.3853
2026-02-23 16:35:25,504 - INFO -   LR: 0.000500
2026-02-23 16:35:25,504 - INFO -   Patience: 11/15
2026-02-23 16:35:25,505 - INFO - 
Epoch 21/100
2026-02-23 16:35:25,930 - INFO -   Epoch [10/175] Loss: 2.0631
2026-02-23 16:35:26,394 - INFO -   Epoch [20/175] Loss: 1.2705
2026-02-23 16:35:26,878 - INFO -   Epoch [30/175] Loss: 1.2416
2026-02-23 16:35:27,356 - INFO -   Epoch [40/175] Loss: 1.2760
2026-02-23 16:35:27,804 - INFO -   Epoch [50/175] Loss: 1.5381
2026-02-23 16:35:28,259 - INFO -   Epoch [60/175] Loss: 1.5018
2026-02-23 16:35:28,720 - INFO -   Epoch [70/175] Loss: 1.3478
2026-02-23 16:35:29,175 - INFO -   Epoch [80/175] Loss: 1.5208
2026-02-23 16:35:29,597 - INFO -   Epoch [90/175] Loss: 1.7989
2026-02-23 16:35:30,021 - INFO -   Epoch [100/175] Loss: 1.3480
2026-02-23 16:35:30,444 - INFO -   Epoch [110/175] Loss: 1.5684
2026-02-23 16:35:30,898 - INFO -   Epoch [120/175] Loss: 1.3283
2026-02-23 16:35:31,354 - INFO -   Epoch [130/175] Loss: 1.4258
2026-02-23 16:35:31,839 - INFO -   Epoch [140/175] Loss: 1.3389
2026-02-23 16:35:32,281 - INFO -   Epoch [150/175] Loss: 1.6648
2026-02-23 16:35:32,701 - INFO -   Epoch [160/175] Loss: 1.1977
2026-02-23 16:35:33,146 - INFO -   Epoch [170/175] Loss: 1.4382
2026-02-23 16:35:33,832 - INFO -   Train Loss: 1.5297
2026-02-23 16:35:33,832 - INFO -   Train Accuracy: 37.14%
2026-02-23 16:35:33,832 - INFO -   Val Loss: 1.4556
2026-02-23 16:35:33,832 - INFO -   Val Accuracy: 47.50% | F1: 0.4000
2026-02-23 16:35:33,832 - INFO -   LR: 0.000500
2026-02-23 16:35:34,077 - INFO -   ✓ New best model saved!
2026-02-23 16:35:34,077 - INFO -   Patience: 0/15
2026-02-23 16:35:34,077 - INFO - 
Epoch 22/100
2026-02-23 16:35:34,548 - INFO -   Epoch [10/175] Loss: 1.6814
2026-02-23 16:35:34,965 - INFO -   Epoch [20/175] Loss: 1.3049
2026-02-23 16:35:35,394 - INFO -   Epoch [30/175] Loss: 1.7507
2026-02-23 16:35:35,823 - INFO -   Epoch [40/175] Loss: 1.8242
2026-02-23 16:35:36,246 - INFO -   Epoch [50/175] Loss: 1.4715
2026-02-23 16:35:36,667 - INFO -   Epoch [60/175] Loss: 1.7761
2026-02-23 16:35:37,093 - INFO -   Epoch [70/175] Loss: 1.8684
2026-02-23 16:35:37,534 - INFO -   Epoch [80/175] Loss: 1.5243
2026-02-23 16:35:37,976 - INFO -   Epoch [90/175] Loss: 2.0701
2026-02-23 16:35:38,433 - INFO -   Epoch [100/175] Loss: 1.6216
2026-02-23 16:35:38,864 - INFO -   Epoch [110/175] Loss: 1.2512
2026-02-23 16:35:39,318 - INFO -   Epoch [120/175] Loss: 1.3907
2026-02-23 16:35:39,773 - INFO -   Epoch [130/175] Loss: 1.6325
2026-02-23 16:35:40,206 - INFO -   Epoch [140/175] Loss: 1.4973
2026-02-23 16:35:40,661 - INFO -   Epoch [150/175] Loss: 1.8786
2026-02-23 16:35:41,125 - INFO -   Epoch [160/175] Loss: 1.3878
2026-02-23 16:35:41,588 - INFO -   Epoch [170/175] Loss: 1.7341
2026-02-23 16:35:42,281 - INFO -   Train Loss: 1.4975
2026-02-23 16:35:42,281 - INFO -   Train Accuracy: 37.82%
2026-02-23 16:35:42,281 - INFO -   Val Loss: 1.4737
2026-02-23 16:35:42,281 - INFO -   Val Accuracy: 47.75% | F1: 0.3556
2026-02-23 16:35:42,282 - INFO -   LR: 0.000500
2026-02-23 16:35:42,399 - INFO -   ✓ New best model saved!
2026-02-23 16:35:42,400 - INFO -   Patience: 0/15
2026-02-23 16:35:42,400 - INFO - 
Epoch 23/100
2026-02-23 16:35:42,894 - INFO -   Epoch [10/175] Loss: 1.2176
2026-02-23 16:35:43,373 - INFO -   Epoch [20/175] Loss: 2.0030
2026-02-23 16:35:43,845 - INFO -   Epoch [30/175] Loss: 1.2938
2026-02-23 16:35:44,305 - INFO -   Epoch [40/175] Loss: 1.2994
2026-02-23 16:35:44,766 - INFO -   Epoch [50/175] Loss: 1.4954
2026-02-23 16:35:45,226 - INFO -   Epoch [60/175] Loss: 2.0031
2026-02-23 16:35:45,690 - INFO -   Epoch [70/175] Loss: 1.7655
2026-02-23 16:35:46,163 - INFO -   Epoch [80/175] Loss: 1.2829
2026-02-23 16:35:46,622 - INFO -   Epoch [90/175] Loss: 1.2125
2026-02-23 16:35:47,104 - INFO -   Epoch [100/175] Loss: 1.3189
2026-02-23 16:35:47,569 - INFO -   Epoch [110/175] Loss: 1.2573
2026-02-23 16:35:48,025 - INFO -   Epoch [120/175] Loss: 1.2366
2026-02-23 16:35:48,484 - INFO -   Epoch [130/175] Loss: 1.2555
2026-02-23 16:35:48,954 - INFO -   Epoch [140/175] Loss: 1.8003
2026-02-23 16:35:49,420 - INFO -   Epoch [150/175] Loss: 1.0019
2026-02-23 16:35:49,873 - INFO -   Epoch [160/175] Loss: 1.1812
2026-02-23 16:35:50,345 - INFO -   Epoch [170/175] Loss: 1.6761
2026-02-23 16:35:51,039 - INFO -   Train Loss: 1.4822
2026-02-23 16:35:51,039 - INFO -   Train Accuracy: 37.61%
2026-02-23 16:35:51,039 - INFO -   Val Loss: 1.4422
2026-02-23 16:35:51,039 - INFO -   Val Accuracy: 43.75% | F1: 0.3867
2026-02-23 16:35:51,039 - INFO -   LR: 0.000500
2026-02-23 16:35:51,039 - INFO -   Patience: 1/15
2026-02-23 16:35:51,039 - INFO - 
Epoch 24/100
2026-02-23 16:35:51,496 - INFO -   Epoch [10/175] Loss: 1.3689
2026-02-23 16:35:51,958 - INFO -   Epoch [20/175] Loss: 2.2493
2026-02-23 16:35:52,427 - INFO -   Epoch [30/175] Loss: 1.2445
2026-02-23 16:35:52,893 - INFO -   Epoch [40/175] Loss: 1.6110
2026-02-23 16:35:53,361 - INFO -   Epoch [50/175] Loss: 1.4291
2026-02-23 16:35:53,838 - INFO -   Epoch [60/175] Loss: 1.7184
2026-02-23 16:35:54,310 - INFO -   Epoch [70/175] Loss: 1.2527
2026-02-23 16:35:54,800 - INFO -   Epoch [80/175] Loss: 1.2644
2026-02-23 16:35:55,305 - INFO -   Epoch [90/175] Loss: 1.8276
2026-02-23 16:35:55,758 - INFO -   Epoch [100/175] Loss: 1.6738
2026-02-23 16:35:56,236 - INFO -   Epoch [110/175] Loss: 1.0283
2026-02-23 16:35:56,766 - INFO -   Epoch [120/175] Loss: 2.2547
2026-02-23 16:35:57,234 - INFO -   Epoch [130/175] Loss: 1.3928
2026-02-23 16:35:57,683 - INFO -   Epoch [140/175] Loss: 1.4260
2026-02-23 16:35:58,126 - INFO -   Epoch [150/175] Loss: 1.5255
2026-02-23 16:35:58,596 - INFO -   Epoch [160/175] Loss: 1.3665
2026-02-23 16:35:59,065 - INFO -   Epoch [170/175] Loss: 1.4337
2026-02-23 16:35:59,770 - INFO -   Train Loss: 1.4959
2026-02-23 16:35:59,771 - INFO -   Train Accuracy: 37.71%
2026-02-23 16:35:59,771 - INFO -   Val Loss: 1.4670
2026-02-23 16:35:59,771 - INFO -   Val Accuracy: 46.50% | F1: 0.3626
2026-02-23 16:35:59,771 - INFO -   LR: 0.000500
2026-02-23 16:35:59,771 - INFO -   Patience: 2/15
2026-02-23 16:35:59,771 - INFO - 
Epoch 25/100
2026-02-23 16:36:00,219 - INFO -   Epoch [10/175] Loss: 1.4186
2026-02-23 16:36:00,692 - INFO -   Epoch [20/175] Loss: 3.6984
2026-02-23 16:36:01,185 - INFO -   Epoch [30/175] Loss: 1.7583
2026-02-23 16:36:01,658 - INFO -   Epoch [40/175] Loss: 1.3683
2026-02-23 16:36:02,091 - INFO -   Epoch [50/175] Loss: 1.2425
2026-02-23 16:36:02,534 - INFO -   Epoch [60/175] Loss: 1.3877
2026-02-23 16:36:02,996 - INFO -   Epoch [70/175] Loss: 1.4633
2026-02-23 16:36:03,459 - INFO -   Epoch [80/175] Loss: 1.6789
2026-02-23 16:36:03,937 - INFO -   Epoch [90/175] Loss: 0.9555
2026-02-23 16:36:04,361 - INFO -   Epoch [100/175] Loss: 1.4022
2026-02-23 16:36:04,783 - INFO -   Epoch [110/175] Loss: 1.3390
2026-02-23 16:36:05,208 - INFO -   Epoch [120/175] Loss: 1.1850
2026-02-23 16:36:05,656 - INFO -   Epoch [130/175] Loss: 2.0332
2026-02-23 16:36:06,086 - INFO -   Epoch [140/175] Loss: 1.6366
2026-02-23 16:36:06,547 - INFO -   Epoch [150/175] Loss: 2.0486
2026-02-23 16:36:06,971 - INFO -   Epoch [160/175] Loss: 1.0645
2026-02-23 16:36:07,395 - INFO -   Epoch [170/175] Loss: 1.5969
2026-02-23 16:36:08,062 - INFO -   Train Loss: 1.4761
2026-02-23 16:36:08,062 - INFO -   Train Accuracy: 37.82%
2026-02-23 16:36:08,062 - INFO -   Val Loss: 1.5500
2026-02-23 16:36:08,062 - INFO -   Val Accuracy: 35.50% | F1: 0.3330
2026-02-23 16:36:08,062 - INFO -   LR: 0.000500
2026-02-23 16:36:08,062 - INFO -   Patience: 3/15
2026-02-23 16:36:08,062 - INFO - 
Epoch 26/100
2026-02-23 16:36:08,521 - INFO -   Epoch [10/175] Loss: 1.7990
2026-02-23 16:36:08,975 - INFO -   Epoch [20/175] Loss: 1.4018
2026-02-23 16:36:09,427 - INFO -   Epoch [30/175] Loss: 1.2826
2026-02-23 16:36:09,875 - INFO -   Epoch [40/175] Loss: 1.8153
2026-02-23 16:36:10,298 - INFO -   Epoch [50/175] Loss: 1.6313
2026-02-23 16:36:10,752 - INFO -   Epoch [60/175] Loss: 1.6571
2026-02-23 16:36:11,222 - INFO -   Epoch [70/175] Loss: 1.1265
2026-02-23 16:36:11,701 - INFO -   Epoch [80/175] Loss: 1.2484
2026-02-23 16:36:12,158 - INFO -   Epoch [90/175] Loss: 1.9537
2026-02-23 16:36:12,615 - INFO -   Epoch [100/175] Loss: 1.6327
2026-02-23 16:36:13,085 - INFO -   Epoch [110/175] Loss: 1.3180
2026-02-23 16:36:13,560 - INFO -   Epoch [120/175] Loss: 1.1608
2026-02-23 16:36:13,998 - INFO -   Epoch [130/175] Loss: 1.3219
2026-02-23 16:36:14,459 - INFO -   Epoch [140/175] Loss: 1.2275
2026-02-23 16:36:14,947 - INFO -   Epoch [150/175] Loss: 1.5220
2026-02-23 16:36:15,403 - INFO -   Epoch [160/175] Loss: 1.3285
2026-02-23 16:36:15,891 - INFO -   Epoch [170/175] Loss: 2.3628
2026-02-23 16:36:16,589 - INFO -   Train Loss: 1.4735
2026-02-23 16:36:16,589 - INFO -   Train Accuracy: 37.25%
2026-02-23 16:36:16,590 - INFO -   Val Loss: 1.4472
2026-02-23 16:36:16,590 - INFO -   Val Accuracy: 46.25% | F1: 0.3696
2026-02-23 16:36:16,590 - INFO -   LR: 0.000500
2026-02-23 16:36:16,590 - INFO -   Patience: 4/15
2026-02-23 16:36:16,590 - INFO - 
Epoch 27/100
2026-02-23 16:36:17,011 - INFO -   Epoch [10/175] Loss: 1.5985
2026-02-23 16:36:17,443 - INFO -   Epoch [20/175] Loss: 3.2248
2026-02-23 16:36:17,863 - INFO -   Epoch [30/175] Loss: 2.8957
2026-02-23 16:36:18,285 - INFO -   Epoch [40/175] Loss: 2.0575
2026-02-23 16:36:18,724 - INFO -   Epoch [50/175] Loss: 2.0140
2026-02-23 16:36:19,172 - INFO -   Epoch [60/175] Loss: 1.4397
2026-02-23 16:36:19,618 - INFO -   Epoch [70/175] Loss: 1.5654
2026-02-23 16:36:20,071 - INFO -   Epoch [80/175] Loss: 1.5572
2026-02-23 16:36:20,498 - INFO -   Epoch [90/175] Loss: 1.3996
2026-02-23 16:36:20,975 - INFO -   Epoch [100/175] Loss: 1.1749
2026-02-23 16:36:21,437 - INFO -   Epoch [110/175] Loss: 1.1251
2026-02-23 16:36:21,911 - INFO -   Epoch [120/175] Loss: 1.5434
2026-02-23 16:36:22,351 - INFO -   Epoch [130/175] Loss: 1.4487
2026-02-23 16:36:22,819 - INFO -   Epoch [140/175] Loss: 1.8084
2026-02-23 16:36:23,307 - INFO -   Epoch [150/175] Loss: 1.4728
2026-02-23 16:36:23,778 - INFO -   Epoch [160/175] Loss: 1.4663
2026-02-23 16:36:24,256 - INFO -   Epoch [170/175] Loss: 1.3573
2026-02-23 16:36:24,929 - INFO -   Train Loss: 1.5022
2026-02-23 16:36:24,929 - INFO -   Train Accuracy: 36.96%
2026-02-23 16:36:24,929 - INFO -   Val Loss: 1.4520
2026-02-23 16:36:24,929 - INFO -   Val Accuracy: 42.75% | F1: 0.3869
2026-02-23 16:36:24,929 - INFO -   LR: 0.000500
2026-02-23 16:36:24,929 - INFO -   Patience: 5/15
2026-02-23 16:36:24,929 - INFO - 
Epoch 28/100
2026-02-23 16:36:25,344 - INFO -   Epoch [10/175] Loss: 1.5064
2026-02-23 16:36:25,777 - INFO -   Epoch [20/175] Loss: 1.3737
2026-02-23 16:36:26,242 - INFO -   Epoch [30/175] Loss: 1.4477
2026-02-23 16:36:26,722 - INFO -   Epoch [40/175] Loss: 1.2115
2026-02-23 16:36:27,166 - INFO -   Epoch [50/175] Loss: 1.2371
2026-02-23 16:36:27,589 - INFO -   Epoch [60/175] Loss: 1.5465
2026-02-23 16:36:28,009 - INFO -   Epoch [70/175] Loss: 2.0166
2026-02-23 16:36:28,439 - INFO -   Epoch [80/175] Loss: 1.3951
2026-02-23 16:36:28,879 - INFO -   Epoch [90/175] Loss: 1.6042
2026-02-23 16:36:29,342 - INFO -   Epoch [100/175] Loss: 1.7543
2026-02-23 16:36:29,800 - INFO -   Epoch [110/175] Loss: 1.4837
2026-02-23 16:36:30,263 - INFO -   Epoch [120/175] Loss: 1.2794
2026-02-23 16:36:30,729 - INFO -   Epoch [130/175] Loss: 1.6981
2026-02-23 16:36:31,210 - INFO -   Epoch [140/175] Loss: 1.6131
2026-02-23 16:36:31,687 - INFO -   Epoch [150/175] Loss: 1.3071
2026-02-23 16:36:32,149 - INFO -   Epoch [160/175] Loss: 1.6954
2026-02-23 16:36:32,619 - INFO -   Epoch [170/175] Loss: 1.2832
2026-02-23 16:36:33,318 - INFO -   Train Loss: 1.4705
2026-02-23 16:36:33,319 - INFO -   Train Accuracy: 38.07%
2026-02-23 16:36:33,319 - INFO -   Val Loss: 1.4872
2026-02-23 16:36:33,319 - INFO -   Val Accuracy: 42.50% | F1: 0.3332
2026-02-23 16:36:33,319 - INFO -   LR: 0.000500
2026-02-23 16:36:33,319 - INFO -   Patience: 6/15
2026-02-23 16:36:33,319 - INFO - 
Epoch 29/100
2026-02-23 16:36:33,768 - INFO -   Epoch [10/175] Loss: 1.7640
2026-02-23 16:36:34,243 - INFO -   Epoch [20/175] Loss: 1.2515
2026-02-23 16:36:34,703 - INFO -   Epoch [30/175] Loss: 1.5954
2026-02-23 16:36:35,139 - INFO -   Epoch [40/175] Loss: 1.6445
2026-02-23 16:36:35,580 - INFO -   Epoch [50/175] Loss: 1.4394
2026-02-23 16:36:36,046 - INFO -   Epoch [60/175] Loss: 1.4911
2026-02-23 16:36:36,493 - INFO -   Epoch [70/175] Loss: 1.0877
2026-02-23 16:36:36,958 - INFO -   Epoch [80/175] Loss: 1.5180
2026-02-23 16:36:37,417 - INFO -   Epoch [90/175] Loss: 0.8666
2026-02-23 16:36:37,896 - INFO -   Epoch [100/175] Loss: 1.2282
2026-02-23 16:36:38,374 - INFO -   Epoch [110/175] Loss: 1.3538
2026-02-23 16:36:38,838 - INFO -   Epoch [120/175] Loss: 1.7075
2026-02-23 16:36:39,290 - INFO -   Epoch [130/175] Loss: 1.1670
2026-02-23 16:36:39,743 - INFO -   Epoch [140/175] Loss: 1.8589
2026-02-23 16:36:40,202 - INFO -   Epoch [150/175] Loss: 1.7437
2026-02-23 16:36:40,687 - INFO -   Epoch [160/175] Loss: 1.5308
2026-02-23 16:36:41,156 - INFO -   Epoch [170/175] Loss: 1.4684
2026-02-23 16:36:41,838 - INFO -   Train Loss: 1.4512
2026-02-23 16:36:41,839 - INFO -   Train Accuracy: 40.57%
2026-02-23 16:36:41,839 - INFO -   Val Loss: 1.4194
2026-02-23 16:36:41,839 - INFO -   Val Accuracy: 49.50% | F1: 0.4346
2026-02-23 16:36:41,839 - INFO -   LR: 0.000250
2026-02-23 16:36:41,955 - INFO -   ✓ New best model saved!
2026-02-23 16:36:41,956 - INFO -   Patience: 0/15
2026-02-23 16:36:41,956 - INFO - 
Epoch 30/100
2026-02-23 16:36:42,405 - INFO -   Epoch [10/175] Loss: 1.4580
2026-02-23 16:36:42,866 - INFO -   Epoch [20/175] Loss: 1.4132
2026-02-23 16:36:43,342 - INFO -   Epoch [30/175] Loss: 1.1914
2026-02-23 16:36:43,802 - INFO -   Epoch [40/175] Loss: 1.5727
2026-02-23 16:36:44,269 - INFO -   Epoch [50/175] Loss: 1.4604
2026-02-23 16:36:44,738 - INFO -   Epoch [60/175] Loss: 1.4614
2026-02-23 16:36:45,183 - INFO -   Epoch [70/175] Loss: 1.4564
2026-02-23 16:36:45,613 - INFO -   Epoch [80/175] Loss: 1.2393
2026-02-23 16:36:46,058 - INFO -   Epoch [90/175] Loss: 1.8516
2026-02-23 16:36:46,538 - INFO -   Epoch [100/175] Loss: 1.5183
2026-02-23 16:36:46,986 - INFO -   Epoch [110/175] Loss: 1.3961
2026-02-23 16:36:47,443 - INFO -   Epoch [120/175] Loss: 1.2455
2026-02-23 16:36:47,900 - INFO -   Epoch [130/175] Loss: 2.1899
2026-02-23 16:36:48,373 - INFO -   Epoch [140/175] Loss: 1.2714
2026-02-23 16:36:48,850 - INFO -   Epoch [150/175] Loss: 1.3677
2026-02-23 16:36:49,316 - INFO -   Epoch [160/175] Loss: 1.0318
2026-02-23 16:36:49,761 - INFO -   Epoch [170/175] Loss: 1.5283
2026-02-23 16:36:50,424 - INFO -   Train Loss: 1.4337
2026-02-23 16:36:50,440 - INFO -   Train Accuracy: 38.50%
2026-02-23 16:36:50,441 - INFO -   Val Loss: 1.4409
2026-02-23 16:36:50,441 - INFO -   Val Accuracy: 37.25% | F1: 0.3581
2026-02-23 16:36:50,441 - INFO -   LR: 0.000250
2026-02-23 16:36:50,441 - INFO -   Patience: 1/15
2026-02-23 16:36:50,441 - INFO - 
Epoch 31/100
2026-02-23 16:36:50,900 - INFO -   Epoch [10/175] Loss: 1.3250
2026-02-23 16:36:51,353 - INFO -   Epoch [20/175] Loss: 1.3640
2026-02-23 16:36:51,827 - INFO -   Epoch [30/175] Loss: 2.4952
2026-02-23 16:36:52,303 - INFO -   Epoch [40/175] Loss: 1.4105
2026-02-23 16:36:52,798 - INFO -   Epoch [50/175] Loss: 1.1877
2026-02-23 16:36:53,289 - INFO -   Epoch [60/175] Loss: 1.7958
2026-02-23 16:36:53,777 - INFO -   Epoch [70/175] Loss: 1.3760
2026-02-23 16:36:54,281 - INFO -   Epoch [80/175] Loss: 1.0615
2026-02-23 16:36:54,735 - INFO -   Epoch [90/175] Loss: 1.3534
2026-02-23 16:36:55,224 - INFO -   Epoch [100/175] Loss: 1.2229
2026-02-23 16:36:55,685 - INFO -   Epoch [110/175] Loss: 1.7095
2026-02-23 16:36:56,113 - INFO -   Epoch [120/175] Loss: 1.5252
2026-02-23 16:36:56,574 - INFO -   Epoch [130/175] Loss: 1.9480
2026-02-23 16:36:57,042 - INFO -   Epoch [140/175] Loss: 1.2744
2026-02-23 16:36:57,501 - INFO -   Epoch [150/175] Loss: 1.0245
2026-02-23 16:36:58,001 - INFO -   Epoch [160/175] Loss: 1.3322
2026-02-23 16:36:58,503 - INFO -   Epoch [170/175] Loss: 2.0731
2026-02-23 16:36:59,188 - INFO -   Train Loss: 1.4606
2026-02-23 16:36:59,188 - INFO -   Train Accuracy: 40.11%
2026-02-23 16:36:59,189 - INFO -   Val Loss: 1.4350
2026-02-23 16:36:59,189 - INFO -   Val Accuracy: 49.75% | F1: 0.4029
2026-02-23 16:36:59,189 - INFO -   LR: 0.000250
2026-02-23 16:36:59,312 - INFO -   ✓ New best model saved!
2026-02-23 16:36:59,312 - INFO -   Patience: 0/15
2026-02-23 16:36:59,313 - INFO - 
Epoch 32/100
2026-02-23 16:36:59,777 - INFO -   Epoch [10/175] Loss: 1.6701
2026-02-23 16:37:00,252 - INFO -   Epoch [20/175] Loss: 1.3549
2026-02-23 16:37:00,740 - INFO -   Epoch [30/175] Loss: 1.3386
2026-02-23 16:37:01,218 - INFO -   Epoch [40/175] Loss: 1.7078
2026-02-23 16:37:01,659 - INFO -   Epoch [50/175] Loss: 1.3466
2026-02-23 16:37:02,115 - INFO -   Epoch [60/175] Loss: 1.7627
2026-02-23 16:37:02,575 - INFO -   Epoch [70/175] Loss: 0.9792
2026-02-23 16:37:03,056 - INFO -   Epoch [80/175] Loss: 1.4148
2026-02-23 16:37:03,556 - INFO -   Epoch [90/175] Loss: 1.5758
2026-02-23 16:37:04,031 - INFO -   Epoch [100/175] Loss: 1.4669
2026-02-23 16:37:04,505 - INFO -   Epoch [110/175] Loss: 1.0411
2026-02-23 16:37:04,968 - INFO -   Epoch [120/175] Loss: 0.9988
2026-02-23 16:37:05,427 - INFO -   Epoch [130/175] Loss: 1.5292
2026-02-23 16:37:05,900 - INFO -   Epoch [140/175] Loss: 1.2254
2026-02-23 16:37:06,350 - INFO -   Epoch [150/175] Loss: 1.0948
2026-02-23 16:37:06,829 - INFO -   Epoch [160/175] Loss: 1.7577
2026-02-23 16:37:07,297 - INFO -   Epoch [170/175] Loss: 1.2574
2026-02-23 16:37:07,998 - INFO -   Train Loss: 1.4409
2026-02-23 16:37:07,998 - INFO -   Train Accuracy: 39.25%
2026-02-23 16:37:07,998 - INFO -   Val Loss: 1.4233
2026-02-23 16:37:07,998 - INFO -   Val Accuracy: 48.25% | F1: 0.3988
2026-02-23 16:37:07,998 - INFO -   LR: 0.000250
2026-02-23 16:37:07,998 - INFO -   Patience: 1/15
2026-02-23 16:37:07,998 - INFO - 
Epoch 33/100
2026-02-23 16:37:08,447 - INFO -   Epoch [10/175] Loss: 1.1871
2026-02-23 16:37:08,897 - INFO -   Epoch [20/175] Loss: 2.1875
2026-02-23 16:37:09,343 - INFO -   Epoch [30/175] Loss: 1.6763
2026-02-23 16:37:09,787 - INFO -   Epoch [40/175] Loss: 1.6124
2026-02-23 16:37:10,265 - INFO -   Epoch [50/175] Loss: 1.4550
2026-02-23 16:37:10,732 - INFO -   Epoch [60/175] Loss: 1.0506
2026-02-23 16:37:11,200 - INFO -   Epoch [70/175] Loss: 1.5638
2026-02-23 16:37:11,668 - INFO -   Epoch [80/175] Loss: 1.4191
2026-02-23 16:37:12,135 - INFO -   Epoch [90/175] Loss: 1.1529
2026-02-23 16:37:12,586 - INFO -   Epoch [100/175] Loss: 3.5028
2026-02-23 16:37:13,058 - INFO -   Epoch [110/175] Loss: 1.3642
2026-02-23 16:37:13,514 - INFO -   Epoch [120/175] Loss: 1.0764
2026-02-23 16:37:13,960 - INFO -   Epoch [130/175] Loss: 1.7152
2026-02-23 16:37:14,429 - INFO -   Epoch [140/175] Loss: 1.3687
2026-02-23 16:37:14,904 - INFO -   Epoch [150/175] Loss: 1.5013
2026-02-23 16:37:15,352 - INFO -   Epoch [160/175] Loss: 1.0042
2026-02-23 16:37:15,811 - INFO -   Epoch [170/175] Loss: 1.2225
2026-02-23 16:37:16,501 - INFO -   Train Loss: 1.4686
2026-02-23 16:37:16,501 - INFO -   Train Accuracy: 40.39%
2026-02-23 16:37:16,501 - INFO -   Val Loss: 1.4007
2026-02-23 16:37:16,501 - INFO -   Val Accuracy: 47.50% | F1: 0.3938
2026-02-23 16:37:16,501 - INFO -   LR: 0.000250
2026-02-23 16:37:16,501 - INFO -   Patience: 2/15
2026-02-23 16:37:16,501 - INFO - 
Epoch 34/100
2026-02-23 16:37:16,940 - INFO -   Epoch [10/175] Loss: 1.6047
2026-02-23 16:37:17,391 - INFO -   Epoch [20/175] Loss: 1.5942
2026-02-23 16:37:17,864 - INFO -   Epoch [30/175] Loss: 1.2313
2026-02-23 16:37:18,328 - INFO -   Epoch [40/175] Loss: 1.2663
2026-02-23 16:37:18,781 - INFO -   Epoch [50/175] Loss: 1.4300
2026-02-23 16:37:19,266 - INFO -   Epoch [60/175] Loss: 1.2004
2026-02-23 16:37:19,728 - INFO -   Epoch [70/175] Loss: 1.3749
2026-02-23 16:37:20,202 - INFO -   Epoch [80/175] Loss: 0.8653
2026-02-23 16:37:20,678 - INFO -   Epoch [90/175] Loss: 0.9986
2026-02-23 16:37:21,165 - INFO -   Epoch [100/175] Loss: 1.2009
2026-02-23 16:37:21,649 - INFO -   Epoch [110/175] Loss: 1.4733
2026-02-23 16:37:22,134 - INFO -   Epoch [120/175] Loss: 1.9090
2026-02-23 16:37:22,577 - INFO -   Epoch [130/175] Loss: 1.4833
2026-02-23 16:37:23,031 - INFO -   Epoch [140/175] Loss: 1.6118
2026-02-23 16:37:23,486 - INFO -   Epoch [150/175] Loss: 1.4221
2026-02-23 16:37:23,934 - INFO -   Epoch [160/175] Loss: 1.7552
2026-02-23 16:37:24,377 - INFO -   Epoch [170/175] Loss: 1.7346
2026-02-23 16:37:25,084 - INFO -   Train Loss: 1.4435
2026-02-23 16:37:25,084 - INFO -   Train Accuracy: 39.21%
2026-02-23 16:37:25,084 - INFO -   Val Loss: 1.4317
2026-02-23 16:37:25,084 - INFO -   Val Accuracy: 51.25% | F1: 0.4301
2026-02-23 16:37:25,084 - INFO -   LR: 0.000250
2026-02-23 16:37:25,199 - INFO -   ✓ New best model saved!
2026-02-23 16:37:25,199 - INFO -   Patience: 0/15
2026-02-23 16:37:25,200 - INFO - 
Epoch 35/100
2026-02-23 16:37:25,681 - INFO -   Epoch [10/175] Loss: 2.5369
2026-02-23 16:37:26,107 - INFO -   Epoch [20/175] Loss: 1.8012
2026-02-23 16:37:26,557 - INFO -   Epoch [30/175] Loss: 1.4555
2026-02-23 16:37:27,000 - INFO -   Epoch [40/175] Loss: 1.6385
2026-02-23 16:37:27,438 - INFO -   Epoch [50/175] Loss: 1.2144
2026-02-23 16:37:27,887 - INFO -   Epoch [60/175] Loss: 1.0671
2026-02-23 16:37:28,363 - INFO -   Epoch [70/175] Loss: 1.0675
2026-02-23 16:37:28,817 - INFO -   Epoch [80/175] Loss: 1.3740
2026-02-23 16:37:29,229 - INFO -   Epoch [90/175] Loss: 1.2276
2026-02-23 16:37:29,645 - INFO -   Epoch [100/175] Loss: 1.3513
2026-02-23 16:37:30,056 - INFO -   Epoch [110/175] Loss: 1.3921
2026-02-23 16:37:30,500 - INFO -   Epoch [120/175] Loss: 1.0272
2026-02-23 16:37:30,946 - INFO -   Epoch [130/175] Loss: 1.8271
2026-02-23 16:37:31,424 - INFO -   Epoch [140/175] Loss: 1.2473
2026-02-23 16:37:31,900 - INFO -   Epoch [150/175] Loss: 1.3984
2026-02-23 16:37:32,377 - INFO -   Epoch [160/175] Loss: 1.8356
2026-02-23 16:37:32,844 - INFO -   Epoch [170/175] Loss: 1.7554
2026-02-23 16:37:33,512 - INFO -   Train Loss: 1.4549
2026-02-23 16:37:33,512 - INFO -   Train Accuracy: 42.18%
2026-02-23 16:37:33,512 - INFO -   Val Loss: 1.4225
2026-02-23 16:37:33,512 - INFO -   Val Accuracy: 53.50% | F1: 0.4370
2026-02-23 16:37:33,512 - INFO -   LR: 0.000250
2026-02-23 16:37:33,639 - INFO -   ✓ New best model saved!
2026-02-23 16:37:33,640 - INFO -   Patience: 0/15
2026-02-23 16:37:33,640 - INFO - 
Epoch 36/100
2026-02-23 16:37:34,142 - INFO -   Epoch [10/175] Loss: 1.1493
2026-02-23 16:37:34,627 - INFO -   Epoch [20/175] Loss: 0.9661
2026-02-23 16:37:35,053 - INFO -   Epoch [30/175] Loss: 1.3414
2026-02-23 16:37:35,486 - INFO -   Epoch [40/175] Loss: 1.3310
2026-02-23 16:37:35,940 - INFO -   Epoch [50/175] Loss: 1.0442
2026-02-23 16:37:36,425 - INFO -   Epoch [60/175] Loss: 0.9548
2026-02-23 16:37:36,853 - INFO -   Epoch [70/175] Loss: 1.6137
2026-02-23 16:37:37,276 - INFO -   Epoch [80/175] Loss: 2.5796
2026-02-23 16:37:37,716 - INFO -   Epoch [90/175] Loss: 1.5881
2026-02-23 16:37:38,188 - INFO -   Epoch [100/175] Loss: 1.6261
2026-02-23 16:37:38,651 - INFO -   Epoch [110/175] Loss: 1.4419
2026-02-23 16:37:39,127 - INFO -   Epoch [120/175] Loss: 1.5550
2026-02-23 16:37:39,555 - INFO -   Epoch [130/175] Loss: 1.2913
2026-02-23 16:37:39,981 - INFO -   Epoch [140/175] Loss: 1.5065
2026-02-23 16:37:40,441 - INFO -   Epoch [150/175] Loss: 1.1627
2026-02-23 16:37:40,910 - INFO -   Epoch [160/175] Loss: 1.6637
2026-02-23 16:37:41,387 - INFO -   Epoch [170/175] Loss: 1.5041
2026-02-23 16:37:42,064 - INFO -   Train Loss: 1.4558
2026-02-23 16:37:42,064 - INFO -   Train Accuracy: 39.39%
2026-02-23 16:37:42,064 - INFO -   Val Loss: 1.3965
2026-02-23 16:37:42,064 - INFO -   Val Accuracy: 51.50% | F1: 0.4062
2026-02-23 16:37:42,064 - INFO -   LR: 0.000250
2026-02-23 16:37:42,065 - INFO -   Patience: 1/15
2026-02-23 16:37:42,065 - INFO - 
Epoch 37/100
2026-02-23 16:37:42,514 - INFO -   Epoch [10/175] Loss: 1.1581
2026-02-23 16:37:42,971 - INFO -   Epoch [20/175] Loss: 1.3055
2026-02-23 16:37:43,430 - INFO -   Epoch [30/175] Loss: 1.3774
2026-02-23 16:37:43,896 - INFO -   Epoch [40/175] Loss: 1.2398
2026-02-23 16:37:44,364 - INFO -   Epoch [50/175] Loss: 1.4140
2026-02-23 16:37:44,822 - INFO -   Epoch [60/175] Loss: 1.6988
2026-02-23 16:37:45,256 - INFO -   Epoch [70/175] Loss: 1.2627
2026-02-23 16:37:45,770 - INFO -   Epoch [80/175] Loss: 1.4607
2026-02-23 16:37:46,244 - INFO -   Epoch [90/175] Loss: 1.5560
2026-02-23 16:37:46,723 - INFO -   Epoch [100/175] Loss: 1.5160
2026-02-23 16:37:47,200 - INFO -   Epoch [110/175] Loss: 1.1641
2026-02-23 16:37:47,680 - INFO -   Epoch [120/175] Loss: 1.4190
2026-02-23 16:37:48,157 - INFO -   Epoch [130/175] Loss: 0.7176
2026-02-23 16:37:48,596 - INFO -   Epoch [140/175] Loss: 1.3458
2026-02-23 16:37:49,022 - INFO -   Epoch [150/175] Loss: 1.7547
2026-02-23 16:37:49,454 - INFO -   Epoch [160/175] Loss: 1.3836
2026-02-23 16:37:49,875 - INFO -   Epoch [170/175] Loss: 1.8690
2026-02-23 16:37:50,530 - INFO -   Train Loss: 1.4284
2026-02-23 16:37:50,530 - INFO -   Train Accuracy: 36.57%
2026-02-23 16:37:50,531 - INFO -   Val Loss: 1.4790
2026-02-23 16:37:50,531 - INFO -   Val Accuracy: 49.00% | F1: 0.3988
2026-02-23 16:37:50,531 - INFO -   LR: 0.000250
2026-02-23 16:37:50,531 - INFO -   Patience: 2/15
2026-02-23 16:37:50,531 - INFO - 
Epoch 38/100
2026-02-23 16:37:50,970 - INFO -   Epoch [10/175] Loss: 1.7683
2026-02-23 16:37:51,435 - INFO -   Epoch [20/175] Loss: 1.8459
2026-02-23 16:37:51,901 - INFO -   Epoch [30/175] Loss: 1.3899
2026-02-23 16:37:52,371 - INFO -   Epoch [40/175] Loss: 1.3075
2026-02-23 16:37:52,831 - INFO -   Epoch [50/175] Loss: 2.0440
2026-02-23 16:37:53,306 - INFO -   Epoch [60/175] Loss: 0.8912
2026-02-23 16:37:53,792 - INFO -   Epoch [70/175] Loss: 1.4255
2026-02-23 16:37:54,238 - INFO -   Epoch [80/175] Loss: 1.7365
2026-02-23 16:37:54,693 - INFO -   Epoch [90/175] Loss: 1.1786
2026-02-23 16:37:55,188 - INFO -   Epoch [100/175] Loss: 1.4743
2026-02-23 16:37:55,667 - INFO -   Epoch [110/175] Loss: 1.3859
2026-02-23 16:37:56,138 - INFO -   Epoch [120/175] Loss: 1.0020
2026-02-23 16:37:56,608 - INFO -   Epoch [130/175] Loss: 1.4729
2026-02-23 16:37:57,054 - INFO -   Epoch [140/175] Loss: 1.9763
2026-02-23 16:37:57,480 - INFO -   Epoch [150/175] Loss: 1.6136
2026-02-23 16:37:57,905 - INFO -   Epoch [160/175] Loss: 1.1947
2026-02-23 16:37:58,343 - INFO -   Epoch [170/175] Loss: 1.5487
2026-02-23 16:37:59,034 - INFO -   Train Loss: 1.4499
2026-02-23 16:37:59,035 - INFO -   Train Accuracy: 40.50%
2026-02-23 16:37:59,035 - INFO -   Val Loss: 1.4503
2026-02-23 16:37:59,035 - INFO -   Val Accuracy: 42.50% | F1: 0.3585
2026-02-23 16:37:59,035 - INFO -   LR: 0.000250
2026-02-23 16:37:59,035 - INFO -   Patience: 3/15
2026-02-23 16:37:59,035 - INFO - 
Epoch 39/100
2026-02-23 16:37:59,493 - INFO -   Epoch [10/175] Loss: 0.9571
2026-02-23 16:37:59,943 - INFO -   Epoch [20/175] Loss: 1.3579
2026-02-23 16:38:00,375 - INFO -   Epoch [30/175] Loss: 1.4394
2026-02-23 16:38:00,811 - INFO -   Epoch [40/175] Loss: 1.3296
2026-02-23 16:38:01,302 - INFO -   Epoch [50/175] Loss: 1.2626
2026-02-23 16:38:01,746 - INFO -   Epoch [60/175] Loss: 1.3518
2026-02-23 16:38:02,215 - INFO -   Epoch [70/175] Loss: 1.1091
2026-02-23 16:38:02,731 - INFO -   Epoch [80/175] Loss: 1.1156
2026-02-23 16:38:03,200 - INFO -   Epoch [90/175] Loss: 1.3987
2026-02-23 16:38:03,634 - INFO -   Epoch [100/175] Loss: 0.8593
2026-02-23 16:38:04,092 - INFO -   Epoch [110/175] Loss: 1.5214
2026-02-23 16:38:04,523 - INFO -   Epoch [120/175] Loss: 1.4176
2026-02-23 16:38:04,954 - INFO -   Epoch [130/175] Loss: 1.4582
2026-02-23 16:38:05,385 - INFO -   Epoch [140/175] Loss: 1.1810
2026-02-23 16:38:05,823 - INFO -   Epoch [150/175] Loss: 1.8638
2026-02-23 16:38:06,282 - INFO -   Epoch [160/175] Loss: 1.0625
2026-02-23 16:38:06,710 - INFO -   Epoch [170/175] Loss: 1.5934
2026-02-23 16:38:07,400 - INFO -   Train Loss: 1.4342
2026-02-23 16:38:07,400 - INFO -   Train Accuracy: 40.21%
2026-02-23 16:38:07,400 - INFO -   Val Loss: 1.3847
2026-02-23 16:38:07,400 - INFO -   Val Accuracy: 46.75% | F1: 0.3818
2026-02-23 16:38:07,400 - INFO -   LR: 0.000250
2026-02-23 16:38:07,400 - INFO -   Patience: 4/15
2026-02-23 16:38:07,401 - INFO - 
Epoch 40/100
2026-02-23 16:38:07,865 - INFO -   Epoch [10/175] Loss: 1.3342
2026-02-23 16:38:08,359 - INFO -   Epoch [20/175] Loss: 1.4845
2026-02-23 16:38:08,828 - INFO -   Epoch [30/175] Loss: 1.0618
2026-02-23 16:38:09,305 - INFO -   Epoch [40/175] Loss: 1.8447
2026-02-23 16:38:09,774 - INFO -   Epoch [50/175] Loss: 1.6970
2026-02-23 16:38:10,252 - INFO -   Epoch [60/175] Loss: 1.4288
2026-02-23 16:38:10,720 - INFO -   Epoch [70/175] Loss: 1.3781
2026-02-23 16:38:11,148 - INFO -   Epoch [80/175] Loss: 1.7443
2026-02-23 16:38:11,578 - INFO -   Epoch [90/175] Loss: 1.7036
2026-02-23 16:38:12,001 - INFO -   Epoch [100/175] Loss: 1.4311
2026-02-23 16:38:12,461 - INFO -   Epoch [110/175] Loss: 1.5055
2026-02-23 16:38:12,922 - INFO -   Epoch [120/175] Loss: 1.5734
2026-02-23 16:38:13,365 - INFO -   Epoch [130/175] Loss: 1.3755
2026-02-23 16:38:13,791 - INFO -   Epoch [140/175] Loss: 1.2081
2026-02-23 16:38:14,241 - INFO -   Epoch [150/175] Loss: 1.7310
2026-02-23 16:38:14,721 - INFO -   Epoch [160/175] Loss: 1.5645
2026-02-23 16:38:15,198 - INFO -   Epoch [170/175] Loss: 0.8579
2026-02-23 16:38:15,848 - INFO -   Train Loss: 1.4370
2026-02-23 16:38:15,848 - INFO -   Train Accuracy: 39.43%
2026-02-23 16:38:15,848 - INFO -   Val Loss: 1.4078
2026-02-23 16:38:15,848 - INFO -   Val Accuracy: 47.00% | F1: 0.3838
2026-02-23 16:38:15,848 - INFO -   LR: 0.000250
2026-02-23 16:38:15,848 - INFO -   Patience: 5/15
2026-02-23 16:38:15,848 - INFO - 
Epoch 41/100
2026-02-23 16:38:16,278 - INFO -   Epoch [10/175] Loss: 0.8519
2026-02-23 16:38:16,704 - INFO -   Epoch [20/175] Loss: 2.0817
2026-02-23 16:38:17,145 - INFO -   Epoch [30/175] Loss: 1.3397
2026-02-23 16:38:17,588 - INFO -   Epoch [40/175] Loss: 1.4745
2026-02-23 16:38:18,028 - INFO -   Epoch [50/175] Loss: 1.1231
2026-02-23 16:38:18,486 - INFO -   Epoch [60/175] Loss: 1.7194
2026-02-23 16:38:18,944 - INFO -   Epoch [70/175] Loss: 1.3486
2026-02-23 16:38:19,424 - INFO -   Epoch [80/175] Loss: 0.9282
2026-02-23 16:38:19,885 - INFO -   Epoch [90/175] Loss: 1.5849
2026-02-23 16:38:20,317 - INFO -   Epoch [100/175] Loss: 2.0759
2026-02-23 16:38:20,800 - INFO -   Epoch [110/175] Loss: 1.6022
2026-02-23 16:38:21,302 - INFO -   Epoch [120/175] Loss: 1.9271
2026-02-23 16:38:21,759 - INFO -   Epoch [130/175] Loss: 1.0333
2026-02-23 16:38:22,243 - INFO -   Epoch [140/175] Loss: 0.8660
2026-02-23 16:38:22,722 - INFO -   Epoch [150/175] Loss: 3.0370
2026-02-23 16:38:23,219 - INFO -   Epoch [160/175] Loss: 1.0071
2026-02-23 16:38:23,650 - INFO -   Epoch [170/175] Loss: 0.8507
2026-02-23 16:38:24,321 - INFO -   Train Loss: 1.4253
2026-02-23 16:38:24,322 - INFO -   Train Accuracy: 39.14%
2026-02-23 16:38:24,322 - INFO -   Val Loss: 1.3812
2026-02-23 16:38:24,322 - INFO -   Val Accuracy: 49.50% | F1: 0.4145
2026-02-23 16:38:24,322 - INFO -   LR: 0.000250
2026-02-23 16:38:24,322 - INFO -   Patience: 6/15
2026-02-23 16:38:24,322 - INFO - 
Epoch 42/100
2026-02-23 16:38:24,757 - INFO -   Epoch [10/175] Loss: 1.3179
2026-02-23 16:38:25,198 - INFO -   Epoch [20/175] Loss: 1.4507
2026-02-23 16:38:25,632 - INFO -   Epoch [30/175] Loss: 1.9414
2026-02-23 16:38:26,114 - INFO -   Epoch [40/175] Loss: 1.4342
2026-02-23 16:38:26,619 - INFO -   Epoch [50/175] Loss: 1.8091
2026-02-23 16:38:27,116 - INFO -   Epoch [60/175] Loss: 1.3906
2026-02-23 16:38:27,545 - INFO -   Epoch [70/175] Loss: 1.9409
2026-02-23 16:38:27,972 - INFO -   Epoch [80/175] Loss: 1.7633
2026-02-23 16:38:28,404 - INFO -   Epoch [90/175] Loss: 1.6848
2026-02-23 16:38:28,870 - INFO -   Epoch [100/175] Loss: 1.4831
2026-02-23 16:38:29,329 - INFO -   Epoch [110/175] Loss: 1.4399
2026-02-23 16:38:29,822 - INFO -   Epoch [120/175] Loss: 2.1325
2026-02-23 16:38:30,278 - INFO -   Epoch [130/175] Loss: 1.7807
2026-02-23 16:38:30,777 - INFO -   Epoch [140/175] Loss: 1.2595
2026-02-23 16:38:31,215 - INFO -   Epoch [150/175] Loss: 1.7192
2026-02-23 16:38:31,697 - INFO -   Epoch [160/175] Loss: 1.2705
2026-02-23 16:38:32,123 - INFO -   Epoch [170/175] Loss: 0.8229
2026-02-23 16:38:32,805 - INFO -   Train Loss: 1.4487
2026-02-23 16:38:32,805 - INFO -   Train Accuracy: 40.75%
2026-02-23 16:38:32,806 - INFO -   Val Loss: 1.3888
2026-02-23 16:38:32,806 - INFO -   Val Accuracy: 50.50% | F1: 0.4237
2026-02-23 16:38:32,806 - INFO -   LR: 0.000125
2026-02-23 16:38:32,806 - INFO -   Patience: 7/15
2026-02-23 16:38:32,806 - INFO - 
Epoch 43/100
2026-02-23 16:38:33,229 - INFO -   Epoch [10/175] Loss: 1.2763
2026-02-23 16:38:33,655 - INFO -   Epoch [20/175] Loss: 2.0602
2026-02-23 16:38:34,116 - INFO -   Epoch [30/175] Loss: 1.5143
2026-02-23 16:38:34,598 - INFO -   Epoch [40/175] Loss: 2.1649
2026-02-23 16:38:35,074 - INFO -   Epoch [50/175] Loss: 1.1402
2026-02-23 16:38:35,516 - INFO -   Epoch [60/175] Loss: 1.0338
2026-02-23 16:38:35,994 - INFO -   Epoch [70/175] Loss: 1.5336
2026-02-23 16:38:36,456 - INFO -   Epoch [80/175] Loss: 1.2398
2026-02-23 16:38:36,923 - INFO -   Epoch [90/175] Loss: 1.6942
2026-02-23 16:38:37,400 - INFO -   Epoch [100/175] Loss: 1.3264
2026-02-23 16:38:37,856 - INFO -   Epoch [110/175] Loss: 1.1346
2026-02-23 16:38:38,333 - INFO -   Epoch [120/175] Loss: 1.4334
2026-02-23 16:38:38,781 - INFO -   Epoch [130/175] Loss: 1.2074
2026-02-23 16:38:39,267 - INFO -   Epoch [140/175] Loss: 0.8630
2026-02-23 16:38:39,707 - INFO -   Epoch [150/175] Loss: 1.5573
2026-02-23 16:38:40,160 - INFO -   Epoch [160/175] Loss: 1.1852
2026-02-23 16:38:40,611 - INFO -   Epoch [170/175] Loss: 1.1352
2026-02-23 16:38:41,264 - INFO -   Train Loss: 1.4160
2026-02-23 16:38:41,264 - INFO -   Train Accuracy: 41.29%
2026-02-23 16:38:41,264 - INFO -   Val Loss: 1.4010
2026-02-23 16:38:41,264 - INFO -   Val Accuracy: 49.50% | F1: 0.4115
2026-02-23 16:38:41,265 - INFO -   LR: 0.000125
2026-02-23 16:38:41,265 - INFO -   Patience: 8/15
2026-02-23 16:38:41,265 - INFO - 
Epoch 44/100
2026-02-23 16:38:41,705 - INFO -   Epoch [10/175] Loss: 1.2571
2026-02-23 16:38:42,136 - INFO -   Epoch [20/175] Loss: 1.3600
2026-02-23 16:38:42,559 - INFO -   Epoch [30/175] Loss: 1.4363
2026-02-23 16:38:43,001 - INFO -   Epoch [40/175] Loss: 0.9706
2026-02-23 16:38:43,424 - INFO -   Epoch [50/175] Loss: 1.1376
2026-02-23 16:38:43,850 - INFO -   Epoch [60/175] Loss: 1.3878
2026-02-23 16:38:44,296 - INFO -   Epoch [70/175] Loss: 1.4729
2026-02-23 16:38:44,755 - INFO -   Epoch [80/175] Loss: 2.4106
2026-02-23 16:38:45,191 - INFO -   Epoch [90/175] Loss: 1.2791
2026-02-23 16:38:45,624 - INFO -   Epoch [100/175] Loss: 1.4403
2026-02-23 16:38:46,086 - INFO -   Epoch [110/175] Loss: 1.0695
2026-02-23 16:38:46,526 - INFO -   Epoch [120/175] Loss: 1.8074
2026-02-23 16:38:46,976 - INFO -   Epoch [130/175] Loss: 1.4291
2026-02-23 16:38:47,425 - INFO -   Epoch [140/175] Loss: 1.4407
2026-02-23 16:38:47,848 - INFO -   Epoch [150/175] Loss: 1.1847
2026-02-23 16:38:48,272 - INFO -   Epoch [160/175] Loss: 1.3298
2026-02-23 16:38:48,725 - INFO -   Epoch [170/175] Loss: 1.4616
2026-02-23 16:38:49,380 - INFO -   Train Loss: 1.4389
2026-02-23 16:38:49,380 - INFO -   Train Accuracy: 42.39%
2026-02-23 16:38:49,380 - INFO -   Val Loss: 1.3751
2026-02-23 16:38:49,380 - INFO -   Val Accuracy: 51.50% | F1: 0.4279
2026-02-23 16:38:49,380 - INFO -   LR: 0.000125
2026-02-23 16:38:49,380 - INFO -   Patience: 9/15
2026-02-23 16:38:49,380 - INFO - 
Epoch 45/100
2026-02-23 16:38:49,818 - INFO -   Epoch [10/175] Loss: 1.0199
2026-02-23 16:38:50,280 - INFO -   Epoch [20/175] Loss: 1.6587
2026-02-23 16:38:50,739 - INFO -   Epoch [30/175] Loss: 1.8340
2026-02-23 16:38:51,201 - INFO -   Epoch [40/175] Loss: 1.5505
2026-02-23 16:38:51,632 - INFO -   Epoch [50/175] Loss: 1.1531
2026-02-23 16:38:52,062 - INFO -   Epoch [60/175] Loss: 1.2939
2026-02-23 16:38:52,498 - INFO -   Epoch [70/175] Loss: 1.1084
2026-02-23 16:38:52,949 - INFO -   Epoch [80/175] Loss: 1.9087
2026-02-23 16:38:53,377 - INFO -   Epoch [90/175] Loss: 1.4483
2026-02-23 16:38:53,798 - INFO -   Epoch [100/175] Loss: 1.3997
2026-02-23 16:38:54,229 - INFO -   Epoch [110/175] Loss: 1.1586
2026-02-23 16:38:54,664 - INFO -   Epoch [120/175] Loss: 1.5645
2026-02-23 16:38:55,097 - INFO -   Epoch [130/175] Loss: 1.5042
2026-02-23 16:38:55,557 - INFO -   Epoch [140/175] Loss: 1.3642
2026-02-23 16:38:56,016 - INFO -   Epoch [150/175] Loss: 1.1483
2026-02-23 16:38:56,494 - INFO -   Epoch [160/175] Loss: 0.9130
2026-02-23 16:38:56,964 - INFO -   Epoch [170/175] Loss: 1.3322
2026-02-23 16:38:57,652 - INFO -   Train Loss: 1.3767
2026-02-23 16:38:57,653 - INFO -   Train Accuracy: 41.43%
2026-02-23 16:38:57,653 - INFO -   Val Loss: 1.3641
2026-02-23 16:38:57,653 - INFO -   Val Accuracy: 51.00% | F1: 0.4265
2026-02-23 16:38:57,653 - INFO -   LR: 0.000125
2026-02-23 16:38:57,653 - INFO -   Patience: 10/15
2026-02-23 16:38:57,653 - INFO - 
Epoch 46/100
2026-02-23 16:38:58,118 - INFO -   Epoch [10/175] Loss: 1.1349
2026-02-23 16:38:58,586 - INFO -   Epoch [20/175] Loss: 1.2539
2026-02-23 16:38:59,032 - INFO -   Epoch [30/175] Loss: 1.2671
2026-02-23 16:38:59,457 - INFO -   Epoch [40/175] Loss: 1.3757
2026-02-23 16:38:59,890 - INFO -   Epoch [50/175] Loss: 1.2073
2026-02-23 16:39:00,347 - INFO -   Epoch [60/175] Loss: 1.3597
2026-02-23 16:39:00,801 - INFO -   Epoch [70/175] Loss: 1.2469
2026-02-23 16:39:01,282 - INFO -   Epoch [80/175] Loss: 1.5716
2026-02-23 16:39:01,760 - INFO -   Epoch [90/175] Loss: 1.6381
2026-02-23 16:39:02,186 - INFO -   Epoch [100/175] Loss: 1.3724
2026-02-23 16:39:02,617 - INFO -   Epoch [110/175] Loss: 1.3710
2026-02-23 16:39:03,063 - INFO -   Epoch [120/175] Loss: 1.4879
2026-02-23 16:39:03,515 - INFO -   Epoch [130/175] Loss: 1.4421
2026-02-23 16:39:03,966 - INFO -   Epoch [140/175] Loss: 3.0088
2026-02-23 16:39:04,429 - INFO -   Epoch [150/175] Loss: 1.5732
2026-02-23 16:39:04,940 - INFO -   Epoch [160/175] Loss: 1.5361
2026-02-23 16:39:05,445 - INFO -   Epoch [170/175] Loss: 1.6929
2026-02-23 16:39:06,150 - INFO -   Train Loss: 1.4030
2026-02-23 16:39:06,150 - INFO -   Train Accuracy: 40.68%
2026-02-23 16:39:06,150 - INFO -   Val Loss: 1.3809
2026-02-23 16:39:06,151 - INFO -   Val Accuracy: 50.75% | F1: 0.4105
2026-02-23 16:39:06,151 - INFO -   LR: 0.000125
2026-02-23 16:39:06,151 - INFO -   Patience: 11/15
2026-02-23 16:39:06,151 - INFO - 
Epoch 47/100
2026-02-23 16:39:06,624 - INFO -   Epoch [10/175] Loss: 1.5106
2026-02-23 16:39:07,084 - INFO -   Epoch [20/175] Loss: 1.2808
2026-02-23 16:39:07,536 - INFO -   Epoch [30/175] Loss: 0.8897
2026-02-23 16:39:08,012 - INFO -   Epoch [40/175] Loss: 1.2868
2026-02-23 16:39:08,503 - INFO -   Epoch [50/175] Loss: 1.3748
2026-02-23 16:39:08,986 - INFO -   Epoch [60/175] Loss: 1.3318
2026-02-23 16:39:09,432 - INFO -   Epoch [70/175] Loss: 0.9187
2026-02-23 16:39:09,869 - INFO -   Epoch [80/175] Loss: 1.5428
2026-02-23 16:39:10,357 - INFO -   Epoch [90/175] Loss: 1.2998
2026-02-23 16:39:10,836 - INFO -   Epoch [100/175] Loss: 0.8829
2026-02-23 16:39:11,301 - INFO -   Epoch [110/175] Loss: 1.0720
2026-02-23 16:39:11,780 - INFO -   Epoch [120/175] Loss: 1.1377
2026-02-23 16:39:12,248 - INFO -   Epoch [130/175] Loss: 1.2447
2026-02-23 16:39:12,724 - INFO -   Epoch [140/175] Loss: 1.8256
2026-02-23 16:39:13,214 - INFO -   Epoch [150/175] Loss: 1.1222
2026-02-23 16:39:13,690 - INFO -   Epoch [160/175] Loss: 1.5584
2026-02-23 16:39:14,146 - INFO -   Epoch [170/175] Loss: 2.1244
2026-02-23 16:39:14,826 - INFO -   Train Loss: 1.4041
2026-02-23 16:39:14,826 - INFO -   Train Accuracy: 39.61%
2026-02-23 16:39:14,826 - INFO -   Val Loss: 1.4055
2026-02-23 16:39:14,826 - INFO -   Val Accuracy: 51.50% | F1: 0.4299
2026-02-23 16:39:14,826 - INFO -   LR: 0.000125
2026-02-23 16:39:14,826 - INFO -   Patience: 12/15
2026-02-23 16:39:14,827 - INFO - 
Epoch 48/100
2026-02-23 16:39:15,268 - INFO -   Epoch [10/175] Loss: 1.4308
2026-02-23 16:39:15,731 - INFO -   Epoch [20/175] Loss: 1.5004
2026-02-23 16:39:16,196 - INFO -   Epoch [30/175] Loss: 0.8515
2026-02-23 16:39:16,669 - INFO -   Epoch [40/175] Loss: 1.5653
2026-02-23 16:39:17,159 - INFO -   Epoch [50/175] Loss: 1.6154
2026-02-23 16:39:17,588 - INFO -   Epoch [60/175] Loss: 1.5651
2026-02-23 16:39:18,018 - INFO -   Epoch [70/175] Loss: 1.6957
2026-02-23 16:39:18,462 - INFO -   Epoch [80/175] Loss: 2.2166
2026-02-23 16:39:18,890 - INFO -   Epoch [90/175] Loss: 1.8364
2026-02-23 16:39:19,323 - INFO -   Epoch [100/175] Loss: 1.5033
2026-02-23 16:39:19,785 - INFO -   Epoch [110/175] Loss: 1.1644
2026-02-23 16:39:20,248 - INFO -   Epoch [120/175] Loss: 2.0664
2026-02-23 16:39:20,709 - INFO -   Epoch [130/175] Loss: 1.7496
2026-02-23 16:39:21,148 - INFO -   Epoch [140/175] Loss: 1.2492
2026-02-23 16:39:21,628 - INFO -   Epoch [150/175] Loss: 2.7581
2026-02-23 16:39:22,065 - INFO -   Epoch [160/175] Loss: 1.3820
2026-02-23 16:39:22,548 - INFO -   Epoch [170/175] Loss: 1.3403
2026-02-23 16:39:23,263 - INFO -   Train Loss: 1.4282
2026-02-23 16:39:23,263 - INFO -   Train Accuracy: 41.04%
2026-02-23 16:39:23,263 - INFO -   Val Loss: 1.4092
2026-02-23 16:39:23,263 - INFO -   Val Accuracy: 53.00% | F1: 0.4219
2026-02-23 16:39:23,263 - INFO -   LR: 0.000063
2026-02-23 16:39:23,263 - INFO -   Patience: 13/15
2026-02-23 16:39:23,263 - INFO - 
Epoch 49/100
2026-02-23 16:39:23,733 - INFO -   Epoch [10/175] Loss: 1.1013
2026-02-23 16:39:24,217 - INFO -   Epoch [20/175] Loss: 1.3109
2026-02-23 16:39:24,648 - INFO -   Epoch [30/175] Loss: 1.1810
2026-02-23 16:39:25,145 - INFO -   Epoch [40/175] Loss: 1.2790
2026-02-23 16:39:25,631 - INFO -   Epoch [50/175] Loss: 1.4026
2026-02-23 16:39:26,102 - INFO -   Epoch [60/175] Loss: 1.0924
2026-02-23 16:39:26,553 - INFO -   Epoch [70/175] Loss: 1.5540
2026-02-23 16:39:27,035 - INFO -   Epoch [80/175] Loss: 1.2873
2026-02-23 16:39:27,473 - INFO -   Epoch [90/175] Loss: 1.3253
2026-02-23 16:39:27,909 - INFO -   Epoch [100/175] Loss: 1.8972
2026-02-23 16:39:28,379 - INFO -   Epoch [110/175] Loss: 1.3352
2026-02-23 16:39:28,847 - INFO -   Epoch [120/175] Loss: 1.6218
2026-02-23 16:39:29,316 - INFO -   Epoch [130/175] Loss: 2.1741
2026-02-23 16:39:29,796 - INFO -   Epoch [140/175] Loss: 1.1725
2026-02-23 16:39:30,265 - INFO -   Epoch [150/175] Loss: 1.5309
2026-02-23 16:39:30,733 - INFO -   Epoch [160/175] Loss: 1.6215
2026-02-23 16:39:31,190 - INFO -   Epoch [170/175] Loss: 1.5445
2026-02-23 16:39:31,880 - INFO -   Train Loss: 1.3982
2026-02-23 16:39:31,881 - INFO -   Train Accuracy: 40.75%
2026-02-23 16:39:31,881 - INFO -   Val Loss: 1.4029
2026-02-23 16:39:31,881 - INFO -   Val Accuracy: 51.00% | F1: 0.4099
2026-02-23 16:39:31,881 - INFO -   LR: 0.000063
2026-02-23 16:39:31,881 - INFO -   Patience: 14/15
2026-02-23 16:39:31,881 - INFO - 
Epoch 50/100
2026-02-23 16:39:32,335 - INFO -   Epoch [10/175] Loss: 1.0364
2026-02-23 16:39:32,792 - INFO -   Epoch [20/175] Loss: 1.6557
2026-02-23 16:39:33,247 - INFO -   Epoch [30/175] Loss: 1.3176
2026-02-23 16:39:33,741 - INFO -   Epoch [40/175] Loss: 1.5503
2026-02-23 16:39:34,177 - INFO -   Epoch [50/175] Loss: 0.8553
2026-02-23 16:39:34,663 - INFO -   Epoch [60/175] Loss: 1.3193
2026-02-23 16:39:35,144 - INFO -   Epoch [70/175] Loss: 1.3094
2026-02-23 16:39:35,615 - INFO -   Epoch [80/175] Loss: 1.5044
2026-02-23 16:39:36,083 - INFO -   Epoch [90/175] Loss: 1.3334
2026-02-23 16:39:36,579 - INFO -   Epoch [100/175] Loss: 1.1089
2026-02-23 16:39:37,057 - INFO -   Epoch [110/175] Loss: 1.0634
2026-02-23 16:39:37,545 - INFO -   Epoch [120/175] Loss: 1.2182
2026-02-23 16:39:38,024 - INFO -   Epoch [130/175] Loss: 1.1530
2026-02-23 16:39:38,507 - INFO -   Epoch [140/175] Loss: 1.2783
2026-02-23 16:39:38,945 - INFO -   Epoch [150/175] Loss: 1.7267
2026-02-23 16:39:39,377 - INFO -   Epoch [160/175] Loss: 2.1750
2026-02-23 16:39:39,816 - INFO -   Epoch [170/175] Loss: 1.1793
2026-02-23 16:39:40,540 - INFO -   Train Loss: 1.3794
2026-02-23 16:39:40,540 - INFO -   Train Accuracy: 40.71%
2026-02-23 16:39:40,540 - INFO -   Val Loss: 1.3725
2026-02-23 16:39:40,540 - INFO -   Val Accuracy: 54.50% | F1: 0.4368
2026-02-23 16:39:40,540 - INFO -   LR: 0.000063
2026-02-23 16:39:40,657 - INFO -   ✓ New best model saved!
2026-02-23 16:39:40,658 - INFO -   Patience: 0/15
2026-02-23 16:39:40,658 - INFO - 
Epoch 51/100
2026-02-23 16:39:41,146 - INFO -   Epoch [10/175] Loss: 1.4238
2026-02-23 16:39:41,574 - INFO -   Epoch [20/175] Loss: 1.1444
2026-02-23 16:39:42,018 - INFO -   Epoch [30/175] Loss: 1.2663
2026-02-23 16:39:42,465 - INFO -   Epoch [40/175] Loss: 1.1791
2026-02-23 16:39:42,896 - INFO -   Epoch [50/175] Loss: 1.6510
2026-02-23 16:39:43,354 - INFO -   Epoch [60/175] Loss: 1.0778
2026-02-23 16:39:43,823 - INFO -   Epoch [70/175] Loss: 1.6921
2026-02-23 16:39:44,284 - INFO -   Epoch [80/175] Loss: 1.2252
2026-02-23 16:39:44,771 - INFO -   Epoch [90/175] Loss: 1.1004
2026-02-23 16:39:45,207 - INFO -   Epoch [100/175] Loss: 1.4263
2026-02-23 16:39:45,671 - INFO -   Epoch [110/175] Loss: 1.3407
2026-02-23 16:39:46,138 - INFO -   Epoch [120/175] Loss: 1.6181
2026-02-23 16:39:46,602 - INFO -   Epoch [130/175] Loss: 1.7139
2026-02-23 16:39:47,089 - INFO -   Epoch [140/175] Loss: 2.0653
2026-02-23 16:39:47,558 - INFO -   Epoch [150/175] Loss: 1.3423
2026-02-23 16:39:48,034 - INFO -   Epoch [160/175] Loss: 1.0843
2026-02-23 16:39:48,490 - INFO -   Epoch [170/175] Loss: 1.1448
2026-02-23 16:39:49,188 - INFO -   Train Loss: 1.3995
2026-02-23 16:39:49,189 - INFO -   Train Accuracy: 42.18%
2026-02-23 16:39:49,189 - INFO -   Val Loss: 1.3755
2026-02-23 16:39:49,189 - INFO -   Val Accuracy: 53.75% | F1: 0.4205
2026-02-23 16:39:49,189 - INFO -   LR: 0.000063
2026-02-23 16:39:49,189 - INFO -   Patience: 1/15
2026-02-23 16:39:49,189 - INFO - 
Epoch 52/100
2026-02-23 16:39:49,648 - INFO -   Epoch [10/175] Loss: 1.3805
2026-02-23 16:39:50,138 - INFO -   Epoch [20/175] Loss: 0.8717
2026-02-23 16:39:50,636 - INFO -   Epoch [30/175] Loss: 1.4539
2026-02-23 16:39:51,111 - INFO -   Epoch [40/175] Loss: 1.2712
2026-02-23 16:39:51,572 - INFO -   Epoch [50/175] Loss: 1.0270
2026-02-23 16:39:52,039 - INFO -   Epoch [60/175] Loss: 1.6897
2026-02-23 16:39:52,506 - INFO -   Epoch [70/175] Loss: 1.8674
2026-02-23 16:39:53,002 - INFO -   Epoch [80/175] Loss: 1.0668
2026-02-23 16:39:53,510 - INFO -   Epoch [90/175] Loss: 1.5394
2026-02-23 16:39:54,042 - INFO -   Epoch [100/175] Loss: 1.8006
2026-02-23 16:39:54,532 - INFO -   Epoch [110/175] Loss: 1.3732
2026-02-23 16:39:54,999 - INFO -   Epoch [120/175] Loss: 1.2593
2026-02-23 16:39:55,439 - INFO -   Epoch [130/175] Loss: 1.0662
2026-02-23 16:39:55,917 - INFO -   Epoch [140/175] Loss: 1.0249
2026-02-23 16:39:56,389 - INFO -   Epoch [150/175] Loss: 1.5023
2026-02-23 16:39:56,864 - INFO -   Epoch [160/175] Loss: 1.0783
2026-02-23 16:39:57,318 - INFO -   Epoch [170/175] Loss: 1.9712
2026-02-23 16:39:57,989 - INFO -   Train Loss: 1.3812
2026-02-23 16:39:57,989 - INFO -   Train Accuracy: 40.43%
2026-02-23 16:39:57,989 - INFO -   Val Loss: 1.3836
2026-02-23 16:39:57,989 - INFO -   Val Accuracy: 53.75% | F1: 0.4243
2026-02-23 16:39:57,990 - INFO -   LR: 0.000063
2026-02-23 16:39:57,990 - INFO -   Patience: 2/15
2026-02-23 16:39:57,990 - INFO - 
Epoch 53/100
2026-02-23 16:39:58,422 - INFO -   Epoch [10/175] Loss: 1.0172
2026-02-23 16:39:58,888 - INFO -   Epoch [20/175] Loss: 0.9966
2026-02-23 16:39:59,346 - INFO -   Epoch [30/175] Loss: 1.5083
2026-02-23 16:39:59,827 - INFO -   Epoch [40/175] Loss: 1.0079
2026-02-23 16:40:00,299 - INFO -   Epoch [50/175] Loss: 1.3736
2026-02-23 16:40:00,769 - INFO -   Epoch [60/175] Loss: 1.0293
2026-02-23 16:40:01,231 - INFO -   Epoch [70/175] Loss: 1.0117
2026-02-23 16:40:01,682 - INFO -   Epoch [80/175] Loss: 1.4962
2026-02-23 16:40:02,142 - INFO -   Epoch [90/175] Loss: 1.1465
2026-02-23 16:40:02,625 - INFO -   Epoch [100/175] Loss: 0.9519
2026-02-23 16:40:03,101 - INFO -   Epoch [110/175] Loss: 1.0540
2026-02-23 16:40:03,527 - INFO -   Epoch [120/175] Loss: 0.8894
2026-02-23 16:40:03,946 - INFO -   Epoch [130/175] Loss: 1.9758
2026-02-23 16:40:04,372 - INFO -   Epoch [140/175] Loss: 1.5508
2026-02-23 16:40:04,818 - INFO -   Epoch [150/175] Loss: 1.3409
2026-02-23 16:40:05,291 - INFO -   Epoch [160/175] Loss: 1.8840
2026-02-23 16:40:05,812 - INFO -   Epoch [170/175] Loss: 1.0763
2026-02-23 16:40:06,501 - INFO -   Train Loss: 1.3834
2026-02-23 16:40:06,501 - INFO -   Train Accuracy: 41.82%
2026-02-23 16:40:06,501 - INFO -   Val Loss: 1.3796
2026-02-23 16:40:06,501 - INFO -   Val Accuracy: 53.25% | F1: 0.4134
2026-02-23 16:40:06,501 - INFO -   LR: 0.000063
2026-02-23 16:40:06,501 - INFO -   Patience: 3/15
2026-02-23 16:40:06,501 - INFO - 
Epoch 54/100
2026-02-23 16:40:06,921 - INFO -   Epoch [10/175] Loss: 1.4540
2026-02-23 16:40:07,351 - INFO -   Epoch [20/175] Loss: 1.1711
2026-02-23 16:40:07,788 - INFO -   Epoch [30/175] Loss: 1.6914
2026-02-23 16:40:08,216 - INFO -   Epoch [40/175] Loss: 1.0617
2026-02-23 16:40:08,674 - INFO -   Epoch [50/175] Loss: 0.9520
2026-02-23 16:40:09,157 - INFO -   Epoch [60/175] Loss: 2.1986
2026-02-23 16:40:09,572 - INFO -   Epoch [70/175] Loss: 1.4607
2026-02-23 16:40:10,018 - INFO -   Epoch [80/175] Loss: 1.2651
2026-02-23 16:40:10,441 - INFO -   Epoch [90/175] Loss: 1.3481
2026-02-23 16:40:10,916 - INFO -   Epoch [100/175] Loss: 1.5503
2026-02-23 16:40:11,401 - INFO -   Epoch [110/175] Loss: 1.2533
2026-02-23 16:40:11,909 - INFO -   Epoch [120/175] Loss: 2.0585
2026-02-23 16:40:12,366 - INFO -   Epoch [130/175] Loss: 1.5797
2026-02-23 16:40:12,851 - INFO -   Epoch [140/175] Loss: 2.7227
2026-02-23 16:40:13,317 - INFO -   Epoch [150/175] Loss: 1.1585
2026-02-23 16:40:13,762 - INFO -   Epoch [160/175] Loss: 1.4974
2026-02-23 16:40:14,224 - INFO -   Epoch [170/175] Loss: 1.2493
2026-02-23 16:40:14,909 - INFO -   Train Loss: 1.3821
2026-02-23 16:40:14,909 - INFO -   Train Accuracy: 41.46%
2026-02-23 16:40:14,909 - INFO -   Val Loss: 1.3847
2026-02-23 16:40:14,909 - INFO -   Val Accuracy: 52.25% | F1: 0.4104
2026-02-23 16:40:14,910 - INFO -   LR: 0.000063
2026-02-23 16:40:14,910 - INFO -   Patience: 4/15
2026-02-23 16:40:14,910 - INFO - 
Epoch 55/100
2026-02-23 16:40:15,356 - INFO -   Epoch [10/175] Loss: 1.7002
2026-02-23 16:40:15,854 - INFO -   Epoch [20/175] Loss: 1.7283
2026-02-23 16:40:16,330 - INFO -   Epoch [30/175] Loss: 2.3878
2026-02-23 16:40:16,789 - INFO -   Epoch [40/175] Loss: 1.2193
2026-02-23 16:40:17,240 - INFO -   Epoch [50/175] Loss: 1.3575
2026-02-23 16:40:17,715 - INFO -   Epoch [60/175] Loss: 1.6087
2026-02-23 16:40:18,191 - INFO -   Epoch [70/175] Loss: 1.3507
2026-02-23 16:40:18,645 - INFO -   Epoch [80/175] Loss: 1.2709
2026-02-23 16:40:19,106 - INFO -   Epoch [90/175] Loss: 1.0294
2026-02-23 16:40:19,560 - INFO -   Epoch [100/175] Loss: 1.1709
2026-02-23 16:40:20,011 - INFO -   Epoch [110/175] Loss: 1.6325
2026-02-23 16:40:20,482 - INFO -   Epoch [120/175] Loss: 0.8176
2026-02-23 16:40:20,958 - INFO -   Epoch [130/175] Loss: 1.1192
2026-02-23 16:40:21,437 - INFO -   Epoch [140/175] Loss: 1.6527
2026-02-23 16:40:21,915 - INFO -   Epoch [150/175] Loss: 1.8269
2026-02-23 16:40:22,386 - INFO -   Epoch [160/175] Loss: 1.5562
2026-02-23 16:40:22,843 - INFO -   Epoch [170/175] Loss: 1.3318
2026-02-23 16:40:23,531 - INFO -   Train Loss: 1.3969
2026-02-23 16:40:23,531 - INFO -   Train Accuracy: 40.07%
2026-02-23 16:40:23,531 - INFO -   Val Loss: 1.3790
2026-02-23 16:40:23,531 - INFO -   Val Accuracy: 49.50% | F1: 0.3980
2026-02-23 16:40:23,531 - INFO -   LR: 0.000063
2026-02-23 16:40:23,531 - INFO -   Patience: 5/15
2026-02-23 16:40:23,531 - INFO - 
Epoch 56/100
2026-02-23 16:40:23,987 - INFO -   Epoch [10/175] Loss: 1.4941
2026-02-23 16:40:24,467 - INFO -   Epoch [20/175] Loss: 1.0938
2026-02-23 16:40:24,957 - INFO -   Epoch [30/175] Loss: 1.0848
2026-02-23 16:40:25,445 - INFO -   Epoch [40/175] Loss: 1.3657
2026-02-23 16:40:25,901 - INFO -   Epoch [50/175] Loss: 1.1391
2026-02-23 16:40:26,377 - INFO -   Epoch [60/175] Loss: 1.3660
2026-02-23 16:40:26,854 - INFO -   Epoch [70/175] Loss: 1.8705
2026-02-23 16:40:27,312 - INFO -   Epoch [80/175] Loss: 1.5401
2026-02-23 16:40:27,783 - INFO -   Epoch [90/175] Loss: 1.3413
2026-02-23 16:40:28,245 - INFO -   Epoch [100/175] Loss: 1.3597
2026-02-23 16:40:28,697 - INFO -   Epoch [110/175] Loss: 1.7085
2026-02-23 16:40:29,124 - INFO -   Epoch [120/175] Loss: 1.8719
2026-02-23 16:40:29,573 - INFO -   Epoch [130/175] Loss: 1.0642
2026-02-23 16:40:30,023 - INFO -   Epoch [140/175] Loss: 1.3575
2026-02-23 16:40:30,459 - INFO -   Epoch [150/175] Loss: 1.3533
2026-02-23 16:40:30,879 - INFO -   Epoch [160/175] Loss: 1.2976
2026-02-23 16:40:31,306 - INFO -   Epoch [170/175] Loss: 1.5179
2026-02-23 16:40:31,967 - INFO -   Train Loss: 1.3645
2026-02-23 16:40:31,967 - INFO -   Train Accuracy: 42.07%
2026-02-23 16:40:31,967 - INFO -   Val Loss: 1.3830
2026-02-23 16:40:31,967 - INFO -   Val Accuracy: 52.50% | F1: 0.4113
2026-02-23 16:40:31,967 - INFO -   LR: 0.000063
2026-02-23 16:40:31,967 - INFO -   Patience: 6/15
2026-02-23 16:40:31,967 - INFO - 
Epoch 57/100
2026-02-23 16:40:32,393 - INFO -   Epoch [10/175] Loss: 1.6534
2026-02-23 16:40:32,816 - INFO -   Epoch [20/175] Loss: 1.6852
2026-02-23 16:40:33,269 - INFO -   Epoch [30/175] Loss: 1.2748
2026-02-23 16:40:33,729 - INFO -   Epoch [40/175] Loss: 1.4928
2026-02-23 16:40:34,204 - INFO -   Epoch [50/175] Loss: 1.7825
2026-02-23 16:40:34,690 - INFO -   Epoch [60/175] Loss: 1.2742
2026-02-23 16:40:35,142 - INFO -   Epoch [70/175] Loss: 1.2715
2026-02-23 16:40:35,618 - INFO -   Epoch [80/175] Loss: 0.9093
2026-02-23 16:40:36,068 - INFO -   Epoch [90/175] Loss: 1.2827
2026-02-23 16:40:36,479 - INFO -   Epoch [100/175] Loss: 1.8711
2026-02-23 16:40:36,903 - INFO -   Epoch [110/175] Loss: 0.9287
2026-02-23 16:40:37,363 - INFO -   Epoch [120/175] Loss: 1.3350
2026-02-23 16:40:37,832 - INFO -   Epoch [130/175] Loss: 2.5547
2026-02-23 16:40:38,303 - INFO -   Epoch [140/175] Loss: 1.3147
2026-02-23 16:40:38,733 - INFO -   Epoch [150/175] Loss: 1.4854
2026-02-23 16:40:39,193 - INFO -   Epoch [160/175] Loss: 1.9137
2026-02-23 16:40:39,614 - INFO -   Epoch [170/175] Loss: 1.1152
2026-02-23 16:40:40,305 - INFO -   Train Loss: 1.3956
2026-02-23 16:40:40,305 - INFO -   Train Accuracy: 40.21%
2026-02-23 16:40:40,305 - INFO -   Val Loss: 1.3879
2026-02-23 16:40:40,306 - INFO -   Val Accuracy: 52.50% | F1: 0.4142
2026-02-23 16:40:40,306 - INFO -   LR: 0.000031
2026-02-23 16:40:40,306 - INFO -   Patience: 7/15
2026-02-23 16:40:40,306 - INFO - 
Epoch 58/100
2026-02-23 16:40:40,759 - INFO -   Epoch [10/175] Loss: 1.5095
2026-02-23 16:40:41,234 - INFO -   Epoch [20/175] Loss: 1.6759
2026-02-23 16:40:41,694 - INFO -   Epoch [30/175] Loss: 1.6379
2026-02-23 16:40:42,165 - INFO -   Epoch [40/175] Loss: 1.6022
2026-02-23 16:40:42,604 - INFO -   Epoch [50/175] Loss: 1.3362
2026-02-23 16:40:43,066 - INFO -   Epoch [60/175] Loss: 1.3841
2026-02-23 16:40:43,512 - INFO -   Epoch [70/175] Loss: 1.4050
2026-02-23 16:40:44,004 - INFO -   Epoch [80/175] Loss: 1.0468
2026-02-23 16:40:44,452 - INFO -   Epoch [90/175] Loss: 1.3984
2026-02-23 16:40:44,956 - INFO -   Epoch [100/175] Loss: 1.4242
2026-02-23 16:40:45,436 - INFO -   Epoch [110/175] Loss: 1.4122
2026-02-23 16:40:45,895 - INFO -   Epoch [120/175] Loss: 1.0761
2026-02-23 16:40:46,338 - INFO -   Epoch [130/175] Loss: 1.9526
2026-02-23 16:40:46,780 - INFO -   Epoch [140/175] Loss: 0.9537
2026-02-23 16:40:47,247 - INFO -   Epoch [150/175] Loss: 1.9094
2026-02-23 16:40:47,704 - INFO -   Epoch [160/175] Loss: 1.1504
2026-02-23 16:40:48,152 - INFO -   Epoch [170/175] Loss: 1.1716
2026-02-23 16:40:48,839 - INFO -   Train Loss: 1.3954
2026-02-23 16:40:48,839 - INFO -   Train Accuracy: 41.75%
2026-02-23 16:40:48,839 - INFO -   Val Loss: 1.3858
2026-02-23 16:40:48,839 - INFO -   Val Accuracy: 52.25% | F1: 0.4126
2026-02-23 16:40:48,839 - INFO -   LR: 0.000031
2026-02-23 16:40:48,839 - INFO -   Patience: 8/15
2026-02-23 16:40:48,839 - INFO - 
Epoch 59/100
2026-02-23 16:40:49,325 - INFO -   Epoch [10/175] Loss: 1.1599
2026-02-23 16:40:49,812 - INFO -   Epoch [20/175] Loss: 0.9447
2026-02-23 16:40:50,281 - INFO -   Epoch [30/175] Loss: 2.2320
2026-02-23 16:40:50,787 - INFO -   Epoch [40/175] Loss: 1.3834
2026-02-23 16:40:51,250 - INFO -   Epoch [50/175] Loss: 0.7573
2026-02-23 16:40:51,678 - INFO -   Epoch [60/175] Loss: 1.2764
2026-02-23 16:40:52,100 - INFO -   Epoch [70/175] Loss: 1.0482
2026-02-23 16:40:52,526 - INFO -   Epoch [80/175] Loss: 1.4967
2026-02-23 16:40:52,977 - INFO -   Epoch [90/175] Loss: 1.4481
2026-02-23 16:40:53,459 - INFO -   Epoch [100/175] Loss: 1.2678
2026-02-23 16:40:53,927 - INFO -   Epoch [110/175] Loss: 1.4077
2026-02-23 16:40:54,400 - INFO -   Epoch [120/175] Loss: 1.3344
2026-02-23 16:40:54,844 - INFO -   Epoch [130/175] Loss: 1.2805
2026-02-23 16:40:55,286 - INFO -   Epoch [140/175] Loss: 1.6545
2026-02-23 16:40:55,759 - INFO -   Epoch [150/175] Loss: 1.0928
2026-02-23 16:40:56,209 - INFO -   Epoch [160/175] Loss: 1.4875
2026-02-23 16:40:56,636 - INFO -   Epoch [170/175] Loss: 0.9030
2026-02-23 16:40:57,298 - INFO -   Train Loss: 1.4080
2026-02-23 16:40:57,298 - INFO -   Train Accuracy: 41.18%
2026-02-23 16:40:57,298 - INFO -   Val Loss: 1.3758
2026-02-23 16:40:57,298 - INFO -   Val Accuracy: 52.00% | F1: 0.4096
2026-02-23 16:40:57,298 - INFO -   LR: 0.000031
2026-02-23 16:40:57,298 - INFO -   Patience: 9/15
2026-02-23 16:40:57,298 - INFO - 
Epoch 60/100
2026-02-23 16:40:57,752 - INFO -   Epoch [10/175] Loss: 1.4892
2026-02-23 16:40:58,207 - INFO -   Epoch [20/175] Loss: 1.2903
2026-02-23 16:40:58,658 - INFO -   Epoch [30/175] Loss: 1.8356
2026-02-23 16:40:59,106 - INFO -   Epoch [40/175] Loss: 1.4225
2026-02-23 16:40:59,566 - INFO -   Epoch [50/175] Loss: 1.0746
2026-02-23 16:41:00,024 - INFO -   Epoch [60/175] Loss: 1.3533
2026-02-23 16:41:00,491 - INFO -   Epoch [70/175] Loss: 1.4201
2026-02-23 16:41:00,962 - INFO -   Epoch [80/175] Loss: 1.0922
2026-02-23 16:41:01,420 - INFO -   Epoch [90/175] Loss: 1.3606
2026-02-23 16:41:01,862 - INFO -   Epoch [100/175] Loss: 1.4665
2026-02-23 16:41:02,313 - INFO -   Epoch [110/175] Loss: 1.3003
2026-02-23 16:41:02,787 - INFO -   Epoch [120/175] Loss: 1.0361
2026-02-23 16:41:03,259 - INFO -   Epoch [130/175] Loss: 0.8749
2026-02-23 16:41:03,686 - INFO -   Epoch [140/175] Loss: 1.5069
2026-02-23 16:41:04,160 - INFO -   Epoch [150/175] Loss: 1.9335
2026-02-23 16:41:04,634 - INFO -   Epoch [160/175] Loss: 2.1385
2026-02-23 16:41:05,098 - INFO -   Epoch [170/175] Loss: 1.3169
2026-02-23 16:41:05,776 - INFO -   Train Loss: 1.3887
2026-02-23 16:41:05,777 - INFO -   Train Accuracy: 41.68%
2026-02-23 16:41:05,777 - INFO -   Val Loss: 1.3716
2026-02-23 16:41:05,777 - INFO -   Val Accuracy: 50.00% | F1: 0.3999
2026-02-23 16:41:05,777 - INFO -   LR: 0.000031
2026-02-23 16:41:05,777 - INFO -   Patience: 10/15
2026-02-23 16:41:05,777 - INFO - 
Epoch 61/100
2026-02-23 16:41:06,252 - INFO -   Epoch [10/175] Loss: 1.4010
2026-02-23 16:41:06,709 - INFO -   Epoch [20/175] Loss: 1.4051
2026-02-23 16:41:07,149 - INFO -   Epoch [30/175] Loss: 1.2441
2026-02-23 16:41:07,596 - INFO -   Epoch [40/175] Loss: 1.5636
2026-02-23 16:41:08,028 - INFO -   Epoch [50/175] Loss: 1.2890
2026-02-23 16:41:08,453 - INFO -   Epoch [60/175] Loss: 1.2265
2026-02-23 16:41:08,907 - INFO -   Epoch [70/175] Loss: 1.3358
2026-02-23 16:41:09,355 - INFO -   Epoch [80/175] Loss: 1.5046
2026-02-23 16:41:09,818 - INFO -   Epoch [90/175] Loss: 1.2022
2026-02-23 16:41:10,284 - INFO -   Epoch [100/175] Loss: 1.0878
2026-02-23 16:41:10,738 - INFO -   Epoch [110/175] Loss: 1.1598
2026-02-23 16:41:11,197 - INFO -   Epoch [120/175] Loss: 1.2903
2026-02-23 16:41:11,647 - INFO -   Epoch [130/175] Loss: 1.4903
2026-02-23 16:41:12,106 - INFO -   Epoch [140/175] Loss: 1.2330
2026-02-23 16:41:12,526 - INFO -   Epoch [150/175] Loss: 1.5275
2026-02-23 16:41:12,948 - INFO -   Epoch [160/175] Loss: 1.4674
2026-02-23 16:41:13,423 - INFO -   Epoch [170/175] Loss: 1.2073
2026-02-23 16:41:14,097 - INFO -   Train Loss: 1.3839
2026-02-23 16:41:14,097 - INFO -   Train Accuracy: 42.14%
2026-02-23 16:41:14,097 - INFO -   Val Loss: 1.3688
2026-02-23 16:41:14,097 - INFO -   Val Accuracy: 53.00% | F1: 0.4166
2026-02-23 16:41:14,097 - INFO -   LR: 0.000031
2026-02-23 16:41:14,097 - INFO -   Patience: 11/15
2026-02-23 16:41:14,097 - INFO - 
Epoch 62/100
2026-02-23 16:41:14,509 - INFO -   Epoch [10/175] Loss: 0.9009
2026-02-23 16:41:14,940 - INFO -   Epoch [20/175] Loss: 1.6270
2026-02-23 16:41:15,383 - INFO -   Epoch [30/175] Loss: 1.4528
2026-02-23 16:41:15,850 - INFO -   Epoch [40/175] Loss: 1.0958
2026-02-23 16:41:16,308 - INFO -   Epoch [50/175] Loss: 1.3528
2026-02-23 16:41:16,741 - INFO -   Epoch [60/175] Loss: 2.1673
2026-02-23 16:41:17,207 - INFO -   Epoch [70/175] Loss: 1.1953
2026-02-23 16:41:17,664 - INFO -   Epoch [80/175] Loss: 1.1856
2026-02-23 16:41:18,141 - INFO -   Epoch [90/175] Loss: 1.0834
2026-02-23 16:41:18,583 - INFO -   Epoch [100/175] Loss: 1.2542
2026-02-23 16:41:19,036 - INFO -   Epoch [110/175] Loss: 1.3131
2026-02-23 16:41:19,501 - INFO -   Epoch [120/175] Loss: 1.8328
2026-02-23 16:41:19,970 - INFO -   Epoch [130/175] Loss: 1.4019
2026-02-23 16:41:20,425 - INFO -   Epoch [140/175] Loss: 1.2903
2026-02-23 16:41:20,908 - INFO -   Epoch [150/175] Loss: 1.2480
2026-02-23 16:41:21,348 - INFO -   Epoch [160/175] Loss: 2.4746
2026-02-23 16:41:21,777 - INFO -   Epoch [170/175] Loss: 1.4647
2026-02-23 16:41:22,412 - INFO -   Train Loss: 1.3960
2026-02-23 16:41:22,412 - INFO -   Train Accuracy: 42.00%
2026-02-23 16:41:22,412 - INFO -   Val Loss: 1.3691
2026-02-23 16:41:22,412 - INFO -   Val Accuracy: 52.75% | F1: 0.4138
2026-02-23 16:41:22,412 - INFO -   LR: 0.000031
2026-02-23 16:41:22,412 - INFO -   Patience: 12/15
2026-02-23 16:41:22,412 - INFO - 
Epoch 63/100
2026-02-23 16:41:22,861 - INFO -   Epoch [10/175] Loss: 0.9108
2026-02-23 16:41:23,273 - INFO -   Epoch [20/175] Loss: 1.5341
2026-02-23 16:41:23,728 - INFO -   Epoch [30/175] Loss: 1.7507
2026-02-23 16:41:24,159 - INFO -   Epoch [40/175] Loss: 1.5866
2026-02-23 16:41:24,592 - INFO -   Epoch [50/175] Loss: 1.3353
2026-02-23 16:41:25,038 - INFO -   Epoch [60/175] Loss: 1.1788
2026-02-23 16:41:25,462 - INFO -   Epoch [70/175] Loss: 0.9851
2026-02-23 16:41:25,903 - INFO -   Epoch [80/175] Loss: 1.3730
2026-02-23 16:41:26,376 - INFO -   Epoch [90/175] Loss: 1.5152
2026-02-23 16:41:26,858 - INFO -   Epoch [100/175] Loss: 1.3924
2026-02-23 16:41:27,331 - INFO -   Epoch [110/175] Loss: 1.2065
2026-02-23 16:41:27,785 - INFO -   Epoch [120/175] Loss: 1.7812
2026-02-23 16:41:28,238 - INFO -   Epoch [130/175] Loss: 1.5540
2026-02-23 16:41:28,701 - INFO -   Epoch [140/175] Loss: 1.3125
2026-02-23 16:41:29,156 - INFO -   Epoch [150/175] Loss: 1.7409
2026-02-23 16:41:29,599 - INFO -   Epoch [160/175] Loss: 1.1624
2026-02-23 16:41:30,024 - INFO -   Epoch [170/175] Loss: 1.8282
2026-02-23 16:41:30,652 - INFO -   Train Loss: 1.4043
2026-02-23 16:41:30,653 - INFO -   Train Accuracy: 41.54%
2026-02-23 16:41:30,653 - INFO -   Val Loss: 1.3722
2026-02-23 16:41:30,653 - INFO -   Val Accuracy: 52.50% | F1: 0.4113
2026-02-23 16:41:30,653 - INFO -   LR: 0.000016
2026-02-23 16:41:30,653 - INFO -   Patience: 13/15
2026-02-23 16:41:30,653 - INFO - 
Epoch 64/100
2026-02-23 16:41:31,093 - INFO -   Epoch [10/175] Loss: 1.3733
2026-02-23 16:41:31,524 - INFO -   Epoch [20/175] Loss: 1.4408
2026-02-23 16:41:31,949 - INFO -   Epoch [30/175] Loss: 0.9519
2026-02-23 16:41:32,409 - INFO -   Epoch [40/175] Loss: 1.3037
2026-02-23 16:41:32,876 - INFO -   Epoch [50/175] Loss: 1.5827
2026-02-23 16:41:33,320 - INFO -   Epoch [60/175] Loss: 0.8601
2026-02-23 16:41:33,796 - INFO -   Epoch [70/175] Loss: 1.4840
2026-02-23 16:41:34,254 - INFO -   Epoch [80/175] Loss: 1.2550
2026-02-23 16:41:34,703 - INFO -   Epoch [90/175] Loss: 1.3279
2026-02-23 16:41:35,160 - INFO -   Epoch [100/175] Loss: 1.0353
2026-02-23 16:41:35,624 - INFO -   Epoch [110/175] Loss: 0.8977
2026-02-23 16:41:36,120 - INFO -   Epoch [120/175] Loss: 1.1442
2026-02-23 16:41:36,553 - INFO -   Epoch [130/175] Loss: 0.8123
2026-02-23 16:41:37,032 - INFO -   Epoch [140/175] Loss: 1.6315
2026-02-23 16:41:37,515 - INFO -   Epoch [150/175] Loss: 1.1954
2026-02-23 16:41:37,999 - INFO -   Epoch [160/175] Loss: 1.1362
2026-02-23 16:41:38,475 - INFO -   Epoch [170/175] Loss: 1.1676
2026-02-23 16:41:39,163 - INFO -   Train Loss: 1.3805
2026-02-23 16:41:39,163 - INFO -   Train Accuracy: 41.68%
2026-02-23 16:41:39,163 - INFO -   Val Loss: 1.3805
2026-02-23 16:41:39,163 - INFO -   Val Accuracy: 52.00% | F1: 0.4078
2026-02-23 16:41:39,163 - INFO -   LR: 0.000016
2026-02-23 16:41:39,163 - INFO -   Patience: 14/15
2026-02-23 16:41:39,163 - INFO - 
Epoch 65/100
2026-02-23 16:41:39,604 - INFO -   Epoch [10/175] Loss: 1.2694
2026-02-23 16:41:40,064 - INFO -   Epoch [20/175] Loss: 1.9874
2026-02-23 16:41:40,488 - INFO -   Epoch [30/175] Loss: 1.8633
2026-02-23 16:41:40,923 - INFO -   Epoch [40/175] Loss: 1.4834
2026-02-23 16:41:41,393 - INFO -   Epoch [50/175] Loss: 1.4287
2026-02-23 16:41:41,898 - INFO -   Epoch [60/175] Loss: 1.2481
2026-02-23 16:41:42,353 - INFO -   Epoch [70/175] Loss: 1.5547
2026-02-23 16:41:42,822 - INFO -   Epoch [80/175] Loss: 1.6956
2026-02-23 16:41:43,259 - INFO -   Epoch [90/175] Loss: 1.4300
2026-02-23 16:41:43,721 - INFO -   Epoch [100/175] Loss: 1.1433
2026-02-23 16:41:44,151 - INFO -   Epoch [110/175] Loss: 1.2272
2026-02-23 16:41:44,653 - INFO -   Epoch [120/175] Loss: 1.7751
2026-02-23 16:41:45,121 - INFO -   Epoch [130/175] Loss: 1.5605
2026-02-23 16:41:45,558 - INFO -   Epoch [140/175] Loss: 1.1020
2026-02-23 16:41:46,022 - INFO -   Epoch [150/175] Loss: 1.3873
2026-02-23 16:41:46,450 - INFO -   Epoch [160/175] Loss: 1.5810
2026-02-23 16:41:46,873 - INFO -   Epoch [170/175] Loss: 1.0043
2026-02-23 16:41:47,551 - INFO -   Train Loss: 1.3781
2026-02-23 16:41:47,551 - INFO -   Train Accuracy: 43.50%
2026-02-23 16:41:47,552 - INFO -   Val Loss: 1.3795
2026-02-23 16:41:47,552 - INFO -   Val Accuracy: 52.50% | F1: 0.4110
2026-02-23 16:41:47,552 - INFO -   LR: 0.000016
2026-02-23 16:41:47,552 - INFO -   Patience: 15/15
2026-02-23 16:41:47,552 - INFO - 
✓ Early stopping at epoch 65
2026-02-23 16:41:47,552 - INFO - 
✓ Training completed!
2026-02-23 16:41:47,552 - INFO -   Best Accuracy: 54.50%
2026-02-23 16:41:47,552 - INFO - 
================================================================================
2026-02-23 16:41:47,552 - INFO - Step 7: Testing
2026-02-23 16:41:47,552 - INFO - ================================================================================
2026-02-23 16:41:47,591 - INFO - ✓ Loaded best model from epoch 50
2026-02-23 16:41:48,491 - INFO - 
Test Results:
2026-02-23 16:41:48,491 - INFO -   - Accuracy: 49.75%
2026-02-23 16:41:48,491 - INFO -   - F1 Score: 0.3811
2026-02-23 16:41:48,501 - INFO - 
✓ All results saved to outputs/shenzhen_pure_graph_20260223_161614
2026-02-23 16:41:48,501 - INFO - ================================================================================
2026-02-23 16:41:48,501 - INFO - 
================================================================================
2026-02-23 16:41:48,501 - INFO - Training Time Statistics
2026-02-23 16:41:48,501 - INFO - ================================================================================
2026-02-23 16:41:48,501 - INFO - Start time:    2026-02-23 16:16:14
2026-02-23 16:41:48,501 - INFO - End time:      2026-02-23 16:41:48
2026-02-23 16:41:48,501 - INFO - Total time:    00:25:34 (1534.40 seconds)
2026-02-23 16:41:48,501 - INFO -                (25.57 minutes, 0.43 hours)
2026-02-23 16:41:48,501 - INFO - ================================================================================
2026-02-23 16:41:48,501 - INFO - ✓ Timing info saved to outputs/shenzhen_pure_graph_20260223_161614/metrics/timing_info.json
2026-02-23 16:41:48,501 - INFO - ================================================================================
